iter,h_inlet
0,5.529996820509334e-14
1,2.1284290049497027e-13
2,3.7123506761059114e-13
3,5.304780645171175e-13
4,6.905734786814931e-13
5,8.515228900030133e-13
6,1.0133278707432889e-12
7,1.1759899854577623e-12
8,1.3395107909235257e-12
9,1.5038918360704074e-12
10,1.6691346619100391e-12
11,1.835240801464811e-12
12,2.002211779698247e-12
13,2.1700491134417224e-12
14,2.3387543113244955e-12
15,2.50832887370168e-12
16,2.6787742925824537e-12
17,2.850092051557577e-12
18,3.022283625728595e-12
19,3.1953504816332453e-12
20,3.369294077174043e-12
21,3.544115861545152e-12
22,3.719817275159147e-12
23,3.896399749573382e-12
24,4.0738647074177196e-12
25,4.252213562318803e-12
26,4.43144771882737e-12
27,4.611568572343592e-12
28,4.792577509042559e-12
29,4.974475905800756e-12
30,5.1572651301194025e-12
31,5.3409465400504735e-12
32,5.525521484121388e-12
33,5.710991301259355e-12
34,5.8973573207152584e-12
35,6.084620861989434e-12
36,6.272783234753031e-12
37,6.46184573877353e-12
38,6.651809663837485e-12
39,6.842676289674046e-12
40,7.034446885877502e-12
41,7.227122711831512e-12
42,7.420705016629765e-12
43,7.61519503899956e-12
44,7.810594007223982e-12
45,8.006903139063185e-12
46,8.204123641677998e-12
47,8.402256711549109e-12
48,8.601303534399845e-12
49,8.801265285117239e-12
50,9.002143127672772e-12
51,9.203938215042953e-12
52,9.406651689131119e-12
53,9.610284680685875e-12
54,9.814838309222515e-12
55,1.0020313682942644e-11
56,1.0226711898654024e-11
57,1.0434034041689598e-11
58,1.0642281185828566e-11
59,1.0851454393212879e-11
60,1.106155471426827e-11
61,1.1272583187622105e-11
62,1.1484540840022082e-11
63,1.1697428686254489e-11
64,1.1911247729063285e-11
65,1.212599895906651e-11
66,1.2341683354674758e-11
67,1.2558301882009113e-11
68,1.2775855494817733e-11
69,1.299434513439432e-11
70,1.3213771729493451e-11
71,1.3434136196248205e-11
72,1.3655439438086905e-11
73,1.387768234564923e-11
74,1.4100865796701868e-11
75,1.4324990656056604e-11
76,1.4550057775483154e-11
77,1.477606799362698e-11
78,1.5003022135923707e-11
79,1.5230921014514913e-11
80,1.5459765428162648e-11
81,1.568955616216544e-11
82,1.5920293988271264e-11
83,1.615197966459315e-11
84,1.6384613935523436e-11
85,1.6618197531646987e-11
86,1.685273116965732e-11
87,1.708821555226778e-11
88,1.7324651368126134e-11
89,1.756203929172865e-11
90,1.7800379983332058e-11
91,1.803967408886742e-11
92,1.8279922239853395e-11
93,1.8521125053307352e-11
94,1.876328313165922e-11
95,1.9006397062662988e-11
96,1.925046741930964e-11
97,1.9495494759737592e-11
98,1.9741479627147417e-11
99,1.998842254970959e-11
100,2.0236324040478817e-11
101,2.0485184597304158e-11
102,2.073500470273953e-11
103,2.0985784823957028e-11
104,2.1237525412654243e-11
105,2.1490226904967478e-11
106,2.1743889721380496e-11
107,2.1998514266636064e-11
108,2.225410092964476e-11
109,2.2510650083396458e-11
110,2.2768162084868248e-11
111,2.3026637274934735e-11
112,2.3286075978277986e-11
113,2.354647850329575e-11
114,2.3807845142010946e-11
115,2.4070176169982057e-11
116,2.4333471846208606e-11
117,2.4597732413042484e-11
118,2.486295809609523e-11
119,2.5129149104146322e-11
120,2.539630562905232e-11
121,2.5664427845653027e-11
122,2.593351591168083e-11
123,2.6203569967666977e-11
124,2.6474590136850716e-11
125,2.6746576525084335e-11
126,2.7019529220743916e-11
127,2.729344829463202e-11
128,2.7568333799887574e-11
129,2.7844185771891796e-11
130,2.81210042281743e-11
131,2.8398789168319764e-11
132,2.867754057387534e-11
133,2.8957258408255117e-11
134,2.9237942616646346e-11
135,2.9519593125916525e-11
136,2.980220984451775e-11
137,3.008579266239369e-11
138,3.0370341450883696e-11
139,3.0655856062628034e-11
140,3.094233633147457e-11
141,3.122978207238205e-11
142,3.151819308132587e-11
143,3.1807569135203915e-11
144,3.209790999173817e-11
145,3.2389215389382145e-11
146,3.268148504722336e-11
147,3.297471866488877e-11
148,3.326891592244815e-11
149,3.3564076480318817e-11
150,3.386019997916828e-11
151,3.415728603981875e-11
152,3.445533426315092e-11
153,3.475434423000609e-11
154,3.5054315501092335e-11
155,3.5355247616884874e-11
156,3.565714009752968e-11
157,3.595999244274816e-11
158,3.626380413173813e-11
159,3.656857462307746e-11
160,3.6874303354627115e-11
161,3.7180989743432766e-11
162,3.748863318562797e-11
163,3.7797233056335155e-11
164,3.8106788709570055e-11
165,3.841729947814114e-11
166,3.872876467355531e-11
167,3.9041183585914904e-11
168,3.935455548382361e-11
169,3.966887961428632e-11
170,3.9984155202610435e-11
171,4.0300381452308245e-11
172,4.0617557544998464e-11
173,4.093568264030665e-11
174,4.125475587576588e-11
175,4.15747763667197e-11
176,4.189574320622184e-11
177,4.22176554649377e-11
178,4.2540512191044575e-11
179,4.28643124101322e-11
180,4.318905512510481e-11
181,4.351473931607982e-11
182,4.384136394028952e-11
183,4.4168927931982285e-11
184,4.44974302023202e-11
185,4.482686963928181e-11
186,4.5157245107560365e-11
187,4.5488555448466266e-11
188,4.582079947982377e-11
189,4.615397599587493e-11
190,4.648808376717627e-11
191,4.682312154049874e-11
192,4.715908803872992e-11
193,4.7495981960769924e-11
194,4.7833801981436085e-11
195,4.8172546751356445e-11
196,4.8512214896873986e-11
197,4.8852805019944095e-11
198,4.919431569803285e-11
199,4.953674548401857e-11
200,4.988009290609025e-11
201,5.022435646764557e-11
202,5.0569534647190766e-11
203,5.0915625898240447e-11
204,5.1262628649215745e-11
205,5.161054130334222e-11
206,5.19593622385526e-11
207,5.230908980738004e-11
208,5.2659722336861934e-11
209,5.301125812843547e-11
210,5.336369545783795e-11
211,5.371703257500634e-11
212,5.40712677039725e-11
213,5.442639904276565e-11
214,5.4782424763307923e-11
215,5.513934301131626e-11
216,5.54971519061962e-11
217,5.5855849540946086e-11
218,5.621543398205147e-11
219,5.6575903269383574e-11
220,5.6937255416100894e-11
221,5.729948840854376e-11
222,5.766260020613509e-11
223,5.8026588741279994e-11
224,5.839145191925937e-11
225,5.875718761813351e-11
226,5.912379368863694e-11
227,5.949126795407813e-11
228,5.985960821023854e-11
229,6.022881222526888e-11
230,6.059887773958951e-11
231,6.096980246578663e-11
232,6.134158408851326e-11
233,6.171422026438364e-11
234,6.208770862187726e-11
235,6.246204676123087e-11
236,6.283723225434138e-11
237,6.321326264466231e-11
238,6.359013544710149e-11
239,6.396784814792127e-11
240,6.434639820463583e-11
241,6.472578304590998e-11
242,6.510600007145558e-11
243,6.54870466519333e-11
244,6.586892012884919e-11
245,6.625161781445303e-11
246,6.66351369916375e-11
247,6.701947491383543e-11
248,6.740462880492075e-11
249,6.779059585910418e-11
250,6.817737324083389e-11
251,6.856495808469541e-11
252,6.89533474953053e-11
253,6.934253854721602e-11
254,6.97325282848094e-11
255,7.012331372220041e-11
256,7.051489184313093e-11
257,7.090725960087389e-11
258,7.130041391812889e-11
259,7.169435168692054e-11
260,7.208906976850159e-11
261,7.248456499324709e-11
262,7.288083416055825e-11
263,7.327787403875839e-11
264,7.367568136499421e-11
265,7.407425284513452e-11
266,7.447358515366893e-11
267,7.48736749336086e-11
268,7.5274518796386e-11
269,7.567611332175417e-11
270,7.607845505768565e-11
271,7.648154052027372e-11
272,7.688536619363235e-11
273,7.728992852979403e-11
274,7.76952239486145e-11
275,7.810124883766726e-11
276,7.850799955214877e-11
277,7.891547241477522e-11
278,7.932366371568608e-11
279,7.973256971234262e-11
280,8.014218662942916e-11
281,8.055251065875538e-11
282,8.096353795915384e-11
283,8.13752646563851e-11
284,8.178768684303474e-11
285,8.220080057841953e-11
286,8.26146018884843e-11
287,8.30290867657053e-11
288,8.34442511689924e-11
289,8.386009102358963e-11
290,8.42766022209781e-11
291,8.469378061877739e-11
292,8.511162204064778e-11
293,8.553012227619334e-11
294,8.594927708086245e-11
295,8.636908217585245e-11
296,8.678953324801044e-11
297,8.721062594973858e-11
298,8.763235589889511e-11
299,8.805471867869679e-11
300,8.847770983762531e-11
301,8.890132488932658e-11
302,8.932555931251996e-11
303,8.97504085508947e-11
304,9.017586801302073e-11
305,9.060193307224923e-11
306,9.102859906661626e-11
307,9.145586129875006e-11
308,9.188371503577328e-11
309,9.231215550920932e-11
310,9.2741177914885e-11
311,9.31707774128386e-11
312,9.360094912722439e-11
313,9.403168814621501e-11
314,9.446298952191323e-11
315,9.48948482702509e-11
316,9.532725937090192e-11
317,9.576021776718216e-11
318,9.61937183659606e-11
319,9.662775603756485e-11
320,9.706232561568615e-11
321,9.749742189728893e-11
322,9.79330396425165e-11
323,9.836917357460028e-11
324,9.880581837976403e-11
325,9.924296870713827e-11
326,9.968061916866164e-11
327,1.0011876433899222e-10
328,1.005573987554184e-10
329,1.0099651691776231e-10
330,1.0143611328829544e-10
331,1.0187618229164227e-10
332,1.0231671831469418e-10
333,1.0275771570651714e-10
334,1.0319916877826073e-10
335,1.036410718030721e-10
336,1.040834190160022e-10
337,1.0452620461392106e-10
338,1.0496942275542443e-10
339,1.0541306756074922e-10
340,1.0585713311168302e-10
341,1.0630161345147442e-10
342,1.0674650258475033e-10
343,1.0719179447742192e-10
344,1.0763748305660317e-10
345,1.0808356221051906e-10
346,1.0853002578842289e-10
347,1.0897686760050754e-10
348,1.0942408141781872e-10
349,1.098716609721729e-10
350,1.1031959995606585e-10
351,1.1076789202259342e-10
352,1.1121653078536149e-10
353,1.1166550981840485e-10
354,1.1211482265610343e-10
355,1.125644627930924e-10
356,1.1301442368418682e-10
357,1.134646987442904e-10
358,1.1391528134831804e-10
359,1.1436616483111084e-10
360,1.1481734248735321e-10
361,1.1526880757149301e-10
362,1.1572055329765495e-10
363,1.1617257283956597e-10
364,1.1662485933046788e-10
365,1.1707740586304147e-10
366,1.175302054893221e-10
367,1.1798325122062219e-10
368,1.1843653602745174e-10
369,1.1889005283943583e-10
370,1.1934379454524009e-10
371,1.1979775399248863e-10
372,1.2025192398768646e-10
373,1.2070629729614453e-10
374,1.211608666418963e-10
375,1.216156247076269e-10
376,1.220705641345917e-10
377,1.2252567752254348e-10
378,1.2298095742965242e-10
379,1.2343639637243492e-10
380,1.2389198682567532e-10
381,1.2434772122235128e-10
382,1.2480359195356214e-10
383,1.2525959136844945e-10
384,1.257157117741308e-10
385,1.261719454356186e-10
386,1.2662828457575335e-10
387,1.2708472137512981e-10
388,1.2754124797202145e-10
389,1.279978564623155e-10
390,1.2845453889943394e-10
391,1.2891128729427141e-10
392,1.2936809361511626e-10
393,1.2982494978758806e-10
394,1.3028184769456487e-10
395,1.307387791761126e-10
396,1.3119573602942175e-10
397,1.3165271000873198e-10
398,1.3210969282527331e-10
399,1.3256667614719026e-10
400,1.330236515994825e-10
401,1.3348061076393481e-10
402,1.339375451790502e-10
403,1.3439444633998928e-10
404,1.3485130569850024e-10
405,1.3530811466285902e-10
406,1.3576486459780148e-10
407,1.3622154682446428e-10
408,1.3667815262031937e-10
409,1.3713467321910998e-10
410,1.3759109981079453e-10
411,1.3804742354147767e-10
412,1.3850363551335865e-10
413,1.389597267846598e-10
414,1.394156883695768e-10
415,1.3987151123821553e-10
416,1.4032718631652985e-10
417,1.4078270448627078e-10
418,1.4123805658492044e-10
419,1.416932334056424e-10
420,1.4214822569721865e-10
421,1.4260302416399814e-10
422,1.4305761946584116e-10
423,1.4351200221805798e-10
424,1.4396616299136435e-10
425,1.4442009231181703e-10
426,1.4487378066077064e-10
427,1.4532721847481515e-10
428,1.4578039614573248e-10
429,1.4623330402043825e-10
430,1.466859324009325e-10
431,1.4713827154425285e-10
432,1.475903116624167e-10
433,1.4804204292238157e-10
434,1.4849345544598795e-10
435,1.4894453930991562e-10
436,1.4939528454563598e-10
437,1.4984568113936146e-10
438,1.5029571903200473e-10
439,1.5074538811912716e-10
440,1.511946782508997e-10
441,1.5164357923205028e-10
442,1.5209208082182904e-10
443,1.5254017273395944e-10
444,1.5298784463659456e-10
445,1.5343508615228016e-10
446,1.538818868579085e-10
447,1.5432823628468045e-10
448,1.547741239180645e-10
449,1.5521953919775415e-10
450,1.5566447151763723e-10
451,1.5610891022574723e-10
452,1.5655284462423457e-10
453,1.5699626396932444e-10
454,1.57439157471283e-10
455,1.578815142943829e-10
456,1.583233235568624e-10
457,1.5876457433090109e-10
458,1.5920525564257532e-10
459,1.5964535647183664e-10
460,1.6008486575246833e-10
461,1.605237723720649e-10
462,1.6096206517199337e-10
463,1.6139973294736536e-10
464,1.6183676444701153e-10
465,1.6227314837344703e-10
466,1.6270887338284833e-10
467,1.631439280850226e-10
468,1.635783010433853e-10
469,1.640119807749316e-10
470,1.6444495575020975e-10
471,1.6487721439330242e-10
472,1.6530874508179657e-10
473,1.6573953614676803e-10
474,1.6616957587275025e-10
475,1.6659885249772296e-10
476,1.6702735421308535e-10
477,1.6745506916363744e-10
478,1.678819854475634e-10
479,1.683080911164088e-10
480,1.6873337417506954e-10
481,1.6915782258176823e-10
482,1.695814242480449e-10
483,1.7000416703873766e-10
484,1.7042603877196892e-10
485,1.7084702721913403e-10
486,1.7126712010488582e-10
487,1.7168630510712608e-10
488,1.7210456985698946e-10
489,1.7252190193883867e-10
490,1.729382888902538e-10
491,1.7335371820201773e-10
492,1.7376817731811873e-10
493,1.74181653635734e-10
494,1.745941345052302e-10
495,1.7500560723015153e-10
496,1.7541605906722337e-10
497,1.7582547722634399e-10
498,1.7623384887057784e-10
499,1.7664116111616373e-10
500,1.770474010325038e-10
501,1.7745255564217172e-10
502,1.7785661192090396e-10
503,1.7825955679761166e-10
504,1.786613771543769e-10
505,1.790620598264546e-10
506,1.7946159160228345e-10
507,1.798599592234825e-10
508,1.8025714938486657e-10
509,1.8065314873444214e-10
510,1.8104794387342633e-10
511,1.8144152135624838e-10
512,1.8183386769056087e-10
513,1.82224969337252e-10
514,1.8261481271045296e-10
515,1.830033841775567e-10
516,1.833906700592237e-10
517,1.8377665662940338e-10
518,1.841613301153441e-10
519,1.8454467669761102e-10
520,1.8492668251010495e-10
521,1.853073336400747e-10
522,1.8568661612814526e-10
523,1.860645159683293e-10
524,1.8644101910804993e-10
525,1.868161114481684e-10
526,1.871897788429962e-10
527,1.8756200710033158e-10
528,1.8793278198147114e-10
529,1.8830208920124787e-10
530,1.8866991442805006e-10
531,1.8903624328385014e-10
532,1.8940106134423625e-10
533,1.8976435413843834e-10
534,1.9012610714936432e-10
535,1.904863058136253e-10
536,1.9084493552157211e-10
537,1.9120198161733073e-10
538,1.9155742939883125e-10
539,1.9191126411785167e-10
540,1.9226347098004684e-10
541,1.926140351449932e-10
542,1.9296294172622183e-10
543,1.9331017579126444e-10
544,1.936557223616901e-10
545,1.9399956641314828e-10
546,1.9434169287541475e-10
547,1.946820866324295e-10
548,1.9502073252235127e-10
549,1.9535761533759465e-10
550,1.956927198248848e-10
551,1.960260306853045e-10
552,1.9635753257433753e-10
553,1.9668721010193031e-10
554,1.9701504783253278e-10
555,1.9734103028516046e-10
556,1.9766514193344267e-10
557,1.9798736720568073e-10
558,1.983076904849043e-10
559,1.9862609610892336e-10
560,1.9894256837039726e-10
561,1.9925709151688417e-10
562,1.995696497509083e-10
563,1.998802272300187e-10
564,2.0018880806685294e-10
565,2.004953763292045e-10
566,2.007999160400816e-10
567,2.0110241117778273e-10
568,2.0140284567595295e-10
569,2.0170120342366613e-10
570,2.0199746826548247e-10
571,2.0229162400152743e-10
572,2.0258365438756544e-10
573,2.0287354313506428e-10
574,2.0316127391128222e-10
575,2.034468303393296e-10
576,2.03730195998262e-10
577,2.0401135442314517e-10
578,2.0429028910514373e-10
579,2.0456698349159703e-10
580,2.048414209861023e-10
581,2.0511358494859868e-10
582,2.0538345869544932e-10
583,2.0565102549953261e-10
584,2.059162685903212e-10
585,2.0617917115397732e-10
586,2.0643971633344134e-10
587,2.0669788722851285e-10
588,2.0695366689595924e-10
589,2.072070383495926e-10
590,2.0745798456037575e-10
591,2.07706488456512e-10
592,2.0795253292354253e-10
593,2.0819610080444993e-10
594,2.08437174899747e-10
595,2.0867573796759159e-10
596,2.0891177272387387e-10
597,2.091452618423337e-10
598,2.0937618795465536e-10
599,2.0960453365057585e-10
600,2.098302814779979e-10
601,2.1005341394308732e-10
602,2.1027391351039615e-10
603,2.104917626029629e-10
604,2.1070694360243118e-10
605,2.109194388491633e-10
606,2.1112923064235052e-10
607,2.1133630124013782e-10
608,2.115406328597334e-10
609,2.1174220767753423e-10
610,2.1194100782924188e-10
611,2.1213701540998992e-10
612,2.1233021247446265e-10
613,2.1252058103702067e-10
614,2.1270810307183048e-10
615,2.128927605129831e-10
616,2.1307453525463567e-10
617,2.1325340915112857e-10
618,2.1342936401712946e-10
619,2.136023816277561e-10
620,2.137724437187156e-10
621,2.1393953198643825e-10
622,2.1410362808821653e-10
623,2.1426471364234446e-10
624,2.1442277022825121e-10
625,2.1457777938665362e-10
626,2.1472972261968957e-10
627,2.148785813910621e-10
628,2.1502433712619551e-10
629,2.151669712123677e-10
630,2.1530646499887392e-10
631,2.1544279979716267e-10
632,2.1557595688099702e-10
633,2.1570591748660563e-10
634,2.1583266281283153e-10
635,2.1595617402129706e-10
636,2.160764322365523e-10
637,2.1619341854624107e-10
638,2.1630711400125287e-10
639,2.1641749961589562e-10
640,2.1652455636805108e-10
641,2.1662826519933844e-10
642,2.1672860701528802e-10
643,2.1682556268550075e-10
644,2.1691911304382275e-10
645,2.1700923888851256e-10
646,2.170959209824178e-10
647,2.1717914005314487e-10
648,2.1725887679323543e-10
649,2.1733511186034257e-10
650,2.1740782587740884e-10
651,2.1747699943285052e-10
652,2.1754261308073082e-10
653,2.1760464734095026e-10
654,2.1766308269943005e-10
655,2.1771789960828986e-10
656,2.1776907848604793e-10
657,2.178165997177981e-10
658,2.1786044365541332e-10
659,2.179005906177236e-10
660,2.1793702089072218e-10
661,2.1796971472775283e-10
662,2.1799865234970999e-10
663,2.1802381394523788e-10
664,2.1804517967092757e-10
665,2.1806272965152624e-10
666,2.1807644398012456e-10
667,2.1808630271838146e-10
668,2.1809228589671922e-10
669,2.180943735145279e-10
670,2.1809254554038746e-10
671,2.1808678191226786e-10
672,2.1807706253774653e-10
673,2.1806336729422533e-10
674,2.1804567602913992e-10
675,2.1802396856018527e-10
676,2.1799822467552918e-10
677,2.179684241340394e-10
678,2.1793454666549463e-10
679,2.178965719708247e-10
680,2.178544797223265e-10
681,2.1780824956389015e-10
682,2.1775786111124016e-10
683,2.177032939521474e-10
684,2.17644527646682e-10
685,2.1758154172743154e-10
686,2.1751431569975002e-10
687,2.174428290419854e-10
688,2.1736706120572426e-10
689,2.1728699161602886e-10
690,2.1720259967168497e-10
691,2.1711386474544405e-10
692,2.1702076618426739e-10
693,2.1692328330957656e-10
694,2.168213954175048e-10
695,2.1671508177913825e-10
696,2.1660432164078256e-10
697,2.164890942242073e-10
698,2.16369378726911e-10
699,2.1624515432236863e-10
700,2.16116400160299e-10
701,2.1598309536692747e-10
702,2.158452190452416e-10
703,2.1570275027526558e-10
704,2.1555566811431823e-10
705,2.1540395159728969e-10
706,2.152475797369005e-10
707,2.1508653152398834e-10
708,2.149207859277719e-10
709,2.1475032189612499e-10
710,2.1457511835586422e-10
711,2.1439515421301616e-10
712,2.1421040835310413e-10
713,2.1402085964143006e-10
714,2.1382648692336132e-10
715,2.136272690246137e-10
716,2.1342318475153792e-10
717,2.132142128914137e-10
718,2.1300033221273715e-10
719,2.1278152146551996e-10
720,2.1255775938157616e-10
721,2.1232902467482678e-10
722,2.1209529604159772e-10
723,2.118565521609102e-10
724,2.116127716947981e-10
725,2.1136393328860197e-10
726,2.111100155712801e-10
727,2.1085099715571013e-10
728,2.1058685663900955e-10
729,2.1031757260283475e-10
730,2.1004312361369986e-10
731,2.0976348822329733e-10
732,2.0947864496880492e-10
733,2.091885723732118e-10
734,2.0889324894563673e-10
735,2.0859265318164615e-10
736,2.0828676356358965e-10
737,2.0797555856091404e-10
738,2.0765901663050127e-10
739,2.0733711621699136e-10
740,2.0700983575311582e-10
741,2.0667715366003322e-10
742,2.0633904834766572e-10
743,2.0599549821503386e-10
744,2.0564648165059354e-10
745,2.0529197703258654e-10
746,2.049319627293671e-10
747,2.0456641709976568e-10
748,2.0419531849342637e-10
749,2.0381864525115136e-10
750,2.0343637570526086e-10
751,2.0304848817994083e-10
752,2.0265496099159415e-10
753,2.0225577244920263e-10
754,2.018509008546842e-10
755,2.0144032450325248e-10
756,2.010240216837773e-10
757,2.0060197067914576e-10
758,2.0017414976663647e-10
759,1.9974053721828192e-10
760,1.993011113012377e-10
761,1.988558502781559e-10
762,1.9840473240756163e-10
763,1.979477359442152e-10
764,1.9748483913950963e-10
765,1.970160202418339e-10
766,1.9654125749696207e-10
767,1.9606052914843279e-10
768,1.9557381343793806e-10
769,1.9508108860570543e-10
770,1.9458233289089042e-10
771,1.9407752453197012e-10
772,1.9356664176712686e-10
773,1.9304966283465734e-10
774,1.925265659733497e-10
775,1.9199732942290385e-10
776,1.9146193142431857e-10
777,1.9092035022029694e-10
778,1.9037256405565418e-10
779,1.8981855117772047e-10
780,1.8925828983674868e-10
781,1.8869175828632972e-10
782,1.8811893478380392e-10
783,1.8753979759067288e-10
784,1.869543249730168e-10
785,1.86362495201917e-10
786,1.8576428655386493e-10
787,1.851596773112013e-10
788,1.8454864576252615e-10
789,1.8393117020313363e-10
790,1.8330722893544068e-10
791,1.8267680026940463e-10
792,1.8203986252297446e-10
793,1.8139639402251228e-10
794,1.8074637310323492e-10
795,1.800897781096494e-10
796,1.794265873959979e-10
797,1.78756779326691e-10
798,1.7808033227676262e-10
799,1.7739722463231129e-10
800,1.767074347909472e-10
801,1.7601094116224798e-10
802,1.753077221682045e-10
803,1.745977562436758e-10
804,1.73881021836854e-10
805,1.7315749740971201e-10
806,1.72427161438472e-10
807,1.7168999241406363e-10
808,1.709459688425854e-10
809,1.7019506924577886e-10
810,1.6943727216149418e-10
811,1.6867255614415905e-10
812,1.6790089976524977e-10
813,1.6712228161377422e-10
814,1.663366802967311e-10
815,1.6554407443961105e-10
816,1.6474444268685995e-10
817,1.6393776370237006e-10
818,1.6312401616996353e-10
819,1.6230317879387595e-10
820,1.6147523029924504e-10
821,1.6064014943260626e-10
822,1.5979791496238318e-10
823,1.5894850567938266e-10
824,1.580919003972889e-10
825,1.5722807795316912e-10
826,1.5635701720796075e-10
827,1.5547869704699307e-10
828,1.5459309638047905e-10
829,1.5370019414402697e-10
830,1.527999692991527e-10
831,1.5189240083377603e-10
832,1.5097746776275647e-10
833,1.5005514912839095e-10
834,1.491254240009407e-10
835,1.481882714791423e-10
836,1.4724367069074065e-10
837,1.4629160079299589e-10
838,1.453320409732248e-10
839,1.4436497044932207e-10
840,1.4339036847028665e-10
841,1.4240821431675924e-10
842,1.4141848730155298e-10
843,1.404211667701828e-10
844,1.3941623210141717e-10
845,1.3840366270780676e-10
846,1.3738343803623103e-10
847,1.3635553756844116e-10
848,1.3531994082159952e-10
849,1.3427662734883933e-10
850,1.3322557673980787e-10
851,1.3216676862122033e-10
852,1.3110018265740917e-10
853,1.3002579855089167e-10
854,1.289435960429073e-10
855,1.2785355491400273e-10
856,1.26755654984578e-10
857,1.256498761154556e-10
858,1.245361982084477e-10
859,1.2341460120692257e-10
860,1.2228506509637038e-10
861,1.211475699049873e-10
862,1.2000209570424182e-10
863,1.1884862260945194e-10
864,1.1768713078036836e-10
865,1.1651760042174278e-10
866,1.153400117839265e-10
867,1.1415434516344752e-10
868,1.1296058090359374e-10
869,1.1175869939500913e-10
870,1.105486810762811e-10
871,1.0933050643452544e-10
872,1.0810415600599788e-10
873,1.0686961037667695e-10
874,1.0562685018287011e-10
875,1.0437585611180989e-10
876,1.0311660890226477e-10
877,1.018490893451269e-10
878,1.0057327828404098e-10
879,9.928915661600157e-11
880,9.799670529196291e-11
881,9.669590531746037e-11
882,9.538673775320761e-11
883,9.406918371573899e-11
884,9.274322437800931e-11
885,9.140884097002324e-11
886,9.006601477945593e-11
887,8.871472715228185e-11
888,8.735495949338967e-11
889,8.598669326722889e-11
890,8.460990999843227e-11
891,8.322459127244669e-11
892,8.183071873617281e-11
893,8.042827409860428e-11
894,7.90172391314519e-11
895,7.759759566980731e-11
896,7.616932561277116e-11
897,7.473241092410246e-11
898,7.328683363286948e-11
899,7.183257583408321e-11
900,7.03696196893722e-11
901,6.889794742761868e-11
902,6.741754134562025e-11
903,6.592838380874417e-11
904,6.443045725159148e-11
905,6.292374417864477e-11
906,6.140822716494943e-11
907,5.988388885676795e-11
908,5.835071197224741e-11
909,5.6808679302091144e-11
910,5.5257773710230546e-11
911,5.369797813448578e-11
912,5.212927558726106e-11
913,5.0551649156206116e-11
914,4.896508200490119e-11
915,4.736955737353438e-11
916,4.576505857959069e-11
917,4.415156901851969e-11
918,4.2529072164445646e-11
919,4.089755157084072e-11
920,3.925699087121823e-11
921,3.7607373779829804e-11
922,3.594868409234331e-11
923,3.4280905686563226e-11
924,3.260402252311142e-11
925,3.091801864613308e-11
926,2.922287818399691e-11
927,2.7518585350003194e-11
928,2.5805124443074967e-11
929,2.4082479848486845e-11
930,2.2350636038561103e-11
931,2.0609577573381055e-11
932,1.885928910150581e-11
933,1.7099755360688366e-11
934,1.5330961178577178e-11
935,1.3552891473458745e-11
936,1.1765531254962306e-11
937,9.968865624786779e-12
938,8.16287977742885e-12
939,6.347559000893986e-12
940,4.522888677447821e-12
941,2.688854284330624e-12
942,8.454413944932547e-13
943,-1.0073643226692402e-12
944,-2.869577100578008e-12
945,-4.741211074748818e-12
946,-6.622280282029113e-12
947,-8.512798659872725e-12
948,-1.0412780045592998e-11
949,-1.2322238175618227e-11
950,-1.4241186684740811e-11
951,-1.6169639105385417e-11
952,-1.8107608866834415e-11
953,-2.0055109294492267e-11
954,-2.2012153609127637e-11
955,-2.3978754926113807e-11
956,-2.5954926254687907e-11
957,-2.7940680497167156e-11
958,-2.993603044820474e-11
959,-3.1940988794022267e-11
960,-3.3955568111646796e-11
961,-3.5979780868139815e-11
962,-3.801363941984507e-11
963,-4.005715601159628e-11
964,-4.211034277596032e-11
965,-4.417321173246137e-11
966,-4.6245774786805286e-11
967,-4.8328043730099456e-11
968,-5.0420030238091496e-11
969,-5.2521745870363036e-11
970,-5.4633202069566765e-11
971,-5.675441016063693e-11
972,-5.888538135000119e-11
973,-6.102612672481175e-11
974,-6.31766572521289e-11
975,-6.533698377815107e-11
976,-6.750711702741605e-11
977,-6.968706760201037e-11
978,-7.187684598076719e-11
979,-7.40764625184892e-11
980,-7.628592744512421e-11
981,-7.850525086497997e-11
982,-8.073444275592175e-11
983,-8.29735129685668e-11
984,-8.522247122547693e-11
985,-8.748132712036708e-11
986,-8.975009011727404e-11
987,-9.202876954976343e-11
988,-9.431737462011248e-11
989,-9.661591439849526e-11
990,-9.892439782218429e-11
991,-1.0124283369471002e-10
992,-1.0357123068505786e-10
993,-1.0590959732684943e-10
994,-1.082579420175193e-10
995,-1.1061627301748608e-10
996,-1.1298459844935293e-10
997,-1.1536292629704945e-10
998,-1.1775126440502856e-10
999,-1.2014962047742749e-10
1000,-1.2255800207724506e-10
1001,-1.2497641662550229e-10
1002,-1.2740487140042663e-10
1003,-1.298433735365956e-10
1004,-1.322919300241143e-10
1005,-1.347505477077777e-10
1006,-1.3721923328622942e-10
1007,-1.3969799331112077e-10
1008,-1.4218683418628541e-10
1009,-1.4468576216686732e-10
1010,-1.47194783358502e-10
1011,-1.4971390371645737e-10
1012,-1.522431290447905e-10
1013,-1.5478246499551113e-10
1014,-1.5733191706771e-10
1015,-1.598914906067236e-10
1016,-1.624611908032745e-10
1017,-1.6504102269262582e-10
1018,-1.6763099115371123e-10
1019,-1.7023110090830643e-10
1020,-1.7284135652013546e-10
1021,-1.7546176239403928e-10
1022,-1.7809232277510283e-10
1023,-1.807330417477968e-10
1024,-1.8338392323511108e-10
1025,-1.8604497099770692e-10
1026,-1.887161886330261e-10
1027,-1.9139757957444016e-10
1028,-1.9408914709038027e-10
1029,-1.9679089428346367e-10
1030,-1.995028240896382e-10
1031,-2.0222493927728732e-10
1032,-2.0495724244637205e-10
1033,-2.0769973602755845e-10
1034,-2.1045242228133208e-10
1035,-2.1321530329712878e-10
1036,-2.1598838099246944e-10
1037,-2.187716571120508e-10
1038,-2.215651332268926e-10
1039,-2.2436881073344336e-10
1040,-2.2718269085270446e-10
1041,-2.300067746293375e-10
1042,-2.32841062930805e-10
1043,-2.356855564464522e-10
1044,-2.385402556866372e-10
1045,-2.41405160981846e-10
1046,-2.4428027248179317e-10
1047,-2.4716559015455475e-10
1048,-2.50061113785647e-10
1049,-2.529668429771536e-10
1050,-2.558827771468317e-10
1051,-2.588089155272103e-10
1052,-2.6174525716470443e-10
1053,-2.6469180091872226e-10
1054,-2.6764854546075235e-10
1055,-2.706154892734831e-10
1056,-2.735926306498893e-10
1057,-2.7657996769234943e-10
1058,-2.795774983117259e-10
1059,-2.8258522022649204e-10
1060,-2.8560313096179553e-10
1061,-2.886312278485783e-10
1062,-2.916695080226686e-10
1063,-2.94717968423864e-10
1064,-2.977766057950582e-10
1065,-3.008454166812879e-10
1066,-3.0392439742886497e-10
1067,-3.070135441844465e-10
1068,-3.1011285289413545e-10
1069,-3.1322231930256564e-10
1070,-3.163419389520034e-10
1071,-3.1947170718141903e-10
1072,-3.226116191255815e-10
1073,-3.257616697141538e-10
1074,-3.2892185367076654e-10
1075,-3.3209216551211105e-10
1076,-3.3527259954703814e-10
1077,-3.384631498756076e-10
1078,-3.416638103882087e-10
1079,-3.448745747646171e-10
1080,-3.480954364730919e-10
1081,-3.5132638876946127e-10
1082,-3.5456742469618794e-10
1083,-3.578185370814608e-10
1084,-3.610797185382718e-10
1085,-3.643509614634991e-10
1086,-3.6763225803697606e-10
1087,-3.709236002205965e-10
1088,-3.742249797573518e-10
1089,-3.7753638817044054e-10
1090,-3.8085781676233663e-10
1091,-3.84189256613859e-10
1092,-3.875306985832518e-10
1093,-3.9088213330527396e-10
1094,-3.94243551190249e-10
1095,-3.9761494242315474e-10
1096,-4.009962969626964e-10
1097,-4.043876045403826e-10
1098,-4.077888546595832e-10
1099,-4.1120003659464027e-10
1100,-4.146211393898876e-10
1101,-4.180521518587688e-10
1102,-4.214930625828838e-10
1103,-4.249438599110663e-10
1104,-4.284045319584761e-10
1105,-4.3187506660562933e-10
1106,-4.3535545149750677e-10
1107,-4.3884567404260085e-10
1108,-4.423457214120049e-10
1109,-4.4585558053845964e-10
1110,-4.493752381154616e-10
1111,-4.5290468059629204e-10
1112,-4.564438941931017e-10
1113,-4.5999286487599717e-10
1114,-4.6355157837208195e-10
1115,-4.671200201645465e-10
1116,-4.706981754917368e-10
1117,-4.74286029346211e-10
1118,-4.778835664738178e-10
1119,-4.814907713727613e-10
1120,-4.851076282926731e-10
1121,-4.887341212336854e-10
1122,-4.923702339454938e-10
1123,-4.960159499264246e-10
1124,-4.996712524225057e-10
1125,-5.033361244265483e-10
1126,-5.070105486771838e-10
1127,-5.106945076579868e-10
1128,-5.143879835964862e-10
1129,-5.180909584632699e-10
1130,-5.218034139710496e-10
1131,-5.255253315737177e-10
1132,-5.292566924654328e-10
1133,-5.329974775796897e-10
1134,-5.367476675883745e-10
1135,-5.405072429008437e-10
1136,-5.442761836630045e-10
1137,-5.480544697563705e-10
1138,-5.518420807971482e-10
1139,-5.556389961352976e-10
1140,-5.594451948536008e-10
1141,-5.632606557667537e-10
1142,-5.670853574204148e-10
1143,-5.709192780902948e-10
1144,-5.747623957812391e-10
1145,-5.786146882262632e-10
1146,-5.824761328856753e-10
1147,-5.863467069461098e-10
1148,-5.902263873196359e-10
1149,-5.941151506428003e-10
1150,-5.98012973275746e-10
1151,-6.019198313012539e-10
1152,-6.058357005238192e-10
1153,-6.097605564687632e-10
1154,-6.136943743812651e-10
1155,-6.176371292254954e-10
1156,-6.215887956836442e-10
1157,-6.255493481550313e-10
1158,-6.295187607551868e-10
1159,-6.334970073149083e-10
1160,-6.374840613793762e-10
1161,-6.414798962072239e-10
1162,-6.454844847696105e-10
1163,-6.494977997493163e-10
1164,-6.535198135398286e-10
1165,-6.575504982444306e-10
1166,-6.61589825675268e-10
1167,-6.65637767352482e-10
1168,-6.696942945032424e-10
1169,-6.73759378060876e-10
1170,-6.778329886639389e-10
1171,-6.819150966553183e-10
1172,-6.860056720813349e-10
1173,-6.901046846907973e-10
1174,-6.942121039341419e-10
1175,-6.983278989624934e-10
1176,-7.024520386267914e-10
1177,-7.065844914768528e-10
1178,-7.107252257605182e-10
1179,-7.148742094227068e-10
1180,-7.190314101045257e-10
1181,-7.231967951424048e-10
1182,-7.27370331567152e-10
1183,-7.315519861030943e-10
1184,-7.357417251671706e-10
1185,-7.39939514868033e-10
1186,-7.441453210051705e-10
1187,-7.483591090679897e-10
1188,-7.525808442349591e-10
1189,-7.56810491372693e-10
1190,-7.610480150350999e-10
1191,-7.652933794624436e-10
1192,-7.695465485805162e-10
1193,-7.738074859997164e-10
1194,-7.780761550141733e-10
1195,-7.82352518600906e-10
1196,-7.866365394188746e-10
1197,-7.909281798081696e-10
1198,-7.952274017891048e-10
1199,-7.995341670613371e-10
1200,-8.038484370030185e-10
1201,-8.081701726699139e-10
1202,-8.124993347945245e-10
1203,-8.168358837852241e-10
1204,-8.211797797254087e-10
1205,-8.255309823726175e-10
1206,-8.298894511576575e-10
1207,-8.342551451837913e-10
1208,-8.386280232258148e-10
1209,-8.430080437292539e-10
1210,-8.473951648094698e-10
1211,-8.517893442508303e-10
1212,-8.561905395058722e-10
1213,-8.605987076943945e-10
1214,-8.650138056026703e-10
1215,-8.694357896825689e-10
1216,-8.738646160507292e-10
1217,-8.7830024048769e-10
1218,-8.827426184370957e-10
1219,-8.871917050048249e-10
1220,-8.916474549581413e-10
1221,-8.961098227249127e-10
1222,-9.00578762392715e-10
1223,-9.050542277080633e-10
1224,-9.09536172075541e-10
1225,-9.140245485569923e-10
1226,-9.185193098707052e-10
1227,-9.230204083905657e-10
1228,-9.27527796145275e-10
1229,-9.320414248174986e-10
1230,-9.365612457430867e-10
1231,-9.410872099102169e-10
1232,-9.456192679586373e-10
1233,-9.50157370178829e-10
1234,-9.547014665111885e-10
1235,-9.592515065452788e-10
1236,-9.63807439518964e-10
1237,-9.683692143176587e-10
1238,-9.729367794735079e-10
1239,-9.77510083164619e-10
1240,-9.820890732142508e-10
1241,-9.866736970900342e-10
1242,-9.912639019031947e-10
1243,-9.958596344077484e-10
1244,-1.0004608409997593e-09
1245,-1.0050674677165173e-09
1246,-1.0096794602358166e-09
1247,-1.014296763875153e-09
1248,-1.018919323590939e-09
1249,-1.0235470839777826e-09
1250,-1.0281799892676919e-09
1251,-1.0328179833293325e-09
1252,-1.0374610096672604e-09
1253,-1.0421090114211726e-09
1254,-1.046761931365169e-09
1255,-1.051419711906962e-09
1256,-1.0560822950871972e-09
1257,-1.0607496225786397e-09
1258,-1.0654216356855048e-09
1259,-1.0700982753426653e-09
1260,-1.0747794821149501e-09
1261,-1.0794651961964148e-09
1262,-1.084155357409587e-09
1263,-1.0888499052047891e-09
1264,-1.0935487786593668e-09
1265,-1.0982519164770275e-09
1266,-1.1029592569870615e-09
1267,-1.1076707381436997e-09
1268,-1.1123862975253678e-09
1269,-1.1171058723339748e-09
1270,-1.1218293993942516e-09
1271,-1.126556815153007e-09
1272,-1.1312880556784799e-09
1273,-1.1360230566596234e-09
1274,-1.1407617534054003e-09
1275,-1.1455040808441713e-09
1276,-1.1502499735229208e-09
1277,-1.1549993656066607e-09
1278,-1.159752190877702e-09
1279,-1.1645083827350325e-09
1280,-1.1692678741936182e-09
1281,-1.1740305978837632e-09
1282,-1.1787964860504448e-09
1283,-1.1835654705526387e-09
1284,-1.188337482862729e-09
1285,-1.1931124540657813e-09
1286,-1.197890314858977e-09
1287,-1.2026709955509378e-09
1288,-1.2074544260610665e-09
1289,-1.2122405359189877e-09
1290,-1.2170292542638374e-09
1291,-1.2218205098437224e-09
1292,-1.226614231015031e-09
1293,-1.2314103457418786e-09
1294,-1.2362087815954525e-09
1295,-1.2410094657534187e-09
1296,-1.2458123249993473e-09
1297,-1.2506172857220666e-09
1298,-1.255424273915121e-09
1299,-1.260233215176132e-09
1300,-1.2650440347062596e-09
1301,-1.269856657309597e-09
1302,-1.2746710073925758e-09
1303,-1.2794870089634544e-09
1304,-1.2843045856316792e-09
1305,-1.289123660607373e-09
1306,-1.2939441567007447e-09
1307,-1.2987659963215677e-09
1308,-1.3035891014786041e-09
1309,-1.308413393779056e-09
1310,-1.3132387944280669e-09
1311,-1.3180652242281196e-09
1312,-1.3228926035785736e-09
1313,-1.3277208524750788e-09
1314,-1.3325498905091032e-09
1315,-1.3373796368673945e-09
1316,-1.3422100103314549e-09
1317,-1.3470409292770641e-09
1318,-1.3518723116737369e-09
1319,-1.3567040750842694e-09
1320,-1.3615361366642215e-09
1321,-1.366368413161433e-09
1322,-1.3712008209155406e-09
1323,-1.3760332758574913e-09
1324,-1.380865693509108e-09
1325,-1.385697988982547e-09
1326,-1.39053007697994e-09
1327,-1.3953618717928243e-09
1328,-1.4001932873017733e-09
1329,-1.4050242369759262e-09
1330,-1.4098546338725149e-09
1331,-1.4146843906364866e-09
1332,-1.419513419500003e-09
1333,-1.424341632282087e-09
1334,-1.4291689403881385e-09
1335,-1.4339952548095579e-09
1336,-1.4388204861233315e-09
1337,-1.4436445444916045e-09
1338,-1.4484673396613206e-09
1339,-1.4532887809637791e-09
1340,-1.458108777314306e-09
1341,-1.4629272372118142e-09
1342,-1.4677440687384572e-09
1343,-1.4725591795592877e-09
1344,-1.477372476921811e-09
1345,-1.4821838676557125e-09
1346,-1.4869932581724343e-09
1347,-1.4918005544648797e-09
1348,-1.4966056621070598e-09
1349,-1.5014084862537102e-09
1350,-1.5062089316400461e-09
1351,-1.5110069025813438e-09
1352,-1.515802302972701e-09
1353,-1.5205950362886738e-09
1354,-1.5253850055830058e-09
1355,-1.5301721134882986e-09
1356,-1.5349562622157217e-09
1357,-1.5397373535547645e-09
1358,-1.5445152888728728e-09
1359,-1.5492899691152768e-09
1360,-1.5540612948046166e-09
1361,-1.5588291660407694e-09
1362,-1.5635934825005488e-09
1363,-1.5683541434374205e-09
1364,-1.573111047681345e-09
1365,-1.5778640936384507e-09
1366,-1.5826131792908875e-09
1367,-1.5873582021965014e-09
1368,-1.592099059488718e-09
1369,-1.596835647876274e-09
1370,-1.6015678636429982e-09
1371,-1.6062956026476765e-09
1372,-1.6110187603237808e-09
1373,-1.6157372316793596e-09
1374,-1.6204509112967905e-09
1375,-1.6251596933326675e-09
1376,-1.6298634715176046e-09
1377,-1.6345621391560572e-09
1378,-1.6392555891262437e-09
1379,-1.6439437138799037e-09
1380,-1.6486264054422502e-09
1381,-1.653303555411764e-09
1382,-1.6579750549601333e-09
1383,-1.6626407948321017e-09
1384,-1.6673006653453553e-09
1385,-1.6719545563904444e-09
1386,-1.6766023574306634e-09
1387,-1.6812439575019914e-09
1388,-1.6858792452129575e-09
1389,-1.6905081087446542e-09
1390,-1.6951304358505885e-09
1391,-1.6997461138566544e-09
1392,-1.704355029661095e-09
1393,-1.7089570697344256e-09
1394,-1.713552120119454e-09
1395,-1.7181400664311633e-09
1396,-1.7227207938567706e-09
1397,-1.727294187155687e-09
1398,-1.7318601306594755e-09
1399,-1.7364185082719184e-09
1400,-1.7409692034689593e-09
1401,-1.7455120992987654e-09
1402,-1.7500470783817169e-09
1403,-1.7545740229104813e-09
1404,-1.7590928146500205e-09
1405,-1.7636033349376205e-09
1406,-1.7681054646830086e-09
1407,-1.7725990843683403e-09
1408,-1.7770840740483453e-09
1409,-1.7815603133503378e-09
1410,-1.7860276814743406e-09
1411,-1.7904860571932057e-09
1412,-1.7949353188526325e-09
1413,-1.7993753443713772e-09
1414,-1.8038060112412858e-09
1415,-1.8082271965275006e-09
1416,-1.8126387768685163e-09
1417,-1.8170406284763903e-09
1418,-1.8214326271368792e-09
1419,-1.8258146482095363e-09
1420,-1.8301865666279963e-09
1421,-1.834548256900028e-09
1422,-1.8388995931078122e-09
1423,-1.8432404489081076e-09
1424,-1.8475706975324227e-09
1425,-1.8518902117872705e-09
1426,-1.8561988640543494e-09
1427,-1.8604965262908313e-09
1428,-1.864783070029497e-09
1429,-1.8690583663790964e-09
1430,-1.873322286024535e-09
1431,-1.8775746992271304e-09
1432,-1.881815475824924e-09
1433,-1.886044485232921e-09
1434,-1.8902615964434325e-09
1435,-1.894466678026309e-09
1436,-1.898659598129285e-09
1437,-1.9028402244783246e-09
1438,-1.9070084243778567e-09
1439,-1.9111640647112123e-09
1440,-1.915307011940877e-09
1441,-1.919437132108928e-09
1442,-1.923554290837312e-09
1443,-1.927658353328291e-09
1444,-1.931749184364784e-09
1445,-1.9358266483107277e-09
1446,-1.939890609111547e-09
1447,-1.9439409302945007e-09
1448,-1.9479774749691414e-09
1449,-1.9520001058276896e-09
1450,-1.956008685145529e-09
1451,-1.960003074781636e-09
1452,-1.9639831361789707e-09
1453,-1.967948730365064e-09
1454,-1.971899717952359e-09
1455,-1.975835959138799e-09
1456,-1.979757313708261e-09
1457,-1.9836636410310784e-09
1458,-1.9875548000645798e-09
1459,-1.9914306493535255e-09
1460,-1.995291047030764e-09
1461,-1.9991358508176673e-09
1462,-2.00296491802474e-09
1463,-2.0067781055521585e-09
1464,-2.0105752698903557e-09
1465,-2.0143562671206114e-09
1466,-2.0181209529155945e-09
1467,-2.0218691825400486e-09
1468,-2.0256008108513035e-09
1469,-2.0293156923000094e-09
1470,-2.033013680930644e-09
1471,-2.036694630382278e-09
1472,-2.0403583938891574e-09
1473,-2.0440048242813553e-09
1474,-2.0476337739855038e-09
1475,-2.051245095025412e-09
1476,-2.0548386390228317e-09
1477,-2.058414257198081e-09
1478,-2.061971800370836e-09
1479,-2.0655111189608124e-09
1480,-2.0690320629884926e-09
1481,-2.072534482075923e-09
1482,-2.076018225447398e-09
1483,-2.079483141930313e-09
1484,-2.08292907995586e-09
1485,-2.0863558875598705e-09
1486,-2.089763412383629e-09
1487,-2.0931515016745908e-09
1488,-2.0965200022873427e-09
1489,-2.099868760684285e-09
1490,-2.1031976229366306e-09
1491,-2.1065064347250993e-09
1492,-2.1097950413409108e-09
1493,-2.1130632876866175e-09
1494,-2.1163110182769564e-09
1495,-2.119538077239801e-09
1496,-2.122744308317035e-09
1497,-2.125929554865482e-09
1498,-2.1290936598578675e-09
1499,-2.1322364658836923e-09
1500,-2.135357815150275e-09
1501,-2.1384575494836306e-09
1502,-2.141535510329519e-09
1503,-2.144591538754371e-09
1504,-2.147625475446351e-09
1505,-2.15063716071633e-09
1506,-2.1536264344988804e-09
1507,-2.156593136353396e-09
1508,-2.159537105465022e-09
1509,-2.162458180645835e-09
1510,-2.1653562003358e-09
1511,-2.168231002603938e-09
1512,-2.1710824251493676e-09
1513,-2.173910305302417e-09
1514,-2.176714480025751e-09
1515,-2.179494785915462e-09
1516,-2.182251059202299e-09
1517,-2.1849831357526897e-09
1518,-2.1876908510700117e-09
1519,-2.1903740402957245e-09
1520,-2.1930325382105105e-09
1521,-2.1956661792355925e-09
1522,-2.1982747974337904e-09
1523,-2.2008582265109025e-09
1524,-2.2034162998167967e-09
1525,-2.205948850346743e-09
1526,-2.2084557107426735e-09
1527,-2.2109367132943877e-09
1528,-2.213391689940931e-09
1529,-2.2158204722717665e-09
1530,-2.218222891528239e-09
1531,-2.2205987786047096e-09
1532,-2.2229479640500683e-09
1533,-2.225270278068978e-09
1534,-2.2275655505232164e-09
1535,-2.229833610933136e-09
1536,-2.2320742884789216e-09
1537,-2.2342874120021278e-09
1538,-2.236472810006935e-09
1539,-2.238630310661707e-09
1540,-2.2407597418003467e-09
1541,-2.2428609309237304e-09
1542,-2.24493370520121e-09
1543,-2.2469778914720597e-09
1544,-2.2489933162469815e-09
1545,-2.2509798057095496e-09
1546,-2.252937185717761e-09
1547,-2.2548652818055936e-09
1548,-2.256763919184403e-09
1549,-2.2586329227446612e-09
1550,-2.2604721170573394e-09
1551,-2.2622813263756135e-09
1552,-2.2640603746363568e-09
1553,-2.2658090854617848e-09
1554,-2.2675272821611006e-09
1555,-2.2692147877320084e-09
1556,-2.2708714248625036e-09
1557,-2.272497015932364e-09
1558,-2.2740913830149847e-09
1559,-2.275654347878868e-09
1560,-2.2771857319894793e-09
1561,-2.2786853565108845e-09
1562,-2.2801530423074304e-09
1563,-2.28158860994557e-09
1564,-2.2829918796954874e-09
1565,-2.284362671532969e-09
1566,-2.285700805141102e-09
1567,-2.2870060999120917e-09
1568,-2.28827837494907e-09
1569,-2.2895174490678462e-09
1570,-2.2907231407988353e-09
1571,-2.291895268388762e-09
1572,-2.2930336498026577e-09
1573,-2.2941381027256403e-09
1574,-2.2952084445647814e-09
1575,-2.2962444924510895e-09
1576,-2.2972460632412823e-09
1577,-2.298212973519864e-09
1578,-2.2991450396009227e-09
1579,-2.3000420775301727e-09
1580,-2.3009039030868997e-09
1581,-2.301730331785866e-09
1582,-2.3025211788794092e-09
1583,-2.303276259359352e-09
1584,-2.3039953879591012e-09
1585,-2.30467837915562e-09
1586,-2.305325047171513e-09
1587,-2.3059352059770745e-09
1588,-2.3065086692923133e-09
1589,-2.3070452505891684e-09
1590,-2.3075447630934514e-09
1591,-2.308007019787125e-09
1592,-2.3084318334102938e-09
1593,-2.308819016463419e-09
1594,-2.3091683812095126e-09
1595,-2.309479739676218e-09
1596,-2.3097529036581007e-09
1597,-2.3099876847187604e-09
1598,-2.310183894193126e-09
1599,-2.310341343189592e-09
1600,-2.3104598425923915e-09
1601,-2.3105392030637706e-09
1602,-2.310579235046248e-09
1603,-2.310579748764991e-09
1604,-2.310540554230036e-09
1605,-2.310461461238632e-09
1606,-2.3103422793775887e-09
1607,-2.310182818025641e-09
1608,-2.309982886355779e-09
1609,-2.3097422933376068e-09
1610,-2.3094608477397963e-09
1611,-2.3091383581324246e-09
1612,-2.3087746328894774e-09
1613,-2.308369480191187e-09
1614,-2.3079227080265757e-09
1615,-2.3074341241958798e-09
1616,-2.3069035363129822e-09
1617,-2.3063307518080225e-09
1618,-2.3057155779297786e-09
1619,-2.30505782174833e-09
1620,-2.304357290157449e-09
1621,-2.303613789877288e-09
1622,-2.3028271274568653e-09
1623,-2.3019971092766544e-09
1624,-2.3011235415512756e-09
1625,-2.300206230331961e-09
1626,-2.2992449815093638e-09
1627,-2.2982396008159822e-09
1628,-2.297189893829062e-09
1629,-2.296095665973101e-09
1630,-2.294956722522584e-09
1631,-2.2937728686047434e-09
1632,-2.2925439092022077e-09
1633,-2.2912696491557493e-09
1634,-2.2899498931670732e-09
1635,-2.2885844458015833e-09
1636,-2.2871731114911383e-09
1637,-2.2857156945368237e-09
1638,-2.2842119991118737e-09
1639,-2.282661829264305e-09
1640,-2.281064988919999e-09
1641,-2.279421281885371e-09
1642,-2.2777305118503564e-09
1643,-2.2759924823912695e-09
1644,-2.27420699697362e-09
1645,-2.2723738589552034e-09
1646,-2.2704928715889075e-09
1647,-2.2685638380257213e-09
1648,-2.2665865613176806e-09
1649,-2.2645608444208646e-09
1650,-2.2624864901983637e-09
1651,-2.260363301423317e-09
1652,-2.2581910807820003e-09
1653,-2.2559696308767405e-09
1654,-2.2536987542290926e-09
1655,-2.2513782532828987e-09
1656,-2.249007930407274e-09
1657,-2.246587587899872e-09
1658,-2.244117027989894e-09
1659,-2.2415960528413155e-09
1660,-2.2390244645559334e-09
1661,-2.236402065176654e-09
1662,-2.2337286566905837e-09
1663,-2.2310040410322826e-09
1664,-2.2282280200870063e-09
1665,-2.2254003956938594e-09
1666,-2.2225209696491678e-09
1667,-2.219589543709547e-09
1668,-2.216605919595425e-09
1669,-2.2135698989941908e-09
1670,-2.21048128356351e-09
1671,-2.207339874934732e-09
1672,-2.2041454747161624e-09
1673,-2.200897884496444e-09
1674,-2.197596905847951e-09
1675,-2.1942423403301933e-09
1676,-2.1908339894932003e-09
1677,-2.187371654880915e-09
1678,-2.1838551380347618e-09
1679,-2.1802842404968904e-09
1680,-2.1766587638138863e-09
1681,-2.1729785095400833e-09
1682,-2.1692432792411763e-09
1683,-2.1654528744977052e-09
1684,-2.161607096908525e-09
1685,-2.157705748094499e-09
1686,-2.1537486297019613e-09
1687,-2.1497355434063575e-09
1688,-2.1456662909157836e-09
1689,-2.1415406739747277e-09
1690,-2.1373584943675275e-09
1691,-2.133119553922171e-09
1692,-2.1288236545139346e-09
1693,-2.124470598068978e-09
1694,-2.1200601865681824e-09
1695,-2.1155922220507376e-09
1696,-2.1110665066179354e-09
1697,-2.1064828424369342e-09
1698,-2.101841031744473e-09
1699,-2.0971408768507152e-09
1700,-2.092382180142986e-09
1701,-2.0875647440895985e-09
1702,-2.0826883712436875e-09
1703,-2.0777528642471e-09
1704,-2.0727580258342025e-09
1705,-2.0677036588357445e-09
1706,-2.0625895661828476e-09
1707,-2.0574155509107436e-09
1708,-2.052181416162916e-09
1709,-2.046886965194872e-09
1710,-2.0415320013782003e-09
1711,-2.036116328204507e-09
1712,-2.0306397492894062e-09
1713,-2.0251020683765045e-09
1714,-2.0195030893415024e-09
1715,-2.0138426161961887e-09
1716,-2.0081204530924627e-09
1717,-2.0023364043265016e-09
1718,-1.9964902743427133e-09
1719,-1.99058186773798e-09
1720,-1.9846109892657175e-09
1721,-1.978577443840005e-09
1722,-1.9724810365397615e-09
1723,-1.9663215726129573e-09
1724,-1.960098857480628e-09
1725,-1.953812696741343e-09
1726,-1.9474628961752214e-09
1727,-1.941049261748261e-09
1728,-1.9345715996165554e-09
1729,-1.9280297161306046e-09
1730,-1.921423417839517e-09
1731,-1.914752511495406e-09
1732,-1.908016804057687e-09
1733,-1.9012161026973547e-09
1734,-1.894350214801448e-09
1735,-1.8874189479772143e-09
1736,-1.880422110056747e-09
1737,-1.8733595091012297e-09
1738,-1.8662309534053582e-09
1739,-1.8590362515018368e-09
1740,-1.8517752121657966e-09
1741,-1.8444476444192027e-09
1742,-1.8370533575354394e-09
1743,-1.8295921610437417e-09
1744,-1.8220638647337605e-09
1745,-1.8144682786600078e-09
1746,-1.8068052131465223e-09
1747,-1.79907447879127e-09
1748,-1.7912758864709182e-09
1749,-1.7834092473452752e-09
1750,-1.775474372861988e-09
1751,-1.7674710747611551e-09
1752,-1.7593991650799377e-09
1753,-1.7512584561572257e-09
1754,-1.7430487606383545e-09
1755,-1.7347698914797867e-09
1756,-1.7264216619537928e-09
1757,-1.7180038856532267e-09
1758,-1.7095163764961737e-09
1759,-1.7009589487308028e-09
1760,-1.6923314169401359e-09
1761,-1.6836335960467734e-09
1762,-1.6748653013177587e-09
1763,-1.6660263483693935e-09
1764,-1.6571165531719888e-09
1765,-1.6481357320548867e-09
1766,-1.6390837017111836e-09
1767,-1.6299602792027075e-09
1768,-1.6207652819648518e-09
1769,-1.6114985278115975e-09
1770,-1.6021598349402438e-09
1771,-1.5927490219366264e-09
1772,-1.5832659077799139e-09
1773,-1.5737103118476095e-09
1774,-1.5640820539206343e-09
1775,-1.5543809541881615e-09
1776,-1.5446068332528851e-09
1777,-1.5347595121358865e-09
1778,-1.5248388122817833e-09
1779,-1.514844555563794e-09
1780,-1.5047765642888155e-09
1781,-1.4946346612024918e-09
1782,-1.4844186694944425e-09
1783,-1.4741284128033698e-09
1784,-1.4637637152221553e-09
1785,-1.4533244013031092e-09
1786,-1.4428102960631511e-09
1787,-1.432221224988899e-09
1788,-1.4215570140420879e-09
1789,-1.4108174896646638e-09
1790,-1.4000024787840943e-09
1791,-1.389111808818622e-09
1792,-1.3781453076824951e-09
1793,-1.3671028037913867e-09
1794,-1.3559841260676075e-09
1795,-1.3447891039455022e-09
1796,-1.3335175673767225e-09
1797,-1.322169346835702e-09
1798,-1.3107442733248626e-09
1799,-1.2992421783801838e-09
1800,-1.2876628940765331e-09
1801,-1.2760062530330679e-09
1802,-1.2642720884187318e-09
1803,-1.2524602339576694e-09
1804,-1.2405705239346478e-09
1805,-1.2286027932006806e-09
1806,-1.2165568771784122e-09
1807,-1.2044326118676828e-09
1808,-1.192229833851057e-09
1809,-1.1799483802992903e-09
1810,-1.1675880889770308e-09
1811,-1.1551487982483153e-09
1812,-1.142630347082164e-09
1813,-1.130032575058191e-09
1814,-1.1173553223722777e-09
1815,-1.1045984298420444e-09
1816,-1.091761738912741e-09
1817,-1.0788450916627508e-09
1818,-1.0658483308093253e-09
1819,-1.0527712997142698e-09
1820,-1.0396138423896857e-09
1821,-1.0263758035035932e-09
1822,-1.0130570283858216e-09
1823,-9.996573630336837e-10
1824,-9.861766541177493e-10
1825,-9.726147489876772e-10
1826,-9.589714956778855e-10
1827,-9.452467429135454e-10
1828,-9.314403401163172e-10
1829,-9.175521374101743e-10
1830,-9.035819856273262e-10
1831,-8.895297363140605e-10
1832,-8.753952417365517e-10
1833,-8.611783548869388e-10
1834,-8.468789294890971e-10
1835,-8.324968200046365e-10
1836,-8.180318816388091e-10
1837,-8.034839703465447e-10
1838,-7.888529428382358e-10
1839,-7.741386565859861e-10
1840,-7.593409698294429e-10
1841,-7.444597415818519e-10
1842,-7.294948316361003e-10
1843,-7.144461005707756e-10
1844,-6.993134097561098e-10
1845,-6.840966213602358e-10
1846,-6.687955983551591e-10
1847,-6.534102045228772e-10
1848,-6.379403044615231e-10
1849,-6.223857635913795e-10
1850,-6.067464481611959e-10
1851,-5.910222252542365e-10
1852,-5.752129627944539e-10
1853,-5.593185295527034e-10
1854,-5.433387951529486e-10
1855,-5.272736300783342e-10
1856,-5.111229056776338e-10
1857,-4.948864941713312e-10
1858,-4.785642686579137e-10
1859,-4.621561031201287e-10
1860,-4.4566187243130204e-10
1861,-4.290814523614807e-10
1862,-4.124147195839424e-10
1863,-3.95661551681388e-10
1864,-3.788218271522846e-10
1865,-3.618954254172587e-10
1866,-3.448822268252897e-10
1867,-3.277821126603149e-10
1868,-3.105949651474518e-10
1869,-2.9332066745942193e-10
1870,-2.759591037229739e-10
1871,-2.5851015902532306e-10
1872,-2.4097371942044063e-10
1873,-2.2334967193572096e-10
1874,-2.05637904578285e-10
1875,-1.8783830634148977e-10
1876,-1.6995076721140353e-10
1877,-1.519751781733454e-10
1878,-1.3391143121822613e-10
1879,-1.157594193493068e-10
1880,-9.751903658856955e-11
1881,-7.919017798329532e-11
1882,-6.077273961266223e-11
1883,-4.226661859414921e-11
1884,-2.3671713090352823e-11
1885,-4.987922315416931e-12
1886,1.3784853458325306e-11
1887,3.264671289373982e-11
1888,5.159775358222619e-11
1889,7.063807203724312e-11
1890,8.976776368741904e-11
1891,1.089869228700548e-10
1892,1.2829564282441206e-10
1893,1.476940156850325e-10
1894,1.671821324750051e-10
1895,1.8676008309942123e-10
1896,2.064279563384213e-10
1897,2.2618583984062463e-10
1898,2.46033820116357e-10
1899,2.6597198253085725e-10
1900,2.860004112976861e-10
1901,3.0611918947170904e-10
1902,3.2632839894247906e-10
1903,3.4662812042740523e-10
1904,3.6701843346494836e-10
1905,3.8749941640777634e-10
1906,4.0807114641609423e-10
1907,4.2873369945057606e-10
1908,4.494871502656802e-10
1909,4.703315724027481e-10
1910,4.912670381831626e-10
1911,5.122936187014037e-10
1912,5.334113838183607e-10
1913,5.546204021541625e-10
1914,5.759207410814637e-10
1915,5.973124667184764e-10
1916,6.187956439220071e-10
1917,6.403703362807011e-10
1918,6.620366061078363e-10
1919,6.837945144345551e-10
1920,7.056441210028412e-10
1921,7.275854842585724e-10
1922,7.496186613444917e-10
1923,7.717437080933791e-10
1924,7.939606790208137e-10
1925,8.16269627318327e-10
1926,8.386706048463568e-10
1927,8.611636621272114e-10
1928,8.837488483380034e-10
1929,9.064262113037868e-10
1930,9.291957974902267e-10
1931,9.520576519967383e-10
1932,9.750118185493576e-10
1933,9.980583394936546e-10
1934,1.0211972557877738e-09
1935,1.0444286069951395e-09
1936,1.0677524312774988e-09
1937,1.0911687653877627e-09
1938,1.1146776446629285e-09
1939,1.1382791030168692e-09
1940,1.1619731729334278e-09
1941,1.1857598854589701e-09
1942,1.2096392701954403e-09
1943,1.2336113552931838e-09
1944,1.2576761674437317e-09
1945,1.2818337318726535e-09
1946,1.3060840723325081e-09
1947,1.330427211095436e-09
1948,1.3548631689461447e-09
1949,1.3793919651746219e-09
1950,1.4040136175690204e-09
1951,1.428728142408313e-09
1952,1.4535355544553341e-09
1953,1.4784358669492424e-09
1954,1.503429091598494e-09
1955,1.528515238573578e-09
1956,1.5536943164996701e-09
1957,1.5789663324496643e-09
1958,1.604331291936564e-09
1959,1.6297891989064585e-09
1960,1.6553400557311862e-09
1961,1.680983863201085e-09
1962,1.7067206205176762e-09
1963,1.7325503252865315e-09
1964,1.7584729735097737e-09
1965,1.784488559578909e-09
1966,1.8105970762675327e-09
1967,1.8367985147239922e-09
1968,1.8630928644640824e-09
1969,1.889480113363888e-09
1970,1.9159602476521716e-09
1971,1.942533251903308e-09
1972,1.969199109029833e-09
1973,1.9959578002751512e-09
1974,2.0228093052063097e-09
1975,2.049753601706457e-09
1976,2.0767906659676497e-09
1977,2.103920472483438e-09
1978,2.1311429940415855e-09
1979,2.158458201716612e-09
1980,2.1858660648626725e-09
1981,2.2133665511058523e-09
1982,2.240959626337071e-09
1983,2.2686452547046333e-09
1984,2.296423398606827e-09
1985,2.324294018684586e-09
1986,2.352257073814218e-09
1987,2.3803125210998194e-09
1988,2.408460315866018e-09
1989,2.4367004116505997e-09
1990,2.4650327601970704e-09
1991,2.493457311447394e-09
1992,2.5219740135344174e-09
1993,2.5505828127745826e-09
1994,2.5792836536605647e-09
1995,2.6080764788537866e-09
1996,2.6369612291770714e-09
1997,2.6659378436073784e-09
1998,2.6950062592680974e-09
1999,2.7241664114219306e-09
2000,2.753418233463309e-09
2001,2.782761656911142e-09
2002,2.8121966114012136e-09
2003,2.84172302467909e-09
2004,2.8713408225923916e-09
2005,2.9010499290835078e-09
2006,2.9308502661822714e-09
2007,2.960741753998366e-09
2008,2.9907243107142508e-09
2009,3.02079785257733e-09
2010,3.0509622938928373e-09
2011,3.081217547016366e-09
2012,3.1115635223463755e-09
2013,3.1420001283168885e-09
2014,3.1725272713901168e-09
2015,3.203144856048907e-09
2016,3.23385278478942e-09
2017,3.2646509581137685e-09
2018,3.2955392745225606e-09
2019,3.326517630507432e-09
2020,3.3575859205439397e-09
2021,3.388744037083734e-09
2022,3.4199918705474936e-09
2023,3.4513293093173977e-09
2024,3.4827562397296806e-09
2025,3.5142725460675194e-09
2026,3.545878110553221e-09
2027,3.577572813341202e-09
2028,3.609356532510373e-09
2029,3.6412291440569066e-09
2030,3.673190521886757e-09
2031,3.705240537808427e-09
2032,3.7373790615254084e-09
2033,3.769605960628895e-09
2034,3.80192110059051e-09
2035,3.834324344754758e-09
2036,3.8668155543318124e-09
2037,3.899394588390248e-09
2038,3.932061303849359e-09
2039,3.9648155554721416e-09
2040,3.997657195857765e-09
2041,4.03058607543436e-09
2042,4.0636020424515e-09
2043,4.09670494297319e-09
2044,4.129894620870214e-09
2045,4.163170917812942e-09
2046,4.1965336732640855e-09
2047,4.22998272447122e-09
2048,4.263517906459801e-09
2049,4.297139052025445e-09
2050,4.330845991726947e-09
2051,4.364638553878901e-09
2052,4.398516564544352e-09
2053,4.432479847527624e-09
2054,4.466528224367076e-09
2055,4.500661514327733e-09
2056,4.534879534394012e-09
2057,4.5691820992626425e-09
2058,4.603569021335298e-09
2059,4.6380401107113e-09
2060,4.672595175180699e-09
2061,4.707234020216624e-09
2062,4.741956448968415e-09
2063,4.776762262254199e-09
2064,4.811651258553814e-09
2065,4.846623234001752e-09
2066,4.881677982379601e-09
2067,4.916815295109229e-09
2068,4.952034961245414e-09
2069,4.98733676746887e-09
2070,5.022720498078823e-09
2071,5.058185934986317e-09
2072,5.09373285770665e-09
2073,5.129361043352406e-09
2074,5.165070266626492e-09
2075,5.200860299814802e-09
2076,5.2367309127793195e-09
2077,5.272681872951005e-09
2078,5.308712945322632e-09
2079,5.3448238924418474e-09
2080,5.381014474403963e-09
2081,5.417284448845116e-09
2082,5.453633570935195e-09
2083,5.490061593370732e-09
2084,5.526568266367898e-09
2085,5.5631533376556595e-09
2086,5.599816552468707e-09
2087,5.636557653540355e-09
2088,5.673376381095988e-09
2089,5.710272472845581e-09
2090,5.747245663977206e-09
2091,5.7842956871498375e-09
2092,5.821422272486612e-09
2093,5.8586251475678725e-09
2094,5.895904037424311e-09
2095,5.933258664530063e-09
2096,5.970688748795827e-09
2097,6.008194007562137e-09
2098,6.045774155592426e-09
2099,6.083428905066315e-09
2100,6.121157965572732e-09
2101,6.158961044103087e-09
2102,6.196837845044665e-09
2103,6.23478807017367e-09
2104,6.272811418648644e-09
2105,6.310907587003797e-09
2106,6.349076269141983e-09
2107,6.387317156328357e-09
2108,6.42562993718342e-09
2109,6.464014297676619e-09
2110,6.502469921119375e-09
2111,6.540996488158892e-09
2112,6.579593676771135e-09
2113,6.6182611622543414e-09
2114,6.6569986172225894e-09
2115,6.695805711598978e-09
2116,6.734682112609467e-09
2117,6.773627484775862e-09
2118,6.812641489909664e-09
2119,6.851723787105453e-09
2120,6.8908740327343325e-09
2121,6.930091880437611e-09
2122,6.969376981120304e-09
2123,7.008728982944701e-09
2124,7.048147531323876e-09
2125,7.087632268915456e-09
2126,7.127182835615223e-09
2127,7.166798868550563e-09
2128,7.2064800020745765e-09
2129,7.246225867759187e-09
2130,7.286036094389405e-09
2131,7.325910307956614e-09
2132,7.365848131652645e-09
2133,7.405849185863376e-09
2134,7.445913088162594e-09
2135,7.486039453305793e-09
2136,7.526227893223896e-09
2137,7.566478017017332e-09
2138,7.60678943094963e-09
2139,7.647161738441686e-09
2140,7.68759454006538e-09
2141,7.728087433537495e-09
2142,7.768640013713949e-09
2143,7.80925187258351e-09
2144,7.849922599261984e-09
2145,7.890651779986176e-09
2146,7.93143899810794e-09
2147,7.97228383408827e-09
2148,8.013185865491312e-09
2149,8.054144666978717e-09
2150,8.095159810303445e-09
2151,8.136230864304397e-09
2152,8.177357394900093e-09
2153,8.218538965083278e-09
2154,8.25977513491505e-09
2155,8.301065461518936e-09
2156,8.342409499075683e-09
2157,8.38380679881694e-09
2158,8.425256909020152e-09
2159,8.466759375002537e-09
2160,8.508313739115745e-09
2161,8.549919540740177e-09
2162,8.591576316279448e-09
2163,8.633283599154861e-09
2164,8.67504091979983e-09
2165,8.71684780565462e-09
2166,8.758703781160615e-09
2167,8.800608367755136e-09
2168,8.842561083866128e-09
2169,8.884561444906357e-09
2170,8.926608963268615e-09
2171,8.968703148319991e-09
2172,9.010843506396821e-09
2173,9.053029540799606e-09
2174,9.095260751787227e-09
2175,9.137536636572421e-09
2176,9.179856689316075e-09
2177,9.222220401122541e-09
2178,9.264627260034093e-09
2179,9.307076751026371e-09
2180,9.349568356002937e-09
2181,9.392101553790288e-09
2182,9.43467582013318e-09
2183,9.477290627689303e-09
2184,9.519945446024651e-09
2185,9.562639741608533e-09
2186,9.605372977808659e-09
2187,9.648144614886503e-09
2188,9.690954109992174e-09
2189,9.733800917160053e-09
2190,9.776684487303814e-09
2191,9.819604268211878e-09
2192,9.86255970454252e-09
2193,9.905550237819555e-09
2194,9.948575306427598e-09
2195,9.991634345607316e-09
2196,1.0034726787451375e-08
2197,1.0077852060899386e-08
2198,1.0121009591733918e-08
2199,1.0164198802575728e-08
2200,1.0207419112879635e-08
2201,1.025066993893004e-08
2202,1.0293950693836583e-08
2203,1.0337260787529998e-08
2204,1.03805996267576e-08
2205,1.042396661507948e-08
2206,1.0467361152863784e-08
2207,1.0510782637283253e-08
2208,1.0554230462310561e-08
2209,1.0597704018714394e-08
2210,1.0641202694055623e-08
2211,1.0684725872683022e-08
2212,1.0728272935729585e-08
2213,1.07718432611084e-08
2214,1.0815436223508908e-08
2215,1.0859051194393057e-08
2216,1.0902687541991284e-08
2217,1.0946344631299181e-08
2218,1.0990021824073196e-08
2219,1.103371847882769e-08
2220,1.1077433950830462e-08
2221,1.1121167592099847e-08
2222,1.1164918751400806e-08
2223,1.1208686774241285e-08
2224,1.1252471002869165e-08
2225,1.1296270776268381e-08
2226,1.1340085430155837e-08
2227,1.138391429697773e-08
2228,1.142775670590653e-08
2229,1.14716119828376e-08
2230,1.1515479450385866e-08
2231,1.155935842788277e-08
2232,1.1603248231372919e-08
2233,1.1647148173611255e-08
2234,1.1691057564059678e-08
2235,1.1734975708884258e-08
2236,1.1778901910952306e-08
2237,1.1822835469829006e-08
2238,1.1866775681775113e-08
2239,1.1910721839743567e-08
2240,1.1954673233377138e-08
2241,1.1998629149005222e-08
2242,1.204258886964166e-08
2243,1.2086551674981602e-08
2244,1.2130516841398978e-08
2245,1.217448364194418e-08
2246,1.2218451346341069e-08
2247,1.226241922098504e-08
2248,1.230638652894018e-08
2249,1.2350352529936902e-08
2250,1.2394316480369818e-08
2251,1.2438277633295114e-08
2252,1.2482235238428693e-08
2253,1.2526188542143604e-08
2254,1.257013678746807e-08
2255,1.2614079214083456e-08
2256,1.2658015058321815e-08
2257,1.2701943553164414e-08
2258,1.2745863928239263e-08
2259,1.2789775409819726e-08
2260,1.2833677220822016e-08
2261,1.2877568580803945e-08
2262,1.2921448705962956e-08
2263,1.2965316809134063e-08
2264,1.3009172099788926e-08
2265,1.3053013784033431e-08
2266,1.3096841064606724e-08
2267,1.3140653140879271e-08
2268,1.3184449208851713e-08
2269,1.3228228461153293e-08
2270,1.3271990087040452e-08
2271,1.331573327239571e-08
2272,1.3359457199726042e-08
2273,1.3403161048162193e-08
2274,1.3446843993456973e-08
2275,1.349050520798453e-08
2276,1.3534143860739373e-08
2277,1.3577759117334797e-08
2278,1.3621350140002755e-08
2279,1.3664916087592167e-08
2280,1.3708456115568835e-08
2281,1.3751969376014022e-08
2282,1.3795455017624171e-08
2283,1.3838912185710105e-08
2284,1.3882340022196162e-08
2285,1.3925737665620154e-08
2286,1.3969104251132275e-08
2287,1.4012438910495234e-08
2288,1.4055740772083293e-08
2289,1.4099008960882466e-08
2290,1.4142242598489937e-08
2291,1.4185440803113676e-08
2292,1.4228602689572851e-08
2293,1.4271727369297055e-08
2294,1.4314813950326833e-08
2295,1.4357861537313149e-08
2296,1.4400869231517961e-08
2297,1.4443836130814105e-08
2298,1.4486761329685351e-08
2299,1.4529643919226965e-08
2300,1.4572482987145656e-08
2301,1.461527761776033e-08
2302,1.4658026892002101e-08
2303,1.4700729887415116e-08
2304,1.474338567815705e-08
2305,1.4785993334999324e-08
2306,1.4828551925328386e-08
2307,1.4871060513145894e-08
2308,1.4913518159069905e-08
2309,1.495592392033529e-08
2310,1.4998276850795228e-08
2311,1.5040576000921684e-08
2312,1.5082820417806518e-08
2313,1.5125009145162873e-08
2314,1.5167141223325936e-08
2315,1.5209215689254578e-08
2316,1.525123157653218e-08
2317,1.529318791536842e-08
2318,1.5335083732600518e-08
2319,1.537691805169444e-08
2320,1.5418689892746992e-08
2321,1.5460398272486868e-08
2322,1.5502042204276784e-08
2323,1.5543620698114955e-08
2324,1.558513276063681e-08
2325,1.562657739511723e-08
2326,1.5667953601472014e-08
2327,1.5709260376260415e-08
2328,1.5750496712686558e-08
2329,1.5791661600602192e-08
2330,1.583275402650863e-08
2331,1.5873772973558742e-08
2332,1.591471742155991e-08
2333,1.5955586346975772e-08
2334,1.5996378722929235e-08
2335,1.6037093519204565e-08
2336,1.6077729702250363e-08
2337,1.6118286235182077e-08
2338,1.6158762077784613e-08
2339,1.619915618651551e-08
2340,1.62394675145073e-08
2341,1.6279695011571108e-08
2342,1.6319837624198968e-08
2343,1.6359894295567546e-08
2344,1.639986396554105e-08
2345,1.643974557067418e-08
2346,1.6479538044215988e-08
2347,1.651924031611272e-08
2348,1.6558851313011786e-08
2349,1.6598369958264638e-08
2350,1.6637795171931096e-08
2351,1.667712587078254e-08
2352,1.671636096830552e-08
2353,1.675549937470616e-08
2354,1.6794539996913298e-08
2355,1.6833481738583217e-08
2356,1.6872323500102825e-08
2357,1.6911064178594603e-08
2358,1.694970266792025e-08
2359,1.6988237858684937e-08
2360,1.7026668638241993e-08
2361,1.7064993890696846e-08
2362,1.710321249691198e-08
2363,1.714132333451093e-08
2364,1.717932527788347e-08
2365,1.7217217198190054e-08
2366,1.7254997963366332e-08
2367,1.7292666438128617e-08
2368,1.7330221483978147e-08
2369,1.7367661959206687e-08
2370,1.7404986718901077e-08
2371,1.7442194614948865e-08
2372,1.7479284496043298e-08
2373,1.751625520768852e-08
2374,1.7553105592205393e-08
2375,1.758983448873635e-08
2376,1.7626440733251683e-08
2377,1.7662923158554403e-08
2378,1.7699280594286632e-08
2379,1.7735511866935016e-08
2380,1.7771615799836468e-08
2381,1.7807591213184705e-08
2382,1.7843436924035432e-08
2383,1.7879151746313288e-08
2384,1.791473449081735e-08
2385,1.7950183965227912e-08
2386,1.798549897411265e-08
2387,1.802067831893273e-08
2388,1.8055720798050024e-08
2389,1.8090625206732876e-08
2390,1.812539033716361e-08
2391,1.8160014978444517e-08
2392,1.819449791660526e-08
2393,1.82288379346097e-08
2394,1.8263033812362443e-08
2395,1.8297084326716614e-08
2396,1.833098825148045e-08
2397,1.836474435742498e-08
2398,1.8398351412291235e-08
2399,1.8431808180797307e-08
2400,1.8465113424646604e-08
2401,1.8498265902534562e-08
2402,1.8531264370157246e-08
2403,1.8564107580218146e-08
2404,1.859679428243693e-08
2405,1.862932322355685e-08
2406,1.8661693147352733e-08
2407,1.869390279463945e-08
2408,1.8725950903279607e-08
2409,1.8757836208192442e-08
2410,1.8789557441361545e-08
2411,1.8821113331843888e-08
2412,1.885250260577794e-08
2413,1.8883723986392323e-08
2414,1.8914776194014993e-08
2415,1.8945657946081317e-08
2416,1.8976367957143652e-08
2417,1.9006904938879772e-08
2418,1.9037267600102282e-08
2419,1.9067454646767783e-08
2420,1.9097464781985672e-08
2421,1.9127296706028165e-08
2422,1.915694911633909e-08
2423,1.918642070754389e-08
2424,1.921571017145865e-08
2425,1.924481619710048e-08
2426,1.9273737470696966e-08
2427,1.9302472675695637e-08
2428,1.9331020492774883e-08
2429,1.9359379599852815e-08
2430,1.938754867209869e-08
2431,1.9415526381941964e-08
2432,1.944331139908349e-08
2433,1.947090239050563e-08
2434,1.9498298020482457e-08
2435,1.952549695059097e-08
2436,1.9552497839721205e-08
2437,1.9579299344087553e-08
2438,1.9605900117239082e-08
2439,1.9632298810071145e-08
2440,1.9658494070836037e-08
2441,1.9684484545153957e-08
2442,1.971026887602499e-08
2443,1.97358457038396e-08
2444,1.9761213666390908e-08
2445,1.978637139888545e-08
2446,1.9811317533955375e-08
2447,1.983605070167011e-08
2448,1.9860569529547737e-08
2449,1.9884872642567546e-08
2450,1.990895866318147e-08
2451,1.993282621132679e-08
2452,1.9956473904437606e-08
2453,1.9979900357457895e-08
2454,2.0003104182853536e-08
2455,2.0026083990624623e-08
2456,2.0048838388318606e-08
2457,2.00713659810423e-08
2458,2.009366537147531e-08
2459,2.011573515988239e-08
2460,2.0137573944126833e-08
2461,2.015918031968353e-08
2462,2.0180552879651577e-08
2463,2.0201690214768415e-08
2464,2.0222590913422338e-08
2465,2.024325356166692e-08
2466,2.026367674323353e-08
2467,2.0283859039545887e-08
2468,2.0303799029733546e-08
2469,2.03234952906452e-08
2470,2.034294639686376e-08
2471,2.0362150920719346e-08
2472,2.038110743230416e-08
2473,2.0399814499486638e-08
2474,2.041827068792531e-08
2475,2.043647456108405e-08
2476,2.045442468024589e-08
2477,2.047211960452842e-08
2478,2.0489557890897893e-08
2479,2.0506738094184656e-08
2480,2.052365876709773e-08
2481,2.0540318460239917e-08
2482,2.0556715722123356e-08
2483,2.0572849099184193e-08
2484,2.0588717135798713e-08
2485,2.0604318374298075e-08
2486,2.0619651354984292e-08
2487,2.0634714616146067e-08
2488,2.0649506694074088e-08
2489,2.0664026123077557e-08
2490,2.067827143549944e-08
2491,2.069224116173349e-08
2492,2.0705933830239287e-08
2493,2.071934796755977e-08
2494,2.073248209833691e-08
2495,2.0745334745328165e-08
2496,2.0757904429423736e-08
2497,2.0770189669662555e-08
2498,2.0782188983249587e-08
2499,2.0793900885572416e-08
2500,2.0805323890218836e-08
2501,2.0816456508993562e-08
2502,2.0827297251935326e-08
2503,2.0837844627334697e-08
2504,2.0848097141751096e-08
2505,2.0858053300030982e-08
2506,2.086771160532457e-08
2507,2.087707055910464e-08
2508,2.0886128661183864e-08
2509,2.0894884409732444e-08
2510,2.0903336301297183e-08
2511,2.091148283081874e-08
2512,2.0919322491650692e-08
2513,2.0926853775577167e-08
2514,2.0934075172832217e-08
2515,2.0940985172117777e-08
2516,2.0947582260622554e-08
2517,2.095386492404134e-08
2518,2.0959831646593168e-08
2519,2.096548091104123e-08
2520,2.0970811198711013e-08
2521,2.09758209895107e-08
2522,2.098050876194989e-08
2523,2.0984872993159033e-08
2524,2.098891215890951e-08
2525,2.099262473363277e-08
2526,2.099600919044057e-08
2527,2.0999064001144585e-08
2528,2.1001787636276863e-08
2529,2.1004178565109748e-08
2530,2.1006235255675656e-08
2531,2.1007956174788532e-08
2532,2.100933978806294e-08
2533,2.1010384559936018e-08
2534,2.1011088953687045e-08
2535,2.1011451431459022e-08
2536,2.101147045427937e-08
2537,2.1011144482080303e-08
2538,2.101047197372117e-08
2539,2.1009451387008547e-08
2540,2.1008081178718424e-08
2541,2.1006359804616963e-08
2542,2.100428571948287e-08
2543,2.100185737712821e-08
2544,2.0999073230420724e-08
2545,2.0995931731305866e-08
2546,2.099243133082813e-08
2547,2.098857047915405e-08
2548,2.098434762559402e-08
2549,2.0979761218623975e-08
2550,2.097480970590929e-08
2551,2.096949153432603e-08
2552,2.0963805149984494e-08
2553,2.095774899825149e-08
2554,2.095132152377326e-08
2555,2.094452117049914e-08
2556,2.093734638170361e-08
2557,2.0929795600010724e-08
2558,2.0921867267416303e-08
2559,2.0913559825312554e-08
2560,2.090487171451025e-08
2561,2.0895801375263915e-08
2562,2.08863472472948e-08
2563,2.0876507769814582e-08
2564,2.0866281381550223e-08
2565,2.085566652076717e-08
2566,2.0844661625294277e-08
2567,2.0833265132547703e-08
2568,2.0821475479555996e-08
2569,2.080929110298418e-08
2570,2.0796710439158427e-08
2571,2.0783731924091084e-08
2572,2.0770353993505468e-08
2573,2.0756575082861318e-08
2574,2.0742393627379147e-08
2575,2.0727808062066313e-08
2576,2.0712816821742227e-08
2577,2.069741834106282e-08
2578,2.068161105454801e-08
2579,2.0665393396605674e-08
2580,2.0648763801558818e-08
2581,2.0631720703670373e-08
2582,2.0614262537170308e-08
2583,2.0596387736280887e-08
2584,2.0578094735243462e-08
2585,2.055938196834507e-08
2586,2.054024786994422e-08
2587,2.052069087449858e-08
2588,2.0500709416590112e-08
2589,2.0480301930953827e-08
2590,2.045946685250353e-08
2591,2.0438202616359034e-08
2592,2.041650765787385e-08
2593,2.0394380412661934e-08
2594,2.0371819316625347e-08
2595,2.0348822805981795e-08
2596,2.032538931729247e-08
2597,2.0301517287489633e-08
2598,2.0277205153904155e-08
2599,2.025245135429447e-08
2600,2.0227254326873063e-08
2601,2.020161251033671e-08
2602,2.0175524343893062e-08
2603,2.014898826729029e-08
2604,2.012200272084506e-08
2605,2.0094566145471205e-08
2606,2.0066676982708593e-08
2607,2.003833367475211e-08
2608,2.0009534664480925e-08
2609,1.998027839548692e-08
2610,1.9950563312104844e-08
2611,1.9920387859440627e-08
2612,1.9889750483401707e-08
2613,1.9858649630726448e-08
2614,1.9827083749013437e-08
2615,1.97950512867519e-08
2616,1.9762550693351073e-08
2617,1.9729580419170335e-08
2618,1.9696138915549986e-08
2619,1.966222463484057e-08
2620,1.9627836030434168e-08
2621,1.9592971556794017e-08
2622,1.955762966948612e-08
2623,1.952180882520878e-08
2624,1.948550748182442e-08
2625,1.94487240983903e-08
2626,1.9411457135189206e-08
2627,1.937370505376137e-08
2628,1.9335466316934408e-08
2629,1.929673938885642e-08
2630,1.925752273502654e-08
2631,1.9217814822326413e-08
2632,1.9177614119052655e-08
2633,1.9136919094948124e-08
2634,1.9095728221233852e-08
2635,1.9054039970641576e-08
2636,1.901185281744584e-08
2637,1.8969165237496116e-08
2638,1.892597570824903e-08
2639,1.8882282708801694e-08
2640,1.8838084719922974e-08
2641,1.879338022408796e-08
2642,1.874816770550941e-08
2643,1.870244565017163e-08
2644,1.8656212545863358e-08
2645,1.860946688221006e-08
2646,1.856220715070904e-08
2647,1.8514431844761183e-08
2648,1.8466139459705754e-08
2649,1.841732849285299e-08
2650,1.83679974435189e-08
2651,1.8318144813058123e-08
2652,1.826776910489864e-08
2653,1.8216868824575898e-08
2654,1.8165442479766396e-08
2655,1.8113488580322844e-08
2656,1.8061005638307886e-08
2657,1.8007992168028757e-08
2658,1.7954446686072586e-08
2659,1.790036771134034e-08
2660,1.7845753765082325e-08
2661,1.7790603370932876e-08
2662,1.7734915054945167e-08
2663,1.7678687345627028e-08
2664,1.762191877397608e-08
2665,1.756460787351509e-08
2666,1.750675318032724e-08
2667,1.744835323309261e-08
2668,1.738940657312243e-08
2669,1.732991174439681e-08
2670,1.726986729359935e-08
2671,1.7209271770153854e-08
2672,1.7148123726260487e-08
2673,1.708642171693181e-08
2674,1.702416430002912e-08
2675,1.6961350036299456e-08
2676,1.6897977489412166e-08
2677,1.6834045225995075e-08
2678,1.6769551815672227e-08
2679,1.6704495831099686e-08
2680,1.6638875848003664e-08
2681,1.6572690445217345e-08
2682,1.650593820471786e-08
2683,1.643861771166416e-08
2684,1.6370727554434264e-08
2685,1.6302266324662357e-08
2686,1.623323261727772e-08
2687,1.6163625030541342e-08
2688,1.6093442166084678e-08
2689,1.6022682628946976e-08
2690,1.5951345027614342e-08
2691,1.5879427974056387e-08
2692,1.5806930083766445e-08
2693,1.5733849975799034e-08
2694,1.5660186272808195e-08
2695,1.558593760108683e-08
2696,1.55111025906051e-08
2697,1.5435679875048777e-08
2698,1.5359668091859492e-08
2699,1.5283065882272585e-08
2700,1.52058718913571e-08
2701,1.512808476805465e-08
2702,1.5049703165218515e-08
2703,1.4970725739653903e-08
2704,1.4891151152157099e-08
2705,1.4810978067555294e-08
2706,1.4730205154745987e-08
2707,1.4648831086737749e-08
2708,1.4566854540688706e-08
2709,1.4484274197948565e-08
2710,1.4401088744097327e-08
2711,1.431729686898636e-08
2712,1.4232897266778555e-08
2713,1.4147888635988893e-08
2714,1.4062269679524483e-08
2715,1.3976039104726308e-08
2716,1.3889195623409553e-08
2717,1.3801737951904109e-08
2718,1.3713664811096496e-08
2719,1.3624974926469583e-08
2720,1.3535667028145179e-08
2721,1.3445739850924805e-08
2722,1.3355192134330771e-08
2723,1.3264022622648248e-08
2724,1.3172230064966548e-08
2725,1.3079813215220302e-08
2726,1.2986770832232491e-08
2727,1.2893101679755235e-08
2728,1.2798804526512444e-08
2729,1.2703878146241299e-08
2730,1.2608321317735281e-08
2731,1.2512132824884912e-08
2732,1.2415311456722037e-08
2733,1.2317856007461116e-08
2734,1.2219765276541817e-08
2735,1.2121038068672394e-08
2736,1.2021673193870835e-08
2737,1.1921669467509837e-08
2738,1.182102571035807e-08
2739,1.1719740748624062e-08
2740,1.1617813413998937e-08
2741,1.1515242543699891e-08
2742,1.1412026980512674e-08
2743,1.1308165572836213e-08
2744,1.1203657174725434e-08
2745,1.1098500645934746e-08
2746,1.0992694851961885e-08
2747,1.0886238664092003e-08
2748,1.0779130959440081e-08
2749,1.0671370620996981e-08
2750,1.0562956537671906e-08
2751,1.0453887604337142e-08
2752,1.0344162721872247e-08
2753,1.0233780797207445e-08
2754,1.0122740743369598e-08
2755,1.0011041479525357e-08
2756,9.898681931026346e-09
2757,9.78566102945345e-09
2758,9.671977712662072e-09
2759,9.557630924825528e-09
2760,9.442619616481941e-09
2761,9.326942744577939e-09
2762,9.210599272513783e-09
2763,9.093588170188965e-09
2764,8.975908414047217e-09
2765,8.857558987121078e-09
2766,8.738538879078706e-09
2767,8.618847086268413e-09
2768,8.498482611764428e-09
2769,8.377444465412677e-09
2770,8.255731663875618e-09
2771,8.13334323067948e-09
2772,8.010278196259203e-09
2773,7.886535598004628e-09
2774,7.762114480306378e-09
2775,7.637013894602524e-09
2776,7.511232899423265e-09
2777,7.38477056043938e-09
2778,7.2576259505069495e-09
2779,7.129798149714422e-09
2780,7.001286245428969e-09
2781,6.872089332343265e-09
2782,6.742206512521149e-09
2783,6.611636895445931e-09
2784,6.480379598066185e-09
2785,6.34843374484274e-09
2786,6.2157984677957655e-09
2787,6.082472906552096e-09
2788,5.94845620839089e-09
2789,5.813747528292934e-09
2790,5.678346028986406e-09
2791,5.542250880994665e-09
2792,5.40546126268377e-09
2793,5.267976360308806e-09
2794,5.1297953680632725e-09
2795,4.990917488125279e-09
2796,4.851341930705728e-09
2797,4.711067914095781e-09
2798,4.570094664715243e-09
2799,4.428421417158864e-09
2800,4.2860474142464015e-09
2801,4.142971907069225e-09
2802,3.999194155038661e-09
2803,3.854713425934215e-09
2804,3.7095289959519466e-09
2805,3.5636401497515393e-09
2806,3.4170461805064474e-09
2807,3.2697463899510806e-09
2808,3.1217400884294808e-09
2809,2.9730265949441424e-09
2810,2.823605237203316e-09
2811,2.6734753516715206e-09
2812,2.5226362836169852e-09
2813,2.371087387160616e-09
2814,2.2188280253248848e-09
2815,2.0658575700829673e-09
2816,1.9121754024062792e-09
2817,1.7577809123155368e-09
2818,1.6026734989283487e-09
2819,1.446852570508699e-09
2820,1.2903175445160241e-09
2821,1.1330678476547902e-09
2822,9.751029159223365e-10
2823,8.164221946602092e-10
2824,6.570251386021789e-10
2825,4.969112119239451e-10
2826,3.3607988829295545e-10
2827,1.7453065091650673e-10
2828,1.2262992593380678e-11
2829,-1.507235842379453e-10
2830,-3.1442956744929875e-10
2831,-4.788554351731219e-10
2832,-6.440016557523628e-10
2833,-8.098686876921062e-10
2834,-9.764569796076068e-10
2835,-1.143766970175833e-09
2836,-1.3117990880851766e-09
2837,-1.4805537519854696e-09
2838,-1.650031370437636e-09
2839,-1.8202323418650147e-09
2840,-1.9911570545011863e-09
2841,-2.162805886341174e-09
2842,-2.335179205090979e-09
2843,-2.5082773681169535e-09
2844,-2.682100722396954e-09
2845,-2.8566496044679474e-09
2846,-3.031924340377031e-09
2847,-3.207925245630757e-09
2848,-3.3846526251446986e-09
2849,-3.5621067731925723e-09
2850,-3.740287973357325e-09
2851,-3.919196498478295e-09
2852,-4.098832610602235e-09
2853,-4.279196560932236e-09
2854,-4.4602885897772306e-09
2855,-4.642108926500889e-09
2856,-4.824657789472378e-09
2857,-5.007935386013562e-09
2858,-5.19194191234954e-09
2859,-5.376677553557749e-09
2860,-5.562142483516511e-09
2861,-5.748336864855929e-09
2862,-5.935260848904682e-09
2863,-6.122914575640571e-09
2864,-6.311298173639439e-09
2865,-6.5004117600239865e-09
2866,-6.6902554404126676e-09
2867,-6.880829308870009e-09
2868,-7.0721334478535225e-09
2869,-7.264167928164159e-09
2870,-7.456932808894697e-09
2871,-7.650428137378988e-09
2872,-7.84465394914018e-09
2873,-8.039610267841437e-09
2874,-8.235297105232234e-09
2875,-8.431714461099032e-09
2876,-8.628862323213571e-09
2877,-8.826740667281654e-09
2878,-9.025349456891848e-09
2879,-9.224688643465428e-09
2880,-9.424758166203282e-09
2881,-9.625557952035879e-09
2882,-9.827087915571904e-09
2883,-1.0029347959046553e-08
2884,-1.0232337972271644e-08
2885,-1.0436057832582426e-08
2886,-1.0640507404787405e-08
2887,-1.084568654111714e-08
2888,-1.1051595081172536e-08
2889,-1.1258232851873491e-08
2890,-1.1465599667409052e-08
2891,-1.1673695329183653e-08
2892,-1.1882519625767664e-08
2893,-1.2092072332845375e-08
2894,-1.2302353213164048e-08
2895,-1.2513362016481809e-08
2896,-1.2725098479518364e-08
2897,-1.2937562325901069e-08
2898,-1.3150753266115136e-08
2899,-1.3364670997452337e-08
2900,-1.3579315203958812e-08
2901,-1.3794685556385841e-08
2902,-1.4010781712135789e-08
2903,-1.4227603315212756e-08
2904,-1.444514999617078e-08
2905,-1.4663421372062435e-08
2906,-1.488241704638756e-08
2907,-1.5102136609043115e-08
2908,-1.5322579636270165e-08
2909,-1.5543745690603675e-08
2910,-1.5765634320821325e-08
2911,-1.5988245061892323e-08
2912,-1.621157743492543e-08
2913,-1.643563094711997e-08
2914,-1.6660405091711783e-08
2915,-1.688589934792422e-08
2916,-1.7112113180916048e-08
2917,-1.7339046041730566e-08
2918,-1.7566697367245908e-08
2919,-1.7795066580121284e-08
2920,-1.8024153088748263e-08
2921,-1.8253956287198613e-08
2922,-1.848447555517403e-08
2923,-1.8715710257954395e-08
2924,-1.8947659746348413e-08
2925,-1.9180323356640725e-08
2926,-1.9413700410542124e-08
2927,-1.964779021513889e-08
2928,-1.9882592062841433e-08
2929,-2.0118105231333634e-08
2930,-2.0354328983523426e-08
2931,-2.0591262567489635e-08
2932,-2.0828905216433247e-08
2933,-2.106725614862586e-08
2934,-2.1306314567359394e-08
2935,-2.1546079660896377e-08
2936,-2.178655060241761e-08
2937,-2.2027726549973105e-08
2938,-2.2269606646430952e-08
2939,-2.251219001942757e-08
2940,-2.2755475781316095e-08
2941,-2.2999463029118632e-08
2942,-2.324415084447276e-08
2943,-2.348953829358337e-08
2944,-2.3735624427172136e-08
2945,-2.3982408280426887e-08
2946,-2.42298888729518e-08
2947,-2.447806520871837e-08
2948,-2.472693627601362e-08
2949,-2.4976501047391112e-08
2950,-2.522675847962129e-08
2951,-2.5477707513640995e-08
2952,-2.57293470745051e-08
2953,-2.598167607133495e-08
2954,-2.6234693397269534e-08
2955,-2.6488397929416364e-08
2956,-2.6742788528801066e-08
2957,-2.6997864040318375e-08
2958,-2.7253623292683823e-08
2959,-2.7510065098381756e-08
2960,-2.776718825361838e-08
2961,-2.8024991538271338e-08
2962,-2.8283473715841332e-08
2963,-2.854263353340184e-08
2964,-2.8802469721552506e-08
2965,-2.906298099436723e-08
2966,-2.9324166049346775e-08
2967,-2.958602356737038e-08
2968,-2.984855221264587e-08
2969,-3.011175063266186e-08
2970,-3.037561745813937e-08
2971,-3.064015130298228e-08
2972,-3.0905350764229697e-08
2973,-3.1171214422007084e-08
2974,-3.1437740839478356e-08
2975,-3.1704928562798226e-08
2976,-3.1972776121062905e-08
2977,-3.2241282026262344e-08
2978,-3.251044477323315e-08
2979,-3.278026283960998e-08
2980,-3.3050734685777135e-08
2981,-3.3321858754823604e-08
2982,-3.359363347249158e-08
2983,-3.386605724713193e-08
2984,-3.4139128469655e-08
2985,-3.441284551348475e-08
2986,-3.46872067345102e-08
2987,-3.496221047103966e-08
2988,-3.5237855043752366e-08
2989,-3.551413875565176e-08
2990,-3.5791059892019696e-08
2991,-3.606861672036785e-08
2992,-3.63468074903938e-08
2993,-3.662563043393185e-08
2994,-3.690508376490721e-08
2995,-3.7185165679290786e-08
2996,-3.7465874355051647e-08
2997,-3.774720795211134e-08
2998,-3.802916461229934e-08
2999,-3.8311742459303863e-08
3000,-3.859493959862916e-08
3001,-3.887875411754783e-08
3002,-3.9163184085056855e-08
3003,-3.94482275518301e-08
3004,-3.973388255017588e-08
3005,-4.0020147093988994e-08
3006,-4.030701917870618e-08
3007,-4.0594496781262664e-08
3008,-4.08825778600447e-08
3009,-4.1171260354848454e-08
3010,-4.146054218683134e-08
3011,-4.1750421258470024e-08
3012,-4.204089545351571e-08
3013,-4.233196263694882e-08
3014,-4.2623620654936075e-08
3015,-4.2915867334786516e-08
3016,-4.3208700484906494e-08
3017,-4.3502117894756453e-08
3018,-4.3796117334807876e-08
3019,-4.40906965564994e-08
3020,-4.438585329219258e-08
3021,-4.4681585255131524e-08
3022,-4.497789013939578e-08
3023,-4.527476561986082e-08
3024,-4.5572209352153044e-08
3025,-4.5870218972608384e-08
3026,-4.61687920982305e-08
3027,-4.646792632664559e-08
3028,-4.6767619236063424e-08
3029,-4.706786838523264e-08
3030,-4.736867131340103e-08
3031,-4.767002554027158e-08
3032,-4.7971928565963815e-08
3033,-4.827437787096941e-08
3034,-4.857737091611164e-08
3035,-4.888090514250568e-08
3036,-4.918497797151553e-08
3037,-4.948958680471479e-08
3038,-4.979472902384572e-08
3039,-5.0100401990777705e-08
3040,-5.040660304746804e-08
3041,-5.071332951592074e-08
3042,-5.10205786981473e-08
3043,-5.132834787612715e-08
3044,-5.163663431176695e-08
3045,-5.1945435246860906e-08
3046,-5.225474790305279e-08
3047,-5.2564569481796006e-08
3048,-5.2874897164313346e-08
3049,-5.318572811156145e-08
3050,-5.349705946418798e-08
3051,-5.380888834249637e-08
3052,-5.4121211846405544e-08
3053,-5.443402705541305e-08
3054,-5.474733102855656e-08
3055,-5.5061120804376266e-08
3056,-5.5375393400877176e-08
3057,-5.569014581549098e-08
3058,-5.6005375025040744e-08
3059,-5.632107798570152e-08
3060,-5.663725163296529e-08
3061,-5.6953892881604697e-08
3062,-5.7270998625633824e-08
3063,-5.7588565738275e-08
3064,-5.790659107192064e-08
3065,-5.8225071458098565e-08
3066,-5.854400370743644e-08
3067,-5.886338460962517e-08
3068,-5.918321093338478e-08
3069,-5.9503479426427915e-08
3070,-5.982418681542716e-08
3071,-6.014532980597753e-08
3072,-6.046690508256544e-08
3073,-6.078890930853174e-08
3074,-6.111133912603797e-08
3075,-6.143419115603401e-08
3076,-6.175746199822278e-08
3077,-6.208114823102811e-08
3078,-6.240524641156105e-08
3079,-6.272975307558669e-08
3080,-6.3054664737492e-08
3081,-6.337997789025186e-08
3082,-6.370568900539875e-08
3083,-6.403179453298948e-08
3084,-6.43582909015738e-08
3085,-6.468517451816118e-08
3086,-6.501244176819212e-08
3087,-6.534008901550508e-08
3088,-6.566811260230492e-08
3089,-6.599650884913548e-08
3090,-6.632527405484425e-08
3091,-6.665440449655651e-08
3092,-6.698389642964196e-08
3093,-6.731374608768744e-08
3094,-6.7643949682466e-08
3095,-6.797450340390804e-08
3096,-6.830540342007205e-08
3097,-6.863664587711522e-08
3098,-6.896822689926641e-08
3099,-6.930014258879549e-08
3100,-6.963238902598849e-08
3101,-6.996496226911666e-08
3102,-7.029785835440986e-08
3103,-7.063107329603001e-08
3104,-7.096460308604293e-08
3105,-7.129844369439214e-08
3106,-7.163259106887229e-08
3107,-7.19670411351026e-08
3108,-7.230178979650084e-08
3109,-7.263683293425674e-08
3110,-7.297216640730874e-08
3111,-7.330778605231502e-08
3112,-7.364368768363329e-08
3113,-7.39798670932911e-08
3114,-7.431632005096491e-08
3115,-7.465304230395426e-08
3116,-7.499002957715747e-08
3117,-7.532727757305053e-08
3118,-7.566478197165953e-08
3119,-7.600253843054184e-08
3120,-7.634054258475972e-08
3121,-7.667879004686022e-08
3122,-7.701727640685167e-08
3123,-7.735599723218229e-08
3124,-7.76949480677182e-08
3125,-7.803412443572089e-08
3126,-7.837352183582876e-08
3127,-7.871313574503293e-08
3128,-7.90529616176593e-08
3129,-7.939299488534834e-08
3130,-7.973323095703197e-08
3131,-8.007366521891754e-08
3132,-8.041429303446576e-08
3133,-8.075510974437348e-08
3134,-8.109611066655405e-08
3135,-8.143729109611861e-08
3136,-8.177864630535873e-08
3137,-8.212017154372656e-08
3138,-8.246186203782038e-08
3139,-8.280371299136341e-08
3140,-8.314571958519173e-08
3141,-8.348787697723205e-08
3142,-8.383018030248994e-08
3143,-8.41726246730315e-08
3144,-8.451520517796734e-08
3145,-8.48579168834388e-08
3146,-8.52007548326017e-08
3147,-8.554371404561174e-08
3148,-8.58867895196106e-08
3149,-8.622997622870987e-08
3150,-8.657326912398023e-08
3151,-8.691666313343549e-08
3152,-8.726015316202116e-08
3153,-8.760373409159946e-08
3154,-8.794740078093911e-08
3155,-8.82911480657022e-08
3156,-8.863497075843106e-08
3157,-8.897886364854013e-08
3158,-8.932282150230049e-08
3159,-8.966683906283283e-08
3160,-9.001091105009359e-08
3161,-9.03550321608679e-08
3162,-9.069919706875803e-08
3163,-9.104340042417378e-08
3164,-9.138763685432475e-08
3165,-9.173190096320915e-08
3166,-9.207618733160832e-08
3167,-9.242049051707581e-08
3168,-9.27648050539317e-08
3169,-9.310912545325541e-08
3170,-9.345344620287584e-08
3171,-9.379776176736846e-08
3172,-9.414206658804532e-08
3173,-9.448635508295263e-08
3174,-9.483062164686242e-08
3175,-9.51748606512691e-08
3176,-9.551906644438368e-08
3177,-9.586323335112864e-08
3178,-9.620735567313585e-08
3179,-9.655142768874008e-08
3180,-9.68954436529792e-08
3181,-9.723939779758684e-08
3182,-9.758328433099328e-08
3183,-9.792709743832201e-08
3184,-9.82708312813861e-08
3185,-9.861447999869003e-08
3186,-9.895803770542559e-08
3187,-9.930149849347343e-08
3188,-9.964485643139999e-08
3189,-9.998810556446027e-08
3190,-1.0033123991459674e-07
3191,-1.0067425348044015e-07
3192,-1.0101714023731161e-07
3193,-1.0135989413722224e-07
3194,-1.0170250910887806e-07
3195,-1.020449790576787e-07
3196,-1.0238729786572335e-07
3197,-1.0272945939181354e-07
3198,-1.0307145747145347e-07
3199,-1.0341328591685822e-07
3200,-1.0375493851695447e-07
3201,-1.0409640903738906e-07
3202,-1.0443769122052904e-07
3203,-1.0477877878547328e-07
3204,-1.0511966542805398e-07
3205,-1.0546034482084323e-07
3206,-1.0580081061316291e-07
3207,-1.0614105643108822e-07
3208,-1.0648107587745867e-07
3209,-1.0682086253188287e-07
3210,-1.0716040995074918e-07
3211,-1.0749971166723473e-07
3212,-1.078387611913121e-07
3213,-1.0817755200976233e-07
3214,-1.0851607758618268e-07
3215,-1.0885433136099906e-07
3216,-1.091923067514741e-07
3217,-1.0952999715172217e-07
3218,-1.098673959327195e-07
3219,-1.1020449644231442e-07
3220,-1.1054129200524512e-07
3221,-1.1087777592314667e-07
3222,-1.1121394147456989e-07
3223,-1.1154978191499253e-07
3224,-1.1188529047683291e-07
3225,-1.1222046036946922e-07
3226,-1.1255528477924841e-07
3227,-1.1288975686950807e-07
3228,-1.1322386978058808e-07
3229,-1.1355761662985048e-07
3230,-1.1389099051169518e-07
3231,-1.1422398449757651e-07
3232,-1.145565916360241e-07
3233,-1.148888049526576e-07
3234,-1.1522061745020944e-07
3235,-1.155520221085407e-07
3236,-1.1588301188466353e-07
3237,-1.1621357971276185e-07
3238,-1.1654371850420777e-07
3239,-1.1687342114758855e-07
3240,-1.1720268050872363e-07
3241,-1.1753148943069047e-07
3242,-1.1785984073384358e-07
3243,-1.1818772721584079e-07
3244,-1.1851514165166572e-07
3245,-1.1884207679364973e-07
3246,-1.1916852537150015e-07
3247,-1.1949448009232147e-07
3248,-1.1981993364064479e-07
3249,-1.2014487867844936e-07
3250,-1.204693078451928e-07
3251,-1.2079321375783622e-07
3252,-1.211165890108708e-07
3253,-1.2143942617634743e-07
3254,-1.217617178039039e-07
3255,-1.2208345642079452e-07
3256,-1.224046345319175e-07
3257,-1.2272524461984804e-07
3258,-1.2304527914486617e-07
3259,-1.2336473054498663e-07
3260,-1.2368359123599466e-07
3261,-1.240018536114713e-07
3262,-1.243195100428319e-07
3263,-1.24636552879354e-07
3264,-1.24952974448214e-07
3265,-1.2526876705452008e-07
3266,-1.2558392298134397e-07
3267,-1.258984344897597e-07
3268,-1.2621229381887513e-07
3269,-1.2652549318587182e-07
3270,-1.268380247860365e-07
3271,-1.271498807928023e-07
3272,-1.2746105335778387e-07
3273,-1.2777153461081422e-07
3274,-1.2808131665998642e-07
3275,-1.2839039159168781e-07
3276,-1.286987514706445e-07
3277,-1.2900638833995703e-07
3278,-1.293132942211429e-07
3279,-1.2961946111417816e-07
3280,-1.2992488099753565e-07
3281,-1.302295458282311e-07
3282,-1.3053344754186188e-07
3283,-1.3083657805265422e-07
3284,-1.3113892925350132e-07
3285,-1.3144049301601277e-07
3286,-1.3174126119055664e-07
3287,-1.3204122560630352e-07
3288,-1.323403780712757e-07
3289,-1.3263871037238894e-07
3290,-1.3293621427550342e-07
3291,-1.3323288152546806e-07
3292,-1.3352870384617026e-07
3293,-1.3382367294058368e-07
3294,-1.3411778049081576e-07
3295,-1.3441101815816023e-07
3296,-1.3470337758314346e-07
3297,-1.3499485038557846e-07
3298,-1.352854281646144e-07
3299,-1.3557510249878712e-07
3300,-1.3586386494607377e-07
3301,-1.3615170704394344e-07
3302,-1.364386203094126e-07
3303,-1.367245962390958e-07
3304,-1.3700962630926436e-07
3305,-1.3729370197589825e-07
3306,-1.375768146747413e-07
3307,-1.378589558213605e-07
3308,-1.3814011681119865e-07
3309,-1.3842028901963571e-07
3310,-1.38699463802042e-07
3311,-1.38977632493841e-07
3312,-1.3925478641056653e-07
3313,-1.3953091684792002e-07
3314,-1.3980601508183487e-07
3315,-1.4008007236853256e-07
3316,-1.403530799445888e-07
3317,-1.4062502902699005e-07
3318,-1.4089591081320016e-07
3319,-1.411657164812216e-07
3320,-1.4143443718965784e-07
3321,-1.4170206407777983e-07
3322,-1.419685882655881e-07
3323,-1.4223400085388145e-07
3324,-1.4249829292431794e-07
3325,-1.427614555394866e-07
3326,-1.4302347974297115e-07
3327,-1.4328435655941716e-07
3328,-1.4354407699460318e-07
3329,-1.4380263203550598e-07
3330,-1.4406001265037363e-07
3331,-1.4431620978879146e-07
3332,-1.4457121438175628e-07
3333,-1.448250173417458e-07
3334,-1.4507760956278844e-07
3335,-1.453289819205407e-07
3336,-1.4557912527235382e-07
3337,-1.458280304573537e-07
3338,-1.4607568829650912e-07
3339,-1.463220895927103e-07
3340,-1.465672251308446e-07
3341,-1.4681108567786768e-07
3342,-1.4705366198288637e-07
3343,-1.472949447772305e-07
3344,-1.4753492477453534e-07
3345,-1.477735926708142e-07
3346,-1.480109391445434e-07
3347,-1.4824695485673916e-07
3348,-1.4848163045103525e-07
3349,-1.4871495655376954e-07
3350,-1.489469237740594e-07
3351,-1.4917752270388832e-07
3352,-1.4940674391818517e-07
3353,-1.4963457797491044e-07
3354,-1.4986101541513855e-07
3355,-1.5008604676314124e-07
3356,-1.5030966252647562e-07
3357,-1.5053185319606588e-07
3358,-1.50752609246295e-07
3359,-1.509719211350857e-07
3360,-1.511897793039927e-07
3361,-1.514061741782903e-07
3362,-1.5162109616705714e-07
3363,-1.518345356632719e-07
3364,-1.520464830438979e-07
3365,-1.522569286699784e-07
3366,-1.524658628867236e-07
3367,-1.5267327602360673e-07
3368,-1.5287915839445442e-07
3369,-1.5308350029753862e-07
3370,-1.532862920156752e-07
3371,-1.534875238163127e-07
3372,-1.536871859516321e-07
3373,-1.53885268658641e-07
3374,-1.5408176215926832e-07
3375,-1.5427665666046517e-07
3376,-1.544699423542984e-07
3377,-1.5466160941805335e-07
3378,-1.5485164801432792e-07
3379,-1.5504004829113653e-07
3380,-1.552268003820093e-07
3381,-1.5541189440609076e-07
3382,-1.5559532046824493e-07
3383,-1.557770686591536e-07
3384,-1.5595712905542472e-07
3385,-1.5613549171968869e-07
3386,-1.5631214670070947e-07
3387,-1.5648708403348605e-07
3388,-1.5666029373935683e-07
3389,-1.5683176582610978e-07
3390,-1.5700149028808366e-07
3391,-1.57169457106282e-07
3392,-1.573356562484744e-07
3393,-1.5750007766931169e-07
3394,-1.5766271131043126e-07
3395,-1.5782354710056713e-07
3396,-1.5798257495566374e-07
3397,-1.5813978477898343e-07
3398,-1.5829516646122275e-07
3399,-1.584487098806205e-07
3400,-1.5860040490307536e-07
3401,-1.587502413822588e-07
3402,-1.5889820915972536e-07
3403,-1.59044298065036e-07
3404,-1.5918849791586725e-07
3405,-1.5933079851813238e-07
3406,-1.5947118966609494e-07
3407,-1.5960966114249026e-07
3408,-1.5974620271864292e-07
3409,-1.5988080415458394e-07
3410,-1.6001345519917612e-07
3411,-1.601441455902274e-07
3412,-1.6027286505462013e-07
3413,-1.6039960330842537e-07
3414,-1.6052435005703244e-07
3415,-1.6064709499526926e-07
3416,-1.6076782780752392e-07
3417,-1.6088653816787544e-07
3418,-1.6100321574021305e-07
3419,-1.6111785017836617e-07
3420,-1.612304311262291e-07
3421,-1.6134094821789034e-07
3422,-1.6144939107776082e-07
3423,-1.6155574932069865e-07
3424,-1.6166001255214356e-07
3425,-1.6176217036824384e-07
3426,-1.6186221235599045e-07
3427,-1.6196012809334337e-07
3428,-1.6205590714936964e-07
3429,-1.621495390843731e-07
3430,-1.6224101345002513e-07
3431,-1.623303197895066e-07
3432,-1.624174476376346e-07
3433,-1.625023865210043e-07
3434,-1.6258512595812026e-07
3435,-1.62665655459538e-07
3436,-1.6274396452799806e-07
3437,-1.6282004265856467e-07
3438,-1.628938793387686e-07
3439,-1.6296546404874073e-07
3440,-1.6303478626135895e-07
3441,-1.631018354423834e-07
3442,-1.6316660105060172e-07
3443,-1.6322907253797168e-07
3444,-1.6328923934976115e-07
3445,-1.6334709092469641e-07
3446,-1.6340261669510245e-07
3447,-1.6345580608705004e-07
3448,-1.6350664852050368e-07
3449,-1.6355513340946286e-07
3450,-1.63601250162116e-07
3451,-1.636449881809815e-07
3452,-1.6368633686306403e-07
3453,-1.6372528559999448e-07
3454,-1.63761823778189e-07
3455,-1.6379594077899626e-07
3456,-1.6382762597884487e-07
3457,-1.6385686874940383e-07
3458,-1.6388365845772685e-07
3459,-1.6390798446641118e-07
3460,-1.6392983613374952e-07
3461,-1.6394920281388712e-07
3462,-1.639660738569751e-07
3463,-1.6398043860932648e-07
3464,-1.6399228641357523e-07
3465,-1.6400160660883123e-07
3466,-1.640083885308434e-07
3467,-1.640126215121511e-07
3468,-1.6401429488225193e-07
3469,-1.6401339796775834e-07
3470,-1.6400992009255442e-07
3471,-1.6400385057796748e-07
3472,-1.6399517874292184e-07
3473,-1.639838939041081e-07
3474,-1.639699853761414e-07
3475,-1.639534424717314e-07
3476,-1.639342545018437e-07
3477,-1.639124107758669e-07
3478,-1.6388790060178139e-07
3479,-1.638607132863226e-07
3480,-1.6383083813515448e-07
3481,-1.6379826445303038e-07
3482,-1.6376298154397135e-07
3483,-1.6372497871143165e-07
3484,-1.6368424525846756e-07
3485,-1.6364077048791484e-07
3486,-1.6359454370255492e-07
3487,-1.6354555420529146e-07
3488,-1.6349379129932226e-07
3489,-1.6343924428831506e-07
3490,-1.6338190247658302e-07
3491,-1.6332175516925526e-07
3492,-1.6325879167246266e-07
3493,-1.6319300129350234e-07
3494,-1.6312437334102867e-07
3495,-1.6305289712522228e-07
3496,-1.6297856195797331e-07
3497,-1.6290135715306251e-07
3498,-1.6282127202633416e-07
3499,-1.6273829589588885e-07
3500,-1.6265241808225542e-07
3501,-1.6256362790858016e-07
3502,-1.624719147008051e-07
3503,-1.6237726778785715e-07
3504,-1.6227967650182722e-07
3505,-1.6217913017815954e-07
3506,-1.6207561815583823e-07
3507,-1.6196912977756934e-07
3508,-1.6185965438997483e-07
3509,-1.6174718134377483e-07
3510,-1.616316999939789e-07
3511,-1.615131997000776e-07
3512,-1.613916698262281e-07
3513,-1.612670997414509e-07
3514,-1.6113947881981496e-07
3515,-1.6100879644063483e-07
3516,-1.6087504198866054e-07
3517,-1.6073820485427446e-07
3518,-1.6059827443368387e-07
3519,-1.6045524012911335e-07
3520,-1.603090913490074e-07
3521,-1.6015981750821603e-07
3522,-1.6000740802820406e-07
3523,-1.5985185233724123e-07
3524,-1.5969313987060069e-07
3525,-1.5953126007076324e-07
3526,-1.5936620238761055e-07
3527,-1.591979562786302e-07
3528,-1.5902651120911426e-07
3529,-1.5885185665236424e-07
3530,-1.5867398208989142e-07
3531,-1.5849287701161787e-07
3532,-1.5830853091608724e-07
3533,-1.5812093331065792e-07
3534,-1.579300737117219e-07
3535,-1.5773594164489968e-07
3536,-1.575385266452529e-07
3537,-1.5733781825749087e-07
3538,-1.5713380603617222e-07
3539,-1.5692647954592454e-07
3540,-1.567158283616434e-07
3541,-1.5650184206870958e-07
3542,-1.5628451026319423e-07
3543,-1.560638225520756e-07
3544,-1.5583976855344381e-07
3545,-1.5561233789671946e-07
3546,-1.5538152022286682e-07
3547,-1.551473051846029e-07
3548,-1.5490968244661754e-07
3549,-1.5466864168578534e-07
3550,-1.5442417259138032e-07
3551,-1.5417626486529863e-07
3552,-1.5392490822226812e-07
3553,-1.53670092390073e-07
3554,-1.5341180710976836e-07
3555,-1.531500421358983e-07
3556,-1.528847872367194e-07
3557,-1.5261603219442115e-07
3558,-1.5234376680534466e-07
3559,-1.5206798088020423e-07
3560,-1.517886642443156e-07
3561,-1.5150580673780722e-07
3562,-1.5121939821585845e-07
3563,-1.5092942854891367e-07
3564,-1.5063588762291225e-07
3565,-1.5033876533951325e-07
3566,-1.500380516163203e-07
3567,-1.4973373638710915e-07
3568,-1.4942580960205694e-07
3569,-1.4911426122797065e-07
3570,-1.4879908124851265e-07
3571,-1.4848025966443644e-07
3572,-1.4815778649380842e-07
3573,-1.478316517722456e-07
3574,-1.4750184555314638e-07
3575,-1.4716835790791903e-07
3576,-1.4683117892621913e-07
3577,-1.464902987161792e-07
3578,-1.4614570740464237e-07
3579,-1.4579739513740295e-07
3580,-1.4544535207943435e-07
3581,-1.4508956841513067e-07
3582,-1.4473003434853878e-07
3583,-1.4436674010360126e-07
3584,-1.4399967592438432e-07
3585,-1.436288320753283e-07
3586,-1.4325419884147958e-07
3587,-1.4287576652873031e-07
3588,-1.424935254640628e-07
3589,-1.4210746599578234e-07
3590,-1.4171757849376952e-07
3591,-1.4132385334971346e-07
3592,-1.409262809773603e-07
3593,-1.405248518127533e-07
3594,-1.4011955631447807e-07
3595,-1.3971038496390424e-07
3596,-1.3929732826543565e-07
3597,-1.3888037674675361e-07
3598,-1.3845952095906326e-07
3599,-1.3803475147733938e-07
3600,-1.3760605890057786e-07
3601,-1.3717343385203557e-07
3602,-1.3673686697949046e-07
3603,-1.3629634895548174e-07
3604,-1.3585187047756532e-07
3605,-1.3540342226856308e-07
3606,-1.3495099507680724e-07
3607,-1.3449457967640461e-07
3608,-1.3403416686747862e-07
3609,-1.3356974747642798e-07
3610,-1.3310131235617538e-07
3611,-1.3262885238642764e-07
3612,-1.3215235847392206e-07
3613,-1.3167182155268876e-07
3614,-1.3118723258430526e-07
3615,-1.3069858255814878e-07
3616,-1.3020586249165794e-07
3617,-1.2970906343058775e-07
3618,-1.2920817644926424e-07
3619,-1.2870319265085243e-07
3620,-1.2819410316760547e-07
3621,-1.276808991611312e-07
3622,-1.2716357182264805e-07
3623,-1.2664211237325035e-07
3624,-1.2611651206416097e-07
3625,-1.255867621770047e-07
3626,-1.2505285402406423e-07
3627,-1.2451477894854219e-07
3628,-1.2397252832483012e-07
3629,-1.2342609355876223e-07
3630,-1.2287546608789355e-07
3631,-1.2232063738175484e-07
3632,-1.2176159894212304e-07
3633,-1.2119834230328636e-07
3634,-1.2063085903231074e-07
3635,-1.2005914072930435e-07
3636,-1.194831790276911e-07
3637,-1.1890296559447685e-07
3638,-1.1831849213051514e-07
3639,-1.1772975037078023e-07
3640,-1.1713673208463807e-07
3641,-1.1653942907610692e-07
3642,-1.1593783318414318e-07
3643,-1.1533193628290102e-07
3644,-1.1472173028201083e-07
3645,-1.1410720712684919e-07
3646,-1.1348835879880786e-07
3647,-1.1286517731557601e-07
3648,-1.1223765473140713e-07
3649,-1.116057831373966e-07
3650,-1.1096955466175413e-07
3651,-1.1032896147008417e-07
3652,-1.0968399576565074e-07
3653,-1.0903464978966863e-07
3654,-1.083809158215705e-07
3655,-1.0772278617928504e-07
3656,-1.0706025321951827e-07
3657,-1.0639330933803018e-07
3658,-1.0572194696990815e-07
3659,-1.0504615858985599e-07
3660,-1.0436593671246701e-07
3661,-1.0368127389250649e-07
3662,-1.0299216272519168e-07
3663,-1.0229859584646851e-07
3664,-1.0160056593330136e-07
3665,-1.0089806570395039e-07
3666,-1.0019108791825284e-07
3667,-9.947962537790836e-08
3668,-9.876367092676328e-08
3669,-9.804321745108483e-08
3670,-9.73182578798606e-08
3671,-9.65887851850711e-08
3672,-9.585479238198058e-08
3673,-9.51162725294201e-08
3674,-9.437321873007513e-08
3675,-9.362562413076592e-08
3676,-9.287348192274361e-08
3677,-9.211678534197184e-08
3678,-9.13555276694137e-08
3679,-9.058970223132394e-08
3680,-8.98193023995283e-08
3681,-8.904432159172294e-08
3682,-8.826475327175855e-08
3683,-8.74805909499285e-08
3684,-8.669182818326167e-08
3685,-8.589845857581212e-08
3686,-8.51004757789443e-08
3687,-8.42978734916345e-08
3688,-8.34906454607539e-08
3689,-8.267878548136444e-08
3690,-8.186228739700812e-08
3691,-8.104114510000476e-08
3692,-8.021535253173388e-08
3693,-7.938490368294203e-08
3694,-7.854979259402831e-08
3695,-7.771001335533839e-08
3696,-7.68655601074641e-08
3697,-7.601642704152636e-08
3698,-7.516260839948583e-08
3699,-7.430409847442743e-08
3700,-7.344089161086004e-08
3701,-7.257298220501183e-08
3702,-7.17003647051277e-08
3703,-7.082303361175969e-08
3704,-6.994098347807471e-08
3705,-6.905420891014493e-08
3706,-6.816270456724596e-08
3707,-6.726646516215684e-08
3708,-6.63654854614591e-08
3709,-6.54597602858262e-08
3710,-6.454928451033778e-08
3711,-6.363405306476694e-08
3712,-6.271406093388509e-08
3713,-6.17893031577592e-08
3714,-6.085977483205582e-08
3715,-5.992547110833196e-08
3716,-5.898638719434803e-08
3717,-5.804251835436208e-08
3718,-5.709385990943076e-08
3719,-5.614040723771515e-08
3720,-5.51821557747715e-08
3721,-5.421910101386863e-08
3722,-5.325123850627997e-08
3723,-5.2278563861588015e-08
3724,-5.130107274798843e-08
3725,-5.031876089259349e-08
3726,-4.933162408172807e-08
3727,-4.8339658161244896e-08
3728,-4.734285903682076e-08
3729,-4.6341222674261985e-08
3730,-4.533474509980785e-08
3731,-4.432342240043876e-08
3732,-4.3307250724169864e-08
3733,-4.2286226280371676e-08
3734,-4.12603453400636e-08
3735,-4.022960423622325e-08
3736,-3.919399936409349e-08
3737,-3.8153527181478023e-08
3738,-3.710818420906259e-08
3739,-3.6057967030709964e-08
3740,-3.5002872293770036e-08
3741,-3.3942896709384635e-08
3742,-3.28780370527975e-08
3743,-3.1808290163651076e-08
3744,-3.0733652946307085e-08
3745,-2.9654122370144945e-08
3746,-2.8569695469870344e-08
3747,-2.748036934582328e-08
3748,-2.6386141164287652e-08
3749,-2.528700815778858e-08
3750,-2.4182967625415798e-08
3751,-2.3074016933120612e-08
3752,-2.196015351402737e-08
3753,-2.0841374868743065e-08
3754,-1.971767856565635e-08
3755,-1.8589062241260568e-08
3756,-1.745552360045191e-08
3757,-1.6317060416841016e-08
3758,-1.51736705330611e-08
3759,-1.4025351861079707e-08
3760,-1.2872102382496953e-08
3761,-1.1713920148870047e-08
3762,-1.0550803282011991e-08
3763,-9.38274997430303e-09
3764,-8.20975848900021e-09
3765,-7.031827160548733e-09
3766,-5.848954394881387e-09
3767,-4.661138669742931e-09
3768,-3.4683785349894826e-09
3769,-2.270672612900435e-09
3770,-1.0680195984905053e-09
3771,1.3958174019096456e-10
3772,1.3521325617350552e-09
3773,2.5696339510739397e-09
3774,3.792086919168687e-09
3775,5.01949240269963e-09
3776,6.251851263754151e-09
3777,7.489164289527314e-09
3778,8.73143219199675e-09
3779,9.978655607623203e-09
3780,1.123083509703849e-08
3781,1.2487971144735606e-08
3782,1.3750064158756685e-08
3783,1.5017114470393876e-08
3784,1.6289122333863675e-08
3785,1.7566087926008448e-08
3786,1.8848011345983625e-08
3787,2.013489261494628e-08
3788,2.1426731675755574e-08
3789,2.2723528392648165e-08
3790,2.4025282550939093e-08
3791,2.533199385670974e-08
3792,2.664366193649924e-08
3793,2.796028633699176e-08
3794,2.928186652471947e-08
3795,3.060840188573601e-08
3796,3.193989172531962e-08
3797,3.3276335267661244e-08
3798,3.4617731655555316e-08
3799,3.596407995008953e-08
3800,3.7315379130346173e-08
3801,3.867162809307873e-08
3802,4.003282565241311e-08
3803,4.139897053953807e-08
3804,4.277006140239408e-08
3805,4.4146096805376e-08
3806,4.5527075229010077e-08
3807,4.69129950696559e-08
3808,4.830385463919812e-08
3809,4.969965216473725e-08
3810,5.110038578828178e-08
3811,5.250605356645123e-08
3812,5.3916653470152636e-08
3813,5.533218338428673e-08
3814,5.675264110743634e-08
3815,5.8178024351563295e-08
3816,5.960833074169666e-08
3817,6.104355781564074e-08
3818,6.248370302365174e-08
3819,6.392876372814282e-08
3820,6.537873720337848e-08
3821,6.683362063516704e-08
3822,6.829341112055572e-08
3823,6.97581056675366e-08
3824,7.122770119472407e-08
3825,7.270219453106562e-08
3826,7.418158241553198e-08
3827,7.566586149681386e-08
3828,7.715502833302755e-08
3829,7.864907939139767e-08
3830,8.014801104796489e-08
3831,8.165181958728014e-08
3832,8.316050120210449e-08
3833,8.467405199310248e-08
3834,8.619246796855525e-08
3835,8.771574504403903e-08
3836,8.924387904213851e-08
3837,9.077686569214345e-08
3838,9.231470062974615e-08
3839,9.385737939674267e-08
3840,9.540489744074173e-08
3841,9.695725011485148e-08
3842,9.851443267738897e-08
3843,1.0007644029158255e-07
3844,1.0164326802526955e-07
3845,1.0321491085060891e-07
3846,1.0479136364376982e-07
3847,1.063726211846433e-07
3848,1.0795867815654663e-07
3849,1.0954952914592345e-07
3850,1.111451686420486e-07
3851,1.1274559103674374e-07
3852,1.14350790624063e-07
3853,1.1596076160001456e-07
3854,1.1757549806225999e-07
3855,1.1919499400982388e-07
3856,1.208192433427949e-07
3857,1.2244823986204873e-07
3858,1.24081977268936e-07
3859,1.2572044916500168e-07
3860,1.273636490516952e-07
3861,1.2901157033007055e-07
3862,1.3066420630051553e-07
3863,1.3232155016243688e-07
3864,1.3398359501398889e-07
3865,1.356503338517797e-07
3866,1.3732175957058086e-07
3867,1.389978649630418e-07
3868,1.4067864271940907e-07
3869,1.423640854272277e-07
3870,1.4405418557106144e-07
3871,1.4574893553220898e-07
3872,1.4744832758841717e-07
3873,1.4915235391359226e-07
3874,1.5086100657753193e-07
3875,1.525742775456191e-07
3876,1.5429215867855686e-07
3877,1.5601464173207867e-07
3878,1.5774171835666667e-07
3879,1.594733800972834e-07
3880,1.6120961839306947e-07
3881,1.6295042457708235e-07
3882,1.6469578987600776e-07
3883,1.6644570540988697e-07
3884,1.682001621918314e-07
3885,1.699591511277616e-07
3886,1.717226630161112e-07
3887,1.734906885475603e-07
3888,1.752632183047634e-07
3889,1.7704024276206914e-07
3890,1.7882175228524797e-07
3891,1.8060773713122658e-07
3892,1.82398187447803e-07
3893,1.8419309327338315e-07
3894,1.8599244453670597e-07
3895,1.8779623105657477e-07
3896,1.8960444254159421e-07
3897,1.9141706858988813e-07
3898,1.9323409868884156e-07
3899,1.9505552221482834e-07
3900,1.9688132843294967e-07
3901,1.9871150649675837e-07
3902,2.0054604544801384e-07
3903,2.023849342163917e-07
3904,2.0422816161923825e-07
3905,2.0607571636130407e-07
3906,2.0792758703447603e-07
3907,2.0978376211752347e-07
3908,2.1164422997583891e-07
3909,2.1350897886117007e-07
3910,2.1537799691136568e-07
3911,2.1725127215012036e-07
3912,2.191287924867142e-07
3913,2.2101054571575339e-07
3914,2.2289651951693017e-07
3915,2.2478670145474506e-07
3916,2.2668107897827256e-07
3917,2.2857963942089683e-07
3918,2.3048237000006406e-07
3919,2.3238925781704092e-07
3920,2.343002898566435e-07
3921,2.3621545298700676e-07
3922,2.3813473395932479e-07
3923,2.400581194076132e-07
3924,2.419855958484494e-07
3925,2.4391714968074864e-07
3926,2.458527671854965e-07
3927,2.477924345255152e-07
3928,2.497361377452242e-07
3929,2.516838627703919e-07
3930,2.5363559540789856e-07
3931,2.555913213455018e-07
3932,2.5755102615158564e-07
3933,2.5951469527493325e-07
3934,2.6148231404448205e-07
3935,2.6345386766909477e-07
3936,2.6542934123732604e-07
3937,2.674087197171813e-07
3938,2.693919879558853e-07
3939,2.7137913067965776e-07
3940,2.733701324934768e-07
3941,2.7536497788084507e-07
3942,2.773636512035803e-07
3943,2.7936613670156134e-07
3944,2.813724184925229e-07
3945,2.8338248057181716e-07
3946,2.8539630681219945e-07
3947,2.874138809635981e-07
3948,2.894351866529003e-07
3949,2.914602073837229e-07
3950,2.9348892653619434e-07
3951,2.955213273667424e-07
3952,2.975573930078656e-07
3953,2.9959710646793636e-07
3954,3.0164045063096446e-07
3955,3.03687408256392e-07
3956,3.0573796197888617e-07
3957,3.077920943081164e-07
3958,3.0984978762855367e-07
3959,3.119110241992607e-07
3960,3.139757861536768e-07
3961,3.1604405549941884e-07
3962,3.1811581411806803e-07
3963,3.2019104376497513e-07
3964,3.22269726069045e-07
3965,3.243518425325559e-07
3966,3.2643737453093153e-07
3967,3.285263033125624e-07
3968,3.3061860999860125e-07
3969,3.327142755827582e-07
3970,3.3481328093112914e-07
3971,3.3691560678196967e-07
3972,3.3902123374552743e-07
3973,3.4113014230383937e-07
3974,3.43242312810541e-07
3975,3.453577254906819e-07
3976,3.4747636044054074e-07
3977,3.4959819762743053e-07
3978,3.517232168895165e-07
3979,3.5385139793563767e-07
3980,3.559827203451222e-07
3981,3.5811716356759684e-07
3982,3.602547069228335e-07
3983,3.623953296005372e-07
3984,3.645390106601978e-07
3985,3.666857290308963e-07
3986,3.6883546351114004e-07
3987,3.709881927686982e-07
3988,3.7314389534040826e-07
3989,3.7530254963202863e-07
3990,3.774641339180563e-07
3991,3.796286263415723e-07
3992,3.8179600491405967e-07
3993,3.839662475152659e-07
3994,3.8613933189301656e-07
3995,3.88315235663061e-07
3996,3.9049393630892227e-07
3997,3.9267541118172665e-07
3998,3.9485963750005997e-07
3999,3.9704659234980533e-07
4000,3.9923625268399216e-07
4001,4.014285953226455e-07
4002,4.0362359695262935e-07
4003,4.058212341275121e-07
4004,4.0802148326740285e-07
4005,4.102243206588284e-07
4006,4.124297224545615e-07
4007,4.1463766467350306e-07
4008,4.168481232005301e-07
4009,4.1906107378635174e-07
4010,4.212764920473968e-07
4011,4.234943534656407e-07
4012,4.257146333885065e-07
4013,4.279373070287062e-07
4014,4.30162349464129e-07
4015,4.323897356377018e-07
4016,4.3461944035726647e-07
4017,4.368514382954533e-07
4018,4.390857039895496e-07
4019,4.4132221184139325e-07
4020,4.4356093611723443e-07
4021,4.4580185094762766e-07
4022,4.4804493032732103e-07
4023,4.5029014811511813e-07
4024,4.525374780337876e-07
4025,4.5478689366993526e-07
4026,4.5703836847390454e-07
4027,4.5929187575966346e-07
4028,4.61547388704698e-07
4029,4.63804880349907e-07
4030,4.66064323599498e-07
4031,4.683256912208913e-07
4032,4.705889558446083e-07
4033,4.7285408996419694e-07
4034,4.7512106593610575e-07
4035,4.773898559796132e-07
4036,4.796604321767268e-07
4037,4.819327664720883e-07
4038,4.84206830672895e-07
4039,4.864825964488068e-07
4040,4.887600353318649e-07
4041,4.910391187163999e-07
4042,4.933198178589625e-07
4043,4.956021038782397e-07
4044,4.978859477549776e-07
4045,5.00171320331905e-07
4046,5.02458192313657e-07
4047,5.04746534266712e-07
4048,5.070363166193189e-07
4049,5.093275096614171e-07
4050,5.116200835446008e-07
4051,5.139140082820171e-07
4052,5.162092537483377e-07
4053,5.185057896796737e-07
4054,5.208035856735384e-07
4055,5.231026111887773e-07
4056,5.254028355455225e-07
4057,5.277042279251376e-07
4058,5.300067573701633e-07
4059,5.323103927842826e-07
4060,5.346151029322582e-07
4061,5.369208564399085e-07
4062,5.39227621794052e-07
4063,5.415353673424645e-07
4064,5.438440612938602e-07
4065,5.461536717178338e-07
4066,5.484641665448469e-07
4067,5.507755135661864e-07
4068,5.530876804339357e-07
4069,5.55400634660953e-07
4070,5.577143436208374e-07
4071,5.600287745479206e-07
4072,5.623438945372247e-07
4073,5.646596705444768e-07
4074,5.669760693860536e-07
4075,5.69293057738998e-07
4076,5.716106021409969e-07
4077,5.739286689903599e-07
4078,5.762472245460393e-07
4079,5.785662349275933e-07
4080,5.80885666115208e-07
4081,5.832054839496789e-07
4082,5.855256541324255e-07
4083,5.878461422254887e-07
4084,5.90166913651535e-07
4085,5.924879336938711e-07
4086,5.948091674964443e-07
4087,5.971305800638672e-07
4088,5.994521362614182e-07
4089,6.01773800815074e-07
4090,6.040955383115258e-07
4091,6.064173131981851e-07
4092,6.087390897832308e-07
4093,6.110608322356167e-07
4094,6.133825045851174e-07
4095,6.157040707223368e-07
4096,6.180254943987715e-07
4097,6.203467392268235e-07
4098,6.226677686798376e-07
4099,6.249885460921622e-07
4100,6.27309034659165e-07
4101,6.296291974373097e-07
4102,6.319489973441706e-07
4103,6.342683971585065e-07
4104,6.365873595203096e-07
4105,6.389058469308432e-07
4106,6.412238217527226e-07
4107,6.435412462099618e-07
4108,6.458580823880371e-07
4109,6.481742922339506e-07
4110,6.504898375563012e-07
4111,6.528046800253569e-07
4112,6.551187811731102e-07
4113,6.574321023933809e-07
4114,6.597446049418615e-07
4115,6.620562499362233e-07
4116,6.64366998356178e-07
4117,6.666768110435761e-07
4118,6.689856487024972e-07
4119,6.712934718993141e-07
4120,6.736002410628179e-07
4121,6.759059164842878e-07
4122,6.782104583176012e-07
4123,6.805138265793327e-07
4124,6.828159811488493e-07
4125,6.851168817684243e-07
4126,6.874164880433332e-07
4127,6.897147594419803e-07
4128,6.920116552959924e-07
4129,6.943071348003509e-07
4130,6.966011570135043e-07
4131,6.988936808574781e-07
4132,7.011846651180189e-07
4133,7.03474068444696e-07
4134,7.057618493510519e-07
4135,7.080479662147183e-07
4136,7.103323772775615e-07
4137,7.126150406458108e-07
4138,7.148959142901943e-07
4139,7.171749560460959e-07
4140,7.194521236136793e-07
4141,7.217273745580625e-07
4142,7.240006663094334e-07
4143,7.262719561632346e-07
4144,7.285412012803007e-07
4145,7.308083586870182e-07
4146,7.33073385275494e-07
4147,7.353362378037108e-07
4148,7.375968728957021e-07
4149,7.398552470417067e-07
4150,7.421113165983619e-07
4151,7.443650377888633e-07
4152,7.4661636670314e-07
4153,7.488652592980521e-07
4154,7.511116713975481e-07
4155,7.533555586928824e-07
4156,7.555968767427706e-07
4157,7.578355809736101e-07
4158,7.600716266796631e-07
4159,7.623049690232404e-07
4160,7.645355630349308e-07
4161,7.667633636137732e-07
4162,7.689883255274905e-07
4163,7.712104034126687e-07
4164,7.734295517750018e-07
4165,7.756457249894848e-07
4166,7.778588773006254e-07
4167,7.80068962822691e-07
4168,7.822759355398981e-07
4169,7.84479749306677e-07
4170,7.86680357847861e-07
4171,7.888777147589468e-07
4172,7.910717735063266e-07
4173,7.932624874275028e-07
4174,7.954498097313614e-07
4175,7.976336934983917e-07
4176,7.998140916809508e-07
4177,8.0199095710349e-07
4178,8.041642424628348e-07
4179,8.063339003284286e-07
4180,8.084998831425775e-07
4181,8.106621432207425e-07
4182,8.128206327517705e-07
4183,8.149753037981974e-07
4184,8.17126108296479e-07
4185,8.192729980573052e-07
4186,8.214159247658525e-07
4187,8.235548399820616e-07
4188,8.256896951409422e-07
4189,8.278204415528294e-07
4190,8.299470304037058e-07
4191,8.320694127554586e-07
4192,8.341875395462107e-07
4193,8.363013615905938e-07
4194,8.384108295800518e-07
4195,8.405158940831621e-07
4196,8.426165055459213e-07
4197,8.447126142920751e-07
4198,8.468041705234267e-07
4199,8.4889112432014e-07
4200,8.509734256410858e-07
4201,8.530510243241338e-07
4202,8.551238700865145e-07
4203,8.571919125251125e-07
4204,8.592551011168288e-07
4205,8.613133852189076e-07
4206,8.633667140692598e-07
4207,8.654150367868323e-07
4208,8.674583023719273e-07
4209,8.694964597065789e-07
4210,8.715294575548709e-07
4211,8.735572445633254e-07
4212,8.755797692612466e-07
4213,8.775969800610677e-07
4214,8.796088252587491e-07
4215,8.816152530341113e-07
4216,8.836162114512355e-07
4217,8.856116484588109e-07
4218,8.876015118905413e-07
4219,8.89585749465506e-07
4220,8.915643087885418e-07
4221,8.935371373506531e-07
4222,8.955041825293696e-07
4223,8.97465391589178e-07
4224,8.994207116818807e-07
4225,9.013700898470295e-07
4226,9.033134730123178e-07
4227,9.05250807993971e-07
4228,9.071820414971874e-07
4229,9.091071201165237e-07
4230,9.110259903363376e-07
4231,9.129385985311836e-07
4232,9.148448909662588e-07
4233,9.16744813797822e-07
4234,9.186383130736081e-07
4235,9.205253347332943e-07
4236,9.224058246089073e-07
4237,9.242797284252855e-07
4238,9.261469918005012e-07
4239,9.28007560246335e-07
4240,9.298613791687071e-07
4241,9.317083938681283e-07
4242,9.335485495401788e-07
4243,9.353817912759425e-07
4244,9.372080640624976e-07
4245,9.390273127833603e-07
4246,9.408394822189717e-07
4247,9.426445170471737e-07
4248,9.444423618436647e-07
4249,9.462329610825161e-07
4250,9.480162591366207e-07
4251,9.497922002782122e-07
4252,9.51560728679328e-07
4253,9.533217884123346e-07
4254,9.550753234504048e-07
4255,9.56821277668019e-07
4256,9.585595948414855e-07
4257,9.602902186494327e-07
4258,9.62013092673343e-07
4259,9.637281603980376e-07
4260,9.654353652122283e-07
4261,9.67134650409023e-07
4262,9.688259591864432e-07
4263,9.705092346479837e-07
4264,9.72184419803109e-07
4265,9.73851457567824e-07
4266,9.755102907651834e-07
4267,9.77160862125862e-07
4268,9.788031142886923e-07
4269,9.80436989801198e-07
4270,9.82062431120185e-07
4271,9.836793806122572e-07
4272,9.852877805544149e-07
4273,9.868875731346003e-07
4274,9.884787004522592e-07
4275,9.900611045189377e-07
4276,9.91634727258827e-07
4277,9.931995105093804e-07
4278,9.94755396021847e-07
4279,9.963023254619048e-07
4280,9.978402404102274e-07
4281,9.99369082363073e-07
4282,1.0008887927328966e-06
4283,1.0023993128489339e-06
4284,1.0039005839578254e-06
4285,1.0053925472241966e-06
4286,1.0068751437313018e-06
4287,1.0083483144816162e-06
4288,1.0098120003974526e-06
4289,1.0112661423216035e-06
4290,1.012710681017938e-06
4291,1.0141455571720643e-06
4292,1.0155707113919302e-06
4293,1.0169860842084862e-06
4294,1.0183916160763115e-06
4295,1.0197872473742441e-06
4296,1.0211729184060677e-06
4297,1.022548569401117e-06
4298,1.0239141405149697e-06
4299,1.0252695718300743e-06
4300,1.0266148033564328e-06
4301,1.0279497750322628e-06
4302,1.0292744267246498e-06
4303,1.0305886982302492e-06
4304,1.031892529275925e-06
4305,1.0331858595194736e-06
4306,1.0344686285502573e-06
4307,1.0357407758899412e-06
4308,1.0370022409931534e-06
4309,1.0382529632481758e-06
4310,1.0394928819776732e-06
4311,1.040721936439356e-06
4312,1.0419400658267187e-06
4313,1.043147209269718e-06
4314,1.0443433058355188e-06
4315,1.0455282945291907e-06
4316,1.0467021142944245e-06
4317,1.047864704014266e-06
4318,1.0490160025118384e-06
4319,1.0501559485510817e-06
4320,1.0512844808374685e-06
4321,1.0524015380187632e-06
4322,1.0535070586857629e-06
4323,1.0546009813730124e-06
4324,1.0556832445596028e-06
4325,1.056753786669874e-06
4326,1.0578125460742183e-06
4327,1.0588594610898026e-06
4328,1.0598944699813567e-06
4329,1.0609175109619337e-06
4330,1.0619285221936689e-06
4331,1.0629274417885868e-06
4332,1.0639142078093394e-06
4333,1.0648887582700295e-06
4334,1.065851031136954e-06
4335,1.0668009643294355e-06
4336,1.067738495720595e-06
4337,1.0686635631381425e-06
4338,1.069576104365196e-06
4339,1.0704760571410708e-06
4340,1.0713633591621026e-06
4341,1.0722379480824395e-06
4342,1.0730997615148798e-06
4343,1.073948737031687e-06
4344,1.0747848121653908e-06
4345,1.0756079244096515e-06
4346,1.0764180112200467e-06
4347,1.0772150100149487e-06
4348,1.0779988581763427e-06
4349,1.078769493050652e-06
4350,1.0795268519496246e-06
4351,1.0802708721511342e-06
4352,1.081001490900076e-06
4353,1.0817186454091937e-06
4354,1.0824222728599565e-06
4355,1.0831123104034194e-06
4356,1.0837886951610786e-06
4357,1.0844513642257668e-06
4358,1.0851002546624976e-06
4359,1.0857353035093805e-06
4360,1.086356447778468e-06
4361,1.0869636244566688e-06
4362,1.0875567705066336e-06
4363,1.088135822867614e-06
4364,1.0887007184564215e-06
4365,1.089251394168271e-06
4366,1.0897877868777257e-06
4367,1.0903098334395796e-06
4368,1.0908174706897767e-06
4369,1.0913106354463493e-06
4370,1.0917892645102902e-06
4371,1.0922532946665271e-06
4372,1.0927026626848093e-06
4373,1.0931373053206745e-06
4374,1.0935571593163326e-06
4375,1.0939621614016642e-06
4376,1.094352248295122e-06
4377,1.0947273567046819e-06
4378,1.0950874233288075e-06
4379,1.095432384857382e-06
4380,1.0957621779726793e-06
4381,1.0960767393503152e-06
4382,1.0963760056602235e-06
4383,1.0966599135676177e-06
4384,1.096928399733942e-06
4385,1.0971814008178892e-06
4386,1.097418853476327e-06
4387,1.0976406943653303e-06
4388,1.0978468601411236e-06
4389,1.0980372874611086e-06
4390,1.0982119129848377e-06
4391,1.0983706733749895e-06
4392,1.09851350529842e-06
4393,1.0986403454271192e-06
4394,1.0987511304392534e-06
4395,1.0988457970201462e-06
4396,1.0989242818633265e-06
4397,1.0989865216715098e-06
4398,1.0990324531576503e-06
4399,1.0990620130459606e-06
4400,1.099075138072923e-06
4401,1.0990717649883568e-06
4402,1.0990518305564193e-06
4403,1.0990152715566612e-06
4404,1.0989620247850863e-06
4405,1.098892027055167e-06
4406,1.0988052151989313e-06
4407,1.098701526067982e-06
4408,1.0985808965345802e-06
4409,1.0984432634926986e-06
4410,1.0982885638590884e-06
4411,1.0981167345743576e-06
4412,1.0979277126040167e-06
4413,1.0977214349395954e-06
4414,1.0974978385996708e-06
4415,1.0972568606310108e-06
4416,1.0969984381096108e-06
4417,1.0967225081418167e-06
4418,1.0964290078654094e-06
4419,1.0961178744506885e-06
4420,1.0957890451015914e-06
4421,1.095442457056794e-06
4422,1.095078047590818e-06
4423,1.0946957540151514e-06
4424,1.0942955136793437e-06
4425,1.0938772639721387e-06
4426,1.0934409423225966e-06
4427,1.0929864862012295e-06
4428,1.0925138331211056e-06
4429,1.09202292063901e-06
4430,1.0915136863565762e-06
4431,1.0909860679213861e-06
4432,1.090440003028187e-06
4433,1.0898754294199709e-06
4434,1.0892922848891757e-06
4435,1.088690507278797e-06
4436,1.0880700344835846e-06
4437,1.0874308044511682e-06
4438,1.0867727551832446e-06
4439,1.0860958247367498e-06
4440,1.0853999512250054e-06
4441,1.0846850728189307e-06
4442,1.0839511277481679e-06
4443,1.0831980543023192e-06
4444,1.0824257908321105e-06
4445,1.0816342757505587e-06
4446,1.0808234475342062e-06
4447,1.0799932447242787e-06
4448,1.0791436059278973e-06
4449,1.0782744698192862e-06
4450,1.0773857751409791e-06
4451,1.0764774607050244e-06
4452,1.075549465394186e-06
4453,1.0746017281631931e-06
4454,1.0736341880398964e-06
4455,1.0726467841265732e-06
4456,1.0716394556010816e-06
4457,1.0706121417181377e-06
4458,1.0695647818105287e-06
4459,1.0684973152903266e-06
4460,1.0674096816501783e-06
4461,1.0663018204645013e-06
4462,1.0651736713907635e-06
4463,1.0640251741707033e-06
4464,1.062856268631609e-06
4465,1.0616668946875463e-06
4466,1.0604569923406416e-06
4467,1.0592265016823368e-06
4468,1.057975362894646e-06
4469,1.0567035162514405e-06
4470,1.055410902119702e-06
4471,1.0540974609608042e-06
4472,1.0527631333318083e-06
4473,1.0514078598867146e-06
4474,1.0500315813777786e-06
4475,1.048634238656764e-06
4476,1.0472157726762801e-06
4477,1.0457761244910104e-06
4478,1.0443152352590843e-06
4479,1.0428330462433301e-06
4480,1.0413294988125809e-06
4481,1.039804534443019e-06
4482,1.0382580947194155e-06
4483,1.0366901213365256e-06
4484,1.0351005561003437e-06
4485,1.0334893409294556e-06
4486,1.0318564178563505e-06
4487,1.030201729028743e-06
4488,1.0285252167108976e-06
4489,1.0268268232849716e-06
4490,1.0251064912523596e-06
4491,1.0233641632349963e-06
4492,1.0215997819767366e-06
4493,1.0198132903446834e-06
4494,1.0180046313305004e-06
4495,1.0161737480518318e-06
4496,1.014320583753595e-06
4497,1.0124450818093696e-06
4498,1.0105471857227534e-06
4499,1.0086268391286804e-06
4500,1.0066839857948621e-06
4501,1.0047185696230853e-06
4502,1.002730534650634e-06
4503,1.0007198250516172e-06
4504,9.986863851383954e-07
4505,9.966301593629015e-07
4506,9.945510923180704e-07
4507,9.92449128739213e-07
4508,9.903242135053842e-07
4509,9.881762916408024e-07
4510,9.860053083162223e-07
4511,9.838112088503239e-07
4512,9.81593938711145e-07
4513,9.793534435174519e-07
4514,9.770896690401613e-07
4515,9.748025612037437e-07
4516,9.724920660876133e-07
4517,9.701581299275744e-07
4518,9.678006991172223e-07
4519,9.654197202093614e-07
4520,9.630151399174166e-07
4521,9.605869051168882e-07
4522,9.581349628467163e-07
4523,9.556592603107932e-07
4524,9.531597448793241e-07
4525,9.506363640903068e-07
4526,9.480890656509453e-07
4527,9.455177974391015e-07
4528,9.429225075047128e-07
4529,9.403031440712716e-07
4530,9.376596555372618e-07
4531,9.349919904775907e-07
4532,9.323000976450749e-07
4533,9.295839259718461e-07
4534,9.268434245708595e-07
4535,9.240785427373306e-07
4536,9.212892299501931e-07
4537,9.184754358735777e-07
4538,9.156371103582753e-07
4539,9.127742034431802e-07
4540,9.098866653568172e-07
4541,9.069744465187665e-07
4542,9.040374975411731e-07
4543,9.010757692302008e-07
4544,8.980892125875492e-07
4545,8.950777788118742e-07
4546,8.920414193003567e-07
4547,8.889800856501364e-07
4548,8.858937296598155e-07
4549,8.827823033309707e-07
4550,8.796457588695973e-07
4551,8.764840486876811e-07
4552,8.732971254046406e-07
4553,8.70084941848859e-07
4554,8.66847451059181e-07
4555,8.635846062864201e-07
4556,8.602963609948486e-07
4557,8.569826688637477e-07
4558,8.536434837888982e-07
4559,8.502787598840931e-07
4560,8.468884514826649e-07
4561,8.434725131390186e-07
4562,8.400308996300903e-07
4563,8.365635659569685e-07
4564,8.330704673463434e-07
4565,8.295515592520752e-07
4566,8.260067973566997e-07
4567,8.22436137572993e-07
4568,8.188395360454481e-07
4569,8.152169491518766e-07
4570,8.115683335049186e-07
4571,8.078936459535666e-07
4572,8.041928435847497e-07
4573,8.004658837248132e-07
4574,7.967127239411276e-07
4575,7.929333220436163e-07
4576,7.891276360862844e-07
4577,7.852956243687998e-07
4578,7.814372454380295e-07
4579,7.775524580895754e-07
4580,7.736412213693867e-07
4581,7.69703494575265e-07
4582,7.657392372584576e-07
4583,7.617484092251927e-07
4584,7.577309705382803e-07
4585,7.53686881518612e-07
4586,7.496161027468102e-07
4587,7.455185950647459e-07
4588,7.413943195771133e-07
4589,7.372432376530305e-07
4590,7.330653109275454e-07
4591,7.28860501303304e-07
4592,7.246287709520536e-07
4593,7.203700823162586e-07
4594,7.160843981106692e-07
4595,7.117716813239022e-07
4596,7.07431895220003e-07
4597,7.030650033400724e-07
4598,6.986709695038296e-07
4599,6.942497578111893e-07
4600,6.898013326438685e-07
4601,6.853256586669798e-07
4602,6.808227008305672e-07
4603,6.762924243712894e-07
4604,6.717347948139411e-07
4605,6.671497779730878e-07
4606,6.625373399546451e-07
4607,6.578974471574537e-07
4608,6.532300662749354e-07
4609,6.485351642966463e-07
4610,6.43812708509898e-07
4611,6.390626665013461e-07
4612,6.342850061586249e-07
4613,6.294796956718806e-07
4614,6.246467035354719e-07
4615,6.197859985495145e-07
4616,6.148975498215011e-07
4617,6.099813267679231e-07
4618,6.050372991158729e-07
4619,6.000654369046243e-07
4620,5.950657104873023e-07
4621,5.900380905324639e-07
4622,5.849825480257109e-07
4623,5.798990542713167e-07
4624,5.747875808938022e-07
4625,5.696480998396149e-07
4626,5.644805833787102e-07
4627,5.592850041061629e-07
4628,5.540613349438064e-07
4629,5.488095491418558e-07
4630,5.435296202804674e-07
4631,5.382215222714563e-07
4632,5.328852293598477e-07
4633,5.275207161255312e-07
4634,5.22127957484864e-07
4635,5.167069286923238e-07
4636,5.112576053420739e-07
4637,5.057799633696608e-07
4638,5.002739790536025e-07
4639,4.94739629017012e-07
4640,4.891768902292481e-07
4641,4.835857400074805e-07
4642,4.779661560184043e-07
4643,4.723181162798146e-07
4644,4.6664159916223744e-07
4645,4.6093658339057435e-07
4646,4.552030480457305e-07
4647,4.494409725661998e-07
4648,4.4365033674977375e-07
4649,4.3783112075511133e-07
4650,4.319833051033917e-07
4651,4.2610687067993693e-07
4652,4.202017987358636e-07
4653,4.1426807088965067e-07
4654,4.0830566912886023e-07
4655,4.023145758117136e-07
4656,3.9629477366872707e-07
4657,3.902462458043564e-07
4658,3.8416897569863115e-07
4659,3.7806294720873945e-07
4660,3.719281445707333e-07
4661,3.657645524011155e-07
4662,3.595721556984793e-07
4663,3.533509398451494e-07
4664,3.471008906087674e-07
4665,3.40821994143996e-07
4666,3.34514236994107e-07
4667,3.281776060926117e-07
4668,3.2181208876490357e-07
4669,3.154176727298987e-07
4670,3.0899434610160346e-07
4671,3.025420973908415e-07
4672,2.9606091550681523e-07
4673,2.895507897587591e-07
4674,2.830117098575582e-07
4675,2.764436659174025e-07
4676,2.6984664845734847e-07
4677,2.632206484030356e-07
4678,2.5656565708826194e-07
4679,2.4988166625661506e-07
4680,2.431686680631234e-07
4681,2.364266550758128e-07
4682,2.2965562027742997e-07
4683,2.2285555706700266e-07
4684,2.1602645926147762e-07
4685,2.091683210973471e-07
4686,2.0228113723228418e-07
4687,1.9536490274670504e-07
4688,1.884196131454806e-07
4689,1.8144526435949714e-07
4690,1.7444185274729052e-07
4691,1.674093750966627e-07
4692,1.6034782862632106e-07
4693,1.5325721098742448e-07
4694,1.4613752026530164e-07
4695,1.3898875498099728e-07
4696,1.318109140929059e-07
4697,1.2460399699839975e-07
4698,1.1736800353537476e-07
4699,1.1010293398396207e-07
4700,1.0280878906806912e-07
4701,9.548556995700872e-08
4702,8.813327826710329e-08
4703,8.075191606331053e-08
4704,7.334148586076266e-08
4705,6.590199062646605e-08
4706,5.8433433780842584e-08
4707,5.093581919934447e-08
4708,4.340915121405653e-08
4709,3.5853434615309445e-08
4710,2.826867465321385e-08
4711,2.0654877039352845e-08
4712,1.3012047948311818e-08
4713,5.340194019288015e-09
4714,-2.3606776423016888e-09
4715,-1.009055946329627e-08
4716,-1.7849443401103537e-08
4717,-2.5637320942179013e-08
4718,-3.345418310042436e-08
4719,-4.1300020415603114e-08
4720,-4.917482295174331e-08
4721,-5.707858029562259e-08
4722,-6.501128155509079e-08
4723,-7.297291535756008e-08
4724,-8.0963469848412e-08
4725,-8.898293268942659e-08
4726,-9.703129105719233e-08
4727,-1.051085316416064e-07
4728,-1.1321464064420428e-07
4729,-1.2134960377666378e-07
4730,-1.295134062592246e-07
4731,-1.3770603281910753e-07
4732,-1.459274676890277e-07
4733,-1.5417769460553165e-07
4734,-1.6245669680751332e-07
4735,-1.7076445703464084e-07
4736,-1.7910095752581072e-07
4737,-1.87466180017579e-07
4738,-1.958601057426829e-07
4739,-2.0428271542839861e-07
4740,-2.1273398929506307e-07
4741,-2.2121390705452358e-07
4742,-2.2972244790859396e-07
4743,-2.3825959054751038e-07
4744,-2.468253131484658e-07
4745,-2.554195933739727e-07
4746,-2.640424083704145e-07
4747,-2.726937347664942e-07
4748,-2.813735486717217e-07
4749,-2.900818256748693e-07
4750,-2.9881854084253205e-07
4751,-3.075836687175069e-07
4752,-3.163771833173477e-07
4753,-3.251990581328483e-07
4754,-3.3404926612650806e-07
4755,-3.4292777973111316e-07
4756,-3.518345708481174e-07
4757,-3.607696108462285e-07
4758,-3.697328705598889e-07
4759,-3.787243202877853e-07
4760,-3.8774392979134854e-07
4761,-3.9679166829333054e-07
4762,-4.058675044762276e-07
4763,-4.1497140648086064e-07
4764,-4.241033419048927e-07
4765,-4.3326327780135016e-07
4766,-4.4245118067713443e-07
4767,-4.5166701649163687e-07
4768,-4.6091075065515376e-07
4769,-4.701823480275167e-07
4770,-4.794817729166003e-07
4771,-4.888089890768661e-07
4772,-4.981639597079795e-07
4773,-5.075466474532518e-07
4774,-5.169570143982804e-07
4775,-5.263950220694795e-07
4776,-5.358606314326591e-07
4777,-5.453538028915577e-07
4778,-5.548744962865048e-07
4779,-5.644226708928798e-07
4780,-5.739982854197549e-07
4781,-5.836012980084808e-07
4782,-5.932316662312504e-07
4783,-6.028893470896918e-07
4784,-6.125742970135176e-07
4785,-6.222864718590296e-07
4786,-6.320258269077864e-07
4787,-6.41792316865186e-07
4788,-6.515858958590734e-07
4789,-6.614065174384058e-07
4790,-6.712541345717875e-07
4791,-6.811286996461373e-07
4792,-6.91030164465323e-07
4793,-7.009584802487763e-07
4794,-7.109135976301065e-07
4795,-7.208954666558299e-07
4796,-7.309040367838818e-07
4797,-7.409392568823562e-07
4798,-7.510010752281316e-07
4799,-7.610894395055196e-07
4800,-7.71204296804926e-07
4801,-7.81345593621565e-07
4802,-7.91513275854048e-07
4803,-8.017072888030987e-07
4804,-8.119275771702448e-07
4805,-8.22174085056464e-07
4806,-8.324467559609426e-07
4807,-8.427455327796819e-07
4808,-8.530703578042329e-07
4809,-8.634211727204178e-07
4810,-8.737979186070056e-07
4811,-8.842005359344281e-07
4812,-8.946289645635642e-07
4813,-9.05083143744332e-07
4814,-9.155630121145256e-07
4815,-9.260685076984877e-07
4816,-9.365995679058856e-07
4817,-9.471561295303965e-07
4818,-9.577381287485586e-07
4819,-9.683455011183988e-07
4820,-9.78978181578254e-07
4821,-9.896361044455399e-07
4822,-1.0003192034154716e-06
4823,-1.0110274115599343e-06
4824,-1.0217606613261285e-06
4825,-1.0325188845354506e-06
4826,-1.043302012382247e-06
4827,-1.0541099754326018e-06
4828,-1.0649427036231473e-06
4829,-1.0758001262599048e-06
4830,-1.0866821720170199e-06
4831,-1.0975887689356207e-06
4832,-1.1085198444226492e-06
4833,-1.1194753252496752e-06
4834,-1.130455137551703e-06
4835,-1.1414592068261045e-06
4836,-1.1524874579313317e-06
4837,-1.163539815085861e-06
4838,-1.174616201867013e-06
4839,-1.1857165412098267e-06
4840,-1.1968407554059145e-06
4841,-1.2079887661023837e-06
4842,-1.2191604943006412e-06
4843,-1.2303558603553196e-06
4844,-1.2415747839731869e-06
4845,-1.2528171842119818e-06
4846,-1.26408297947944e-06
4847,-1.2753720875320686e-06
4848,-1.2866844254741214e-06
4849,-1.2980199097565489e-06
4850,-1.3093784561758761e-06
4851,-1.3207599798731628e-06
4852,-1.3321643953329928e-06
4853,-1.3435916163823261e-06
4854,-1.3550415561895271e-06
4855,-1.3665141272632886e-06
4856,-1.3780092414516383e-06
4857,-1.3895268099408448e-06
4858,-1.4010667432545294e-06
4859,-1.4126289512524935e-06
4860,-1.4242133431298174e-06
4861,-1.4358198274158446e-06
4862,-1.4474483119731396e-06
4863,-1.4590987039966234e-06
4864,-1.4707709100124373e-06
4865,-1.4824648358771014e-06
4866,-1.494180386776463e-06
4867,-1.5059174672248049e-06
4868,-1.5176759810638456e-06
4869,-1.5294558314618594e-06
4870,-1.5412569209126678e-06
4871,-1.5530791512347313e-06
4872,-1.5649224235702672e-06
4873,-1.5767866383843004e-06
4874,-1.588671695463726e-06
4875,-1.6005774939165387e-06
4876,-1.6125039321707588e-06
4877,-1.624450907973683e-06
4878,-1.636418318390939e-06
4879,-1.6484060598056372e-06
4880,-1.6604140279175683e-06
4881,-1.6724421177422065e-06
4882,-1.6844902236099996e-06
4883,-1.6965582391654385e-06
4884,-1.7086460573662966e-06
4885,-1.7207535704827192e-06
4886,-1.732880670096532e-06
4887,-1.745027247100311e-06
4888,-1.7571931916966184e-06
4889,-1.7693783933972483e-06
4890,-1.781582741022391e-06
4891,-1.7938061226998737e-06
4892,-1.806048425864436e-06
4893,-1.8183095372568894e-06
4894,-1.8305893429234116e-06
4895,-1.842887728214785e-06
4896,-1.855204577785662e-06
4897,-1.8675397755938833e-06
4898,-1.8798932048996747e-06
4899,-1.8922647482649704e-06
4900,-1.9046542875527348e-06
4901,-1.9170617039262444e-06
4902,-1.929486877848363e-06
4903,-1.9419296890809895e-06
4904,-1.9543900166842036e-06
4905,-1.966867739015763e-06
4906,-1.979362733730343e-06
4907,-1.991874877778972e-06
4908,-2.004404047408326e-06
4909,-2.0169501181601854e-06
4910,-2.029512964870725e-06
4911,-2.0420924616699382e-06
4912,-2.0546884819810726e-06
4913,-2.067300898519958e-06
4914,-2.0799295832945507e-06
4915,-2.0925744076042272e-06
4916,-2.1052352420392586e-06
4917,-2.1179119564803107e-06
4918,-2.1306044200978085e-06
4919,-2.143312501351468e-06
4920,-2.156036067989756e-06
4921,-2.168774987049325e-06
4922,-2.18152912485455e-06
4923,-2.1942983470169863e-06
4924,-2.2070825184349297e-06
4925,-2.219881503292854e-06
4926,-2.232695165061072e-06
4927,-2.245523366495101e-06
4928,-2.2583659696353242e-06
4929,-2.2712228358065273e-06
4930,-2.284093825617407e-06
4931,-2.296978798960217e-06
4932,-2.3098776150103278e-06
4933,-2.3227901322257946e-06
4934,-2.3357162083469602e-06
4935,-2.348655700396108e-06
4936,-2.3616084646770417e-06
4937,-2.374574356774761e-06
4938,-2.3875532315550582e-06
4939,-2.4005449431641743e-06
4940,-2.413549345028496e-06
4941,-2.426566289854185e-06
4942,-2.4395956296268718e-06
4943,-2.452637215611425e-06
4944,-2.4656908983514867e-06
4945,-2.478756527669337e-06
4946,-2.4918339526655235e-06
4947,-2.504923021718651e-06
4948,-2.5180235824850827e-06
4949,-2.531135481898737e-06
4950,-2.544258566170808e-06
4951,-2.5573926807895224e-06
4952,-2.5705376705200057e-06
4953,-2.5836933794039582e-06
4954,-2.5968596507596044e-06
4955,-2.610036327181388e-06
4956,-2.623223250539815e-06
4957,-2.6364202619813525e-06
4958,-2.649627201928198e-06
4959,-2.662843910078194e-06
4960,-2.6760702254046886e-06
4961,-2.689305986156378e-06
4962,-2.702551029857242e-06
4963,-2.7158051933063756e-06
4964,-2.729068312578005e-06
4965,-2.742340223021281e-06
4966,-2.7556207592603758e-06
4967,-2.768909755194236e-06
4968,-2.782207043996697e-06
4969,-2.795512458116372e-06
4970,-2.808825829276601e-06
4971,-2.8221469884755775e-06
4972,-2.835475765986147e-06
4973,-2.8488119913559937e-06
4974,-2.862155493407553e-06
4975,-2.875506100238098e-06
4976,-2.888863639219773e-06
4977,-2.902227936999647e-06
4978,-2.91559881949979e-06
4979,-2.9289761119173016e-06
4980,-2.9423596387244905e-06
4981,-2.955749223668885e-06
4982,-2.9691446897734036e-06
4983,-2.982545859336517e-06
4984,-2.995952553932257e-06
4985,-3.009364594410483e-06
4986,-3.022781800896975e-06
4987,-3.036203992793657e-06
4988,-3.049630988778752e-06
4989,-3.0630626068069607e-06
4990,-3.0764986641097216e-06
4991,-3.0899389771953496e-06
4992,-3.103383361849362e-06
4993,-3.116831633134615e-06
4994,-3.130283605391717e-06
4995,-3.1437390922390865e-06
4996,-3.157197906573411e-06
4997,-3.1706598605698665e-06
4998,-3.184124765682376e-06
4999,-3.1975924326440264e-06
5000,-3.211062671467322e-06
5001,-3.22453529144457e-06
5002,-3.238010101148162e-06
5003,-3.2514869084310285e-06
5004,-3.264965520426961e-06
5005,-3.278445743551027e-06
5006,-3.291927383499964e-06
5007,-3.3054102452525614e-06
5008,-3.3188941330701706e-06
5009,-3.332378850497031e-06
5010,-3.3458642003608286e-06
5011,-3.359349984773147e-06
5012,-3.3728360051298355e-06
5013,-3.386322062111663e-06
5014,-3.3998079556846735e-06
5015,-3.4132934851008236e-06
5016,-3.4267784488983933e-06
5017,-3.4402626449026766e-06
5018,-3.4537458702264096e-06
5019,-3.4672279212703445e-06
5020,-3.4807085937239317e-06
5021,-3.494187682565786e-06
5022,-3.5076649820644225e-06
5023,-3.521140285778789e-06
5024,-3.5346133865588813e-06
5025,-3.548084076546487e-06
5026,-3.5615521471757365e-06
5027,-3.5750173891738645e-06
5028,-3.588479592561853e-06
5029,-3.601938546655131e-06
5030,-3.615394040064307e-06
5031,-3.628845860695844e-06
5032,-3.6422937957528957e-06
5033,-3.6557376317359203e-06
5034,-3.669177154443623e-06
5035,-3.6826121489735654e-06
5036,-3.6960423997230667e-06
5037,-3.709467690389987e-06
5038,-3.7228878039734982e-06
5039,-3.736302522775e-06
5040,-3.7497116283989166e-06
5041,-3.763114901753581e-06
5042,-3.7765121230520614e-06
5043,-3.7899030718131327e-06
5044,-3.803287526862106e-06
5045,-3.8166652663318e-06
5046,-3.830036067663443e-06
5047,-3.84339970760758e-06
5048,-3.856755962225152e-06
5049,-3.870104606888311e-06
5050,-3.883445416281525e-06
5051,-3.896778164402582e-06
5052,-3.910102624563479e-06
5053,-3.923418569391616e-06
5054,-3.936725770830681e-06
5055,-3.950024000141869e-06
5056,-3.963313027904776e-06
5057,-3.976592624018688e-06
5058,-3.989862557703506e-06
5059,-4.003122597500927e-06
5060,-4.016372511275611e-06
5061,-4.029612066216222e-06
5062,-4.042841028836748e-06
5063,-4.056059164977481e-06
5064,-4.069266239806353e-06
5065,-4.082462017820093e-06
5066,-4.095646262845366e-06
5067,-4.1088187380401455e-06
5068,-4.121979205894833e-06
5069,-4.135127428233619e-06
5070,-4.148263166215636e-06
5071,-4.161386180336364e-06
5072,-4.174496230428907e-06
5073,-4.187593075665216e-06
5074,-4.200676474557608e-06
5075,-4.213746184959885e-06
5076,-4.226801964068909e-06
5077,-4.239843568425825e-06
5078,-4.252870753917549e-06
5079,-4.26588327577816e-06
5080,-4.278880888590253e-06
5081,-4.291863346286476e-06
5082,-4.304830402150877e-06
5083,-4.317781808820508e-06
5084,-4.330717318286741e-06
5085,-4.343636681896936e-06
5086,-4.356539650355839e-06
5087,-4.369425973727115e-06
5088,-4.3822954014349625e-06
5089,-4.395147682265583e-06
5090,-4.407982564368857e-06
5091,-4.420799795259821e-06
5092,-4.433599121820375e-06
5093,-4.446380290300841e-06
5094,-4.4591430463215725e-06
5095,-4.471887134874698e-06
5096,-4.484612300325692e-06
5097,-4.49731828641514e-06
5098,-4.510004836260383e-06
5099,-4.522671692357181e-06
5100,-4.535318596581587e-06
5101,-4.547945290191524e-06
5102,-4.560551513828699e-06
5103,-4.573137007520236e-06
5104,-4.585701510680559e-06
5105,-4.598244762113202e-06
5106,-4.61076650001253e-06
5107,-4.623266461965705e-06
5108,-4.635744384954443e-06
5109,-4.648200005356958e-06
5110,-4.66063305894976e-06
5111,-4.673043280909625e-06
5112,-4.685430405815509e-06
5113,-4.697794167650436e-06
5114,-4.710134299803484e-06
5115,-4.72245053507171e-06
5116,-4.734742605662199e-06
5117,-4.747010243193949e-06
5118,-4.759253178700015e-06
5119,-4.77147114262947e-06
5120,-4.7836638648493824e-06
5121,-4.79583107464703e-06
5122,-4.807972500731794e-06
5123,-4.820087871237438e-06
5124,-4.832176913724052e-06
5125,-4.8442393551802925e-06
5126,-4.856274922025492e-06
5127,-4.868283340111726e-06
5128,-4.880264334726161e-06
5129,-4.892217630593054e-06
5130,-4.904142951876116e-06
5131,-4.916040022180619e-06
5132,-4.9279085645557095e-06
5133,-4.939748301496645e-06
5134,-4.951558954947005e-06
5135,-4.963340246301063e-06
5136,-4.97509189640603e-06
5137,-4.986813625564447e-06
5138,-4.998505153536387e-06
5139,-5.010166199541945e-06
5140,-5.021796482263579e-06
5141,-5.033395719848385e-06
5142,-5.044963629910674e-06
5143,-5.056499929534217e-06
5144,-5.068004335274834e-06
5145,-5.079476563162715e-06
5146,-5.090916328704969e-06
5147,-5.10232334688811e-06
5148,-5.1136973321804925e-06
5149,-5.125037998534902e-06
5150,-5.136345059391028e-06
5151,-5.1476182276780895e-06
5152,-5.158857215817287e-06
5153,-5.17006173572453e-06
5154,-5.18123149881295e-06
5155,-5.192366215995489e-06
5156,-5.203465597687645e-06
5157,-5.214529353809992e-06
5158,-5.22555719379099e-06
5159,-5.236548826569502e-06
5160,-5.247503960597664e-06
5161,-5.2584223038435275e-06
5162,-5.2693035637937215e-06
5163,-5.280147447456362e-06
5164,-5.2909536613636585e-06
5165,-5.3017219115748634e-06
5166,-5.312451903678903e-06
5167,-5.3231433427973475e-06
5168,-5.333795933587181e-06
5169,-5.344409380243601e-06
5170,-5.354983386503039e-06
5171,-5.365517655645841e-06
5172,-5.376011890499388e-06
5173,-5.386465793440874e-06
5174,-5.39687906640027e-06
5175,-5.40725141086334e-06
5176,-5.417582527874508e-06
5177,-5.427872118039981e-06
5178,-5.438119881530608e-06
5179,-5.448325518085037e-06
5180,-5.458488727012707e-06
5181,-5.46860920719681e-06
5182,-5.478686657097562e-06
5183,-5.488720774755103e-06
5184,-5.49871125779275e-06
5185,-5.508657803419984e-06
5186,-5.518560108435758e-06
5187,-5.528417869231542e-06
5188,-5.5382307817944825e-06
5189,-5.54799854171072e-06
5190,-5.557720844168448e-06
5191,-5.567397383961299e-06
5192,-5.577027855491442e-06
5193,-5.586611952772943e-06
5194,-5.596149369435051e-06
5195,-5.605639798725402e-06
5196,-5.6150829335134575e-06
5197,-5.62447846629369e-06
5198,-5.633826089189133e-06
5199,-5.6431254939545175e-06
5200,-5.652376371979843e-06
5201,-5.661578414293706e-06
5202,-5.670731311566662e-06
5203,-5.679834754114808e-06
5204,-5.68888843190303e-06
5205,-5.69789203454872e-06
5206,-5.706845251325006e-06
5207,-5.715747771164487e-06
5208,-5.7245992826626135e-06
5209,-5.733399474081249e-06
5210,-5.742148033352283e-06
5211,-5.750844648081109e-06
5212,-5.759489005550347e-06
5213,-5.7680807927233e-06
5214,-5.7766196962477175e-06
5215,-5.785105402459396e-06
5216,-5.793537597385716e-06
5217,-5.801915966749568e-06
5218,-5.810240195972776e-06
5219,-5.818509970180066e-06
5220,-5.826724974202546e-06
5221,-5.834884892581689e-06
5222,-5.8429894095729405e-06
5223,-5.851038209149511e-06
5224,-5.859030975006285e-06
5225,-5.8669673905634865e-06
5226,-5.874847138970683e-06
5227,-5.88266990311042e-06
5228,-5.890435365602316e-06
5229,-5.8981432088068424e-06
5230,-5.905793114829137e-06
5231,-5.913384765523142e-06
5232,-5.920917842495306e-06
5233,-5.9283920271087275e-06
5234,-5.935807000486981e-06
5235,-5.943162443518237e-06
5236,-5.950458036859201e-06
5237,-5.957693460939082e-06
5238,-5.964868395963802e-06
5239,-5.971982521919804e-06
5240,-5.979035518578415e-06
5241,-5.986027065499704e-06
5242,-5.9929568420367155e-06
5243,-5.999824527339619e-06
5244,-6.006629800359682e-06
5245,-6.013372339853675e-06
5246,-6.020051824387832e-06
5247,-6.026667932342209e-06
5248,-6.033220341914836e-06
5249,-6.03970873112589e-06
5250,-6.046132777822065e-06
5251,-6.052492159680686e-06
5252,-6.058786554214194e-06
5253,-6.065015638774205e-06
5254,-6.071179090556058e-06
5255,-6.07727658660302e-06
5256,-6.083307803810585e-06
5257,-6.089272418931027e-06
5258,-6.095170108577579e-06
5259,-6.1010005492290605e-06
5260,-6.106763417234037e-06
5261,-6.112458388815469e-06
5262,-6.118085140075119e-06
5263,-6.123643346997895e-06
5264,-6.129132685456562e-06
5265,-6.134552831216002e-06
5266,-6.139903459937997e-06
5267,-6.145184247185482e-06
5268,-6.150394868427349e-06
5269,-6.155534999042959e-06
5270,-6.160604314326568e-06
5271,-6.165602489492191e-06
5272,-6.170529199678024e-06
5273,-6.175384119951203e-06
5274,-6.180166925312392e-06
5275,-6.184877290700507e-06
5276,-6.189514890997436e-06
5277,-6.194079401032609e-06
5278,-6.19857049558791e-06
5279,-6.20298784940225e-06
5280,-6.207331137176494e-06
5281,-6.211600033578066e-06
5282,-6.2157942132458885e-06
5283,-6.219913350795155e-06
5284,-6.223957120822032e-06
5285,-6.227925197908712e-06
5286,-6.231817256628095e-06
5287,-6.235632971548833e-06
5288,-6.239372017240021e-06
5289,-6.243034068276304e-06
5290,-6.246618799242706e-06
5291,-6.250125884739535e-06
5292,-6.25355499938749e-06
5293,-6.256905817832451e-06
5294,-6.260178014750681e-06
5295,-6.2633712648535856e-06
5296,-6.2664852428930096e-06
5297,-6.269519623666101e-06
5298,-6.272474082020392e-06
5299,-6.275348292858995e-06
5300,-6.278141931145516e-06
5301,-6.2808546719093024e-06
5302,-6.2834861902504805e-06
5303,-6.286036161345219e-06
5304,-6.288504260450783e-06
5305,-6.290890162910676e-06
5306,-6.293193544160019e-06
5307,-6.295414079730447e-06
5308,-6.297551445255703e-06
5309,-6.299605316476582e-06
5310,-6.301575369246338e-06
5311,-6.303461279535963e-06
5312,-6.305262723439339e-06
5313,-6.306979377178713e-06
5314,-6.308610917109876e-06
5315,-6.310157019727652e-06
5316,-6.311617361671071e-06
5317,-6.312991619728925e-06
5318,-6.314279470845011e-06
5319,-6.315480592123542e-06
5320,-6.3165946608347115e-06
5321,-6.317621354419929e-06
5322,-6.318560350497393e-06
5323,-6.319411326867599e-06
5324,-6.320173961518568e-06
5325,-6.320847932631682e-06
5326,-6.321432918586955e-06
5327,-6.321928597968696e-06
5328,-6.3223346495709225e-06
5329,-6.322650752403091e-06
5330,-6.3228765856954735e-06
5331,-6.3230118289048866e-06
5332,-6.32305616172033e-06
5333,-6.323009264068408e-06
5334,-6.322870816119264e-06
5335,-6.322640498291853e-06
5336,-6.322317991260012e-06
5337,-6.321902975957892e-06
5338,-6.321395133585662e-06
5339,-6.320794145615371e-06
5340,-6.320099693796521e-06
5341,-6.319311460161886e-06
5342,-6.31842912703326e-06
5343,-6.31745237702724e-06
5344,-6.316380893061053e-06
5345,-6.315214358358203e-06
5346,-6.313952456454566e-06
5347,-6.312594871203855e-06
5348,-6.311141286783849e-06
5349,-6.309591387702005e-06
5350,-6.307944858801446e-06
5351,-6.306201385266868e-06
5352,-6.3043606526302596e-06
5353,-6.302422346777156e-06
5354,-6.3003861539522445e-06
5355,-6.298251760765604e-06
5356,-6.296018854198401e-06
5357,-6.293687121609152e-06
5358,-6.2912562507394425e-06
5359,-6.288725929720138e-06
5360,-6.286095847077371e-06
5361,-6.283365691738474e-06
5362,-6.280535153038206e-06
5363,-6.277603920724667e-06
5364,-6.274571684965424e-06
5365,-6.271438136353723e-06
5366,-6.26820296591438e-06
5367,-6.26486586511015e-06
5368,-6.2614265258476905e-06
5369,-6.257884640483748e-06
5370,-6.254239901831349e-06
5371,-6.250492003166055e-06
5372,-6.246640638232051e-06
5373,-6.242685501248334e-06
5374,-6.238626286915106e-06
5375,-6.2344626904197135e-06
5376,-6.230194407443265e-06
5377,-6.225821134166597e-06
5378,-6.221342567276699e-06
5379,-6.216758403973012e-06
5380,-6.212068341973611e-06
5381,-6.207272079521633e-06
5382,-6.202369315391562e-06
5383,-6.197359748895648e-06
5384,-6.192243079890109e-06
5385,-6.187019008781726e-06
5386,-6.181687236533983e-06
5387,-6.176247464673585e-06
5388,-6.170699395296958e-06
5389,-6.165042731076474e-06
5390,-6.15927717526709e-06
5391,-6.1534024317126125e-06
5392,-6.147418204852251e-06
5393,-6.1413241997271526e-06
5394,-6.135120121986737e-06
5395,-6.128805677895356e-06
5396,-6.122380574338678e-06
5397,-6.115844518830335e-06
5398,-6.1091972195183055e-06
5399,-6.102438385191557e-06
5400,-6.0955677252866904e-06
5401,-6.088584949894335e-06
5402,-6.08148976976588e-06
5403,-6.074281896320015e-06
5404,-6.066961041649251e-06
5405,-6.059526918526793e-06
5406,-6.051979240412887e-06
5407,-6.044317721461691e-06
5408,-6.0365420765277975e-06
5409,-6.0286520211729174e-06
5410,-6.0206472716726175e-06
5411,-6.012527545023023e-06
5412,-6.004292558947495e-06
5413,-5.995942031903246e-06
5414,-5.987475683088328e-06
5415,-5.978893232447968e-06
5416,-5.970194400681799e-06
5417,-5.961378909250231e-06
5418,-5.952446480381448e-06
5419,-5.9433968370781185e-06
5420,-5.934229703124177e-06
5421,-5.924944803091601e-06
5422,-5.91554186234732e-06
5423,-5.906020607060038e-06
5424,-5.896380764206961e-06
5425,-5.8866220615807935e-06
5426,-5.87674422779644e-06
5427,-5.866746992297983e-06
5428,-5.856630085365627e-06
5429,-5.8463932381223944e-06
5430,-5.836036182541229e-06
5431,-5.825558651451786e-06
5432,-5.814960378547314e-06
5433,-5.804241098391803e-06
5434,-5.793400546426673e-06
5435,-5.782438458977944e-06
5436,-5.771354573262976e-06
5437,-5.76014862739774e-06
5438,-5.7488203604033606e-06
5439,-5.737369512213608e-06
5440,-5.725795823681592e-06
5441,-5.714099036586797e-06
5442,-5.702278893642275e-06
5443,-5.690335138501334e-06
5444,-5.678267515765017e-06
5445,-5.666075770988804e-06
5446,-5.653759650689858e-06
5447,-5.641318902354043e-06
5448,-5.628753274442942e-06
5449,-5.616062516400966e-06
5450,-5.603246378662509e-06
5451,-5.590304612659042e-06
5452,-5.577236970826145e-06
5453,-5.564043206610707e-06
5454,-5.550723074478084e-06
5455,-5.5372763299189735e-06
5456,-5.523702729456984e-06
5457,-5.510002030655446e-06
5458,-5.4961739921247795e-06
5459,-5.482218373529527e-06
5460,-5.46813493559553e-06
5461,-5.453923440117282e-06
5462,-5.43958364996494e-06
5463,-5.4251153290916455e-06
5464,-5.410518242540618e-06
5465,-5.395792156452564e-06
5466,-5.380936838072547e-06
5467,-5.36595205575766e-06
5468,-5.350837578983999e-06
5469,-5.33559317835391e-06
5470,-5.320218625603376e-06
5471,-5.30471369360915e-06
5472,-5.289078156396004e-06
5473,-5.273311789144191e-06
5474,-5.257414368196531e-06
5475,-5.241385671065824e-06
5476,-5.225225476442078e-06
5477,-5.208933564199742e-06
5478,-5.192509715405178e-06
5479,-5.175953712323902e-06
5480,-5.159265338427897e-06
5481,-5.1424443784028895e-06
5482,-5.125490618155833e-06
5483,-5.108403844821937e-06
5484,-5.091183846772456e-06
5485,-5.073830413621654e-06
5486,-5.05634333623437e-06
5487,-5.038722406733341e-06
5488,-5.020967418506526e-06
5489,-5.003078166214409e-06
5490,-4.985054445797567e-06
5491,-4.966896054483974e-06
5492,-4.948602790796277e-06
5493,-4.9301744545593515e-06
5494,-4.911610846907695e-06
5495,-4.892911770292509e-06
5496,-4.874077028489638e-06
5497,-4.855106426606551e-06
5498,-4.835999771089987e-06
5499,-4.816756869733314e-06
5500,-4.797377531683795e-06
5501,-4.777861567450347e-06
5502,-4.758208788910693e-06
5503,-4.73841900931895e-06
5504,-4.718492043312973e-06
5505,-4.698427706921977e-06
5506,-4.678225817573593e-06
5507,-4.6578861941018485e-06
5508,-4.637408656754269e-06
5509,-4.6167930271994185e-06
5510,-4.59603912853442e-06
5511,-4.5751467852923825e-06
5512,-4.554115823449748e-06
5513,-4.532946070434007e-06
5514,-4.511637355131038e-06
5515,-4.490189507892601e-06
5516,-4.468602360543841e-06
5517,-4.446875746390601e-06
5518,-4.4250095002272125e-06
5519,-4.403003458343797e-06
5520,-4.38085745853376e-06
5521,-4.358571340101334e-06
5522,-4.3361449438691235e-06
5523,-4.313578112185298e-06
5524,-4.290870688931571e-06
5525,-4.268022519530336e-06
5526,-4.2450334509523446e-06
5527,-4.2219033317240926e-06
5528,-4.198632011935505e-06
5529,-4.175219343247106e-06
5530,-4.151665178897923e-06
5531,-4.127969373712791e-06
5532,-4.104131784109828e-06
5533,-4.0801522681081555e-06
5534,-4.056030685334977e-06
5535,-4.031766897033625e-06
5536,-4.007360766070758e-06
5537,-3.982812156943891e-06
5538,-3.958120935789019e-06
5539,-3.93328697038806e-06
5540,-3.9083101301762434e-06
5541,-3.883190286249907e-06
5542,-3.857927311373814e-06
5543,-3.83252107998871e-06
5544,-3.8069714682188157e-06
5545,-3.7812783538794585e-06
5546,-3.7554416164842316e-06
5547,-3.7294611372530003e-06
5548,-3.7033367991190987e-06
5549,-3.677068486736868e-06
5550,-3.6506560864893286e-06
5551,-3.6240994864952807e-06
5552,-3.597398576617367e-06
5553,-3.5705532484691796e-06
5554,-3.5435633954228996e-06
5555,-3.5164289126167808e-06
5556,-3.489149696962693e-06
5557,-3.4617256471533864e-06
5558,-3.4341566636703416e-06
5559,-3.4064426487910596e-06
5560,-3.378583506596536e-06
5561,-3.3505791429788284e-06
5562,-3.322429465648562e-06
5563,-3.2941343841421153e-06
5564,-3.265693809829602e-06
5565,-3.237107655921949e-06
5566,-3.208375837478549e-06
5567,-3.1794982714147264e-06
5568,-3.150474876508958e-06
5569,-3.1213055734107613e-06
5570,-3.0919902846478236e-06
5571,-3.0625289346336086e-06
5572,-3.0329214496747198e-06
5573,-3.003167757978513e-06
5574,-2.973267789660138e-06
5575,-2.9432214767505297e-06
5576,-2.9130287532034953e-06
5577,-2.8826895549031823e-06
5578,-2.852203819671584e-06
5579,-2.821571487275969e-06
5580,-2.790792499436051e-06
5581,-2.759866799831785e-06
5582,-2.728794334110546e-06
5583,-2.6975750498945657e-06
5584,-2.6662088967883845e-06
5585,-2.6346958263859995e-06
5586,-2.6030357922786206e-06
5587,-2.5712287500618456e-06
5588,-2.5392746573430008e-06
5589,-2.507173473748607e-06
5590,-2.47492516093176e-06
5591,-2.442529682579164e-06
5592,-2.4099870044190044e-06
5593,-2.3772970942279064e-06
5594,-2.3444599218384177e-06
5595,-2.311475459146268e-06
5596,-2.2783436801178273e-06
5597,-2.2450645607970797e-06
5598,-2.2116380793133678e-06
5599,-2.178064215888456e-06
5600,-2.144342952843808e-06
5601,-2.1104742746079643e-06
5602,-2.0764581677238078e-06
5603,-2.04229462085558e-06
5604,-2.007983624796596e-06
5605,-1.973525172476154e-06
5606,-1.9389192589669092e-06
5607,-1.9041658814921305e-06
5608,-1.8692650394326625e-06
5609,-1.8342167343345728e-06
5610,-1.7990209699160748e-06
5611,-1.7636777520748065e-06
5612,-1.7281870888949835e-06
5613,-1.692548990654713e-06
5614,-1.6567634698327963e-06
5615,-1.6208305411164155e-06
5616,-1.584750221407919e-06
5617,-1.548522529832087e-06
5618,-1.512147487743245e-06
5619,-1.4756251187324457e-06
5620,-1.4389554486342977e-06
5621,-1.40213850553452e-06
5622,-1.3651743197767245e-06
5623,-1.328062923969583e-06
5624,-1.2908043529939471e-06
5625,-1.2533986440096188e-06
5626,-1.2158458364628522e-06
5627,-1.1781459720930952e-06
5628,-1.1402990949400607e-06
5629,-1.10230525135077e-06
5630,-1.064164489986626e-06
5631,-1.0258768618300423e-06
5632,-9.874424201919699e-07
5633,-9.488612207184838e-07
5634,-9.101333213978454e-07
5635,-8.712587825674254e-07
5636,-8.322376669207289e-07
5637,-7.930700395139606e-07
5638,-7.537559677734333e-07
5639,-7.142955215021314e-07
5640,-6.746887728866501e-07
5641,-6.349357965041642e-07
5642,-5.950366693289075e-07
5643,-5.549914707395481e-07
5644,-5.148002825256513e-07
5645,-4.744631888945661e-07
5646,-4.3398027647823583e-07
5647,-3.933516343400448e-07
5648,-3.52577353981245e-07
5649,-3.1165752934822087e-07
5650,-2.705922568388833e-07
5651,-2.2938163530946863e-07
5652,-1.8802576608124384e-07
5653,-1.465247529472887e-07
5654,-1.0487870217880928e-07
5655,-6.308772253233417e-08
5656,-2.1151925255997304e-08
5657,2.092857590374296e-08
5658,6.315366469540498e-08
5659,1.0552322235624767e-07
5660,1.4803712760515366e-07
5661,1.9069525663642438e-07
5662,2.3349748311314814e-07
5663,2.7644367816066665e-07
5664,3.195337103599768e-07
5665,3.627674457415974e-07
5666,4.061447477785434e-07
5667,4.4966547738023423e-07
5668,4.93329492885954e-07
5669,5.371366500584325e-07
5670,5.810868020773394e-07
5671,6.251797995332675e-07
5672,6.694154904208099e-07
5673,7.137937201325637e-07
5674,7.583143314527273e-07
5675,8.029771645506581e-07
5676,8.477820569749793e-07
5677,8.927288436467185e-07
5678,9.378173568534399e-07
5679,9.830474262428988e-07
5680,1.0284188788168191e-06
5681,1.0739315389246115e-06
5682,1.1195852282575489e-06
5683,1.165379765842064e-06
5684,1.2113149680339536e-06
5685,1.2573906485121942e-06
5686,1.303606618272826e-06
5687,1.3499626856227643e-06
5688,1.3964586561741485e-06
5689,1.4430943328377033e-06
5690,1.489869515817125e-06
5691,1.5367840026029647e-06
5692,1.5838375879666821e-06
5693,1.6310300639545744e-06
5694,1.6783612198822137e-06
5695,1.7258308423280014e-06
5696,1.773438715127624e-06
5697,1.8211846193681127e-06
5698,1.8690683333819011e-06
5699,1.9170896327413617e-06
5700,1.9652482902524674e-06
5701,2.013544075949362e-06
5702,2.0619767570885575e-06
5703,2.110546098143132e-06
5704,2.1592518607970056e-06
5705,2.2080938039395884e-06
5706,2.2570716836595382e-06
5707,2.306185253239554e-06
5708,2.3554342631506154e-06
5709,2.404818461046443e-06
5710,2.454337591757766e-06
5711,2.5039913972872497e-06
5712,2.553779616803357e-06
5713,2.6037019866352255e-06
5714,2.6537582402671483e-06
5715,2.7039481083329933e-06
5716,2.754271318611215e-06
5717,2.80472759601884e-06
5718,2.855316662606526e-06
5719,2.9060382375531116e-06
5720,2.95689203716027e-06
5721,3.0078777748471935e-06
5722,3.05899516114564e-06
5723,3.1102439036941994e-06
5724,3.161623707233369e-06
5725,3.2131342736003807e-06
5726,3.2647753017239994e-06
5727,3.3165464876192473e-06
5728,3.3684475243827893e-06
5729,3.4204781021871906e-06
5730,3.4726379082763274e-06
5731,3.5249266269601925e-06
5732,3.577343939609887e-06
5733,3.6298895246530144e-06
5734,3.6825630575681175e-06
5735,3.7353642108802593e-06
5736,3.788292654155919e-06
5737,3.8413480539982915e-06
5738,3.894530074042209e-06
5739,3.947838374949893e-06
5740,4.001272614405512e-06
5741,4.054832447110828e-06
5742,4.108517524780475e-06
5743,4.162327496137206e-06
5744,4.216262006907223e-06
5745,4.270320699815851e-06
5746,4.324503214582485e-06
5747,4.3788091879163735e-06
5748,4.433238253511957e-06
5749,4.487790042044355e-06
5750,4.542464181165232e-06
5751,4.597260295497844e-06
5752,4.652178006632932e-06
5753,4.707216933124361e-06
5754,4.762376690484764e-06
5755,4.817656891181037e-06
5756,4.873057144630623e-06
5757,4.928577057196496e-06
5758,4.984216232183539e-06
5759,5.0399742698341044e-06
5760,5.095850767323961e-06
5761,5.1518453187581e-06
5762,5.207957515166926e-06
5763,5.264186944501807e-06
5764,5.320533191631259e-06
5765,5.376995838337047e-06
5766,5.43357446330998e-06
5767,5.490268642146537e-06
5768,5.547077947344328e-06
5769,5.604001948298586e-06
5770,5.661040211298419e-06
5771,5.718192299522818e-06
5772,5.775457773037043e-06
5773,5.832836188789168e-06
5774,5.890327100605827e-06
5775,5.947930059189054e-06
5776,6.0056446121124565e-06
5777,6.063470303817808e-06
5778,6.121406675611241e-06
5779,6.179453265660322e-06
5780,6.237609608989902e-06
5781,6.2958752374790446e-06
5782,6.354249679857706e-06
5783,6.412732461703151e-06
5784,6.471323105436808e-06
5785,6.5300211303211216e-06
5786,6.588826052455953e-06
5787,6.647737384775638e-06
5788,6.706754637045693e-06
5789,6.765877315859741e-06
5790,6.825104924636633e-06
5791,6.8844369636169805e-06
5792,6.9438729298603585e-06
5793,7.003412317242398e-06
5794,7.0630546164517336e-06
5795,7.122799314987009e-06
5796,7.1826458971545035e-06
5797,7.242593844064588e-06
5798,7.302642633629472e-06
5799,7.362791740560199e-06
5800,7.423040636364089e-06
5801,7.48338878934197e-06
5802,7.5438356645857405e-06
5803,7.604380723975489e-06
5804,7.665023426177075e-06
5805,7.725763226639767e-06
5806,7.786599577593388e-06
5807,7.847531928046603e-06
5808,7.908559723783716e-06
5809,7.96968240736276e-06
5810,8.030899418113195e-06
5811,8.092210192133475e-06
5812,8.153614162288929e-06
5813,8.215110758209763e-06
5814,8.27669940628852e-06
5815,8.33837952967829e-06
5816,8.400150548290474e-06
5817,8.462011878792983e-06
5818,8.52396293460788e-06
5819,8.58600312591019e-06
5820,8.64813185962506e-06
5821,8.71034853942659e-06
5822,8.77265256573587e-06
5823,8.835043335718949e-06
5824,8.897520243285791e-06
5825,8.960082679087752e-06
5826,9.022730030516598e-06
5827,9.08546168170252e-06
5828,9.14827701351292e-06
5829,9.211175403550644e-06
5830,9.27415622615282e-06
5831,9.33721885238916e-06
5832,9.400362650060634e-06
5833,9.463586983698375e-06
5834,9.526891214562169e-06
5835,9.590274700639275e-06
5836,9.65373679664361e-06
5837,9.717276854013897e-06
5838,9.780894220913155e-06
5839,9.844588242227372e-06
5840,9.908358259564637e-06
5841,9.972203611254246e-06
5842,1.0036123632345567e-05
5843,1.010011765460733e-05
5844,1.0164185006526747e-05
5845,1.0228325013308861e-05
5846,1.0292536996875524e-05
5847,1.0356820275865331e-05
5848,1.042117416563231e-05
5849,1.0485597978245612e-05
5850,1.0550091022489143e-05
5851,1.0614652603860797e-05
5852,1.0679282024572138e-05
5853,1.0743978583548257e-05
5854,1.0808741576426914e-05
5855,1.0873570295558716e-05
5856,1.0938464030006491e-05
5857,1.100342206554536e-05
5858,1.106844368466264e-05
5859,1.1133528166557482e-05
5860,1.1198674787140868e-05
5861,1.1263882819035835e-05
5862,1.1329151531577372e-05
5863,1.1394480190812262e-05
5864,1.1459868059499993e-05
5865,1.1525314397112e-05
5866,1.1590818459832586e-05
5867,1.1656379500558821e-05
5868,1.1721996768901252e-05
5869,1.1787669511183958e-05
5870,1.1853396970445332e-05
5871,1.1919178386438276e-05
5872,1.1985012995630803e-05
5873,1.2050900031206894e-05
5874,1.2116838723066737e-05
5875,1.2182828297827763e-05
5876,1.2248867978825511e-05
5877,1.2314956986113871e-05
5878,1.2381094536466478e-05
5879,1.2447279843377344e-05
5880,1.2513512117061923e-05
5881,1.257979056445824e-05
5882,1.2646114389227678e-05
5883,1.2712482791756332e-05
5884,1.2778894969155978e-05
5885,1.2845350115265601e-05
5886,1.2911847420652158e-05
5887,1.2978386072612786e-05
5888,1.3044965255175085e-05
5889,1.3111584149099428e-05
5890,1.3178241931880066e-05
5891,1.3244937777746605e-05
5892,1.3311670857665897e-05
5893,1.3378440339343562e-05
5894,1.34452453872256e-05
5895,1.351208516250014e-05
5896,1.3578958823099423e-05
5897,1.3645865523701556e-05
5898,1.37128044157326e-05
5899,1.3779774647368266e-05
5900,1.3846775363536093e-05
5901,1.3913805705917642e-05
5902,1.3980864812950457e-05
5903,1.4047951819830331e-05
5904,1.4115065858513888e-05
5905,1.4182206057720172e-05
5906,1.4249371542933728e-05
5907,1.4316561436406543e-05
5908,1.4383774857160932e-05
5909,1.4451010920991512e-05
5910,1.4518268740468663e-05
5911,1.4585547424940285e-05
5912,1.4652846080534933e-05
5913,1.4720163810164641e-05
5914,1.4787499713527352e-05
5915,1.4854852887110617e-05
5916,1.492222242419344e-05
5917,1.4989607414850084e-05
5918,1.505700694595289e-05
5919,1.5124420101175107e-05
5920,1.5191845960994505e-05
5921,1.525928360269645e-05
5922,1.5326732100376946e-05
5923,1.539419052494635e-05
5924,1.5461657944132312e-05
5925,1.5529133422483836e-05
5926,1.5596616021374056e-05
5927,1.566410479900473e-05
5928,1.5731598810408884e-05
5929,1.5799097107455214e-05
5930,1.586659873885161e-05
5931,1.5934102750148725e-05
5932,1.6001608183744494e-05
5933,1.6069114078887228e-05
5934,1.6136619471680345e-05
5935,1.6204123395085815e-05
5936,1.6271624878928716e-05
5937,1.633912294990124e-05
5938,1.6406616631566926e-05
5939,1.647410494436494e-05
5940,1.654158690561429e-05
5941,1.66090615295186e-05
5942,1.667652782717014e-05
5943,1.6743984806554683e-05
5944,1.6811431472556166e-05
5945,1.687886682696085e-05
5946,1.6946289868462563e-05
5947,1.701369959266715e-05
5948,1.7081094992097502e-05
5949,1.7148475056198415e-05
5950,1.7215838771341462e-05
5951,1.7283185120830148e-05
5952,1.7350513084904744e-05
5953,1.741782164074782e-05
5954,1.748510976248912e-05
5955,1.7552376421211113e-05
5956,1.761962058495385e-05
5957,1.7686841218721105e-05
5958,1.775403728448509e-05
5959,1.7821207741192515e-05
5960,1.788835154476976e-05
5961,1.7955467648128877e-05
5962,1.8022555001173123e-05
5963,1.808961255080269e-05
5964,1.8156639240920614e-05
5965,1.8223634012438742e-05
5966,1.829059580328358e-05
5967,1.8357523548402254e-05
5968,1.842441617976899e-05
5969,1.8491272626390758e-05
5970,1.8558091814313714e-05
5971,1.8624872666629653e-05
5972,1.869161410348209e-05
5973,1.875831504207274e-05
5974,1.8824974396668134e-05
5975,1.8891591078605995e-05
5976,1.8958163996301985e-05
5977,1.902469205525616e-05
5978,1.909117415805991e-05
5979,1.9157609204402737e-05
5980,1.922399609107896e-05
5981,1.929033371199484e-05
5982,1.9356620958175533e-05
5983,1.9422856717771955e-05
5984,1.9489039876068152e-05
5985,1.9555169315488437e-05
5986,1.9621243915604515e-05
5987,1.9687262553142882e-05
5988,1.9753224101992428e-05
5989,1.981912743321145e-05
5990,1.98849714150355e-05
5991,1.9950754912884944e-05
5992,2.001647678937246e-05
5993,2.008213590431087e-05
5994,2.0147731114720924e-05
5995,2.021326127483914e-05
5996,2.0278725236125723e-05
5997,2.0344121847272462e-05
5998,2.040944995421086e-05
5999,2.0474708400120364e-05
6000,2.053989602543632e-05
6001,2.0605011667858266e-05
6002,2.067005416235859e-05
6003,2.0735022341190378e-05
6004,2.0799915033896207e-05
6005,2.0864731067316678e-05
6006,2.0929469265598787e-05
6007,2.0994128450204767e-05
6008,2.1058707439920755e-05
6009,2.112320505086562e-05
6010,2.1187620096499667e-05
6011,2.1251951387633798e-05
6012,2.1316197732438252e-05
6013,2.1380357936451893e-05
6014,2.1444430802591175e-05
6015,2.1508415131159447e-05
6016,2.1572309719856203e-05
6017,2.163611336378628e-05
6018,2.1699824855469417e-05
6019,2.1763442984849725e-05
6020,2.1826966539305098e-05
6021,2.1890394303656853e-05
6022,2.1953725060179653e-05
6023,2.201695758861085e-05
6024,2.2080090666160488e-05
6025,2.2143123067521348e-05
6026,2.220605356487858e-05
6027,2.2268880927919923e-05
6028,2.2331603923845794e-05
6029,2.239422131737936e-05
6030,2.245673187077687e-05
6031,2.2519134343837787e-05
6032,2.2581427493915263e-05
6033,2.264361007592666e-05
6034,2.2705680842363865e-05
6035,2.276763854330387e-05
6036,2.2829481926419776e-05
6037,2.2891209736990943e-05
6038,2.295282071791413e-05
6039,2.301431360971434e-05
6040,2.3075687150555598e-05
6041,2.3136940076251974e-05
6042,2.3198071120278717e-05
6043,2.3259079013783447e-05
6044,2.3319962485597063e-05
6045,2.3380720262245367e-05
6046,2.3441351067960087e-05
6047,2.350185362469054e-05
6048,2.356222665211499e-05
6049,2.3622468867652113e-05
6050,2.3682578986472933e-05
6051,2.3742555721512096e-05
6052,2.3802397783479905e-05
6053,2.3862103880874076e-05
6054,2.3921672719991593e-05
6055,2.398110300494075e-05
6056,2.4040393437653232e-05
6057,2.409954271789605e-05
6058,2.415854954328387e-05
6059,2.4217412609291256e-05
6060,2.4276130609264892e-05
6061,2.433470223443613e-05
6062,2.439312617393327e-05
6063,2.445140111479433e-05
6064,2.4509525741979413e-05
6065,2.4567498738383522e-05
6066,2.462531878484922e-05
6067,2.4682984560179582e-05
6068,2.4740494741150937e-05
6069,2.4797848002525852e-05
6070,2.4855043017066344e-05
6071,2.4912078455546724e-05
6072,2.4968952986766858e-05
6073,2.50256652775655e-05
6074,2.508221399283351e-05
6075,2.51385977955272e-05
6076,2.5194815346681945e-05
6077,2.5250865305425634e-05
6078,2.5306746328992132e-05
6079,2.5362457072735162e-05
6080,2.5417996190141907e-05
6081,2.547336233284687e-05
6082,2.552855415064573e-05
6083,2.5583570291509307e-05
6084,2.5638409401597663e-05
6085,2.5693070125274063e-05
6086,2.574755110511911e-05
6087,2.580185098194524e-05
6088,2.5855968394810727e-05
6089,2.5909901981034146e-05
6090,2.5963650376209162e-05
6091,2.6017212214218405e-05
6092,2.6070586127248586e-05
6093,2.6123770745805005e-05
6094,2.617676469872619e-05
6095,2.62295666131988e-05
6096,2.628217511477247e-05
6097,2.6334588827374875e-05
6098,2.638680637332652e-05
6099,2.6438826373355968e-05
6100,2.649064744661503e-05
6101,2.6542268210693897e-05
6102,2.6593687281636534e-05
6103,2.664490327395595e-05
6104,2.6695914800649824e-05
6105,2.6746720473215817e-05
6106,2.679731890166723e-05
6107,2.6847708694548723e-05
6108,2.6897888458951954e-05
6109,2.6947856800531468e-05
6110,2.6997612323520406e-05
6111,2.704715363074678e-05
6112,2.7096479323649043e-05
6113,2.71455880022925e-05
6114,2.719447826538531e-05
6115,2.7243148710294804e-05
6116,2.7291597933063658e-05
6117,2.7339824528426374e-05
6118,2.738782708982574e-05
6119,2.7435604209429167e-05
6120,2.7483154478145436e-05
6121,2.7530476485641205e-05
6122,2.7577568820357912e-05
6123,2.762443006952839e-05
6124,2.767105881919375e-05
6125,2.771745365422053e-05
6126,2.7763613158317365e-05
6127,2.78095359140523e-05
6128,2.7855220502869765e-05
6129,2.7900665505107986e-05
6130,2.7945869500016025e-05
6131,2.7990831065771442e-05
6132,2.8035548779497405e-05
6133,2.8080021217280305e-05
6134,2.8124246954187433e-05
6135,2.8168224564284433e-05
6136,2.8211952620653108e-05
6137,2.825542969540914e-05
6138,2.8298654359720135e-05
6139,2.8341625183823122e-05
6140,2.8384340737042966e-05
6141,2.8426799587810136e-05
6142,2.846900030367897e-05
6143,2.8510941451345843e-05
6144,2.8552621596667293e-05
6145,2.859403930467872e-05
6146,2.8635193139612298e-05
6147,2.867608166491582e-05
6148,2.8716703443271068e-05
6149,2.8757057036612415e-05
6150,2.879714100614559e-05
6151,2.883695391236638e-05
6152,2.887649431507952e-05
6153,2.891576077341737e-05
6154,2.8954751845859094e-05
6155,2.8993466090249605e-05
6156,2.9031902063818547e-05
6157,2.9070058323199705e-05
6158,2.9107933424449914e-05
6159,2.9145525923068743e-05
6160,2.9182834374017482e-05
6161,2.921985733173878e-05
6162,2.9256593350176154e-05
6163,2.929304098279348e-05
6164,2.9329198782594582e-05
6165,2.9365065302143248e-05
6166,2.9400639093582613e-05
6167,2.9435918708655217e-05
6168,2.9470902698722826e-05
6169,2.950558961478657e-05
6170,2.953997800750675e-05
6171,2.957406642722311e-05
6172,2.9607853423975118e-05
6173,2.964133754752193e-05
6174,2.967451734736289e-05
6175,2.9707391372757894e-05
6176,2.973995817274785e-05
6177,2.9772216296175183e-05
6178,2.9804164291704245e-05
6179,2.983580070784241e-05
6180,2.986712409296035e-05
6181,2.9898132995312938e-05
6182,2.9928825963060193e-05
6183,2.9959201544288165e-05
6184,2.9989258287029846e-05
6185,3.0018994739286215e-05
6186,3.0048409449047622e-05
6187,3.0077500964314496e-05
6188,3.0106267833118954e-05
6189,3.0134708603546025e-05
6190,3.016282182375494e-05
6191,3.0190606042000645e-05
6192,3.021805980665534e-05
6193,3.0245181666230025e-05
6194,3.0271970169396092e-05
6195,3.0298423865007018e-05
6196,3.0324541302120253e-05
6197,3.0350321030018936e-05
6198,3.0375761598233758e-05
6199,3.0400861556565077e-05
6200,3.0425619455104972e-05
6201,3.0450033844258926e-05
6202,3.047410327476848e-05
6203,3.049782629773324e-05
6204,3.052120146463301e-05
6205,3.054422732735035e-05
6206,3.056690243819307e-05
6207,3.058922534991628e-05
6208,3.061119461574538e-05
6209,3.0632808789398404e-05
6210,3.0654066425108654e-05
6211,3.0674966077647646e-05
6212,3.0695506302347564e-05
6213,3.071568565512456e-05
6214,3.0735502692501255e-05
6215,3.075495597162974e-05
6216,3.077404405031489e-05
6217,3.0792765487037235e-05
6218,3.0811118840976096e-05
6219,3.082910267203295e-05
6220,3.08467155408547e-05
6221,3.08639560088568e-05
6222,3.088082263824688e-05
6223,3.089731399204814e-05
6224,3.091342863412277e-05
6225,3.0929165129195746e-05
6226,3.094452204287825e-05
6227,3.095949794169153e-05
6228,3.0974091393090604e-05
6229,3.098830096548809e-05
6230,3.100212522827792e-05
6231,3.101556275185968e-05
6232,3.102861210766219e-05
6233,3.104127186816776e-05
6234,3.105354060693648e-05
6235,3.106541689862991e-05
6236,3.1076899319035845e-05
6237,3.108798644509224e-05
6238,3.109867685491172e-05
6239,3.1108969127805927e-05
6240,3.1118861844310236e-05
6241,3.112835358620775e-05
6242,3.113744293655443e-05
6243,3.114612847970338e-05
6244,3.1154408801329695e-05
6245,3.1162282488455185e-05
6246,3.116974812947318e-05
6247,3.117680431417343e-05
6248,3.1183449633766956e-05
6249,3.118968268091101e-05
6250,3.119550204973422e-05
6251,3.12009063358617e-05
6252,3.1205894136439934e-05
6253,3.121046405016218e-05
6254,3.121461467729395e-05
6255,3.121834461969774e-05
6256,3.1221652480858885e-05
6257,3.1224536865910815e-05
6258,3.1226996381660395e-05
6259,3.122902963661372e-05
6260,3.123063524100145e-05
6261,3.123181180680462e-05
6262,3.123255794778019e-05
6263,3.1232872279486904e-05
6264,3.123275341931084e-05
6265,3.1232199986491636e-05
6266,3.12312106021481e-05
6267,3.12297838893041e-05
6268,3.122791847291502e-05
6269,3.1225612979893115e-05
6270,3.122286603913421e-05
6271,3.121967628154367e-05
6272,3.12160423400623e-05
6273,3.121196284969312e-05
6274,3.120743644752731e-05
6275,3.1202461772770673e-05
6276,3.1197037466770056e-05
6277,3.119116217303977e-05
6278,3.1184834537288014e-05
6279,3.117805320744365e-05
6280,3.117081683368262e-05
6281,3.1163124068454633e-05
6282,3.115497356650991e-05
6283,3.114636398492596e-05
6284,3.113729398313409e-05
6285,3.112776222294678e-05
6286,3.111776736858399e-05
6287,3.110730808670049e-05
6288,3.1096383046412875e-05
6289,3.108499091932616e-05
6290,3.10731303795613e-05
6291,3.1060800103782243e-05
6292,3.104799877122275e-05
6293,3.103472506371412e-05
6294,3.1020977665712044e-05
6295,3.100675526432415e-05
6296,3.099205654933719e-05
6297,3.0976880213244675e-05
6298,3.096122495127385e-05
6299,3.094508946141372e-05
6300,3.092847244444227e-05
6301,3.09113726039539e-05
6302,3.08937886463876e-05
6303,3.087571928105382e-05
6304,3.08571632201628e-05
6305,3.083811917885212e-05
6306,3.081858587521423e-05
6307,3.0798562030324616e-05
6308,3.077804636826959e-05
6309,3.0757037616174e-05
6310,3.07355345042294e-05
6311,3.0713535765721924e-05
6312,3.069104013706021e-05
6313,3.06680463578037e-05
6314,3.064455317069069e-05
6315,3.062055932166625e-05
6316,3.059606355991067e-05
6317,3.057106463786766e-05
6318,3.0545561311272195e-05
6319,3.0519552339179524e-05
6320,3.0493036483993006e-05
6321,3.0466012511492357e-05
6322,3.043847919086281e-05
6323,3.0410435294722487e-05
6324,3.038187959915185e-05
6325,3.0352810883721748e-05
6326,3.032322793152179e-05
6327,3.029312952918953e-05
6328,3.026251446693857e-05
6329,3.02313815385874e-05
6330,3.0199729541588087e-05
6331,3.0167557277055185e-05
6332,3.013486354979397e-05
6333,3.0101647168329857e-05
6334,3.0067906944937003e-05
6335,3.0033641695666715e-05
6336,2.999885024037728e-05
6337,2.996353140276213e-05
6338,2.9927684010378838e-05
6339,2.9891306894678658e-05
6340,2.9854398891034833e-05
6341,2.98169588387723e-05
6342,2.9778985581196373e-05
6343,2.974047796562186e-05
6344,2.9701434843402425e-05
6345,2.9661855069959678e-05
6346,2.9621737504812076e-05
6347,2.9581081011604692e-05
6348,2.9539884458138154e-05
6349,2.949814671639765e-05
6350,2.945586666258301e-05
6351,2.941304317713742e-05
6352,2.9369675144776775e-05
6353,2.9325761454519455e-05
6354,2.9281300999715654e-05
6355,2.9236292678076334e-05
6356,2.9190735391703628e-05
6357,2.9144628047119283e-05
6358,2.9097969555294973e-05
6359,2.9050758831681652e-05
6360,2.900299479623869e-05
6361,2.8954676373464114e-05
6362,2.8905802492423897e-05
6363,2.8856372086781487e-05
6364,2.8806384094827695e-05
6365,2.8755837459510452e-05
6366,2.870473112846396e-05
6367,2.8653064054039167e-05
6368,2.8600835193333164e-05
6369,2.8548043508218612e-05
6370,2.8494687965374283e-05
6371,2.84407675363144e-05
6372,2.8386281197418204e-05
6373,2.833122792996045e-05
6374,2.8275606720140975e-05
6375,2.8219416559114258e-05
6376,2.8162656443019936e-05
6377,2.8105325373012227e-05
6378,2.8047422355290167e-05
6379,2.7988946401127514e-05
6380,2.792989652690238e-05
6381,2.787027175412773e-05
6382,2.7810071109481272e-05
6383,2.7749293624834883e-05
6384,2.7687938337285637e-05
6385,2.7626004289185163e-05
6386,2.7563490528169597e-05
6387,2.7500396107190292e-05
6388,2.7436720084543476e-05
6389,2.7372461523900106e-05
6390,2.7307619494336737e-05
6391,2.724219307036509e-05
6392,2.7176181331961943e-05
6393,2.710958336460019e-05
6394,2.7042398259277888e-05
6395,2.6974625112549414e-05
6396,2.690626302655514e-05
6397,2.68373111090514e-05
6398,2.676776847344128e-05
6399,2.669763423880457e-05
6400,2.6626907529927495e-05
6401,2.6555587477333757e-05
6402,2.648367321731438e-05
6403,2.641116389195751e-05
6404,2.63380586491796e-05
6405,2.6264356642754935e-05
6406,2.619005703234585e-05
6407,2.611515898353353e-05
6408,2.6039661667847953e-05
6409,2.5963564262797828e-05
6410,2.588686595190151e-05
6411,2.5809565924717095e-05
6412,2.5731663376872035e-05
6413,2.5653157510094506e-05
6414,2.5574047532242627e-05
6415,2.5494332657335597e-05
6416,2.5414012105583664e-05
6417,2.5333085103417877e-05
6418,2.5251550883521392e-05
6419,2.516940868485909e-05
6420,2.5086657752707643e-05
6421,2.5003297338686524e-05
6422,2.4919326700787923e-05
6423,2.483474510340656e-05
6424,2.4749551817370775e-05
6425,2.466374611997257e-05
6426,2.4577327294997184e-05
6427,2.4490294632754342e-05
6428,2.440264743010812e-05
6429,2.4314384990506703e-05
6430,2.4225506624013604e-05
6431,2.4136011647336965e-05
6432,2.404589938386052e-05
6433,2.3955169163673575e-05
6434,2.3863820323600743e-05
6435,2.3771852207232994e-05
6436,2.3679264164957536e-05
6437,2.3586055553987447e-05
6438,2.3492225738392854e-05
6439,2.3397774089130584e-05
6440,2.3302699984073907e-05
6441,2.3207002808043653e-05
6442,2.3110681952837815e-05
6443,2.301373681726134e-05
6444,2.291616680715698e-05
6445,2.281797133543527e-05
6446,2.271914982210379e-05
6447,2.2619701694298594e-05
6448,2.251962638631293e-05
6449,2.2418923339628427e-05
6450,2.2317592002944584e-05
6451,2.2215631832208467e-05
6452,2.211304229064561e-05
6453,2.2009822848789437e-05
6454,2.1905972984510894e-05
6455,2.1801492183049278e-05
6456,2.169637993704174e-05
6457,2.159063574655277e-05
6458,2.1484259119104906e-05
6459,2.137724956970836e-05
6460,2.1269606620890228e-05
6461,2.116132980272534e-05
6462,2.105241865286565e-05
6463,2.0942872716569503e-05
6464,2.0832691546732347e-05
6465,2.0721874703916178e-05
6466,2.061042175637858e-05
6467,2.049833228010367e-05
6468,2.0385605858830507e-05
6469,2.027224208408381e-05
6470,2.0158240555203153e-05
6471,2.0043600879372146e-05
6472,1.992832267164892e-05
6473,1.981240555499519e-05
6474,1.969584916030537e-05
6475,1.957865312643695e-05
6476,1.946081710023958e-05
6477,1.9342340736583987e-05
6478,1.9223223698392328e-05
6479,1.9103465656667258e-05
6480,1.898306629052052e-05
6481,1.8862025287203504e-05
6482,1.87403423421359e-05
6483,1.861801715893454e-05
6484,1.8495049449443755e-05
6485,1.837143893376324e-05
6486,1.8247185340278464e-05
6487,1.812228840568915e-05
6488,1.7996747875037976e-05
6489,1.7870563501740624e-05
6490,1.7743735047614287e-05
6491,1.7616262282906184e-05
6492,1.74881449863234e-05
6493,1.7359382945061564e-05
6494,1.72299759548329e-05
6495,1.7099923819896283e-05
6496,1.6969226353085428e-05
6497,1.6837883375837257e-05
6498,1.670589471822149e-05
6499,1.6573260218968947e-05
6500,1.6439979725499645e-05
6501,1.6306053093952292e-05
6502,1.6171480189212508e-05
6503,1.6036260884940736e-05
6504,1.5900395063601885e-05
6505,1.5763882616492406e-05
6506,1.5626723443769967e-05
6507,1.5488917454481108e-05
6508,1.5350464566589124e-05
6509,1.5211364707003281e-05
6510,1.5071617811606583e-05
6511,1.4931223825283298e-05
6512,1.4790182701948137e-05
6513,1.464849440457389e-05
6514,1.4506158905218697e-05
6515,1.4363176185055243e-05
6516,1.421954623439804e-05
6517,1.4075269052730766e-05
6518,1.3930344648735162e-05
6519,1.37847730403182e-05
6520,1.363855425463932e-05
6521,1.3491688328139265e-05
6522,1.3344175306566237e-05
6523,1.3196015245004732e-05
6524,1.3047208207902473e-05
6525,1.289775426909729e-05
6526,1.2747653511845569e-05
6527,1.2596906028849088e-05
6528,1.244551192228162e-05
6529,1.2293471303817322e-05
6530,1.2140784294657304e-05
6531,1.1987451025556166e-05
6532,1.1833471636850099e-05
6533,1.167884627848335e-05
6534,1.1523575110034583e-05
6535,1.136765830074475e-05
6536,1.1211096029543404e-05
6537,1.1053888485074811e-05
6538,1.0896035865725976e-05
6539,1.0737538379651655e-05
6540,1.0578396244802325e-05
6541,1.0418609688949952e-05
6542,1.0258178949713921e-05
6543,1.0097104274588486e-05
6544,9.935385920968446e-06
6545,9.773024156174827e-06
6546,9.610019257482103e-06
6547,9.44637151214379e-06
6548,9.282081217417766e-06
6549,9.117148680593413e-06
6550,8.951574219016885e-06
6551,8.785358160116338e-06
6552,8.61850084142879e-06
6553,8.451002610625194e-06
6554,8.282863825535499e-06
6555,8.114084854175184e-06
6556,7.944666074770238e-06
6557,7.774607875781866e-06
6558,7.603910655933151e-06
6559,7.432574824232711e-06
6560,7.2606008000011875e-06
6561,7.0879890128957425e-06
6562,6.914739902934399e-06
6563,6.740853920522178e-06
6564,6.566331526475299e-06
6565,6.391173192045335e-06
6566,6.2153793989450896e-06
6567,6.038950639372546e-06
6568,5.861887416034861e-06
6569,5.684190242173879e-06
6570,5.505859641589941e-06
6571,5.326896148665547e-06
6572,5.147300308390702e-06
6573,4.967072676386454e-06
6574,4.786213818928256e-06
6575,4.604724312971354e-06
6576,4.422604746172968e-06
6577,4.239855716917474e-06
6578,4.056477834339488e-06
6579,3.872471718346812e-06
6580,3.6878379996451612e-06
6581,3.502577319760973e-06
6582,3.3166903310640803e-06
6583,3.130177696792177e-06
6584,2.9430400910733597e-06
6585,2.7552781989485367e-06
6586,2.5668927163956264e-06
6587,2.3778843503517947e-06
6588,2.1882538187356323e-06
6589,1.9980018504710358e-06
6590,1.80712918550919e-06
6591,1.6156365748504413e-06
6592,1.4235247805679224e-06
6593,1.2307945758292385e-06
6594,1.0374467449180384e-06
6595,8.434820832575896e-07
6596,6.489013974311021e-07
6597,4.537055052051116e-07
6598,2.5789523555066017e-07
6599,6.147142866438073e-08
6600,-1.3556506400863476e-07
6601,-3.332133797539502e-07
6602,-5.314726445670085e-07
6603,-7.303419731305604e-07
6604,-9.298204687940869e-07
6605,-1.1299072235533338e-06
6606,-1.3306013180280395e-06
6607,-1.53190182144168e-06
6608,-1.7338077916013053e-06
6609,-1.9363182748755983e-06
6610,-2.1394323061749113e-06
6611,-2.3431489089314487e-06
6612,-2.5474670950774056e-06
6613,-2.752385865026412e-06
6614,-2.957904207651899e-06
6615,-3.164021100267703e-06
6616,-3.3707355086087632e-06
6617,-3.5780463868100335e-06
6618,-3.7859526773873994e-06
6619,-3.994453311218755e-06
6620,-4.203547207523201e-06
6621,-4.413233273842324e-06
6622,-4.623510406021619e-06
6623,-4.834377488190007e-06
6624,-5.045833392741461e-06
6625,-5.25787698031678e-06
6626,-5.470507099783447e-06
6627,-5.683722588217624e-06
6628,-5.897522270886222e-06
6629,-6.111904961226986e-06
6630,-6.326869460831825e-06
6631,-6.542414559427145e-06
6632,-6.758539034856389e-06
6633,-6.975241653062727e-06
6634,-7.192521168069906e-06
6635,-7.410376321965163e-06
6636,-7.628805844882321e-06
6637,-7.847808454982926e-06
6638,-8.067382858439612e-06
6639,-8.2875277494195e-06
6640,-8.508241810065753e-06
6641,-8.729523710481288e-06
6642,-8.951372108712561e-06
6643,-9.173785650731543e-06
6644,-9.396762970419719e-06
6645,-9.620302689552323e-06
6646,-9.844403417780665e-06
6647,-1.0069063752616526e-05
6648,-1.0294282279416828e-05
6649,-1.0520057571366007e-05
6650,-1.0746388189462093e-05
6651,-1.0973272682499334e-05
6652,-1.1200709587053378e-05
6653,-1.1428697427466462e-05
6654,-1.1657234715830843e-05
6655,-1.1886319951974206e-05
6656,-1.2115951623445436e-05
6657,-1.2346128205498252e-05
6658,-1.2576848161077197e-05
6659,-1.2808109940803658e-05
6660,-1.303991198296004e-05
6661,-1.327225271347613e-05
6662,-1.350513054591549e-05
6663,-1.3738543881460129e-05
6664,-1.3972491108897147e-05
6665,-1.4206970604605715e-05
6666,-1.4441980732541767e-05
6667,-1.4677519844226351e-05
6668,-1.4913586278730664e-05
6669,-1.5150178362663486e-05
6670,-1.5387294410158857e-05
6671,-1.562493272286168e-05
6672,-1.5863091589915645e-05
6673,-1.6101769287951294e-05
6674,-1.634096408107211e-05
6675,-1.658067422084289e-05
6676,-1.682089794627816e-05
6677,-1.7061633483828865e-05
6678,-1.7302879047370957e-05
6679,-1.754463283819447e-05
6680,-1.7786893044990455e-05
6681,-1.8029657843840247e-05
6682,-1.827292539820481e-05
6683,-1.8516693858911936e-05
6684,-1.87609613641472e-05
6685,-1.9005726039441304e-05
6686,-1.9250985997660194e-05
6687,-1.9496739338995165e-05
6688,-1.9742984150951033e-05
6689,-1.9989718508336647e-05
6690,-2.0236940473255524e-05
6691,-2.0484648095094402e-05
6692,-2.07328394105142e-05
6693,-2.0981512443441187e-05
6694,-2.1230665205056056e-05
6695,-2.1480295693785285e-05
6696,-2.173040189529271e-05
6697,-2.1980981782469284e-05
6698,-2.2232033315424712e-05
6699,-2.2483554441479596e-05
6700,-2.273554309515561e-05
6701,-2.2987997198167748e-05
6702,-2.324091465941687e-05
6703,-2.3494293374980043e-05
6704,-2.3748131228104735e-05
6705,-2.4002426089199132e-05
6706,-2.4257175815825662e-05
6707,-2.4512378252694125e-05
6708,-2.4768031231653203e-05
6709,-2.5024132571684096e-05
6710,-2.5280680078894365e-05
6711,-2.5537671546509935e-05
6712,-2.5795104754869048e-05
6713,-2.6052977471416885e-05
6714,-2.6311287450697765e-05
6715,-2.6570032434349987e-05
6716,-2.682921015110052e-05
6717,-2.7088818316758108e-05
6718,-2.7348854634208448e-05
6719,-2.76093167934094e-05
6720,-2.7870202471384364e-05
6721,-2.8131509332219107e-05
6722,-2.8393235027055357e-05
6723,-2.8655377194086806e-05
6724,-2.8917933458555364e-05
6725,-2.918090143274567e-05
6726,-2.9444278715981373e-05
6727,-2.9708062894622115e-05
6728,-2.997225154205837e-05
6729,-3.0236842218708464e-05
6730,-3.050183247201595e-05
6731,-3.076721983644516e-05
6732,-3.103300183347853e-05
6733,-3.1299175971614755e-05
6734,-3.1565739746364486e-05
6735,-3.1832690640248776e-05
6736,-3.210002612279727e-05
6737,-3.236774365054472e-05
6738,-3.2635840667029975e-05
6739,-3.2904314602794576e-05
6740,-3.317316287537973e-05
6741,-3.344238288932676e-05
6742,-3.371197203617437e-05
6743,-3.398192769445816e-05
6744,-3.425224722971049e-05
6745,-3.45229279944588e-05
6746,-3.47939673282253e-05
6747,-3.5065362557527854e-05
6748,-3.533711099587823e-05
6749,-3.560920994378308e-05
6750,-3.5881656688744857e-05
6751,-3.615444850526084e-05
6752,-3.642758265482486e-05
6753,-3.670105638592838e-05
6754,-3.6974866934060484e-05
6755,-3.724901152170975e-05
6756,-3.752348735836646e-05
6757,-3.779829164052245e-05
6758,-3.807342155167501e-05
6759,-3.8348874262327314e-05
6760,-3.862464692999106e-05
6761,-3.8900736699189896e-05
6762,-3.9177140701460446e-05
6763,-3.945385605535602e-05
6764,-3.9730879866450085e-05
6765,-4.000820922733843e-05
6766,-4.028584121764292e-05
6767,-4.056377290401597e-05
6768,-4.084200134014301e-05
6769,-4.1120523566747065e-05
6770,-4.139933661159383e-05
6771,-4.167843748949446e-05
6772,-4.195782320231125e-05
6773,-4.223749073896273e-05
6774,-4.251743707542725e-05
6775,-4.279765917475019e-05
6776,-4.3078153987047516e-05
6777,-4.335891844951227e-05
6778,-4.3639949486421e-05
6779,-4.392124400913869e-05
6780,-4.42027989161252e-05
6781,-4.4484611092942866e-05
6782,-4.476667741226152e-05
6783,-4.5048994733866166e-05
6784,-4.5331559904664675e-05
6785,-4.561436975869372e-05
6786,-4.589742111712708e-05
6787,-4.6180710788283776e-05
6788,-4.646423556763475e-05
6789,-4.674799223781168e-05
6790,-4.703197756861599e-05
6791,-4.731618831702591e-05
6792,-4.760062122720608e-05
6793,-4.7885273030517255e-05
6794,-4.8170140445523546e-05
6795,-4.8455220178003924e-05
6796,-4.8740508920960154e-05
6797,-4.902600335462735e-05
6798,-4.931170014648446e-05
6799,-4.959759595126346e-05
6800,-4.98836874109605e-05
6801,-5.016997115484678e-05
6802,-5.045644379947862e-05
6803,-5.0743101948709096e-05
6804,-5.102994219369984e-05
6805,-5.131696111293149e-05
6806,-5.1604155272216216e-05
6807,-5.189152122470983e-05
6808,-5.217905551092322e-05
6809,-5.2466754658735265e-05
6810,-5.2754615183405976e-05
6811,-5.304263358758793e-05
6812,-5.3330806361341244e-05
6813,-5.361912998214519e-05
6814,-5.390760091491229e-05
6815,-5.419621561200297e-05
6816,-5.448497051323793e-05
6817,-5.4773862045913214e-05
6818,-5.506288662481519e-05
6819,-5.535204065223384e-05
6820,-5.5641320517978455e-05
6821,-5.59307225993932e-05
6822,-5.622024326137104e-05
6823,-5.650987885637019e-05
6824,-5.679962572443033e-05
6825,-5.708948019318737e-05
6826,-5.73794385778903e-05
6827,-5.766949718141838e-05
6828,-5.795965229429636e-05
6829,-5.8249900194712e-05
6830,-5.854023714853408e-05
6831,-5.883065940932789e-05
6832,-5.9121163218375005e-05
6833,-5.941174480468905e-05
6834,-5.970240038503497e-05
6835,-5.999312616394758e-05
6836,-6.028391833374862e-05
6837,-6.057477307456658e-05
6838,-6.086568655435612e-05
6839,-6.115665492891573e-05
6840,-6.144767434190841e-05
6841,-6.17387409248813e-05
6842,-6.202985079728469e-05
6843,-6.232100006649277e-05
6844,-6.261218482782434e-05
6845,-6.290340116456266e-05
6846,-6.319464514797628e-05
6847,-6.348591283734153e-05
6848,-6.37772002799614e-05
6849,-6.406850351118949e-05
6850,-6.435981855445014e-05
6851,-6.465114142126087e-05
6852,-6.494246811125538e-05
6853,-6.523379461220479e-05
6854,-6.552511690004128e-05
6855,-6.581643093888093e-05
6856,-6.610773268104642e-05
6857,-6.639901806709063e-05
6858,-6.669028302582115e-05
6859,-6.698152347432286e-05
6860,-6.727273531798275e-05
6861,-6.756391445051497e-05
6862,-6.785505675398413e-05
6863,-6.814615809883073e-05
6864,-6.843721434389704e-05
6865,-6.872822133645106e-05
6866,-6.901917491221336e-05
6867,-6.931007089538204e-05
6868,-6.96009050986592e-05
6869,-6.989167332327757e-05
6870,-7.018237135902627e-05
6871,-7.047299498427795e-05
6872,-7.07635399660167e-05
6873,-7.105400205986374e-05
6874,-7.134437701010595e-05
6875,-7.163466054972427e-05
6876,-7.192484840041998e-05
6877,-7.221493627264422e-05
6878,-7.250491986562655e-05
6879,-7.279479486740301e-05
6880,-7.30845569548452e-05
6881,-7.337420179369084e-05
6882,-7.36637250385712e-05
6883,-7.395312233304212e-05
6884,-7.42423893096141e-05
6885,-7.453152158978164e-05
6886,-7.482051478405484e-05
6887,-7.510936449198888e-05
6888,-7.53980663022161e-05
6889,-7.568661579247676e-05
6890,-7.597500852965034e-05
6891,-7.626324006978713e-05
6892,-7.655130595814133e-05
6893,-7.683920172920174e-05
6894,-7.712692290672461e-05
6895,-7.741446500376787e-05
6896,-7.770182352272181e-05
6897,-7.79889939553434e-05
6898,-7.827597178279031e-05
6899,-7.856275247565341e-05
6900,-7.884933149399135e-05
6901,-7.913570428736518e-05
6902,-7.942186629487198e-05
6903,-7.970781294518021e-05
6904,-7.999353965656412e-05
6905,-8.027904183693922e-05
6906,-8.05643148838983e-05
6907,-8.084935418474617e-05
6908,-8.113415511653577e-05
6909,-8.141871304610576e-05
6910,-8.170302333011493e-05
6911,-8.198708131508009e-05
6912,-8.227088233741344e-05
6913,-8.25544217234585e-05
6914,-8.283769478952849e-05
6915,-8.312069684194456e-05
6916,-8.340342317707226e-05
6917,-8.368586908136077e-05
6918,-8.396802983138184e-05
6919,-8.424990069386698e-05
6920,-8.453147692574847e-05
6921,-8.481275377419663e-05
6922,-8.509372647666086e-05
6923,-8.537439026090862e-05
6924,-8.565474034506552e-05
6925,-8.593477193765566e-05
6926,-8.621448023764257e-05
6927,-8.649386043446913e-05
6928,-8.677290770809894e-05
6929,-8.705161722905879e-05
6930,-8.732998415847797e-05
6931,-8.760800364813165e-05
6932,-8.788567084048287e-05
6933,-8.816298086872405e-05
6934,-8.843992885682006e-05
6935,-8.871650991955132e-05
6936,-8.899271916255635e-05
6937,-8.926855168237516e-05
6938,-8.954400256649329e-05
6939,-8.981906689338485e-05
6940,-9.009373973255764e-05
6941,-9.036801614459667e-05
6942,-9.064189118120869e-05
6943,-9.091535988526831e-05
6944,-9.118841729086162e-05
6945,-9.146105842333213e-05
6946,-9.173327829932674e-05
6947,-9.200507192684112e-05
6948,-9.22764343052661e-05
6949,-9.254736042543416e-05
6950,-9.281784526966609e-05
6951,-9.308788381181731e-05
6952,-9.335747101732617e-05
6953,-9.362660184326006e-05
6954,-9.389527123836415e-05
6955,-9.416347414310882e-05
6956,-9.443120548973813e-05
6957,-9.469846020231809e-05
6958,-9.496523319678516e-05
6959,-9.523151938099559e-05
6960,-9.549731365477469e-05
6961,-9.576261090996584e-05
6962,-9.602740603048034e-05
6963,-9.629169389234846e-05
6964,-9.655546936376804e-05
6965,-9.681872730515559e-05
6966,-9.708146256919806e-05
6967,-9.734367000090229e-05
6968,-9.76053444376471e-05
6969,-9.786648070923514e-05
6970,-9.812707363794404e-05
6971,-9.838711803857859e-05
6972,-9.86466087185233e-05
6973,-9.890554047779476e-05
6974,-9.916390810909442e-05
6975,-9.942170639786176e-05
6976,-9.96789301223274e-05
6977,-9.99355740535675e-05
6978,-0.00010019163295555638
6979,-0.00010044710158522115
6980,-0.00010070197469249652
6981,-0.00010095624702037875
6982,-0.00010120991330498047
6983,-0.0001014629682755866
6984,-0.0001017154066547091
6985,-0.00010196722315814228
6986,-0.00010221841249501958
6987,-0.00010246896936786896
6988,-0.00010271888847266935
6989,-0.00010296816449890792
6990,-0.00010321679212963655
6991,-0.00010346476604152855
6992,-0.00010371208090493703
6993,-0.00010395873138395149
6994,-0.00010420471213645692
6995,-0.00010445001781419083
6996,-0.00010469464306280235
6997,-0.00010493858252191114
6998,-0.00010518183082516541
6999,-0.00010542438260030188
7000,-0.00010566623246920494
7001,-0.00010590737504796651
7002,-0.00010614780494694558
7003,-0.00010638751677082887
7004,-0.00010662650511869155
7005,-0.00010686476458405656
7006,-0.00010710228975495743
7007,-0.00010733907521399802
7008,-0.00010757511553841458
7009,-0.00010781040530013774
7010,-0.00010804493906585368
7011,-0.00010827871139706751
7012,-0.00010851171685016453
7013,-0.00010874394997647342
7014,-0.00010897540532232962
7015,-0.00010920607742913791
7016,-0.00010943596083343629
7017,-0.00010966505006695942
7018,-0.00010989333965670307
7019,-0.00011012082412498774
7020,-0.00011034749798952357
7021,-0.00011057335576347475
7022,-0.00011079839195552447
7023,-0.00011102260106994079
7024,-0.00011124597760664097
7025,-0.00011146851606125848
7026,-0.00011169021092520792
7027,-0.0001119110566857516
7028,-0.0001121310478260661
7029,-0.00011235017882530875
7030,-0.00011256844415868467
7031,-0.00011278583829751456
7032,-0.0001130023557093007
7033,-0.00011321799085779594
7034,-0.00011343273820307139
7035,-0.00011364659220158388
7036,-0.00011385954730624535
7037,-0.00011407159796649083
7038,-0.00011428273862834782
7039,-0.0001144929637345049
7040,-0.00011470226772438177
7041,-0.00011491064503419812
7042,-0.00011511809009704437
7043,-0.00011532459734295126
7044,-0.00011553016119895982
7045,-0.00011573477608919337
7046,-0.00011593843643492704
7047,-0.0001161411366546591
7048,-0.00011634287116418276
7049,-0.00011654363437665738
7050,-0.00011674342070268032
7051,-0.00011694222455035913
7052,-0.00011714004032538402
7053,-0.00011733686243109959
7054,-0.00011753268526857844
7055,-0.00011772750323669382
7056,-0.00011792131073219285
7057,-0.00011811410214977027
7058,-0.00011830587188214134
7059,-0.00011849661432011747
7060,-0.00011868632385267845
7061,-0.00011887499486704808
7062,-0.00011906262174876824
7063,-0.00011924919888177445
7064,-0.00011943472064847012
7065,-0.00011961918142980292
7066,-0.0001198025756053397
7067,-0.00011998489755334195
7068,-0.00012016614165084284
7069,-0.000120346302273723
7070,-0.00012052537379678682
7071,-0.00012070335059383939
7072,-0.00012088022703776409
7073,-0.0001210559975005987
7074,-0.0001212306563536136
7075,-0.00012140419796738899
7076,-0.0001215766167118934
7077,-0.00012174790695656108
7078,-0.00012191806307037062
7079,-0.0001220870794219244
7080,-0.0001222549503795255
7081,-0.00012242167031125876
7082,-0.0001225872335850684
7083,-0.0001227516345688386
7084,-0.00012291486763047277
7085,-0.00012307692713797326
7086,-0.00012323780745952226
7087,-0.00012339750296356137
7088,-0.00012355600801887244
7089,-0.00012371331699465848
7090,-0.00012386942426062482
7091,-0.00012402432418706012
7092,-0.00012417801114491755
7093,-0.0001243304795058979
7094,-0.0001244817236425294
7095,-0.00012463173792825143
7096,-0.00012478051673749622
7097,-0.0001249280544457716
7098,-0.00012507434542974368
7099,-0.00012521938406731962
7100,-0.00012536316473773186
7101,-0.0001255056818216201
7102,-0.00012564692970111583
7103,-0.000125786902759926
7104,-0.00012592559538341728
7105,-0.0001260630019586994
7106,-0.00012619911687471148
7107,-0.00012633393452230474
7108,-0.00012646744929432847
7109,-0.00012659965558571484
7110,-0.00012673054779356472
7111,-0.00012686012031723224
7112,-0.00012698836755841128
7113,-0.00012711528392122184
7114,-0.00012724086381229473
7115,-0.00012736510164085895
7116,-0.0001274879918188285
7117,-0.0001276095287608881
7118,-0.00012772970688458113
7119,-0.00012784852061039625
7120,-0.00012796596436185509
7121,-0.00012808203256559972
7122,-0.00012819671965147978
7123,-0.00012831002005264173
7124,-0.000128421928205616
7125,-0.00012853243855040554
7126,-0.00012864154553057422
7127,-0.00012874924359333699
7128,-0.00012885552718964636
7129,-0.00012896039077428358
7130,-0.0001290638288059471
7131,-0.00012916583574734211
7132,-0.00012926640606527082
7133,-0.00012936553423072142
7134,-0.00012946321471895937
7135,-0.00012955944200961655
7136,-0.00012965421058678254
7137,-0.00012974751493909466
7138,-0.00012983934955982976
7139,-0.00012992970894699373
7140,-0.00013001858760341485
7141,-0.00013010598003683333
7142,-0.00013019188075999344
7143,-0.0001302762842907359
7144,-0.0001303591851520894
7145,-0.0001304405778723624
7146,-0.00013052045698523583
7147,-0.0001305988170298563
7148,-0.00013067565255092718
7149,-0.00013075095809880283
7150,-0.00013082472822958103
7151,-0.00013089695750519625
7152,-0.00013096764049351327
7153,-0.0001310367717684206
7154,-0.0001311043459099241
7155,-0.00013117035750424117
7156,-0.00013123480114389483
7157,-0.00013129767142780726
7158,-0.0001313589629613955
7159,-0.00013141867035666472
7160,-0.00013147678823230397
7161,-0.0001315333112137811
7162,-0.00013158823393343683
7163,-0.00013164155103058113
7164,-0.00013169325715158825
7165,-0.00013174334694999185
7166,-0.0001317918150865817
7167,-0.00013183865622949894
7168,-0.00013188386505433232
7169,-0.0001319274362442144
7170,-0.00013196936448991805
7171,-0.00013200964448995258
7172,-0.0001320482709506614
7173,-0.00013208523858631796
7174,-0.00013212054211922275
7175,-0.00013215417627980198
7176,-0.00013218613580670238
7177,-0.00013221641544689105
7178,-0.0001322450099557517
7179,-0.0001322719140971828
7180,-0.00013229712264369546
7181,-0.00013232063037651247
7182,-0.00013234243208566442
7183,-0.00013236252257009003
7184,-0.00013238089663773414
7185,-0.00013239754910564537
7186,-0.00013241247480007623
7187,-0.00013242566855658185
7188,-0.00013243712522011822
7189,-0.0001324468396451423
7190,-0.00013245480669571126
7191,-0.000132461021245581
7192,-0.00013246547817830735
7193,-0.00013246817238734467
7194,-0.00013246909877614587
7195,-0.0001324682522582639
7196,-0.0001324656277574493
7197,-0.0001324612202077527
7198,-0.00013245502455362453
7199,-0.00013244703575001496
7200,-0.0001324372487624757
7201,-0.0001324256585672603
7202,-0.00013241226015142467
7203,-0.00013239704851292897
7204,-0.0001323800186607383
7205,-0.00013236116561492344
7206,-0.00013234048440676378
7207,-0.00013231797007884753
7208,-0.0001322936176851736
7209,-0.0001322674222912544
7210,-0.0001322393789742166
7211,-0.00013220948282290294
7212,-0.00013217772893797604
7213,-0.00013214411243201818
7214,-0.00013210862842963597
7215,-0.0001320712720675622
7216,-0.00013203203849475667
7217,-0.00013199092287251134
7218,-0.00013194792037455198
7219,-0.00013190302618714008
7220,-0.00013185623550917804
7221,-0.00013180754355231056
7222,-0.00013175694554102836
7223,-0.0001317044367127715
7224,-0.00013165001231803315
7225,-0.00013159366762046157
7226,-0.00013153539789696603
7227,-0.00013147519843781892
7228,-0.00013141306454675914
7229,-0.0001313489915410981
7230,-0.00013128297475182085
7231,-0.0001312150095236927
7232,-0.00013114509121536194
7233,-0.0001310732151994638
7234,-0.00013099937686272597
7235,-0.00013092357160607255
7236,-0.0001308457948447276
7237,-0.00013076604200832126
7238,-0.00013068430854099342
7239,-0.00013060058990149796
7240,-0.00013051488156330912
7241,-0.00013042717901472542
7242,-0.0001303374777589738
7243,-0.00013024577331431693
7244,-0.0001301520612141563
7245,-0.0001300563370071375
7246,-0.00012995859625725717
7247,-0.000129858834543966
7248,-0.0001297570474622763
7249,-0.00012965323062286607
7250,-0.00012954737965218478
7251,-0.0001294394901925593
7252,-0.00012932955790229958
7253,-0.00012921757845580332
7254,-0.00012910354754366312
7255,-0.00012898746087277202
7256,-0.00012886931416642827
7257,-0.00012874910316444275
7258,-0.0001286268236232443
7259,-0.0001285024713159851
7260,-0.00012837604203264804
7261,-0.0001282475315801526
7262,-0.00012811693578245934
7263,-0.00012798425048067915
7264,-0.00012784947153317741
7265,-0.00012771259481567972
7266,-0.00012757361622138123
7267,-0.00012743253166104936
7268,-0.00012728933706313337
7269,-0.00012714402837386943
7270,-0.00012699660155738674
7271,-0.00012684705259581518
7272,-0.0001266953774893918
7273,-0.0001265415722565657
7274,-0.00012638563293410732
7275,-0.00012622755557721392
7276,-0.00012606733625961471
7277,-0.0001259049710736813
7278,-0.00012574045613053135
7279,-0.00012557378756013562
7280,-0.00012540496151142668
7281,-0.0001252339741524045
7282,-0.00012506082167024245
7283,-0.00012488550027139642
7284,-0.0001247080061817095
7285,-0.00012452833564652037
7286,-0.0001243464849307699
7287,-0.00012416245031910696
7288,-0.00012397622811599705
7289,-0.00012378781464582875
7290,-0.0001235972062530196
7291,-0.0001234043993021246
7292,-0.0001232093901779426
7293,-0.00012301217528562223
7294,-0.00012281275105077062
7295,-0.00012261111391956
7296,-0.00012240726035883255
7297,-0.00012220118685621104
7298,-0.00012199288992020329
7299,-0.0001217823660803083
7300,-0.00012156961188712631
7301,-0.00012135462391246349
7302,-0.00012113739874943862
7303,-0.000120917933012592
7304,-0.00012069622333798984
7305,-0.00012047226638333335
7306,-0.000120246058828065
7307,-0.0001200175973734734
7308,-0.00011978687874280326
7309,-0.00011955389968136067
7310,-0.00011931865695661851
7311,-0.00011908114735832625
7312,-0.00011884136769861473
7313,-0.00011859931481210182
7314,-0.0001183549855560018
7315,-0.00011810837681023062
7316,-0.0001178594854775111
7317,-0.00011760830848348216
7318,-0.0001173548427768045
7319,-0.00011709908532926468
7320,-0.00011684103313588558
7321,-0.00011658068321502898
7322,-0.00011631803260850496
7323,-0.00011605307838167708
7324,-0.00011578581762356673
7325,-0.00011551624744696314
7326,-0.00011524436498852697
7327,-0.00011497016740889572
7328,-0.00011469365189279251
7329,-0.00011441481564913036
7330,-0.00011413365591111713
7331,-0.00011385016993636431
7332,-0.00011356435500699075
7333,-0.00011327620842972768
7334,-0.00011298572753602668
7335,-0.00011269290968216465
7336,-0.00011239775224934706
7337,-0.00011210025264381724
7338,-0.00011180040829695848
7339,-0.00011149821666540158
7340,-0.00011119367523112967
7341,-0.0001108867815015812
7342,-0.00011057753300975854
7343,-0.00011026592731433165
7344,-0.00010995196199974045
7345,-0.00010963563467630453
7346,-0.00010931694298032477
7347,-0.00010899588457418713
7348,-0.00010867245714647041
7349,-0.00010834665841204916
7350,-0.00010801848611219651
7351,-0.00010768793801469164
7352,-0.0001073550119139226
7353,-0.00010701970563098868
7354,-0.00010668201701380747
7355,-0.00010634194393721754
7356,-0.00010599948430308055
7357,-0.00010565463604038879
7358,-0.00010530739710536411
7359,-0.00010495776548156608
7360,-0.00010460573917999275
7361,-0.00010425131623918293
7362,-0.00010389449472532252
7363,-0.000103535272732346
7364,-0.00010317364838203714
7365,-0.00010280961982413662
7366,-0.00010244318523644117
7367,-0.00010207434282490583
7368,-0.00010170309082374902
7369,-0.00010132942749555377
7370,-0.00010095335113136805
7371,-0.00010057486005080964
7372,-0.00010019395260216758
7373,-9.981062716250113e-05
7374,-9.942488213774575e-05
7375,-9.903671596281053e-05
7376,-9.86461271016829e-05
7377,-9.825311404752889e-05
7378,-9.785767532279169e-05
7379,-9.745980947929692e-05
7380,-9.705951509835104e-05
7381,-9.66567907908407e-05
7382,-9.625163519733644e-05
7383,-9.584404698819154e-05
7384,-9.543402486364033e-05
7385,-9.502156755390178e-05
7386,-9.460667381927817e-05
7387,-9.418934245025197e-05
7388,-9.376957226758966e-05
7389,-9.334736212243955e-05
7390,-9.292271089642884e-05
7391,-9.249561750176619e-05
7392,-9.206608088133919e-05
7393,-9.163410000881134e-05
7394,-9.119967388872446e-05
7395,-9.076280155659239e-05
7396,-9.03234820790036e-05
7397,-8.988171455371702e-05
7398,-8.943749810975877e-05
7399,-8.899083190752247e-05
7400,-8.854171513886622e-05
7401,-8.809014702720671e-05
7402,-8.763612682762086e-05
7403,-8.717965382694061e-05
7404,-8.672072734384793e-05
7405,-8.625934672897472e-05
7406,-8.579551136499802e-05
7407,-8.532922066673342e-05
7408,-8.486047408123522e-05
7409,-8.438927108789036e-05
7410,-8.391561119851165e-05
7411,-8.343949395743812e-05
7412,-8.296091894162431e-05
7413,-8.247988576074072e-05
7414,-8.199639405726524e-05
7415,-8.151044350657681e-05
7416,-8.10220338170531e-05
7417,-8.05311647301626e-05
7418,-8.003783602055664e-05
7419,-7.954204749616677e-05
7420,-7.904379899829653e-05
7421,-7.854309040171218e-05
7422,-7.803992161473994e-05
7423,-7.753429257935643e-05
7424,-7.702620327127944e-05
7425,-7.651565370006396e-05
7426,-7.600264390919228e-05
7427,-7.548717397616396e-05
7428,-7.496924401259147e-05
7429,-7.44488541642868e-05
7430,-7.392600461135674e-05
7431,-7.340069556829191e-05
7432,-7.287292728405505e-05
7433,-7.234270004217563e-05
7434,-7.181001416083806e-05
7435,-7.127486999296884e-05
7436,-7.073726792633071e-05
7437,-7.019720838360964e-05
7438,-6.965469182250213e-05
7439,-6.91097187358075e-05
7440,-6.856228965151524e-05
7441,-6.80124051328903e-05
7442,-6.746006577856571e-05
7443,-6.690527222262806e-05
7444,-6.634802513470307e-05
7445,-6.578832522004648e-05
7446,-6.522617321962933e-05
7447,-6.46615699102225e-05
7448,-6.40945161044873e-05
7449,-6.352501265105666e-05
7450,-6.295306043462553e-05
7451,-6.23786603760341e-05
7452,-6.180181343235126e-05
7453,-6.122252059696338e-05
7454,-6.064078289965719e-05
7455,-6.005660140670162e-05
7456,-5.946997722093638e-05
7457,-5.88809114818534e-05
7458,-5.828940536567818e-05
7459,-5.76954600854573e-05
7460,-5.709907689113895e-05
7461,-5.650025706965375e-05
7462,-5.589900194500061e-05
7463,-5.5295312878326924e-05
7464,-5.46891912680081e-05
7465,-5.4080638549733696e-05
7466,-5.3469656196582524e-05
7467,-5.2856245719108726e-05
7468,-5.224040866541984e-05
7469,-5.1622146621254466e-05
7470,-5.1001461210066464e-05
7471,-5.0378354093102175e-05
7472,-4.975282696947728e-05
7473,-4.9124881576259786e-05
7474,-4.849451968854643e-05
7475,-4.7861743119538535e-05
7476,-4.722655372062388e-05
7477,-4.658895338145221e-05
7478,-4.594894403000973e-05
7479,-4.53065276327007e-05
7480,-4.4661706194421095e-05
7481,-4.401448175863293e-05
7482,-4.3364856407443876e-05
7483,-4.2712832261680715e-05
7484,-4.205841148096189e-05
7485,-4.140159626377755e-05
7486,-4.074238884755758e-05
7487,-4.00807915087509e-05
7488,-3.941680656289701e-05
7489,-3.875043636469646e-05
7490,-3.808168330808842e-05
7491,-3.741054982632106e-05
7492,-3.673703839202106e-05
7493,-3.606115151727013e-05
7494,-3.5382891753673936e-05
7495,-3.470226169243101e-05
7496,-3.401926396440772e-05
7497,-3.333390124020625e-05
7498,-3.264617623023222e-05
7499,-3.1956091684768864e-05
7500,-3.1263650394043535e-05
7501,-3.0568855188294294e-05
7502,-2.9871708937843837e-05
7503,-2.9172214553160707e-05
7504,-2.847037498493268e-05
7505,-2.776619322413149e-05
7506,-2.705967230207715e-05
7507,-2.6350815290509102e-05
7508,-2.5639625301649747e-05
7509,-2.4926105488267737e-05
7510,-2.4210259043747695e-05
7511,-2.3492089202152736e-05
7512,-2.2771599238286358e-05
7513,-2.2048792467761127e-05
7514,-2.1323672247059867e-05
7515,-2.059624197359638e-05
7516,-1.9866505085782798e-05
7517,-1.913446506308959e-05
7518,-1.8400125426104944e-05
7519,-1.7663489736601875e-05
7520,-1.6924561597592685e-05
7521,-1.618334465339534e-05
7522,-1.543984258969112e-05
7523,-1.4694059133581875e-05
7524,-1.3945998053654275e-05
7525,-1.31956631600362e-05
7526,-1.2443058304452679e-05
7527,-1.1688187380288864e-05
7528,-1.0931054322645046e-05
7529,-1.017166310839137e-05
7530,-9.41001775622937e-06
7531,-8.646122326745777e-06
7532,-7.879980922465764e-06
7533,-7.111597687913268e-06
7534,-6.340976809663378e-06
7535,-5.5681225163942405e-06
7536,-4.793039078946061e-06
7537,-4.015730810372043e-06
7538,-3.2362020659890048e-06
7539,-2.4544572434357675e-06
7540,-1.6705007827186154e-06
7541,-8.843371662688076e-07
7542,-9.597091899126209e-08
7543,6.945933916872408e-07
7544,1.4873511557627658e-06
7545,2.2822977206069545e-06
7546,3.0794283909202593e-06
7547,3.87873842867805e-06
7548,4.680223053084777e-06
7549,5.483877440528666e-06
7550,6.2896967245292555e-06
7551,7.097675995692987e-06
7552,7.907810301669388e-06
7553,8.720094647100027e-06
7554,9.5345239935756e-06
7555,1.0351093259593588e-05
7556,1.1169797320507829e-05
7557,1.1990631008491353e-05
7558,1.2813589112486985e-05
7559,1.3638666378166905e-05
7560,1.4465857507892846e-05
7561,1.52951571606689e-05
7562,1.6126559952102726e-05
7563,1.6960060454367176e-05
7564,1.7795653196154668e-05
7565,1.863333266263989e-05
7566,1.9473093295442936e-05
7567,2.0314929492585346e-05
7568,2.1158835608454202e-05
7569,2.2004805953766946e-05
7570,2.2852834795528877e-05
7571,2.3702916356998868e-05
7572,2.4555044817655773e-05
7573,2.540921431315651e-05
7574,2.626541893530784e-05
7575,2.71236527320256e-05
7576,2.7983909707303085e-05
7577,2.8846183821180175e-05
7578,2.9710468989704845e-05
7579,3.057675908490328e-05
7580,3.144504793475056e-05
7581,3.2315329323133865e-05
7582,3.318759698982423e-05
7583,3.406184463044866e-05
7584,3.4938065896455315e-05
7585,3.581625439508656e-05
7586,3.669640368935301e-05
7587,3.75785072980001e-05
7588,3.8462558695482936e-05
7589,3.9348551311942106e-05
7590,4.0236478533171834e-05
7591,4.1126333700596465e-05
7592,4.201811011124792e-05
7593,4.2911801017734675e-05
7594,4.380739962822461e-05
7595,4.470489910641492e-05
7596,4.560429257151183e-05
7597,4.650557309821092e-05
7598,4.7408733716669314e-05
7599,4.8313767412487327e-05
7600,4.922066712669027e-05
7601,5.01294257557027e-05
7602,5.104003615133155e-05
7603,5.19524911207498e-05
7604,5.286678342647256e-05
7605,5.378290578634172e-05
7606,5.4700850873511516e-05
7607,5.562061131642624e-05
7608,5.654217969880692e-05
7609,5.746554855963845e-05
7610,5.839071039314817e-05
7611,5.931765764879926e-05
7612,6.0246382731269826e-05
7613,6.11768780004432e-05
7614,6.210913577139758e-05
7615,6.304314831438905e-05
7616,6.397890785484272e-05
7617,6.491640657334454e-05
7618,6.585563660562646e-05
7619,6.679659004255862e-05
7620,6.773925893014388e-05
7621,6.868363526950382e-05
7622,6.962971101687386e-05
7623,7.057747808359894e-05
7624,7.152692833612133e-05
7625,7.247805359597825e-05
7626,7.343084563979856e-05
7627,7.438529619929326e-05
7628,7.534139696125408e-05
7629,7.629913956755304e-05
7630,7.7258515615133e-05
7631,7.821951665601368e-05
7632,7.918213419728287e-05
7633,8.014635970109905e-05
7634,8.111218458469381e-05
7635,8.207960022036663e-05
7636,8.304859793548915e-05
7637,8.401916901250917e-05
7638,8.499130468894833e-05
7639,8.5964996157407e-05
7640,8.694023456557114e-05
7641,8.79170110162114e-05
7642,8.889531656719044e-05
7643,8.987514223147148e-05
7644,9.085647897711897e-05
7645,9.183931772730894e-05
7646,9.282364936033838e-05
7647,9.380946470962761e-05
7648,9.479675456373637e-05
7649,9.578550966636732e-05
7650,9.677572071637869e-05
7651,9.776737836779761e-05
7652,9.876047322982746e-05
7653,9.975499586686126e-05
7654,0.00010075093679849817
7655,0.00010174828649955172
7656,0.00010274703540006634
7657,0.00010374717388533508
7658,0.00010474869229590996
7659,0.00010575158092762111
7660,0.00010675583003159583
7661,0.00010776142981427122
7662,0.00010876837043741514
7663,0.00010977664201814789
7664,0.00011078623462895538
7665,0.00011179713829771727
7666,0.00011280934300772082
7667,0.00011382283869768592
7668,0.00011483761526179023
7669,0.00011585366254968638
7670,0.00011687097036652919
7671,0.00011788952847300198
7672,0.00011890932658533759
7673,0.00011993035437534554
7674,0.00012095260147044229
7675,0.0001219760574536728
7676,0.0001230007118637411
7677,0.0001240265541950418
7678,0.00012505357389768423
7679,0.00012608176037752502
7680,0.00012711110299620156
7681,0.00012814159107115832
7682,0.0001291732138756813
7683,0.0001302059606389343
7684,0.00013123982054598577
7685,0.00013227478273785027
7686,0.0001333108363115183
7687,0.00013434797031999297
7688,0.0001353861737723308
7689,0.00013642543563367247
7690,0.00013746574482528408
7691,0.00013850709022459833
7692,0.0001395494606652482
7693,0.00014059284493711058
7694,0.00014163723178634856
7695,0.00014268260991544848
7696,0.0001437289679832647
7697,0.00014477629460506509
7698,0.00014582457835256985
7699,0.0001468738077539977
7700,0.0001479239712941154
7701,0.00014897505741427548
7702,0.0001500270545124715
7703,0.00015107995094337847
7704,0.0001521337350184041
7705,0.00015318839500573964
7706,0.0001542439191304055
7707,0.00015530029557430273
7708,0.00015635751247626762
7709,0.00015741555793211812
7710,0.00015847441999470915
7711,0.00015953408667398816
7712,0.00016059454593704412
7713,0.00016165578570816587
7714,0.0001627177938688987
7715,0.00016378055825809669
7716,0.00016484406667198153
7717,0.00016590830686420395
7718,0.0001669732665458961
7719,0.0001680389333857338
7720,0.00016910529500999995
7721,0.0001701723390026382
7722,0.0001712400529053222
7723,0.00017230842421751144
7724,0.00017337744039651733
7725,0.00017444708885756962
7726,0.00017551735697387543
7727,0.0001765882320766883
7728,0.00017765970145537581
7729,0.0001787317523574816
7730,0.00017980437198879612
7731,0.00018087754751342728
7732,0.0001819512660538646
7733,0.00018302551469105176
7734,0.00018410028046446058
7735,0.00018517555037215612
7736,0.0001862513113708725
7737,0.00018732755037608844
7738,0.00018840425426209516
7739,0.00018948140986207708
7740,0.0001905590039681829
7741,0.00019163702333160283
7742,0.00019271545466264845
7743,0.00019379428463082575
7744,0.00019487349986491574
7745,0.0001959530869530569
7746,0.00019703303244281904
7747,0.00019811332284128873
7748,0.0001991939446151511
7749,0.00020027488419076858
7750,0.00020135612795426657
7751,0.0002024376622516195
7752,0.00020351947338873082
7753,0.00020460154763152073
7754,0.00020568387120601658
7755,0.0002067664302984318
7756,0.0002078492110552622
7757,0.0002089321995833679
7758,0.00021001538195006606
7759,0.00021109874418322327
7760,0.00021218227227134137
7761,0.00021326595216365353
7762,0.00021434976977021636
7763,0.00021543371096200125
7764,0.0002165177615709894
7765,0.0002176019073902703
7766,0.00021868613417413193
7767,0.00021977042763816033
7768,0.00022085477345934
7769,0.00022193915727614563
7770,0.00022302356468864497
7771,0.00022410798125860118
7772,0.00022519239250956726
7773,0.00022627678392699135
7774,0.00022736114095832054
7775,0.00022844544901309927
7776,0.000229529693463078
7777,0.00023061385964231342
7778,0.00023169793284727618
7779,0.00023278189833695885
7780,0.00023386574133297888
7781,0.00023494944701968944
7782,0.0002360330005442886
7783,0.00023711638701692545
7784,0.00023819959151081255
7785,0.00023928259906233877
7786,0.00024036539467117753
7787,0.00024144796330040032
7788,0.00024253028987659495
7789,0.00024361235928997184
7790,0.00024469415639448433
7791,0.0002457756660079459
7792,0.0002468568729121408
7793,0.00024793776185294894
7794,0.00024901831754045773
7795,0.00025009852464908544
7796,0.00025117836781770106
7797,0.0002522578316497414
7798,0.00025333690071333606
7799,0.00025441555954143047
7800,0.0002554937926319056
7801,0.0002565715844477036
7802,0.00025764891941695633
7803,0.0002587257819331039
7804,0.00025980215635502594
7805,0.0002608780270071697
7806,0.000261953378179674
7807,0.0002630281941285007
7808,0.0002641024590755654
7809,0.0002651761572088659
7810,0.0002662492726826134
7811,0.0002673217896173679
7812,0.0002683936921001661
7813,0.00026946496418466046
7814,0.0002705355898912491
7815,0.0002716055532072144
7816,0.00027267483808685934
7817,0.0002737434284516413
7818,0.0002748113081903123
7819,0.00027587846115905963
7820,0.0002769448711816411
7821,0.0002780105220495263
7822,0.00027907539752204284
7823,0.0002801394813265106
7824,0.0002812027571583886
7825,0.00028226520868141966
7826,0.0002833268195277721
7827,0.00028438757329818533
7828,0.00028544745356211807
7829,0.0002865064438578928
7830,0.0002875645276928453
7831,0.0002886216885434709
7832,0.00028967790985557425
7833,0.0002907331750444227
7834,0.00029178746749489214
7835,0.00029284077056162096
7836,0.00029389306756916656
7837,0.0002949443418121506
7838,0.00029599457655541886
7839,0.00029704375503419633
7840,0.0002980918604542396
7841,0.0002991388759919954
7842,0.0003001847847947599
7843,0.00030122956998083377
7844,0.0003022732146396811
7845,0.00030331570183209403
7846,0.0003043570145903464
7847,0.0003053971359183621
7848,0.0003064360487918714
7849,0.00030747373615857724
7850,0.0003085101809383215
7851,0.0003095453660232436
7852,0.00031057927427794986
7853,0.0003116118885396814
7854,0.0003126431916184774
7855,0.000313673166297344
7856,0.0003147017953324277
7857,0.00031572906145317783
7858,0.0003167549473625207
7859,0.0003177794357370329
7860,0.0003188025092271079
7861,0.0003198241504571331
7862,0.00032084434202566276
7863,0.00032186306650559186
7864,0.00032288030644432976
7865,0.0003238960443639805
7866,0.00032491026276151375
7867,0.0003259229441089493
7868,0.00032693407085352923
7869,0.0003279436254178999
7870,0.0003289515902002948
7871,0.00032995794757470975
7872,0.0003309626798910882
7873,0.00033196576947550424
7874,0.00033296719863034284
7875,0.00033396694963448595
7876,0.00033496500474349797
7877,0.00033596134618981126
7878,0.0003369559561829091
7879,0.0003379488169095185
7880,0.00033893991053379443
7881,0.0003399292191975093
7882,0.00034091672502024406
7883,0.0003419024100995761
7884,0.00034288625651127537
7885,0.00034386824630948956
7886,0.0003448483615269421
7887,0.0003458265841751242
7888,0.000346802896244489
7889,0.00034777727970464596
7890,0.00034874971650456106
7891,0.00034972018857274735
7892,0.00035068867781746593
7893,0.0003516551661269257
7894,0.00035261963536947956
7895,0.0003535820673938244
7896,0.0003545424440292055
7897,0.0003555007470856144
7898,0.00035645695835399106
7899,0.0003574110596064304
7900,0.0003583630325963807
7901,0.0003593128590588551
7902,0.0003602605207106302
7903,0.00036120599925045546
7904,0.0003621492763592631
7905,0.0003630903337003691
7906,0.00036402915291968677
7907,0.0003649657156459348
7908,0.0003659000034908462
7909,0.00036683199804937977
7910,0.0003677616808999328
7911,0.0003686890336045531
7912,0.0003696140377091488
7913,0.00037053667474370793
7914,0.00037145692622250797
7915,0.0003723747736443337
7916,0.00037329019849269404
7917,0.00037420318223603673
7918,0.00037511370632796795
7919,0.0003760217522074709
7920,0.0003769273012991221
7921,0.0003778303350133154
7922,0.0003787308347464798
7923,0.000379628781881302
7924,0.0003805241577869485
7925,0.00038141694381928996
7926,0.0003823071213211212
7927,0.00038319467162239046
7928,0.0003840795760404207
7929,0.00038496181588013766
7930,0.00038584137243429596
7931,0.00038671822698370785
7932,0.0003875923607974682
7933,0.00038846375513318734
7934,0.0003893323912372178
7935,0.0003901982503448863
7936,0.00039106131368072446
7937,0.0003919215624587004
7938,0.0003927789778824531
7939,0.00039363354114552255
7940,0.00039448523343158616
7941,0.00039533403591469424
7942,0.00039617992975950287
7943,0.0003970228961215121
7944,0.0003978629161473027
7945,0.00039869997097477495
7946,0.00039953404173338416
7947,0.00040036510954438205
7948,0.0004011931555210568
7949,0.0004020181607689718
7950,0.0004028401063862093
7951,0.00040365897346361044
7952,0.0004044747430850194
7953,0.0004052873963275268
7954,0.00040609691426171207
7955,0.0004069032779518898
7956,0.000407706468456356
7957,0.00040850646682763237
7958,0.00040930325411271505
7959,0.0004100968113533222
7960,0.00041088711958613995
7961,0.0004116741598430747
7962,0.0004124579131515007
7963,0.00041323836053451133
7964,0.0004140154830111702
7965,0.00041478926159676377
7966,0.00041555967730305123
7967,0.00041632671113852064
7968,0.00041709034410864106
7969,0.000417850557216118
7970,0.00041860733146114774
7971,0.0004193606478416738
7972,0.0004201104873536446
7973,0.0004208568309912684
7974,0.0004215996597472729
7975,0.0004223389546131627
7976,0.0004230746965794802
7977,0.0004238068666360634
7978,0.00042453544577230777
7979,0.000425260414977429
7980,0.0004259817552407214
7981,0.0004266994475518222
7982,0.00042741347290097594
7983,0.000428123812279296
7984,0.00042883044667903116
7985,0.00042953335709382864
7986,0.0004302325245190035
7987,0.0004309279299518012
7988,0.0004316195543916657
7989,0.00043230737884050816
7990,0.0004329913843029751
7991,0.00043367155178671664
7992,0.00043434786230265655
7993,0.0004350202968652636
7994,0.00043568883649282026
7995,0.0004363534622076953
7996,0.000437014155036616
7997,0.0004376708960109407
7998,0.00043832366616693304
7999,0.00043897244654603304
8000,0.00043961721819513666
8001,0.0004402579621668656
8002,0.0004408946595198475
8003,0.00044152729131898824
8004,0.000442155838635753
8005,0.0004427802825484406
8006,0.00044340060414246516
8007,0.00044401678451063065
8008,0.00044462880475341324
8009,0.000445236645979241
8010,0.0004458402893047727
8011,0.0004464397158551818
8012,0.00044703490676443466
8013,0.00044762584317557764
8014,0.0004482125062410146
8015,0.0004487948771227943
8016,0.0004493729369928917
8017,0.0004499466670334957
8018,0.0004505160484372913
8019,0.00045108106240774644
8020,0.0004516416901593997
8021,0.0004521979129181448
8022,0.00045274971192151974
8023,0.0004532970684189934
8024,0.00045383996367225483
8025,0.00045437837895550366
8026,0.0004549122955557355
8027,0.00045544169477303886
8028,0.00045596655792087815
8029,0.0004564868663263908
8030,0.0004570026013306759
8031,0.0004575137442890878
8032,0.00045802027657152865
8033,0.0004585221795627403
8034,0.0004590194346626021
8035,0.00045951202328642083
8036,0.0004599999268652278
8037,0.0004604831268460738
8038,0.00046096160469232575
8039,0.0004614353418839607
8040,0.00046190431991786744
8041,0.000462368520308139
8042,0.0004628279245863731
8043,0.0004632825143019701
8044,0.00046373227102243205
8045,0.0004641771763336613
8046,0.00046461721184026203
8047,0.00046505235916583936
8048,0.00046548259995330023
8049,0.00046590791586515465
8050,0.0004663282885838184
8051,0.00046674369981191527
8052,0.0004671541312725776
8053,0.00046755956470975155
8054,0.0004679599818885027
8055,0.0004683553645953152
8056,0.00046874569463839906
8057,0.0004691309538479969
8058,0.000469511124076685
8059,0.0004698861871996846
8060,0.0004702561251151633
8061,0.0004706209197445453
8062,0.00047098055303281726
8063,0.00047133500694883536
8064,0.0004716842634856336
8065,0.0004720283046607354
8066,0.0004723671125164562
8067,0.00047270066912021887
8068,0.0004730289565648619
8069,0.00047335195696894696
8070,0.0004736696524770719
8071,0.00047398202526018177
8072,0.0004742890575158784
8073,0.00047459073146873454
8074,0.0004748870293706044
8075,0.0004751779335009374
8076,0.0004754634261670892
8077,0.0004757434897046376
8078,0.00047601810647769383
8079,0.00047628725887921764
8080,0.00047655092933133287
8081,0.0004768091002856412
8082,0.0004770617542235373
8083,0.00047730887365652323
8084,0.00047755044112652727
8085,0.00047778643920621866
8086,0.0004780168504993225
8087,0.00047824165764093874
8088,0.000478460843297862
8089,0.0004786743901688921
8090,0.00047888228098515894
8091,0.0004790844985104383
8092,0.0004792810255414681
8093,0.0004794718449082717
8094,0.00047965693947447387
8095,0.0004798362921376232
8096,0.00048000988582950956
8097,0.0004801777035164848
8098,0.0004803397281997841
8099,0.00048049594291584664
8100,0.00048064633073663707
8101,0.0004807908747699642
8102,0.0004809295581598084
8103,0.00048106236408663767
8104,0.0004811892757677329
8105,0.00048131027645751035
8106,0.0004814253494478441
8107,0.0004815344780683884
8108,0.00048163764568690296
8109,0.00048173483570957526
8110,0.0004818260315813436
8111,0.00048191121678622446
8112,0.0004819903748476325
8113,0.000482063489328708
8114,0.0004821305438326424
8115,0.00048219152200300173
8116,0.00048224640752405164
8117,0.0004822951841210863
8118,0.000482337835560749
8119,0.0004823743456513626
8120,0.0004824046982432536
8121,0.00048242887722907895
8122,0.0004824468665441562
8123,0.0004824586501667827
8124,0.0004824642121185699
8125,0.00048246353646476826
8126,0.00048245660731459274
8127,0.00048244340882155375
8128,0.0004824239251837826
8129,0.0004823981406443615
8130,0.00048236603949165015
8131,0.00048232760605961477
8132,0.000482282824728156
8133,0.0004822316799234385
8134,0.00048217415611822185
8135,0.00048211023783218277
8136,0.0004820399096322539
8137,0.0004819631561329443
8138,0.00048187996199667454
8139,0.0004817903119341043
8140,0.0004816941907044618
8141,0.000481591583115875
8142,0.00048148247402569964
8143,0.0004813668483408523
8144,0.0004812446910181376
8145,0.0004811159870645808
8146,0.000480980721537755
8147,0.0004808388795461165
8148,0.00048069044624933304
8149,0.00048053540685861123
8150,0.0004803737466370352
8151,0.0004802054508998906
8152,0.00048003050501499634
8153,0.0004798488944030399
8154,0.000479660604537906
8155,0.00047946562094700377
8156,0.000479263929211608
8157,0.00047905551496717897
8158,0.00047884036390370206
8159,0.0004786184617660167
8160,0.00047838979435414503
8161,0.0004781543475236288
8162,0.00047791210718585653
8163,0.00047766305930839687
8164,0.0004774071899153304
8165,0.00047714448508758055
8166,0.00047687493096324385
8167,0.00047659851373792623
8168,0.0004763152196650707
8169,0.00047602503505628685
8170,0.00047572794628169044
8171,0.0004754239397702285
8172,0.0004751130020100107
8173,0.00047479511954864553
8174,0.0004744702789935674
8175,0.0004741384670123716
8176,0.0004737996703331443
8177,0.000473453875744793
8178,0.00047310107009737953
8179,0.00047274124030245317
8180,0.0004723743733333753
8181,0.0004720004562256591
8182,0.0004716194760772968
8183,0.00047123142004908743
8184,0.00047083627536497635
8185,0.00047043402931237934
8186,0.0004700246692425133
8187,0.00046960818257073267
8188,0.0004691845567768568
8189,0.0004687537794054974
8190,0.0004683158380663973
8191,0.000467870720434754
8192,0.0004674184142515497
8193,0.00046695890732388856
8194,0.00046649218752531764
8195,0.0004660182427961652
8196,0.00046553706114386566
8197,0.0004650486306432895
8198,0.00046455293943707535
8199,0.0004640499757359584
8200,0.0004635397278190962
8201,0.00046302218403440447
8202,0.0004624973327988818
8203,0.0004619651625989353
8204,0.00046142566199071887
8205,0.0004608788196004543
8206,0.00046032462412475667
8207,0.0004597630643309725
8208,0.00045919412905750026
8209,0.0004586178072141182
8210,0.0004580340877823166
8211,0.0004574429598156188
8212,0.0004568444124399145
8213,0.0004562384348537829
8214,0.0004556250163288179
8215,0.00045500414620995957
8216,0.0004543758139158178
8217,0.0004537400089389936
8218,0.0004530967208464151
8219,0.0004524459392796545
8220,0.00045178765395525403
8221,0.0004511218546650554
8222,0.0004504485312765229
8223,0.00044976767373306164
8224,0.0004490792720543516
8225,0.000448383316336668
8226,0.0004476797967531974
8227,0.0004469687035543739
8228,0.00044625002706818963
8229,0.00044552375770052767
8230,0.0004447898859354796
8231,0.0004440484023356654
8232,0.00044329929754256006
8233,0.00044254256227681396
8234,0.00044177818733856847
8235,0.00044100616360778474
8236,0.0004402264820445616
8237,0.00043943913368944874
8238,0.0004386441096637791
8239,0.0004378414011699791
8240,0.00043703099949188664
8241,0.00043621289599507783
8242,0.0004353870821271798
8243,0.00043455354941818555
8244,0.0004337122894807791
8245,0.000432863294010651
8246,0.00043200655478680696
8247,0.0004311420636718958
8248,0.0004302698126125152
8249,0.00042938979363953573
8250,0.0004285019988684123
8251,0.00042760642049949414
8252,0.00042670305081834927
8253,0.0004257918821960722
8254,0.00042487290708959275
8255,0.00042394611804200013
8256,0.000423011507682849
8257,0.0004220690687284679
8258,0.0004211187939822784
8259,0.00042016067633510645
8260,0.0004191947087654818
8261,0.000418220884339962
8262,0.00041723919621343636
8263,0.0004162496376294301
8264,0.0004152522019204244
8265,0.0004142468825081534
8266,0.00041323367290391986
8267,0.00041221256670890036
8268,0.00041118355761444634
8269,0.0004101466394024002
8270,0.0004091018059453963
8271,0.00040804905120715934
8272,0.00040698836924282317
8273,0.00040591975419922513
8274,0.00040484320031520697
8275,0.00040375870192192845
8276,0.00040266625344316254
8277,0.00040156584939559514
8278,0.0004004574843891329
8279,0.0003993411531272038
8280,0.0003982168504070473
8281,0.0003970845711200258
8282,0.00039594431025192036
8283,0.00039479606288322065
8284,0.0003936398241894386
8285,0.00039247558944138734
8286,0.0003913033540054942
8287,0.0003901231133440886
8288,0.00038893486301569196
8289,0.00038773859867532534
8290,0.0003865343160747957
8291,0.00038532201106298506
8292,0.00038410167958615366
8293,0.000382873317688228
8294,0.0003816369215110835
8295,0.0003803924872948503
8296,0.00037914001137819437
8297,0.0003778794901986035
8298,0.0003766109202926868
8299,0.00037533429829645525
8300,0.00037404962094560743
8301,0.00037275688507582455
8302,0.00037145608762304547
8303,0.00037014722562376206
8304,0.0003688302962152991
8305,0.000367505296636093
8306,0.00036617222422598647
8307,0.0003648310764265032
8308,0.00036348185078112505
8309,0.0003621245449355846
8310,0.0003607591566381392
8311,0.0003593856837398433
8312,0.00035800412419484065
8313,0.0003566144760606354
8314,0.0003552167374983624
8315,0.000353810906773076
8316,0.0003523969822540199
8317,0.0003509749624148948
8318,0.0003495448458341473
8319,0.00034810663119522596
8320,0.00034666031728686854
8321,0.00034520590300336665
8322,0.0003437433873448305
8323,0.00034227276941747024
8324,0.00034079404843386055
8325,0.00033930722371320053
8326,0.000337812294681594
8327,0.0003363092608723109
8328,0.00033479812192604486
8329,0.0003332788775911909
8330,0.0003317515277241034
8331,0.00033021607228935244
8332,0.00032867251135999847
8333,0.00032712084511784715
8334,0.000325561073853704
8335,0.00032399319796764517
8336,0.00032241721796927026
8337,0.0003208331344779535
8338,0.00031924094822311557
8339,0.000317640660044461
8340,0.0003160322708922504
8341,0.0003144157818275457
8342,0.0003127911940224572
8343,0.00031115850876040877
8344,0.0003095177274363824
8345,0.0003078688515571619
8346,0.0003062118827415939
8347,0.00030454682272083226
8348,0.0003028736733385753
8349,0.00030119243655132735
8350,0.000299503114428637
8351,0.0002978057091533336
8352,0.00029610022302178603
8353,0.0002943866584441355
8354,0.0002926650179445333
8355,0.00029093530416139364
8356,0.00028919751984761617
8357,0.0002874516678708407
8358,0.00028569775121367575
8359,0.0002839357729739301
8360,0.0002821657363648594
8361,0.0002803876447153951
8362,0.0002786015014703691
8363,0.00027680731019075997
8364,0.0002750050745539175
8365,0.00027319479835378465
8366,0.0002713764855011405
8367,0.0002695501400238209
8368,0.00026771576606693853
8369,0.0002658733678931214
8370,0.0002640229498827305
8371,0.0002621645165340761
8372,0.00026029807246365406
8373,0.00025842362240635977
8374,0.0002565411712157001
8375,0.0002546507238640306
8376,0.00025275228544275246
8377,0.0002508458611625456
8378,0.0002489314563535779
8379,0.0002470090764657118
8380,0.0002450787270687307
8381,0.00024314041385254585
8382,0.00024119414262739744
8383,0.00023923991932407965
8384,0.00023727774999414186
8385,0.00023530764081008843
8386,0.00023332959806559913
8387,0.00023134362817572572
8388,0.00022934973767709072
8389,0.00022734793322810116
8390,0.00022533822160914486
8391,0.00022332060972278132
8392,0.00022129510459395913
8393,0.00021926171337019226
8394,0.0002172204433217742
8395,0.0002151713018419665
8396,0.00021311429644718324
8397,0.00021104943477719902
8398,0.00020897672459533354
8399,0.00020689617378863299
8400,0.0002048077903680743
8401,0.00020271158246874452
8402,0.00020060755835002106
8403,0.00019849572639576852
8404,0.0001963760951145176
8405,0.00019424867313963808
8406,0.00019211346922953546
8407,0.00018997049226782302
8408,0.00018781975126349224
8409,0.00018566125535110828
8410,0.0001834950137909638
8411,0.00018132103596927283
8412,0.00017913933139833494
8413,0.0001769499097166992
8414,0.0001747527806893504
8415,0.0001725479542078705
8416,0.00017033544029059752
8417,0.00016811524908280764
8418,0.0001658873908568724
8419,0.00016365187601241447
8420,0.00016140871507648464
8421,0.00015915791870371542
8422,0.0001568994976764727
8423,0.00015463346290502808
8424,0.00015235982542770847
8425,0.0001500785964110433
8426,0.00014778978714993313
8427,0.00014549340906779517
8428,0.00014318947371670483
8429,0.0001408779927775651
8430,0.00013855897806023195
8431,0.00013623244150367958
8432,0.0001338983951761385
8433,0.0001315568512752297
8434,0.00012920782212812415
8435,0.00012685132019167415
8436,0.00012448735805254568
8437,0.00012211594842737123
8438,0.00011973710416287823
8439,0.00011735083823601626
8440,0.00011495716375410567
8441,0.00011255609395496171
8442,0.00011014764220701644
8443,0.0001077318220094641
8444,0.00010530864699237972
8445,0.00010287813091683679
8446,0.00010044028767505062
8447,9.79951312904791e-05
8448,9.554267591796301e-05
8449,9.308293584383716e-05
8450,9.061592548604074e-05
8451,8.814165939424943e-05
8452,8.566015224998275e-05
8453,8.31714188667089e-05
8454,8.06754741899731e-05
8455,7.817233329749964e-05
8456,7.566201139929205e-05
8457,7.314452383775702e-05
8458,7.061988608780125e-05
8459,6.808811375692727e-05
8460,6.554922258535212e-05
8461,6.300322844610015e-05
8462,6.045014734509307e-05
8463,5.7889995421267794e-05
8464,5.532278894664902e-05
8465,5.2748544326463674e-05
8466,5.016727809922485e-05
8467,4.7579006936814295e-05
8468,4.498374764458884e-05
8469,4.2381517161459314e-05
8470,3.9772332559968406e-05
8471,3.715621104639173e-05
8472,3.453316996081223e-05
8473,3.1903226777192656e-05
8474,2.926639910347192e-05
8475,2.6622704681634415e-05
8476,2.3972161387777362e-05
8477,2.1314787232202382e-05
8478,1.8650600359479516e-05
8479,1.597961904850956e-05
8480,1.3301861712610644e-05
8481,1.0617346899577074e-05
8482,7.926093291736627e-06
8483,5.228119706034798e-06
8484,2.523445094074202e-06
8485,-1.879114578045885e-07
8486,-2.9059307284726707e-06
8487,-5.630593361964294e-06
8488,-8.361879867403984e-06
8489,-1.1099770618961447e-05
8490,-1.3844245855808337e-05
8491,-1.6595285682050478e-05
8492,-1.9352870066688158e-05
8493,-2.2116978843578074e-05
8494,-2.488759171137093e-05
8495,-2.7664688233476866e-05
8496,-3.0448247838032907e-05
8497,-3.323824981784584e-05
8498,-3.6034673330362875e-05
8499,-3.883749739764458e-05
8500,-4.164670090631003e-05
8501,-4.446226260752768e-05
8502,-4.728416111696438e-05
8503,-5.011237491476495e-05
8504,-5.294688234553448e-05
8505,-5.578766161829491e-05
8506,-5.863469080647057e-05
8507,-6.148794784787574e-05
8508,-6.434741054467674e-05
8509,-6.721305656338329e-05
8510,-7.008486343484088e-05
8511,-7.296280855419918e-05
8512,-7.584686918090816e-05
8513,-7.873702243871678e-05
8514,-8.163324531564612e-05
8515,-8.453551466399179e-05
8516,-8.744380720032779e-05
8517,-9.035809950548547e-05
8518,-9.327836802456156e-05
8519,-9.620458906692741e-05
8520,-9.913673880621082e-05
8521,-0.00010207479328032436
8522,-0.00010501872839145077
8523,-0.00010796851990606025
8524,-0.00011092414345492936
8525,-0.00011388557453313557
8526,-0.00011685278850007944
8527,-0.00011982576057950999
8528,-0.00012280446585952444
8529,-0.00012578887929259674
8530,-0.00012877897569560826
8531,-0.00013177472974985373
8532,-0.0001347761160010748
8533,-0.00013778310885949734
8534,-0.00014079568259984233
8535,-0.00014381381136136653
8536,-0.00014683746914790423
8537,-0.00014986662982788187
8538,-0.00015290126713437966
8539,-0.0001559413546651484
8540,-0.0001589868658826608
8541,-0.00016203777411416274
8542,-0.00016509405255170112
8543,-0.00016815567425217912
8544,-0.00017122261213741444
8545,-0.00017429483899417307
8546,-0.0001773723274742298
8547,-0.00018045505009443356
8548,-0.0001835429792367453
8549,-0.00018663608714830648
8550,-0.0001897343459415097
8551,-0.0001928377275940422
8552,-0.00019594620394896133
8553,-0.00019905974671476974
8554,-0.00020217832746546318
8555,-0.00020530191764062637
8556,-0.0002084304885454845
8557,-0.00021156401135098745
8558,-0.00021470245709389604
8559,-0.00021784579667684349
8560,-0.00022099400086842495
8561,-0.00022414704030329017
8562,-0.00022730488548221078
8563,-0.00023046750677217654
8564,-0.00023363487440649408
8565,-0.00023680695848486051
8566,-0.00023998372897346488
8567,-0.00024316515570509394
8568,-0.00024635120837921125
8569,-0.0002495418565620662
8570,-0.0002527370696868049
8571,-0.0002559368170535554
8572,-0.00025914106782954353
8573,-0.0002623497910492099
8574,-0.00026556295561429825
8575,-0.00026878053029399197
8576,-0.00027200248372500827
8577,-0.00027522878441172294
8578,-0.00027845940072629725
8579,-0.00028169430090878284
8580,-0.00028493345306725067
8581,-0.0002881768251779262
8582,-0.0002914243850852991
8583,-0.0002946761005022593
8584,-0.0002979319390102402
8585,-0.00030119186805933055
8586,-0.0003044558549684219
8587,-0.00030772386692535326
8588,-0.0003109958709870338
8589,-0.00031427183407959296
8590,-0.0003175517229985341
8591,-0.00032083550440885914
8592,-0.0003241231448452412
8593,-0.00032741461071215445
8594,-0.0003307098682840343
8595,-0.00033400888370544194
8596,-0.0003373116229912039
8597,-0.0003406180520265787
8598,-0.00034392813656742736
8599,-0.0003472418422403596
8600,-0.00035055913454290846
8601,-0.0003538799788437049
8602,-0.0003572043403826322
8603,-0.0003605321842710055
8604,-0.0003638634754917547
8605,-0.00036719817889958384
8606,-0.0003705362592211592
8607,-0.0003738776810552968
8608,-0.0003772224088731296
8609,-0.0003805704070182993
8610,-0.000383921639707155
8611,-0.00038727607102892047
8612,-0.0003906336649459088
8613,-0.0003939943852936988
8614,-0.0003973581957813353
8615,-0.00040072505999154
8616,-0.0004040949413808924
8617,-0.0004074678032800413
8618,-0.0004108436088939203
8619,-0.00041422232130193445
8620,-0.00041760390345818094
8621,-0.00042098831819166807
8622,-0.0004243755282065112
8623,-0.0004277654960821584
8624,-0.00043115818427361666
8625,-0.00043455355511165473
8626,-0.0004379515708030345
8627,-0.00044135219343074635
8628,-0.00044475538495421246
8629,-0.00044816110720954244
8630,-0.0004515693219097423
8631,-0.000454979990644958
8632,-0.0004583930748827203
8633,-0.0004618085359681646
8634,-0.0004652263351242823
8635,-0.00046864643345216866
8636,-0.00047206879193125383
8637,-0.00047549337141955577
8638,-0.0004789201326539411
8639,-0.0004823490362503566
8640,-0.00048578004270409536
8641,-0.0004892131123900579
8642,-0.000492648205562995
8643,-0.0004960852823577767
8644,-0.0004995243027896648
8645,-0.0005029652267545572
8646,-0.0005064080140292763
8647,-0.0005098526242718238
8648,-0.0005132990170216543
8649,-0.0005167471516999654
8650,-0.00052019698760995
8651,-0.0005236484839370882
8652,-0.0005271015997494366
8653,-0.0005305562939978909
8654,-0.0005340125255164856
8655,-0.0005374702530226851
8656,-0.0005409294351176584
8657,-0.0005443900302865813
8658,-0.0005478519968989377
8659,-0.0005513152932088012
8660,-0.0005547798773551403
8661,-0.0005582457073621312
8662,-0.000561712741139442
8663,-0.0005651809364825485
8664,-0.0005686502510730502
8665,-0.0005721206424789611
8666,-0.0005755920681550458
8667,-0.000579064485443113
8668,-0.000582537851572346
8669,-0.0005860121236596228
8670,-0.0005894872587098287
8671,-0.0005929632136161842
8672,-0.0005964399451605818
8673,-0.0005999174100138983
8674,-0.0006033955647363309
8675,-0.0006068743657777448
8676,-0.0006103537694779872
8677,-0.0006138337320672339
8678,-0.0006173142096663397
8679,-0.0006207951582871638
8680,-0.0006242765338329193
8681,-0.0006277582920985359
8682,-0.0006312403887709822
8683,-0.0006347227794296435
8684,-0.0006382054195466548
8685,-0.000641688264487266
8686,-0.0006451712695102077
8687,-0.0006486543897680365
8688,-0.0006521375803075052
8689,-0.0006556207960699383
8690,-0.0006591039918915782
8691,-0.0006625871225039688
8692,-0.0006660701425343341
8693,-0.0006695530065059337
8694,-0.0006730356688384492
8695,-0.0006765180838483758
8696,-0.0006800002057493787
8697,-0.0006834819886526917
8698,-0.0006869633865675067
8699,-0.0006904443534013497
8700,-0.0006939248429604751
8701,-0.0006974048089502693
8702,-0.0007008842049756268
8703,-0.0007043629845413675
8704,-0.0007078411010526165
8705,-0.0007113185078152176
8706,-0.0007147951580361417
8707,-0.0007182710048238793
8708,-0.0007217460011888554
8709,-0.0007252201000438523
8710,-0.0007286932542044006
8711,-0.0007321654163892062
8712,-0.0007356365392205794
8713,-0.0007391065752248306
8714,-0.000742575476832707
8715,-0.0007460431963798255
8716,-0.0007495096861070799
8717,-0.0007529748981610784
8718,-0.0007564387845945853
8719,-0.0007599012973669348
8720,-0.0007633623883444887
8721,-0.0007668220093010526
8722,-0.0007702801119183324
8723,-0.000773736647786375
8724,-0.0007771915684040041
8725,-0.0007806448251792729
8726,-0.0007840963694299228
8727,-0.000787546152383818
8728,-0.0007909941251794067
8729,-0.0007944402388661892
8730,-0.0007978844444051557
8731,-0.000801326692669258
8732,-0.0008047669344438805
8733,-0.0008082051204272866
8734,-0.0008116412012310992
8735,-0.0008150751273807728
8736,-0.0008185068493160529
8737,-0.0008219363173914658
8738,-0.0008253634818767813
8739,-0.0008287882929574943
8740,-0.0008322107007353205
8741,-0.0008356306552286574
8742,-0.0008390481063730802
8743,-0.000842463004021841
8744,-0.0008458752979463348
8745,-0.0008492849378366076
8746,-0.0008526918733018542
8747,-0.0008560960538709002
8748,-0.0008594974289927092
8749,-0.0008628959480368904
8750,-0.0008662915602941906
8751,-0.0008696842149770002
8752,-0.0008730738612198737
8753,-0.0008764604480800243
8754,-0.0008798439245378414
8755,-0.0008832242394974141
8756,-0.0008866013417870328
8757,-0.0008899751801597205
8758,-0.0008933457032937434
8759,-0.0008967128597931391
8760,-0.0009000765981882488
8761,-0.0009034368669362324
8762,-0.0009067936144216003
8763,-0.0009101467889567624
8764,-0.0009134963387825367
8765,-0.0009168422120686997
8766,-0.000920184356914531
8767,-0.000923522721349337
8768,-0.0009268572533330061
8769,-0.0009301879007565538
8770,-0.0009335146114426648
8771,-0.0009368373331462412
8772,-0.000940156013554964
8773,-0.0009434706002898323
8774,-0.0009467810409057353
8775,-0.0009500872828919967
8776,-0.0009533892736729374
8777,-0.0009566869606084517
8778,-0.0009599802909945516
8779,-0.000963269212063943
8780,-0.0009665536709866006
8781,-0.000969833614870327
8782,-0.0009731089907613302
8783,-0.0009763797456448062
8784,-0.000979645826445506
8785,-0.0009829071800283164
8786,-0.0009861637531988505
8787,-0.0009894154927040212
8788,-0.0009926623452326277
8789,-0.0009959042574159542
8790,-0.0009991411758283467
8791,-0.001002373046987815
8792,-0.0010055998173566193
8793,-0.0010088214333418678
8794,-0.0010120378412961253
8795,-0.0010152489875179978
8796,-0.0010184548182527425
8797,-0.0010216552796928834
8798,-0.001024850317978796
8799,-0.001028039879199331
8800,-0.001031223909392426
8801,-0.0010344023545457094
8802,-0.0010375751605971198
8803,-0.0010407422734355284
8804,-0.0010439036389013516
8805,-0.0010470592027871687
8806,-0.0010502089108383596
8807,-0.0010533527087537124
8808,-0.0010564905421860606
8809,-0.0010596223567429165
8810,-0.0010627480979870873
8811,-0.0010658677114373306
8812,-0.001068981142568966
8813,-0.001072088336814527
8814,-0.0010751892395644018
8815,-0.001078283796167464
8816,-0.0010813719519317225
8817,-0.0010844536521249712
8818,-0.0010875288419754303
8819,-0.0010905974666723924
8820,-0.0010936594713668855
8821,-0.0010967148011723144
8822,-0.0010997634011651203
8823,-0.0011028052163854453
8824,-0.0011058401918377775
8825,-0.0011088682724916255
8826,-0.0011118894032821746
8827,-0.00111490352911095
8828,-0.0011179105948464923
8829,-0.0011209105453250184
8830,-0.0011239033253510912
8831,-0.0011268888796983074
8832,-0.0011298671531099528
8833,-0.001132838090299687
8834,-0.0011358016359522287
8835,-0.0011387577347240262
8836,-0.001141706331243942
8837,-0.0011446473701139427
8838,-0.0011475807959097808
8839,-0.0011505065531816794
8840,-0.0011534245864550322
8841,-0.001156334840231083
8842,-0.0011592372589876276
8843,-0.0011621317871797097
8844,-0.0011650183692403116
8845,-0.0011678969495810606
8846,-0.0011707674725929288
8847,-0.0011736298826469287
8848,-0.0011764841240948297
8849,-0.001179330141269855
8850,-0.0011821678784873938
8851,-0.0011849972800457135
8852,-0.0011878182902266693
8853,-0.0011906308532964155
8854,-0.0011934349135061294
8855,-0.0011962304150927184
8856,-0.0011990173022795448
8857,-0.0012017955192771504
8858,-0.001204565010283969
8859,-0.001207325719487062
8860,-0.001210077591062839
8861,-0.0012128205691777844
8862,-0.0012155545979891885
8863,-0.0012182796216458846
8864,-0.0012209955842889708
8865,-0.0012237024300525612
8866,-0.001226400103064505
8867,-0.001229088547447134
8868,-0.0012317677073180062
8869,-0.0012344375267906394
8870,-0.0012370979499752592
8871,-0.0012397489209795443
8872,-0.0012423903839093758
8873,-0.0012450222828695762
8874,-0.0012476445619646719
8875,-0.0012502571652996365
8876,-0.001252860036980647
8877,-0.001255453121115842
8878,-0.001258036361816072
8879,-0.0012606097031956649
8880,-0.0012631730893731834
8881,-0.001265726464472182
8882,-0.0012682697726219795
8883,-0.0012708029579584152
8884,-0.0012733259646246203
8885,-0.0012758387367717858
8886,-0.001278341218559933
8887,-0.0012808333541586795
8888,-0.0012833150877480189
8889,-0.0012857863635190902
8890,-0.0012882471256749537
8891,-0.0012906973184313765
8892,-0.0012931368860175994
8893,-0.0012955657726771274
8894,-0.0012979839226685073
8895,-0.0013003912802661104
8896,-0.0013027877897609198
8897,-0.0013051733954613182
8898,-0.0013075480416938727
8899,-0.001309911672804123
8900,-0.0013122642331573845
8901,-0.0013146056671395224
8902,-0.00131693591915776
8903,-0.0013192549336414688
8904,-0.0013215626550429629
8905,-0.001323859027838303
8906,-0.0013261439965280965
8907,-0.0013284175056382883
8908,-0.001330679499720978
8909,-0.0013329299233552122
8910,-0.0013351687211477946
8911,-0.0013373958377340964
8912,-0.0013396112177788547
8913,-0.001341814805976994
8914,-0.001344006547054429
8915,-0.0013461863857688776
8916,-0.001348354266910676
8917,-0.0013505101353035952
8918,-0.0013526539358056536
8919,-0.0013547856133099378
8920,-0.0013569051127454226
8921,-0.0013590123790777845
8922,-0.00136110735731023
8923,-0.001363189992484316
8924,-0.0013652602296807717
8925,-0.0013673180140203296
8926,-0.0013693632906645438
8927,-0.0013713960048166293
8928,-0.0013734161017222794
8929,-0.001375423526670501
8930,-0.0013774182249944482
8931,-0.0013794001420722511
8932,-0.0013813692233278544
8933,-0.0013833254142318443
8934,-0.0013852686603022981
8935,-0.0013871989071056084
8936,-0.0013891161002573284
8937,-0.0013910201854230113
8938,-0.00139291110831905
8939,-0.0013947888147135196
8940,-0.0013966532504270245
8941,-0.0013985043613335346
8942,-0.0014003420933612384
8943,-0.0014021663924933853
8944,-0.0014039772047691344
8945,-0.001405774476284406
8946,-0.0014075581531927252
8947,-0.0014093281817060817
8948,-0.001411084508095773
8949,-0.0014128270786932628
8950,-0.001414555839891032
8951,-0.0014162707381434375
8952,-0.0014179717199675652
8953,-0.0014196587319440848
8954,-0.001421331720718119
8955,-0.0014229906330000877
8956,-0.0014246354155665786
8957,-0.0014262660152612027
8958,-0.0014278823789954597
8959,-0.0014294844537496001
8960,-0.0014310721865734859
8961,-0.0014326455245874646
8962,-0.0014342044149832226
8963,-0.0014357488050246597
8964,-0.0014372786420487548
8965,-0.0014387938734664353
8966,-0.0014402944467634437
8967,-0.0014417803095012093
8968,-0.0014432514093177232
8969,-0.001444707693928404
8970,-0.0014461491111269712
8971,-0.0014475756087863234
8972,-0.0014489871348594083
8973,-0.0014503836373800992
8974,-0.001451765064464071
8975,-0.0014531313643096817
8976,-0.001454482485198838
8977,-0.0014558183754978856
8978,-0.0014571389836584819
8979,-0.001458444258218478
8980,-0.0014597341478027961
8981,-0.0014610086011243193
8982,-0.0014622675669847623
8983,-0.001463510994275559
8984,-0.00146473883197875
8985,-0.001465951029167857
8986,-0.0014671475350087786
8987,-0.0014683282987606658
8988,-0.0014694932697768164
8989,-0.0014706423975055535
8990,-0.0014717756314911183
8991,-0.0014728929213745567
8992,-0.0014739942168946064
8993,-0.001475079467888586
8994,-0.0014761486242932857
8995,-0.0014772016361458615
8996,-0.0014782384535847156
8997,-0.0014792590268503949
8998,-0.0014802633062864841
8999,-0.0014812512423404926
9000,-0.00148222278556475
9001,-0.0014831778866173
9002,-0.0014841164962627966
9003,-0.0014850385653733915
9004,-0.0014859440449296343
9005,-0.0014868328860213643
9006,-0.0014877050398486107
9007,-0.0014885604577224854
9008,-0.0014893990910660759
9009,-0.0014902208914153543
9010,-0.001491025810420058
9011,-0.0014918137998446014
9012,-0.0014925848115689667
9013,-0.0014933387975896017
9014,-0.0014940757100203224
9015,-0.001494795501093215
9016,-0.0014954981231595239
9017,-0.0014961835286905595
9018,-0.0014968516702786013
9019,-0.0014975025006377883
9020,-0.0014981359726050272
9021,-0.0014987520391408925
9022,-0.0014993506533305244
9023,-0.0014999317683845332
9024,-0.0015004953376398984
9025,-0.0015010413145608707
9026,-0.001501569652739875
9027,-0.001502080305898417
9028,-0.00150257322788797
9029,-0.0015030483726909032
9030,-0.0015035056944213562
9031,-0.001503945147326162
9032,-0.0015043666857857416
9033,-0.0015047702643150053
9034,-0.0015051558375642632
9035,-0.0015055233603201211
9036,-0.0015058727875063888
9037,-0.001506204074184981
9038,-0.0015065171755568214
9039,-0.0015068120469627422
9040,-0.0015070886438843978
9041,-0.0015073469219451586
9042,-0.001507586836911013
9043,-0.0015078083446914876
9044,-0.0015080114013405303
9045,-0.001508195963057422
9046,-0.0015083619861876842
9047,-0.0015085094272239748
9048,-0.001508638242806999
9049,-0.0015087483897264055
9050,-0.001508839824921695
9051,-0.001508912505483119
9052,-0.0015089663886525887
9053,-0.0015090014318245657
9054,-0.0015090175925469803
9055,-0.0015090148285221224
9056,-0.0015089930976075487
9057,-0.001508952357816984
9058,-0.0015088925673212234
9059,-0.0015088136844490282
9060,-0.0015087156676880389
9061,-0.0015085984756856683
9062,-0.0015084620672499974
9063,-0.0015083064013506964
9064,-0.0015081314371198976
9065,-0.0015079371338531163
9066,-0.0015077234510101458
9067,-0.001507490348215946
9068,-0.001507237785261559
9069,-0.0015069657221049991
9070,-0.0015066741188721497
9071,-0.0015063629358576655
9072,-0.001506032133525872
9073,-0.001505681672511651
9074,-0.001505311513621354
9075,-0.0015049216178336898
9076,-0.001504511946300613
9077,-0.0015040824603482403
9078,-0.001503633121477729
9079,-0.001503163891366169
9080,-0.0015026747318674922
9081,-0.0015021656050133569
9082,-0.0015016364730140346
9083,-0.0015010872982593188
9084,-0.001500518043319403
9085,-0.0014999286709457779
9086,-0.0014993191440721265
9087,-0.001498689425815199
9088,-0.0014980394794757216
9089,-0.001497369268539276
9090,-0.0014966787566771866
9091,-0.0014959679077474113
9092,-0.001495236685795432
9093,-0.0014944850550551278
9094,-0.001493712979949679
9095,-0.0014929204250924428
9096,-0.0014921073552878286
9097,-0.0014912737355322057
9098,-0.0014904195310147643
9099,-0.001489544707118402
9100,-0.0014886492294206184
9101,-0.0014877330636943738
9102,-0.0014867961759089906
9103,-0.0014858385322310203
9104,-0.0014848600990251238
9105,-0.0014838608428549497
9106,-0.0014828407304840142
9107,-0.0014817997288765633
9108,-0.0014807378051984665
9109,-0.0014796549268180823
9110,-0.0014785510613071194
9111,-0.001477426176441534
9112,-0.0014762802402023827
9113,-0.0014751132207766885
9114,-0.0014739250865583274
9115,-0.0014727158061488895
9116,-0.0014714853483585332
9117,-0.0014702336822068744
9118,-0.0014689607769238341
9119,-0.0014676666019505103
9120,-0.0014663511269400427
9121,-0.001465014321758463
9122,-0.0014636561564855726
9123,-0.0014622766014157945
9124,-0.0014608756270590227
9125,-0.001459453204141503
9126,-0.0014580093036066694
9127,-0.0014565438966160004
9128,-0.0014550569545498878
9129,-0.001453548449008481
9130,-0.0014520183518125275
9131,-0.0014504666350042504
9132,-0.0014488932708481758
9133,-0.0014472982318319816
9134,-0.001445681490667359
9135,-0.0014440430202908518
9136,-0.0014423827938646863
9137,-0.0014407007847776411
9138,-0.001438996966645866
9139,-0.0014372713133137362
9140,-0.0014355237988546885
9141,-0.0014337543975720486
9142,-0.001431963083999885
9143,-0.001430149832903837
9144,-0.0014283146192819343
9145,-0.0014264574183654583
9146,-0.0014245782056197512
9147,-0.0014226769567450425
9148,-0.001420753647677296
9149,-0.0014188082545890264
9150,-0.0014168407538901117
9151,-0.0014148511222286406
9152,-0.0014128393364917255
9153,-0.0014108053738063062
9154,-0.0014087492115399986
9155,-0.0014066708273018829
9156,-0.0014045701989433422
9157,-0.0014024473045588719
9158,-0.0014003021224868707
9159,-0.0013981346313104899
9160,-0.001395944809858415
9161,-0.0013937326372056708
9162,-0.0013914980926744505
9163,-0.0013892411558349069
9164,-0.0013869618065059416
9165,-0.0013846600247560377
9166,-0.0013823357909040364
9167,-0.0013799890855199298
9168,-0.0013776198894256775
9169,-0.0013752281836959918
9170,-0.0013728139496591164
9171,-0.0013703771688976377
9172,-0.0013679178232492727
9173,-0.0013654358948076272
9174,-0.0013629313659230247
9175,-0.0013604042192032454
9176,-0.0013578544375143456
9177,-0.0013552820039814191
9178,-0.0013526869019893624
9179,-0.001350069115183682
9180,-0.0013474286274712478
9181,-0.001344765423021054
9182,-0.0013420794862650184
9183,-0.001339370801898734
9184,-0.0013366393548822234
9185,-0.0013338851304407263
9186,-0.0013311081140654573
9187,-0.0013283082915143396
9188,-0.0013254856488127975
9189,-0.0013226401722544997
9190,-0.0013197718484020936
9191,-0.001316880664087996
9192,-0.001313966606415099
9193,-0.0013110296627575583
9194,-0.001308069820761516
9195,-0.0013050870683458345
9196,-0.0013020813937028638
9197,-0.0012990527852991703
9198,-0.0012960012318762525
9199,-0.001292926722451309
9200,-0.0012898292463179595
9201,-0.0012867087930469507
9202,-0.0012835653524869218
9203,-0.0012803989147651114
9204,-0.0012772094702880675
9205,-0.0012739970097423946
9206,-0.0012707615240954678
9207,-0.0012675030045961207
9208,-0.0012642214427754034
9209,-0.0012609168304472504
9210,-0.0012575891597092258
9211,-0.0012542384229432169
9212,-0.0012508646128161197
9213,-0.001247467722280579
9214,-0.0012440477445756623
9215,-0.0012406046732275494
9216,-0.001237138502050256
9217,-0.0012336492251463097
9218,-0.001230136836907425
9219,-0.0012266013320152214
9220,-0.0012230427054418967
9221,-0.0012194609524508859
9222,-0.0012158560685975777
9223,-0.001212228049729975
9224,-0.001208576891989354
9225,-0.0012049025918109673
9226,-0.0012012051459246965
9227,-0.0011974845513557071
9228,-0.001193740805425146
9229,-0.0011899739057507604
9230,-0.0011861838502475969
9231,-0.0011823706371286394
9232,-0.0011785342649054482
9233,-0.0011746747323888396
9234,-0.0011707920386895263
9235,-0.0011668861832187353
9236,-0.0011629571656888906
9237,-0.001159004986114235
9238,-0.00115502964481145
9239,-0.001151031142400323
9240,-0.0011470094798043664
9241,-0.0011429646582514228
9242,-0.001138896679274328
9243,-0.0011348055447115185
9244,-0.0011306912567076329
9245,-0.0011265538177141668
9246,-0.0011223932304900458
9247,-0.0011182094981022769
9248,-0.0011140026239265357
9249,-0.0011097726116477567
9250,-0.001105519465260772
9251,-0.0011012431890708935
9252,-0.0010969437876944901
9253,-0.0010926212660596164
9254,-0.0010882756294065912
9255,-0.0010839068832885603
9256,-0.0010795150335721198
9257,-0.0010751000864378808
9258,-0.0010706620483810284
9259,-0.0010662009262119342
9260,-0.0010617167270567092
9261,-0.001057209458357759
9262,-0.0010526791278743796
9263,-0.0010481257436833079
9264,-0.0010435493141792594
9265,-0.0010389498480755314
9266,-0.0010343273544045043
9267,-0.0010296818425182344
9268,-0.001025013322088988
9269,-0.0010203218031097606
9270,-0.0010156072958948565
9271,-0.001010869811080409
9272,-0.0010061093596248937
9273,-0.0010013259528096992
9274,-0.0009965196022396325
9275,-0.000991690319843431
9276,-0.000986838117874311
9277,-0.0009819630089104758
9278,-0.0009770650058556051
9279,-0.0009721441219394064
9280,-0.0009672003707181019
9281,-0.0009622337660749183
9282,-0.0009572443222206245
9283,-0.0009522320536939819
9284,-0.0009471969753622833
9285,-0.0009421391024218237
9286,-0.0009370584503983676
9287,-0.0009319550351476692
9288,-0.0009268288728559386
9289,-0.0009216799800402916
9290,-0.0009165083735492667
9291,-0.0009113140705632731
9292,-0.0009060970885950365
9293,-0.0009008574454901016
9294,-0.0008955951594272704
9295,-0.0008903102489190407
9296,-0.0008850027328120914
9297,-0.0008796726302877151
9298,-0.0008743199608622405
9299,-0.0008689447443875207
9300,-0.0008635470010513165
9301,-0.0008581267513777746
9302,-0.0008526840162278432
9303,-0.0008472188167996693
9304,-0.000841731174629067
9305,-0.0008362211115899147
9306,-0.0008306886498945489
9307,-0.0008251338120942163
9308,-0.0008195566210794599
9309,-0.0008139571000805055
9310,-0.0008083352726676967
9311,-0.0008026911627518747
9312,-0.0007970247945847483
9313,-0.000791336192759323
9314,-0.0007856253822102653
9315,-0.0007798923882142644
9316,-0.0007741372363904461
9317,-0.0007683599527007289
9318,-0.0007625605634501695
9319,-0.0007567390952873782
9320,-0.0007508955752048236
9321,-0.000745030030539237
9322,-0.0007391424889719499
9323,-0.0007332329785292159
9324,-0.0007273015275826008
9325,-0.0007213481648493038
9326,-0.0007153729193924727
9327,-0.0007093758206215789
9328,-0.0007033568982927265
9329,-0.0006973161825089571
9330,-0.000691253703720611
9331,-0.0006851694927256251
9332,-0.0006790635806698238
9333,-0.0006729359990472711
9334,-0.0006667867797005535
9335,-0.0006606159548210602
9336,-0.00065442355694933
9337,-0.0006482096189752844
9338,-0.0006419741741385687
9339,-0.0006357172560288134
9340,-0.0006294388985858925
9341,-0.0006231391361002428
9342,-0.000616818003213114
9343,-0.0006104755349168164
9344,-0.0006041117665550229
9345,-0.0005977267338230102
9346,-0.0005913204727678899
9347,-0.0005848930197889038
9348,-0.0005784444116376473
9349,-0.0005719746854182887
9350,-0.0005654838785878543
9351,-0.000558972028956435
9352,-0.0005524391746873955
9353,-0.0005458853542976511
9354,-0.0005393106066578274
9355,-0.0005327149709925292
9356,-0.0005260984868805307
9357,-0.0005194611942549573
9358,-0.0005128031334035364
9359,-0.0005061243449687716
9360,-0.0004994248699481142
9361,-0.0004927047496941994
9362,-0.0004859640259150064
9363,-0.00047920274067401954
9364,-0.000472420936390447
9365,-0.0004656186558393714
9366,-0.0004587959421518935
9367,-0.0004519528388153416
9368,-0.0004450893896734062
9369,-0.00043820563892627023
9370,-0.00043130163113080694
9371,-0.0004243774112006982
9372,-0.00041743302440655304
9373,-0.0004104685163760974
9374,-0.00040348393309424304
9375,-0.0003964793209032684
9376,-0.00038945472650291627
9377,-0.00038241019695048974
9378,-0.00037534577966100857
9379,-0.0003682615224072966
9380,-0.00036115747332005944
9381,-0.00035403368088803125
9382,-0.0003468901939580456
9383,-0.00033972706173509973
9384,-0.00033254433378248873
9385,-0.00032534206002185956
9386,-0.00031812029073326377
9387,-0.00031087907655527526
9388,-0.000303618468485033
9389,-0.0002963385178782767
9390,-0.00028903927644946173
9391,-0.0002817207962717435
9392,-0.00027438312977708226
9393,-0.00026702632975626127
9394,-0.0002596504493588989
9395,-0.0002522555420935302
9396,-0.00024484166182760984
9397,-0.00023740886278751205
9398,-0.00022995719955859492
9399,-0.00022248672708519133
9400,-0.0002149975006705918
9401,-0.0002074895759770974
9402,-0.00019996300902599363
9403,-0.0001924178561975194
9404,-0.00018485417423090602
9405,-0.00017727202022433544
9406,-0.00016967145163489502
9407,-0.00016205252627860147
9408,-0.00015441530233034485
9409,-0.00014675983832382835
9410,-0.00013908619315158545
9411,-0.00013139442606486845
9412,-0.00012368459667365505
9413,-0.00011595676494656898
9414,-0.00010821099121079366
9415,-0.00010044733615205738
9416,-9.26658608145373e-05
9417,-8.486662660075911e-05
9418,-7.704969527156687e-05
9419,-6.921512894601185e-05
9420,-6.136299010123727e-05
9421,-5.3493341572432744e-05
9422,-4.5606246552708754e-05
9423,-3.77017685929653e-05
9424,-2.9779971601831824e-05
9425,-2.184091984552626e-05
9426,-1.3884677947708227e-05
9427,-5.911310889412691e-06
9428,2.0791159911493067e-06
9429,1.0086536998667333e-05
9430,1.8110886080898407e-05
9431,2.6152096828839265e-05
9432,3.4210102476826645e-05
9433,4.228483590271975e-05
9434,5.037622962808786e-05
9435,5.848421581832612e-05
9436,6.660872628285333e-05
9437,7.474969247531536e-05
9438,8.290704549371627e-05
9439,9.108071608063152e-05
9440,9.927063462342734e-05
9441,0.000107476731154407
9442,0.00011569893535104002
9443,0.00012393717653619692
9444,0.00013219138367830252
9445,0.00014046148539162466
9446,0.00014874740993643724
9447,0.00015704908521927652
9448,0.00016536643879320147
9449,0.00017369939785798246
9450,0.00018204788926037228
9451,0.00019041183949438273
9452,0.00019879117470148977
9453,0.00020718582067091906
9454,0.00021559570283993977
9455,0.00022402074629408416
9456,0.00023246087576745075
9457,0.00024091601564301296
9458,0.00024938608995285467
9459,0.00025787102237849046
9460,0.0002663707362511887
9461,0.0002748851545522243
9462,0.00028341419991321403
9463,0.0002919577946164568
9464,0.0003005158605951928
9465,0.0003090883194339998
9466,0.00031767509236906044
9467,0.0003262761002885266
9468,0.0003348912637328861
9469,0.00034352050289525776
9470,0.00035216373762176934
9471,0.000360820887411942
9472,0.0003694918714190014
9473,0.0003781766084502711
9474,0.0003868750169675745
9475,0.00039558701508756014
9476,0.00040431252058211375
9477,0.00041305145087877534
9478,0.00042180372306108095
9479,0.00043056925386899213
9480,0.0004393479596993268
9481,0.0004481397566061113
9482,0.0004569445603010684
9483,0.00046576228615397757
9484,0.00047459284919313126
9485,0.0004834361641057949
9486,0.0004922921452385943
9487,0.0005011607065979856
9488,0.0005100417618507332
9489,0.000518935224324313
9490,0.0005278410070074002
9491,0.0005367590225503633
9492,0.0005456891832656823
9493,0.000554631401128456
9494,0.0005635855877769093
9495,0.0005725516545128309
9496,0.0005815295123020941
9497,0.0005905190717751837
9498,0.0005995202432276488
9499,0.0006085329366206398
9500,0.0006175570615814549
9501,0.0006265925274039959
9502,0.0006356392430493707
9503,0.0006446971171463632
9504,0.0006537660579919992
9505,0.0006628459735521182
9506,0.0006719367714618715
9507,0.0006810383590263019
9508,0.0006901506432209332
9509,0.0006992735306922853
9510,0.0007084069277584706
9511,0.0007175507404098018
9512,0.0007267048743093194
9513,0.0007358692347934122
9514,0.0007450437268724334
9515,0.0007542282552312522
9516,0.0007634227242298836
9517,0.0007726270379041295
9518,0.0007818410999661322
9519,0.0007910648138050682
9520,0.0008002980824877183
9521,0.0008095408087591227
9522,0.0008187928950432515
9523,0.0008280542434435957
9524,0.0008373247557438456
9525,0.0008466043334085729
9526,0.0008558928775838412
9527,0.0008651902890979005
9528,0.0008744964684618866
9529,0.0008838113158704468
9530,0.0008931347312024528
9531,0.0009024666140217174
9532,0.0009118068635776365
9533,0.0009211553788059177
9534,0.000930512058329318
9535,0.0009398768004582888
9536,0.0009492495031917693
9537,0.0009586300642178478
9538,0.0009680183809145189
9539,0.0009774143503504438
9540,0.0009868178692856438
9541,0.0009962288341722673
9542,0.0010056471411553725
9543,0.001015072686073631
9544,0.0010245053644601196
9545,0.0010339450715431168
9546,0.0010433917022468224
9547,0.0010528451511921692
9548,0.0010623053126976314
9549,0.0010717720807799649
9550,0.0010812453491550356
9551,0.0010907250112386433
9552,0.0011002109601472828
9553,0.0011097030886989807
9554,0.0011192012894141498
9555,0.0011287054545163432
9556,0.0011382154759331643
9557,0.0011477312452970404
9558,0.00115725265394609
9559,0.0011667795929250018
9560,0.001176311952985832
9561,0.0011858496245888963
9562,0.0011953924979036562
9563,0.0012049404628095384
9564,0.0012144934088968427
9565,0.0012240512254676453
9566,0.0012336138015366382
9567,0.0012431810258320458
9568,0.0012527527867965582
9569,0.0012623289725881735
9570,0.0012719094710811403
9571,0.001281494169866902
9572,0.0012910829562549546
9573,0.0013006757172738452
9574,0.0013102723396720424
9575,0.0013198727099189079
9576,0.0013294767142056586
9577,0.00133908423844627
9578,0.0013486951682784572
9579,0.001358309389064661
9580,0.0013679267858929618
9581,0.0013775472435780863
9582,0.0013871706466624008
9583,0.0013967968794168495
9584,0.0014064258258419686
9585,0.0014160573696689071
9586,0.0014256913943603772
9587,0.001435327783111682
9588,0.001444966418851764
9589,0.001454607184244156
9590,0.0014642499616880408
9591,0.0014738946333193016
9592,0.001483541081011498
9593,0.0014931891863769733
9594,0.0015028388307678383
9595,0.0015124898952770553
9596,0.001522142260739509
9597,0.0015317958077330275
9598,0.0015414504165794675
9599,0.0015511059673458216
9600,0.0015607623398452384
9601,0.0015704194136381359
9602,0.00158007706803332
9603,0.0015897351820890221
9604,0.0015993936346140292
9605,0.0016090523041688194
9606,0.0016187110690666143
9607,0.0016283698073745318
9608,0.0016380283969147258
9609,0.0016476867152654668
9610,0.0016573446397623297
9611,0.0016670020474992846
9612,0.0016766588153298645
9613,0.0016863148198683392
9614,0.0016959699374908222
9615,0.0017056240443364627
9616,0.0017152770163086275
9617,0.0017249287290760306
9618,0.0017345790580739363
9619,0.0017442278785053645
9620,0.0017538750653422314
9621,0.0017635204933265666
9622,0.0017731640369717469
9623,0.0017828055705636386
9624,0.0017924449681618413
9625,0.0018020821036009262
9626,0.0018117168504916022
9627,0.0018213490822220073
9628,0.0018309786719588798
9629,0.0018406054926488327
9630,0.001850229417019605
9631,0.0018598503175812717
9632,0.0018694680666275223
9633,0.0018790825362369392
9634,0.0018886935982742187
9635,0.00189830112439146
9636,0.0019079049860294761
9637,0.0019175050544190107
9638,0.001927101200582058
9639,0.0019366932953331778
9640,0.001946281209280742
9641,0.0019558648128282603
9642,0.0019654439761757118
9643,0.0019750185693208164
9644,0.001984588462060365
9645,0.001994153523991575
9646,0.00200371362451336
9647,0.0020132686328277285
9648,0.002022818417941066
9649,0.0020323628486655023
9650,0.002041901793620294
9651,0.002051435121233116
9652,0.002060962699741457
9653,0.0020704843971940043
9654,0.0020800000814519683
9655,0.0020895096201904778
9656,0.0020990128808999957
9657,0.0021085097308876422
9658,0.0021180000372786213
9659,0.0021274836670176333
9660,0.0021369604868702358
9661,0.0021464303634242702
9662,0.0021558931630912942
9663,0.0021653487521079537
9664,0.002174796996537457
9665,0.00218423776227095
9666,0.002193670915028974
9667,0.0022030963203629283
9668,0.00221251384365646
9669,0.0022219233501269363
9670,0.0022313247048269297
9671,0.002240717772645613
9672,0.002250102418310257
9673,0.0022594785063877174
9674,0.0022688459012858626
9675,0.0022782044672550695
9676,0.0022875540683897347
9677,0.0022968945686297213
9678,0.0023062258317618576
9679,0.0023155477214214736
9680,0.002324860101093842
9681,0.0023341628341157494
9682,0.0023434557836769544
9683,0.0023527388128217266
9684,0.0023620117844503977
9685,0.0023712745613208358
9686,0.0023805270060500024
9687,0.0023897689811155105
9688,0.0023990003488571247
9689,0.002408220971478326
9690,0.0024174307110478967
9691,0.0024266294295014136
9692,0.002435816988642845
9693,0.0024449932501461307
9694,0.0024541580755567194
9695,0.002463311326293151
9696,0.0024724528636486695
9697,0.0024815825487927677
9698,0.002490700242772782
9699,0.002499805806515525
9700,0.0025088991008288234
9701,0.0025179799864031875
9702,0.0025270483238133603
9703,0.0025361039735199604
9704,0.002545146795871122
9705,0.0025541766511040617
9706,0.00256319339934674
9707,0.002572196900619509
9708,0.0025811870148367074
9709,0.0025901636018083197
9710,0.002599126521241644
9711,0.0026080756327429085
9712,0.0026170107958189306
9713,0.0026259318698788094
9714,0.0026348387142355397
9715,0.0026437311881077107
9716,0.0026526091506211846
9717,0.0026614724608107405
9718,0.0026703209776218046
9719,0.0026791545599120854
9720,0.0026879730664532853
9721,0.0026967763559328202
9722,0.0027055642869554712
9723,0.002714336718045119
9724,0.0027230935076464546
9725,0.002731834514126675
9726,0.0027405595957771976
9727,0.002749268610815412
9728,0.0027579614173863657
9729,0.002766637873564509
9730,0.0027752978373554497
9731,0.0027839411666976607
9732,0.0027925677194642284
9733,0.002801177353464622
9734,0.0028097699264464124
9735,0.0028183452960970426
9736,0.0028269033200456007
9737,0.0028354438558645468
9738,0.0028439667610715303
9739,0.0028524718931311113
9740,0.0028609591094565586
9741,0.002869428267411648
9742,0.0028778792243124122
9743,0.0028863118374289403
9744,0.002894725963987191
9745,0.0029031214611707633
9746,0.002911498186122692
9747,0.002919855995947289
9748,0.002928194747711907
9749,0.0029365142984487717
9750,0.002944814505156815
9751,0.0029530952248034534
9752,0.0029613563143264495
9753,0.0029695976306357307
9754,0.0029778190306151957
9755,0.0029860203711245922
9756,0.002994201509001319
9757,0.003002362301062281
9758,0.003010502604105753
9759,0.0030186222749132106
9760,0.003026721170251179
9761,0.003034799146873122
9762,0.003042856061521269
9763,0.003050891770928494
9764,0.0030589061318202007
9765,0.003066899000916175
9766,0.0030748702349324575
9767,0.0030828196905832534
9768,0.0030907472245827847
9769,0.0030986526936471856
9770,0.003106535954496415
9771,0.0031143968638561144
9772,0.0031222352784595502
9773,0.003130051055049469
9774,0.0031378440503800303
9775,0.0031456141212187197
9776,0.0031533611243482417
9777,0.00316108491656844
9778,0.0031687853546982342
9779,0.003176462295577527
9780,0.0031841155960691185
9781,0.0031917451130606673
9782,0.0031993507034665924
9783,0.003206932224230019
9784,0.003214489532324735
9785,0.003222022484757099
9786,0.0032295309385680197
9787,0.003237014750834889
9788,0.0032444737786735283
9789,0.003251907879240148
9790,0.003259316909733324
9791,0.003266700727395927
9792,0.0032740591895171174
9793,0.0032813921534342967
9794,0.003288699476535073
9795,0.003295981016259261
9796,0.0033032366301008267
9797,0.0033104661756098866
9798,0.0033176695103946966
9799,0.003324846492123615
9800,0.0033319969785271138
9801,0.003339120827399765
9802,0.0033462178966022255
9803,0.00335328804406324
9804,0.0033603311277816575
9805,0.003367347005828405
9806,0.0033743355363485225
9807,0.00338129657756316
9808,0.0033882299877715785
9809,0.0033951356253531895
9810,0.0034020133487695486
9811,0.0034088630165663865
9812,0.00341568448737564
9813,0.0034224776199174656
9814,0.0034292422730022648
9815,0.0034359783055327325
9816,0.0034426855765058687
9817,0.0034493639450150306
9818,0.00345601327025197
9819,0.0034626334115088597
9820,0.0034692242281803604
9821,0.003475785579765651
9822,0.0034823173258704755
9823,0.0034888193262092014
9824,0.0034952914406068784
9825,0.00350173352900128
9826,0.003508145451444962
9827,0.003514527068107354
9828,0.0035208782392767758
9829,0.003527198825362537
9830,0.0035334886868969868
9831,0.0035397476845375904
9832,0.0035459756790690096
9833,0.0035521725314051544
9834,0.0035583381025912856
9835,0.003564472253806076
9836,0.0035705748463636926
9837,0.003576645741715885
9838,0.003582684801454071
9839,0.003588691887311416
9840,0.003594666861164932
9841,0.0036006095850375616
9842,0.003606519921100268
9843,0.0036123977316741373
9844,0.003618242879232476
9845,0.0036240552264029014
9846,0.003629834635969445
9847,0.0036355809708746704
9848,0.003641294094221748
9849,0.0036469738692765895
9850,0.0036526201594699356
9851,0.003658232828399478
9852,0.003663811739831968
9853,0.0036693567577053194
9854,0.003674867746130748
9855,0.0036803445693948614
9856,0.003685787091961788
9857,0.0036911951784752975
9858,0.0036965686937609223
9859,0.0037019075028280825
9860,0.003707211470872192
9861,0.0037124804632768242
9862,0.0037177143456157908
9863,0.003722912983655309
9864,0.003728076243356106
9865,0.0037332039908755644
9866,0.003738296092569856
9867,0.0037433524149960615
9868,0.0037483728249143307
9869,0.0037533571892899914
9870,0.003758305375295708
9871,0.0037632172503136094
9872,0.0037680926819374356
9873,0.0037729315379746746
9874,0.003777733686448706
9875,0.00378249899560096
9876,0.0037872273338930345
9877,0.0037919185700088574
9878,0.0037965725728568386
9879,0.003801189211572006
9880,0.0038057683555181568
9881,0.003810309874290025
9882,0.0038148136377154016
9883,0.0038192795158573127
9884,0.0038237073790161574
9885,0.0038280970977318677
9886,0.0038324485427860626
9887,0.003836761585204197
9888,0.003841036096257734
9889,0.003845271947466282
9890,0.0038494690105997592
9891,0.003853627157680555
9892,0.0038577462609856875
9893,0.0038618261930489597
9894,0.003865866826663117
9895,0.003869868034882026
9896,0.003873829691022806
9897,0.003877751668668013
9898,0.003881633841667794
9899,0.0038854760841420467
9900,0.0038892782704825876
9901,0.0038930402753553106
9902,0.003896761973702359
9903,0.0039004432407442778
9904,0.0039040839519821793
9905,0.003907683983199921
9906,0.003911243210466254
9907,0.0039147615101369935
9908,0.003918238758857186
9909,0.003921674833563279
9910,0.0039250696114852745
9911,0.003928422970148902
9912,0.003931734787377781
9913,0.003935004941295591
9914,0.003938233310328226
9915,0.0039414197732059834
9916,0.003944564208965699
9917,0.003947666496952938
9918,0.003950726516824139
9919,0.0039537441485487995
9920,0.003956719272411625
9921,0.003959651769014699
9922,0.0039625415192796574
9923,0.003965388404449834
9924,0.003968192306092436
9925,0.003970953106100709
9926,0.003973670686696089
9927,0.0039763449304303835
9928,0.003978975720187914
9929,0.003981562939187693
9930,0.003984106470985582
9931,0.003986606199476446
9932,0.003989062008896317
9933,0.003991473783824557
9934,0.0039938414091860224
9935,0.0039961647702532
9936,0.003998443752648404
9937,0.004000678242345888
9938,0.004002868125674038
9939,0.0040050132893175066
9940,0.004007113620319381
9941,0.0040091690060833265
9942,0.004011179334375749
9943,0.004013144493327944
9944,0.0040150643714382496
9945,0.00401693885757419
9946,0.0040187678409746306
9947,0.004020551211251936
9948,0.0040222888583941
9949,0.0040239806727668985
9950,0.00402562654511605
9951,0.004027226366569341
9952,0.004028780028638767
9953,0.004030287423222694
9954,0.004031748442607984
9955,0.004033162979472135
9956,0.004034530926885439
9957,0.004035852178313086
9958,0.00403712662761732
9959,0.004038354169059581
9960,0.004039534697302611
9961,0.004040668107412614
9962,0.004041754294861365
9963,0.004042793155528355
9964,0.004043784585702901
9965,0.00404472848208629
9966,0.004045624741793876
9967,0.004046473262357236
9968,0.0040472739417262635
9969,0.004048026678271292
9970,0.004048731370785234
9971,0.004049387918485664
9972,0.004049996221016946
9973,0.004050556178452358
9974,0.004051067691296173
9975,0.004051530660485796
9976,0.0040519449873938525
9977,0.0040523105738302975
9978,0.004052627322044517
9979,0.004052895134727434
9980,0.004053113915013584
9981,0.004053283566483244
9982,0.004053403993164502
9983,0.0040534750995353495
9984,0.004053496790525796
9985,0.004053468971519923
9986,0.004053391548357978
9987,0.0040532644273384745
9988,0.0040530875152202574
9989,0.0040528607192245715
9990,0.0040525839470371755
9991,0.0040522571068103575
9992,0.0040518801071650545
9993,0.004051452857192908
9994,0.004050975266458303
9995,0.004050447245000473
9996,0.004049868703335534
9997,0.004049239552458545
9998,0.004048559703845572
9999,0.004047829069455739
10000,0.0040470475617332595
10001,0.004046215093609513
10002,0.004045331578505079
10003,0.0040443969303317505
10004,0.0040434110634946265
10005,0.0040423738928941095
10006,0.004041285333927931
10007,0.0040401453024932225
10008,0.004038953714988497
10009,0.004037710488315707
10010,0.004036415539882254
10011,0.004035068787602995
10012,0.004033670149902275
10013,0.004032219545715935
10014,0.0040307168944933025
10015,0.004029162116199225
10016,0.0040275551313160565
10017,0.00402589586084564
10018,0.004024184226311351
10019,0.004022420149760045
10020,0.004020603553764051
10021,0.004018734361423178
10022,0.004016812496366696
10023,0.004014837882755275
10024,0.004012810445283013
10025,0.004010730109179393
10026,0.004008596800211205
10027,0.004006410444684585
10028,0.004004170969446909
10029,0.004001878301888795
10030,0.00399953236994604
10031,0.003997133102101558
10032,0.003994680427387347
10033,0.003992174275386425
10034,0.003989614576234745
10035,0.003987001260623162
10036,0.0039843342597993625
10037,0.00398161350556974
10038,0.003978838930301394
10039,0.003976010466923998
10040,0.0039731280489317105
10041,0.003970191610385117
10042,0.003967201085913125
10043,0.003964156410714834
10044,0.003961057520561486
10045,0.0039579043517983204
10046,0.00395469684134648
10047,0.003951434926704901
10048,0.003948118545952162
10049,0.003944747637748405
10050,0.003941322141337184
10051,0.003937841996547317
10052,0.00393430714379479
10053,0.0039307175240845885
10054,0.003927073079012537
10055,0.003923373750767189
10056,0.003919619482131652
10057,0.003915810216485405
10058,0.003911945897806173
10059,0.003908026470671757
10060,0.0039040518802618096
10061,0.0039000220723597184
10062,0.003895936993354401
10063,0.003891796590242083
10064,0.0038876008106281702
10065,0.003883349602728992
10066,0.0038790429153736415
10067,0.003874680698005751
10068,0.0038702629006852497
10069,0.003865789474090209
10070,0.003861260369518581
10071,0.003856675538889953
10072,0.0038520349347473675
10073,0.0038473385102590512
10074,0.0038425862192201527
10075,0.0038377780160545427
10076,0.0038329138558165373
10077,0.003827993694192613
10078,0.00382301748750319
10079,0.0038179851927043506
10080,0.0038128967673895188
10081,0.0038077521697912563
10082,0.0038025513587828974
10083,0.003797294293880331
10084,0.003791980935243667
10085,0.003786611243678907
10086,0.0037811851806397023
10087,0.0037757027082290077
10088,0.003770163789200721
10089,0.0037645683869614384
10090,0.003758916465572079
10091,0.0037532079897495273
10092,0.003747442924868342
10093,0.0037416212369624003
10094,0.0037357428927264806
10095,0.003729807859517993
10096,0.003723816105358571
10097,0.0037177675989356652
10098,0.003711662309604254
10099,0.003705500207388358
10100,0.0036992812629827484
10101,0.003693005447754493
10102,0.00368667273374454
10103,0.003680283093669373
10104,0.0036738365009225597
10105,0.0036673329295762998
10106,0.0036607723543830807
10107,0.0036541547507771862
10108,0.0036474800948762417
10109,0.003640748363482831
10110,0.0036339595340860124
10111,0.0036271135848628287
10112,0.0036202104946799077
10113,0.003613250243094963
10114,0.0036062328103582757
10115,0.0035991581774142837
10116,0.0035920263259030575
10117,0.003584837238161763
10118,0.0035775908972262497
10119,0.0035702872868324377
10120,0.003562926391417894
10121,0.0035555081961232598
10122,0.0035480326867936935
10123,0.003540499849980405
10124,0.003532909672942075
10125,0.003525262143646265
10126,0.0035175572507709354
10127,0.0035097949837058556
10128,0.0035019753325539727
10129,0.003494098288132921
10130,0.003486163841976404
10131,0.003478171986335551
10132,0.0034701227141804084
10133,0.0034620160192012795
10134,0.003453851895810092
10135,0.003445630339141846
10136,0.003437351345055897
10137,0.0034290149101374053
10138,0.0034206210316986545
10139,0.003412169707780367
10140,0.0034036609371531283
10141,0.0033950947193186675
10142,0.00338647105451116
10143,0.0033777899436986266
10144,0.0033690513885841987
10145,0.003360255391607397
10146,0.0033514019559454924
10147,0.003342491085514781
10148,0.003333522784971802
10149,0.003324497059714709
10150,0.003315413915884491
10151,0.0033062733603661993
10152,0.0032970754007902742
10153,0.0032878200455337485
10154,0.003278507303721458
10155,0.0032691371852273474
10156,0.003259709700675592
10157,0.0032502248614419064
10158,0.003240682679654711
10159,0.0032310831681962838
10160,0.0032214263407040365
10161,0.0032117122115716593
10162,0.0032019407959502457
10163,0.0031921121097495436
10164,0.0031822261696390734
10165,0.0031722829930492355
10166,0.003162282598172539
10167,0.0031522250039646813
10168,0.003142110230145657
10169,0.0031319382972009287
10170,0.0031217092263825124
10171,0.0031114230397100303
10172,0.0031010797599719084
10173,0.003090679410726335
10174,0.0030802220163024465
10175,0.0030697076018013554
10176,0.0030591361930971507
10177,0.0030485078168380458
10178,0.003037822500447379
10179,0.003027080272124596
10180,0.003016281160846364
10181,0.0030054251963675563
10182,0.002994512409222201
10183,0.0029835428307245673
10184,0.002972516492970128
10185,0.0029614334288364827
10186,0.0029502936719844265
10187,0.002939097256858867
10188,0.0029278442186897427
10189,0.002916534593493062
10190,0.002905168418071729
10191,0.002893745730016581
10192,0.002882266567707256
10193,0.002870730970313065
10194,0.0028591389777939823
10195,0.0028474906309014997
10196,0.0028357859711794545
10197,0.002824025040965005
10198,0.0028122078833894503
10199,0.00280033454237904
10200,0.002788405062655917
10201,0.0027764194897389022
10202,0.0027643778699443003
10203,0.0027522802503867874
10204,0.0027401266789801883
10205,0.002727917204438236
10206,0.0027156518762754558
10207,0.0027033307448078954
10208,0.0026909538611538625
10209,0.0026785212772348003
10210,0.0026660330457759047
10211,0.0026534892203069994
10212,0.0026408898551632093
10213,0.0026282350054856523
10214,0.0026155247272222452
10215,0.002602759077128376
10216,0.002589938112767541
10217,0.002577061892512138
10218,0.0025641304755441006
10219,0.0025511439218555147
10220,0.0025381022922493796
10221,0.0025250056483402095
10222,0.002511854052554635
10223,0.0024986475681321165
10224,0.0024853862591255266
10225,0.0024720701904017164
10226,0.0024586994276422267
10227,0.0024452740373437547
10228,0.0024317940868188452
10229,0.0024182596441964252
10230,0.0024046707784223073
10231,0.0023910275592598455
10232,0.002377330057290432
10233,0.002363578343913977
10234,0.002349772491349534
10235,0.0023359125726357625
10236,0.002321998661631386
10237,0.0023080308330157766
10238,0.0022940091622893964
10239,0.002279933725774214
10240,0.0022658046006142738
10241,0.002251621864776097
10242,0.002237385597049071
10243,0.00222309587704599
10244,0.0022087527852034192
10245,0.0021943564027820574
10246,0.0021799068118672623
10247,0.002165404095369302
10248,0.0021508483370238575
10249,0.002136239621392341
10250,0.0021215780338622093
10251,0.0021068636606474084
10252,0.00209209658878867
10253,0.0020772769061537855
10254,0.002062404701438028
10255,0.0020474800641644103
10256,0.0020325030846839345
10257,0.002017473854175974
10258,0.002002392464648507
10259,0.001987259008938328
10260,0.0019720735807114043
10261,0.0019568362744630773
10262,0.0019415471855182315
10263,0.001926206410031661
10264,0.0019108140449881211
10265,0.0018953701882026648
10266,0.0018798749383207819
10267,0.0018643283948185235
10268,0.0018487306580027825
10269,0.0018330818290113945
10270,0.0018173820098132422
10271,0.0018016313032084882
10272,0.0017858298128286612
10273,0.001769977643136705
10274,0.0017540748994272055
10275,0.001738121687826422
10276,0.0017221181152923149
10277,0.0017060642896147412
10278,0.0016899603194154436
10279,0.001673806314148057
10280,0.0016576023840982747
10281,0.001641348640383727
10282,0.0016250451949541332
10283,0.0016086921605912466
10284,0.001592289650908802
10285,0.0015758377803526038
10286,0.0015593366642004474
10287,0.0015427864185620249
10288,0.001526187160378988
10289,0.0015095390074248323
10290,0.0014928420783047718
10291,0.0014760964924557631
10292,0.0014593023701463602
10293,0.0014424598324765503
10294,0.0014255690013777547
10295,0.001408629999612641
10296,0.0013916429507749256
10297,0.0013746079792893455
10298,0.0013575252104114312
10299,0.0013403947702272795
10300,0.001323216785653507
10301,0.0013059913844368947
10302,0.0012887186951543194
10303,0.001271398847212479
10304,0.0012540319708476022
10305,0.0012366181971253238
10306,0.0012191576579403739
10307,0.0012016504860162544
10308,0.0011840968149050843
10309,0.0011664967789872499
10310,0.0011488505134710464
10311,0.0011311581543924924
10312,0.0011134198386149414
10313,0.001095635703828692
10314,0.0010778058885507617
10315,0.0010599305321244736
10316,0.0010420097747190229
10317,0.0010240437573292409
10318,0.0010060326217750442
10319,0.0009879765107011678
10320,0.0009698755675766941
10321,0.0009517299366945632
10322,0.0009335397631712575
10323,0.0009153051929462908
10324,0.0008970263727816846
10325,0.0008787034502616201
10326,0.000860336573791887
10327,0.0008419258925993299
10328,0.0008234715567314585
10329,0.0008049737170558687
10330,0.0007864325252596469
10331,0.0007678481338489516
10332,0.0007492206961483911
10333,0.0007305503663003985
10334,0.0007118372992647934
10335,0.0006930816508180274
10336,0.0006742835775527239
10337,0.0006554432368769995
10338,0.0006365607870137791
10339,0.0006176363870002759
10340,0.0005986701966872804
10341,0.0005796623767384353
10342,0.0005606130886296843
10343,0.000541522494648524
10344,0.00052239075789324
10345,0.0005032180422723247
10346,0.0004840045125036877
10347,0.00046475033411386114
10348,0.00044545567343737627
10349,0.000426120697615943
10350,0.00040674557459761485
10351,0.00038733047313613234
10352,0.00036787556279006524
10353,0.0003483810139219406
10354,0.0003288469976975725
10355,0.0003092736860850604
10356,0.0002896612518540947
10357,0.00027000986857503723
10358,0.0002503197106179892
10359,0.00023059095315204029
10360,0.00021082377214431069
10361,0.00019101834435898463
10362,0.00017117484735652117
10363,0.00015129345949266225
10364,0.0001313743599174274
10365,0.0001114177285742896
10366,9.142374619914572e-05
10367,7.139259431927521e-05
10368,5.1324455252479213e-05
10369,3.1219512106014645e-05
10370,1.107794877551604e-05
10371,-9.100050055880362e-06
10372,-2.931429891874671e-05
10373,-4.956461155826359e-05
10374,-6.985080093534724e-05
10375,-9.017267922778925e-05
10376,-0.00011053005783121462
10377,-0.0001309227473602456
10378,-0.0001513505576496787
10379,-0.000171813297755479
10380,-0.00019231077595598114
10381,-0.00021284279975310291
10382,-0.00023340917587337626
10383,-0.00025400971026918567
10384,-0.00027464420812001834
10385,-0.00029531247383353176
10386,-0.00031601431104683
10387,-0.0003367495226277494
10388,-0.00035751791067596423
10389,-0.0003783192765242987
10390,-0.00039915342074005127
10391,-0.0004200201431261143
10392,-0.0004409192427224312
10393,-0.00046185051780714306
10394,-0.00048281376589795916
10395,-0.0005038087837535454
10396,-0.0005248353673747261
10397,-0.0005458933120058959
10398,-0.0005669824121364423
10399,-0.0005881024615019852
10400,-0.0006092532530858271
10401,-0.00063043457912041
10402,-0.0006516462310885943
10403,-0.0006728879997251439
10404,-0.0006941596750182236
10405,-0.0007154610462107113
10406,-0.0007367919018017237
10407,-0.0007581520295481469
10408,-0.0007795412164659682
10409,-0.0008009592488319433
10410,-0.0008224059121849493
10411,-0.00084388099132757
10412,-0.0008653842703276922
10413,-0.0008869155325199195
10414,-0.0009084745605071881
10415,-0.000930061136162408
10416,-0.000951675040629906
10417,-0.0009733160543270879
10418,-0.0009949839569461084
10419,-0.0010166785274553552
10420,-0.0010383995441011497
10421,-0.0010601467844094483
10422,-0.0010819200251873716
10423,-0.001103719042524931
10424,-0.001125543611796781
10425,-0.0011473935076637511
10426,-0.001169268504074728
10427,-0.0011911683742682193
10428,-0.001213092890774146
10429,-0.001235041825415649
10430,-0.0012570149493107135
10431,-0.0012790120328739982
10432,-0.0013010328458186791
10433,-0.0013230771571581096
10434,-0.0013451447352076892
10435,-0.0013672353475867433
10436,-0.001389348761220217
10437,-0.0014114847423405833
10438,-0.00143364305648976
10439,-0.0014558234685208417
10440,-0.0014780257426000457
10441,-0.0015002496422086584
10442,-0.001522494930144814
10443,-0.0015447613685254668
10444,-0.0015670487187883868
10445,-0.001589356741693941
10446,-0.0016116851973272204
10447,-0.0016340338450998532
10448,-0.0016564024437520355
10449,-0.0016787907513545932
10450,-0.0017011985253108425
10451,-0.0017236255223586727
10452,-0.0017460714985726325
10453,-0.0017685362093658348
10454,-0.0017910194094920722
10455,-0.0018135208530479403
10456,-0.0018360402934747787
10457,-0.0018585774835608217
10458,-0.001881132175443365
10459,-0.0019037041206107358
10460,-0.0019262930699044827
10461,-0.0019488987735215815
10462,-0.001971520981016415
10463,-0.0019941594413031135
10464,-0.0020168139026575695
10465,-0.0020394841127196845
10466,-0.00206216981849563
10467,-0.0020848707663599204
10468,-0.002107586702057699
10469,-0.0021303173707070315
10470,-0.0021530625168010155
10471,-0.0021758218842101063
10472,-0.002198595216184441
10473,-0.0022213822553559933
10474,-0.0022441827437409212
10475,-0.0022669964227419485
10476,-0.0022898230331505278
10477,-0.002312662315149252
10478,-0.002335514008314244
10479,-0.0023583778516173873
10480,-0.002381253583428741
10481,-0.002404140941518997
10482,-0.0024270396630616934
10483,-0.002449949484635801
10484,-0.002472870142227976
10485,-0.0024958013712350464
10486,-0.0025187429064665126
10487,-0.0025416944821468612
10488,-0.002564655831918091
10489,-0.0025876266888422432
10490,-0.0026106067854037534
10491,-0.0026335958535120088
10492,-0.002656593624503921
10493,-0.0026795998291463115
10494,-0.002702614197638497
10495,-0.002725636459614913
10496,-0.0027486663441475163
10497,-0.0027717035797484206
10498,-0.0027947478943725393
10499,-0.002817799015420017
10500,-0.0028408566697390035
10501,-0.0028639205836281075
10502,-0.0028869904828390976
10503,-0.0029100660925795814
10504,-0.0029331471375155294
10505,-0.0029562333417740023
10506,-0.002979324428945874
10507,-0.0030024201220883884
10508,-0.0030255201437279096
10509,-0.003048624215862701
10510,-0.0030717320599654967
10511,-0.0030948433969862957
10512,-0.00311795794735517
10513,-0.003141075430984879
10514,-0.0031641955672736897
10515,-0.003187318075108228
10516,-0.0032104426728660944
10517,-0.0032335690784188378
10518,-0.003256697009134611
10519,-0.0032798261818810515
10520,-0.003302956313028173
10521,-0.003326087118451074
10522,-0.003349218313532869
10523,-0.003372349613167589
10524,-0.0033954807317629443
10525,-0.0034186113832432685
10526,-0.003441741281052479
10527,-0.003464870138156854
10528,-0.0034879976670480176
10529,-0.003511123579745937
10530,-0.003534247587801719
10531,-0.0035573694023006428
10532,-0.003580488733865178
10533,-0.003603605292657834
10534,-0.0036267187883842027
10535,-0.0036498289302960203
10536,-0.0036729354271940397
10537,-0.0036960379874311903
10538,-0.0037191363189154765
10539,-0.0037422301291130805
10540,-0.003765319125051469
10541,-0.003788403013322329
10542,-0.0038114815000847074
10543,-0.003834554291068159
10544,-0.003857621091575701
10545,-0.003880681606486994
10546,-0.0039037355402615106
10547,-0.003926782596941545
10548,-0.003949822480155399
10549,-0.0039728548931206075
10550,-0.003995879538646961
10551,-0.004018896119139738
10552,-0.004041904336602946
10553,-0.00406490389264237
10554,-0.004087894488468929
10555,-0.004110875824901756
10556,-0.004133847602371472
10557,-0.004156809520923477
10558,-0.004179761280221073
10559,-0.0042027025795487805
10560,-0.004225633117815653
10561,-0.004248552593558441
10562,-0.004271460704944922
10563,-0.004294357149777275
10564,-0.004317241625495238
10565,-0.004340113829179504
10566,-0.004362973457555091
10567,-0.004385820206994567
10568,-0.004408653773521451
10569,-0.004431473852813621
10570,-0.004454280140206557
10571,-0.00447707233069686
10572,-0.004499850118945495
10573,-0.0045226131992812625
10574,-0.004545361265704248
10575,-0.004568094011889125
10576,-0.004590811131188636
10577,-0.0046135123166371
10578,-0.004636197260953717
10579,-0.004658865656546094
10580,-0.004681517195513769
10581,-0.004704151569651562
10582,-0.0047267684704531245
10583,-0.004749367589114484
10584,-0.004771948616537445
10585,-0.0047945112433331345
10586,-0.004817055159825609
10587,-0.004839580056055255
10588,-0.004862085621782386
10589,-0.004884571546490871
10590,-0.004907037519391543
10591,-0.004929483229425928
10592,-0.004951908365269684
10593,-0.004974312615336259
10594,-0.004996695667780535
10595,-0.005019057210502333
10596,-0.005041396931150073
10597,-0.0050637145171244765
10598,-0.0050860096555820624
10599,-0.005108282033438868
10600,-0.005130531337374153
10601,-0.005152757253833947
10602,-0.005174959469034784
10603,-0.005197137668967421
10604,-0.005219291539400456
10605,-0.00524142076588403
10606,-0.005263525033753632
10607,-0.005285604028133664
10608,-0.005307657433941323
10609,-0.005329684935890204
10610,-0.005351686218494091
10611,-0.005373660966070791
10612,-0.005395608862745743
10613,-0.0054175295924558725
10614,-0.005439422838953418
10615,-0.005461288285809599
10616,-0.0054831256164184754
10617,-0.005504934514000797
10618,-0.005526714661607726
10619,-0.005548465742124681
10620,-0.005570187438275245
10621,-0.005591879432624881
10622,-0.00561354140758484
10623,-0.005635173045416065
10624,-0.0056567740282329375
10625,-0.0056783440380072285
10626,-0.0056998827565719916
10627,-0.005721389865625357
10628,-0.005742865046734555
10629,-0.005764307981339689
10630,-0.005785718350757708
10631,-0.005807095836186394
10632,-0.005828440118708142
10633,-0.005849750879293992
10634,-0.0058710277988075835
10635,-0.005892270558009039
10636,-0.005913478837558946
10637,-0.005934652318022385
10638,-0.0059557906798728116
10639,-0.005976893603496065
10640,-0.005997960769194426
10641,-0.006018991857190505
10642,-0.006039986547631292
10643,-0.006060944520592236
10644,-0.00608186545608112
10645,-0.006102749034042253
10646,-0.006123594934360358
10647,-0.006144402836864675
10648,-0.006165172421333062
10649,-0.006185903367495941
10650,-0.006206595355040428
10651,-0.006227248063614422
10652,-0.00624786117283063
10653,-0.006268434362270649
10654,-0.0062889673114891395
10655,-0.006309459700017807
10656,-0.006329911207369578
10657,-0.006350321513042728
10658,-0.006370690296524935
10659,-0.0063910172372974436
10660,-0.00641130201483923
10661,-0.006431544308631042
10662,-0.0064517437981596705
10663,-0.006471900162921997
10664,-0.006492013082429176
10665,-0.006512082236210889
10666,-0.006532107303819379
10667,-0.0065520879648336946
10668,-0.006572023898863924
10669,-0.00659191478555529
10670,-0.006611760304592388
10671,-0.006631560135703434
10672,-0.006651313958664411
10673,-0.006671021453303282
10674,-0.006690682299504291
10675,-0.006710296177212097
10676,-0.006729862766436035
10677,-0.006749381747254427
10678,-0.006768852799818706
10679,-0.006788275604357761
10680,-0.006807649841182172
10681,-0.006826975190688432
10682,-0.00684625133336329
10683,-0.006865477949787956
10684,-0.006884654720642396
10685,-0.006903781326709672
10686,-0.006922857448880167
10687,-0.006941882768155895
10688,-0.0069608569656548535
10689,-0.006979779722615249
10690,-0.006998650720399864
10691,-0.007017469640500399
10692,-0.007036236164541705
10693,-0.007054949974286199
10694,-0.007073610751638186
10695,-0.00709221817864813
10696,-0.007110771937517065
10697,-0.007129271710600953
10698,-0.007147717180414951
10699,-0.007166108029637882
10700,-0.007184443941116516
10701,-0.007202724597869955
10702,-0.007220949683094051
10703,-0.007239118880165714
10704,-0.007257231872647329
10705,-0.007275288344291169
10706,-0.007293287979043744
10707,-0.0073112304610501895
10708,-0.0073291154746587305
10709,-0.007346942704425009
10710,-0.0073647118351165206
10711,-0.007382422551717082
10712,-0.007400074539431142
10713,-0.0074176674836882875
10714,-0.007435201070147657
10715,-0.007452674984702322
10716,-0.007470088913483754
10717,-0.00748744254286629
10718,-0.0075047355594715075
10719,-0.007521967650172729
10720,-0.007539138502099443
10721,-0.00755624780264174
10722,-0.007573295239454822
10723,-0.0075902805004633995
10724,-0.007607203273866175
10725,-0.007624063248140366
10726,-0.007640860112046074
10727,-0.007657593554630836
10728,-0.007674263265234085
10729,-0.007690868933491596
10730,-0.007707410249339999
10731,-0.0077238869030212855
10732,-0.007740298585087244
10733,-0.007756644986403971
10734,-0.007772925798156434
10735,-0.007789140711852844
10736,-0.0078052894193292805
10737,-0.007821371612754105
10738,-0.0078373869846325
10739,-0.007853335227811016
10740,-0.007869216035482025
10741,-0.007885029101188256
10742,-0.007900774118827338
10743,-0.007916450782656277
10744,-0.007932058787295998
10745,-0.0079475978277359
10746,-0.007963067599338314
10747,-0.0079784677978431
10748,-0.007993798119372153
10749,-0.008009058260433915
10750,-0.00802424791792793
10751,-0.00803936678914941
10752,-0.008054414571793704
10753,-0.008069390963960915
10754,-0.008084295664160407
10755,-0.008099128371315328
10756,-0.008113888784767206
10757,-0.008128576604280463
10758,-0.008143191530046981
10759,-0.008157733262690644
10760,-0.008172201503271899
10761,-0.008186595953292302
10762,-0.008200916314699077
10763,-0.008215162289889692
10764,-0.008229333581716385
10765,-0.008243429893490738
10766,-0.008257450928988256
10767,-0.008271396392452893
10768,-0.008285265988601654
10769,-0.008299059422629124
10770,-0.008312776400212057
10771,-0.008326416627513935
10772,-0.00833997981118952
10773,-0.008353465658389445
10774,-0.008366873876764777
10775,-0.008380204174471563
10776,-0.008393456260175427
10777,-0.008406629843056122
10778,-0.00841972463281211
10779,-0.008432740339665118
10780,-0.008445676674364735
10781,-0.008458533348192956
10782,-0.008471310072968757
10783,-0.008484006561052684
10784,-0.008496622525351409
10785,-0.008509157679322294
10786,-0.00852161173697799
10787,-0.008533984412890971
10788,-0.00854627542219814
10789,-0.008558484480605364
10790,-0.008570611304392088
10791,-0.00858265561041586
10792,-0.008594617116116922
10793,-0.008606495539522786
10794,-0.008618290599252783
10795,-0.008630002014522646
10796,-0.008641629505149061
10797,-0.00865317279155426
10798,-0.008664631594770555
10799,-0.008676005636444915
10800,-0.008687294638843542
10801,-0.008698498324856417
10802,-0.00870961641800186
10803,-0.008720648642431095
10804,-0.008731594722932829
10805,-0.008742454384937771
10806,-0.008753227354523212
10807,-0.008763913358417582
10808,-0.008774512124004994
10809,-0.008785023379329794
10810,-0.008795446853101126
10811,-0.008805782274697466
10812,-0.008816029374171176
10813,-0.008826187882253037
10814,-0.008836257530356825
10815,-0.00884623805058381
10816,-0.008856129175727317
10817,-0.008865930639277278
10818,-0.008875642175424735
10819,-0.008885263519066395
10820,-0.008894794405809155
10821,-0.008904234571974633
10822,-0.008913583754603695
10823,-0.008922841691460957
10824,-0.008932008121039357
10825,-0.008941082782564622
10826,-0.008950065415999799
10827,-0.008958955762049794
10828,-0.008967753562165847
10829,-0.008976458558550062
10830,-0.008985070494159903
10831,-0.008993589112712705
10832,-0.00900201415869016
10833,-0.009010345377342821
10834,-0.009018582514694602
10835,-0.009026725317547247
10836,-0.009034773533484843
10837,-0.009042726910878273
10838,-0.009050585198889733
10839,-0.009058348147477168
10840,-0.00906601550739877
10841,-0.009073587030217451
10842,-0.009081062468305286
10843,-0.009088441574847988
10844,-0.009095724103849376
10845,-0.009102909810135808
10846,-0.009109998449360647
10847,-0.00911698977800869
10848,-0.00912388355340064
10849,-0.009130679533697514
10850,-0.009137377477905086
10851,-0.00914397714587833
10852,-0.009150478298325828
10853,-0.009156880696814187
10854,-0.009163184103772478
10855,-0.009169388282496638
10856,-0.009175492997153862
10857,-0.009181498012787016
10858,-0.009187403095319055
10859,-0.009193208011557381
10860,-0.009198912529198253
10861,-0.009204516416831168
10862,-0.009210019443943228
10863,-0.00921542138092353
10864,-0.009220721999067519
10865,-0.00922592107058137
10866,-0.009231018368586315
10867,-0.009236013667123025
10868,-0.009240906741155946
10869,-0.00924569736657764
10870,-0.009250385320213113
10871,-0.009254970379824154
10872,-0.009259452324113676
10873,-0.009263830932730003
10874,-0.009268105986271192
10875,-0.009272277266289366
10876,-0.009276344555294982
10877,-0.009280307636761147
10878,-0.009284166295127893
10879,-0.009287920315806475
10880,-0.009291569485183645
10881,-0.009295113590625903
10882,-0.009298552420483795
10883,-0.009301885764096149
10884,-0.00930511341179432
10885,-0.00930823515490646
10886,-0.009311250785761735
10887,-0.00931416009769457
10888,-0.009316962885048857
10889,-0.009319658943182199
10890,-0.009322248068470101
10891,-0.009324730058310178
10892,-0.009327104711126358
10893,-0.009329371826373077
10894,-0.00933153120453944
10895,-0.009333582647153418
10896,-0.009335525956786018
10897,-0.009337360937055431
10898,-0.009339087392631187
10899,-0.009340705129238323
10900,-0.009342213953661494
10901,-0.009343613673749114
10902,-0.009344904098417497
10903,-0.009346085037654935
10904,-0.009347156302525863
10905,-0.009348117705174889
10906,-0.00934896905883095
10907,-0.009349710177811365
10908,-0.009350340877525903
10909,-0.009350860974480887
10910,-0.009351270286283214
10911,-0.009351568631644432
10912,-0.009351755830384768
10913,-0.00935183170343718
10914,-0.009351796072851373
10915,-0.009351648761797813
10916,-0.00935138959457175
10917,-0.0093510183965972
10918,-0.009350534994430955
10919,-0.009349939215766549
10920,-0.009349230889438261
10921,-0.009348409845425043
10922,-0.009347475914854493
10923,-0.009346428930006815
10924,-0.009345268724318746
10925,-0.00934399513238747
10926,-0.009342607989974558
10927,-0.00934110713400989
10928,-0.009339492402595512
10929,-0.00933776363500956
10930,-0.00933592067171014
10931,-0.009333963354339204
10932,-0.00933189152572638
10933,-0.00932970502989287
10934,-0.009327403712055263
10935,-0.009324987418629369
10936,-0.009322455997234058
10937,-0.009319809296695073
10938,-0.00931704716704881
10939,-0.00931416945954612
10940,-0.009311176026656114
10941,-0.009308066722069913
10942,-0.009304841400704407
10943,-0.009301499918706019
10944,-0.009298042133454457
10945,-0.009294467903566408
10946,-0.009290777088899277
10947,-0.009286969550554929
10948,-0.00928304515088333
10949,-0.009279003753486266
10950,-0.009274845223221022
10951,-0.009270569426204045
10952,-0.00926617622981459
10953,-0.009261665502698356
10954,-0.009257037114771167
10955,-0.009252290937222529
10956,-0.009247426842519278
10957,-0.00924244470440917
10958,-0.009237344397924488
10959,-0.009232125799385569
10960,-0.009226788786404413
10961,-0.009221333237888237
10962,-0.009215759034042977
10963,-0.009210066056376844
10964,-0.009204254187703867
10965,-0.009198323312147342
10966,-0.009192273315143362
10967,-0.009186104083444299
10968,-0.009179815505122271
10969,-0.009173407469572582
10970,-0.00916687986751718
10971,-0.009160232591008123
10972,-0.009153465533430938
10973,-0.009146578589508058
10974,-0.009139571655302258
10975,-0.009132444628219962
10976,-0.009125197407014677
10977,-0.00911782989179031
10978,-0.009110341984004565
10979,-0.009102733586472213
10980,-0.00909500460336844
10981,-0.009087154940232201
10982,-0.009079184503969426
10983,-0.009071093202856354
10984,-0.009062880946542822
10985,-0.009054547646055462
10986,-0.009046093213800984
10987,-0.009037517563569384
10988,-0.0090288206105372
10989,-0.009020002271270651
10990,-0.009011062463728861
10991,-0.00900200110726706
10992,-0.008992818122639688
10993,-0.008983513432003577
10994,-0.008974086958921079
10995,-0.008964538628363208
10996,-0.008954868366712696
10997,-0.00894507610176712
10998,-0.008935161762742005
10999,-0.008925125280273831
11000,-0.008914966586423103
11001,-0.00890468561467744
11002,-0.008894282299954516
11003,-0.008883756578605117
11004,-0.00887310838841611
11005,-0.008862337668613475
11006,-0.008851444359865197
11007,-0.008840428404284242
11008,-0.008829289745431543
11009,-0.008818028328318843
11010,-0.008806644099411632
11011,-0.008795137006632084
11012,-0.008783506999361859
11013,-0.008771754028445005
11014,-0.008759878046190795
11015,-0.008747879006376597
11016,-0.00873575686425062
11017,-0.008723511576534752
11018,-0.008711143101427392
11019,-0.008698651398606132
11020,-0.008686036429230574
11021,-0.00867329815594505
11022,-0.008660436542881374
11023,-0.00864745155566151
11024,-0.008634343161400276
11025,-0.008621111328708077
11026,-0.008607756027693484
11027,-0.008594277229965924
11028,-0.008580674908638343
11029,-0.008566949038329755
11030,-0.008553099595167889
11031,-0.00853912655679174
11032,-0.008525029902354203
11033,-0.008510809612524532
11034,-0.008496465669490924
11035,-0.00848199805696308
11036,-0.008467406760174618
11037,-0.00845269176588561
11038,-0.008437853062385082
11039,-0.008422890639493412
11040,-0.00840780448856479
11041,-0.008392594602489629
11042,-0.008377260975697028
11043,-0.008361803604157064
11044,-0.008346222485383224
11045,-0.00833051761843477
11046,-0.008314689003919035
11047,-0.008298736643993767
11048,-0.008282660542369412
11049,-0.00826646070431147
11050,-0.008250137136642669
11051,-0.008233689847745253
11052,-0.008217118847563282
11053,-0.008200424147604753
11054,-0.008183605760943836
11055,-0.008166663702223107
11056,-0.008149597987655646
11057,-0.008132408635027219
11058,-0.008115095663698387
11059,-0.008097659094606687
11060,-0.00808009895026864
11061,-0.008062415254781859
11062,-0.008044608033827165
11063,-0.00802667731467056
11064,-0.008008623126165263
11065,-0.007990445498753778
11066,-0.00797214446446981
11067,-0.007953720056940268
11068,-0.007935172311387207
11069,-0.00791650126462983
11070,-0.007897706955086294
11071,-0.007878789422775678
11072,-0.00785974870931988
11073,-0.007840584857945438
11074,-0.007821297913485372
11075,-0.007801887922381073
11076,-0.007782354932684031
11077,-0.007762698994057673
11078,-0.007742920157779111
11079,-0.007723018476740939
11080,-0.0077029940054529076
11081,-0.007682846800043654
11082,-0.007662576918262456
11083,-0.00764218441948082
11084,-0.007621669364694203
11085,-0.007601031816523611
11086,-0.0075802718392172985
11087,-0.007559389498652261
11088,-0.0075383848623358785
11089,-0.007517257999407505
11090,-0.0074960089806399574
11091,-0.007474637878441053
11092,-0.00745314476685517
11093,-0.00743152972156466
11094,-0.007409792819891357
11095,-0.007387934140798003
11096,-0.0073659537648897416
11097,-0.0073438517744154296
11098,-0.007321628253269084
11099,-0.007299283286991275
11100,-0.007276816962770419
11101,-0.0072542293694441325
11102,-0.007231520597500588
11103,-0.007208690739079729
11104,-0.007185739887974598
11105,-0.00716266813963255
11106,-0.0071394755911565536
11107,-0.00711616234130632
11108,-0.007092728490499519
11109,-0.0070691741408130185
11110,-0.0070454993959839386
11111,-0.007021704361410843
11112,-0.0069977891441548165
11113,-0.0069737538529406305
11114,-0.006949598598157717
11115,-0.0069253234918612615
11116,-0.006900928647773285
11117,-0.006876414181283566
11118,-0.0068517802094506695
11119,-0.0068270268510029685
11120,-0.006802154226339497
11121,-0.006777162457530951
11122,-0.006752051668320554
11123,-0.0067268219841250055
11124,-0.006701473532035274
11125,-0.006676006440817468
11126,-0.006650420840913715
11127,-0.0066247168644428915
11128,-0.006598894645201416
11129,-0.006572954318664098
11130,-0.006546896021984762
11131,-0.006520719893997045
11132,-0.006494426075215052
11133,-0.006468014707834112
11134,-0.006441485935731336
11135,-0.006414839904466302
11136,-0.006388076761281715
11137,-0.006361196655103909
11138,-0.006334199736543493
11139,-0.006307086157895856
11140,-0.006279856073141773
11141,-0.0062525096379478185
11142,-0.0062250470096668975
11143,-0.006197468347338762
11144,-0.006169773811690366
11145,-0.006141963565136329
11146,-0.006114037771779396
11147,-0.006085996597410712
11148,-0.00605784020951026
11149,-0.006029568777247146
11150,-0.006001182471480002
11151,-0.00597268146475717
11152,-0.005944065931317023
11153,-0.005915336047088273
11154,-0.005886491989690091
11155,-0.005857533938432379
11156,-0.005828462074315991
11157,-0.005799276580032797
11158,-0.005769977639965906
11159,-0.005740565440189735
11160,-0.005711040168470183
11161,-0.005681402014264606
11162,-0.005651651168721916
11163,-0.005621787824682667
11164,-0.00559181217667896
11165,-0.005561724420934507
11166,-0.005531524755364544
11167,-0.0055012133795758564
11168,-0.005470790494866599
11169,-0.005440256304226229
11170,-0.005409611012335454
11171,-0.005378854825565962
11172,-0.005347987951980323
11173,-0.005317010601331838
11174,-0.005285922985064217
11175,-0.005254725316311434
11176,-0.005223417809897401
11177,-0.005192000682335792
11178,-0.005160474151829601
11179,-0.005128838438270894
11180,-0.005097093763240497
11181,-0.005065240350007527
11182,-0.005033278423529046
11183,-0.0050012082104497
11184,-0.004969029939101167
11185,-0.004936743839501778
11186,-0.004904350143355984
11187,-0.004871849084053922
11188,-0.004839240896670778
11189,-0.0048065258179662935
11190,-0.0047737040863842315
11191,-0.004740775942051673
11192,-0.004707741626778456
11193,-0.004674601384056574
11194,-0.004641355459059403
11195,-0.00460800409864108
11196,-0.004574547551335765
11197,-0.004540986067356958
11198,-0.004507319898596638
11199,-0.004473549298624539
11200,-0.004439674522687389
11201,-0.004405695827707975
11202,-0.004371613472284366
11203,-0.00433742771668899
11204,-0.004303138822867824
11205,-0.004268747054439342
11206,-0.004234252676693643
11207,-0.0041996559565915265
11208,-0.00416495716276339
11209,-0.004130156565508272
11210,-0.004095254436792868
11211,-0.004060251050250354
11212,-0.004025146681179376
11213,-0.003989941606542907
11214,-0.003954636104967193
11215,-0.003919230456740466
11216,-0.0038837249438118467
11217,-0.00384811984979018
11218,-0.0038124154599427007
11219,-0.003776612061193843
11220,-0.003740709942124023
11221,-0.003704709392968227
11222,-0.0036686107056147655
11223,-0.0036324141736038974
11224,-0.003596120092126536
11225,-0.003559728758022739
11226,-0.0035232404697803595
11227,-0.003486655527533661
11228,-0.0034499742330617394
11229,-0.003413196889787116
11230,-0.003376323802774192
11231,-0.003339355278727792
11232,-0.0033022916259914897
11233,-0.0032651331545460877
11234,-0.0032278801760080742
11235,-0.003190533003627873
11236,-0.0031530919522882567
11237,-0.003115557338502733
11238,-0.003077929480413717
11239,-0.003040208697790897
11240,-0.003002395312029448
11241,-0.0029644896461483417
11242,-0.002926492024788427
11243,-0.0028884027742106825
11244,-0.0028502222222944284
11245,-0.0028119506985353412
11246,-0.002773588534043626
11247,-0.0027351360615421733
11248,-0.0026965936153644852
11249,-0.0026579615314528075
11250,-0.0026192401473560997
11251,-0.0025804298022281172
11252,-0.002541530836825243
11253,-0.002502543593504502
11254,-0.002463468416221548
11255,-0.0024243056505284244
11256,-0.0023850556435715256
11257,-0.002345718744089408
11258,-0.0023062953024106936
11259,-0.0022667856704517444
11260,-0.002227190201714506
11261,-0.0021875092512843243
11262,-0.002147743175827543
11263,-0.002107892333589277
11264,-0.0020679570843911586
11265,-0.0020279377896288632
11266,-0.001987834812269828
11267,-0.0019476485168508256
11268,-0.0019073792694756287
11269,-0.0018670274378124456
11270,-0.0018265933910915206
11271,-0.0017860775001027197
11272,-0.0017454801371928823
11273,-0.0017048016762633543
11274,-0.0016640424927675034
11275,-0.001623202963707995
11276,-0.001582283467634281
11277,-0.0015412843846399269
11278,-0.0015002060963600432
11279,-0.0014590489859684773
11280,-0.0014178134381751769
11281,-0.0013764998392235357
11282,-0.001335108576887506
11283,-0.0012936400404689173
11284,-0.0012520946207946347
11285,-0.0012104727102138276
11286,-0.0011687747025949898
11287,-0.0011270009933231381
11288,-0.0010851519792969904
11289,-0.0010432280589259104
11290,-0.0010012296321270358
11291,-0.0009591571003223854
11292,-0.0009170108664357312
11293,-0.000874791334889679
11294,-0.0008324989116025893
11295,-0.0007901340039856055
11296,-0.0007476970209394362
11297,-0.0007051883728513162
11298,-0.0006626084715919441
11299,-0.0006199577305121902
11300,-0.0005772365644399869
11301,-0.0005344453896771955
11302,-0.0004915846239962424
11303,-0.00044865468663696055
11304,-0.00040565599830327093
11305,-0.00036258898115997727
11306,-0.00031945405882930617
11307,-0.00027625165638763184
11308,-0.00023298220036217784
11309,-0.0001896461187274849
11310,-0.00014624384090206546
11311,-0.00010277579774503376
11312,-5.924242155250321e-05
11313,-1.5644146054192796e-05
11314,2.8018593590129915e-05
11315,7.174536079408958e-05
11316,0.00011553571754840029
11317,0.00015938922442437688
11318,0.00020330544057746986
11319,0.00024728392375103335
11320,0.0002913242302798835
11321,0.0003354259150940207
11322,0.00037958853172223545
11323,0.00042381163229596934
11324,0.0004680947675529923
11325,0.000512437486841101
11326,0.0005568393381220517
11327,0.0006012998679753066
11328,0.0006458186216018017
11329,0.0006903951428279525
11330,0.0007350289741094445
11331,0.0007797196565351899
11332,0.0008244667298311683
11333,0.0008692697323645205
11334,0.0009141282011474601
11335,0.0009590416718412056
11336,0.0010040096787601446
11337,0.0010490317548758166
11338,0.0010941074318209095
11339,0.0011392362398935025
11340,0.0011844177080610843
11341,0.001229651363964746
11342,0.0012749367339232507
11343,0.0013202733429373613
11344,0.0013656607146939831
11345,0.001411098371570324
11346,0.0014565858346382967
11347,0.0015021226236687012
11348,0.0015477082571355748
11349,0.0015933422522204268
11350,0.001639024124816725
11351,0.001684753389534197
11352,0.0017305295597031566
11353,0.0017763521473790596
11354,0.0018222206633468731
11355,0.0018681346171254695
11356,0.0019140935169722514
11357,0.0019600968698875666
11358,0.0020061441816192852
11359,0.0020522349566672593
11360,0.002098368698288041
11361,0.0021445449084994085
11362,0.0021907630880849175
11363,0.002237022736598688
11364,0.002283323352369998
11365,0.0023296644325078975
11366,0.0023760454729060713
11367,0.0024224659682474696
11368,0.0024689254120091094
11369,0.002515423296466768
11370,0.0025619591126999153
11371,0.0026085323505964696
11372,0.002655142498857572
11373,0.0027017890450025954
11374,0.002748471475373937
11375,0.0027951892751419782
11376,0.002841941928309925
11377,0.0028887289177189027
11378,0.002935549725052862
11379,0.0029824038308435092
11380,0.0030292907144754745
11381,0.0030762098541912723
11382,0.003123160727096303
11383,0.003170142809164086
11384,0.0032171555752412624
11385,0.0032641984990527816
11386,0.0033112710532069585
11387,0.003358372709200784
11388,0.0034055029374250546
11389,0.003452661207169512
11390,0.003499846986628237
11391,0.0035470597429048214
11392,0.003594298942017588
11393,0.003641564048905041
11394,0.003688854527431082
11395,0.0037361698403904115
11396,0.003783509449513802
11397,0.0038308728154736273
11398,0.0038782593978891953
11399,0.003925668655332114
11400,0.0039731000453318895
11401,0.004020553024381287
11402,0.004068027047941892
11403,0.004115521570449516
11404,0.004163036045319885
11405,0.004210569924954117
11406,0.00425812266074423
11407,0.004305693703078888
11408,0.0043532825013489415
11409,0.004400888503953
11410,0.00444851115830324
11411,0.004496149910830978
11412,0.004543804206992432
11413,0.00459147349127434
11414,0.004639157207199856
11415,0.004686854797334228
11416,0.00473456570329052
11417,0.004782289365735557
11418,0.004830025224395674
11419,0.004877772718062491
11420,0.004925531284598921
11421,0.0049733003609449605
11422,0.005021079383123637
11423,0.0050688677862468405
11424,0.0051166650045214165
11425,0.00516447047125505
11426,0.005212283618862181
11427,0.005260103878870163
11428,0.005307930681925193
11429,0.005355763457798303
11430,0.00540360163539156
11431,0.005451444642744053
11432,0.00549929190703804
11433,0.005547142854604979
11434,0.005594996910931815
11435,0.005642853500667059
11436,0.005690712047626905
11437,0.005738571974801569
11438,0.005786432704361417
11439,0.005834293657663239
11440,0.005882154255256421
11441,0.005930013916889363
11442,0.005977872061515693
11443,0.006025728107300516
11444,0.006073581471626895
11445,0.006121431571102116
11446,0.006169277821564
11447,0.006217119638087419
11448,0.006264956434990634
11449,0.006312787625841738
11450,0.006360612623465025
11451,0.006408430839947592
11452,0.00645624168664574
11453,0.00650404457419141
11454,0.00655183891249884
11455,0.006599624110771037
11456,0.006647399577506248
11457,0.006695164720504674
11458,0.006742918946874982
11459,0.006790661663040938
11460,0.0068383922747479505
11461,0.006886110187069863
11462,0.006933814804415523
11463,0.006981505530535404
11464,0.007029181768528443
11465,0.0070768429208486645
11466,0.00712448838931194
11467,0.0071721175751026656
11468,0.007219729878780655
11469,0.007267324700287859
11470,0.007314901438955088
11471,0.007362459493508976
11472,0.007409998262078752
11473,0.007457517142203012
11474,0.007505015530836717
11475,0.007552492824358013
11476,0.007599948418575165
11477,0.00764738170873337
11478,0.0076947920895218515
11479,0.007742178955080742
11480,0.007789541699007972
11481,0.007836879714366389
11482,0.007884192393690712
11483,0.007931479128994456
11484,0.00797873931177712
11485,0.00802597233303114
11486,0.008073177583249
11487,0.008120354452430222
11488,0.0081675023300886
11489,0.008214620605259258
11490,0.008261708666505697
11491,0.008308765901927076
11492,0.008355791699165296
11493,0.008402785445412215
11494,0.008449746527416742
11495,0.008496674331492182
11496,0.008543568243523415
11497,0.00859042764897403
11498,0.008637251932893733
11499,0.008684040479925556
11500,0.008730792674313054
11501,0.008777507899907739
11502,0.008824185540176332
11503,0.008870824978208097
11504,0.008917425596722118
11505,0.008963986778074782
11506,0.00901050790426709
11507,0.00905698835695197
11508,0.00910342751744181
11509,0.009149824766715827
11510,0.00919617948542739
11511,0.009242491053911636
11512,0.009288758852192807
11513,0.0093349822599918
11514,0.009381160656733532
11515,0.009427293421554581
11516,0.009473379933310652
11517,0.009519419570584008
11518,0.009565411711691158
11519,0.00961135573469035
11520,0.009657251017389056
11521,0.009703096937351701
11522,0.00974889287190715
11523,0.00979463819815638
11524,0.009840332292980002
11525,0.00988597453304601
11526,0.0099315642948174
11527,0.009977100954559719
11528,0.0100225838883489
11529,0.010068012472078832
11530,0.01011338608146913
11531,0.01015870409207274
11532,0.010203965879283777
11533,0.010249170818345229
11534,0.010294318284356608
11535,0.01033940765228184
11536,0.010384438296956995
11537,0.010429409593097976
11538,0.01047432091530846
11539,0.010519171638087601
11540,0.010563961135837916
11541,0.010608688782873004
11542,0.010653353953425525
11543,0.010697956021654985
11544,0.010742494361655548
11545,0.010786968347464013
11546,0.010831377353067655
11547,0.010875720752412063
11548,0.010919997919409157
11549,0.010964208227945027
11550,0.011008351051887919
11551,0.011052425765096074
11552,0.011096431741425812
11553,0.01114036835473942
11554,0.011184234978913089
11555,0.011228030987844988
11556,0.011271755755463188
11557,0.011315408655733713
11558,0.011358989062668454
11559,0.011402496350333321
11560,0.011445929892856225
11561,0.011489289064435046
11562,0.011532573239345803
11563,0.01157578179195066
11564,0.011618914096705952
11565,0.01166196952817036
11566,0.011704947461012924
11567,0.011747847270021207
11568,0.011790668330109295
11569,0.01183341001632604
11570,0.011876071703863122
11571,0.011918652768063155
11572,0.011961152584427906
11573,0.012003570528626398
11574,0.012045905976503046
11575,0.012088158304085892
11576,0.01213032688759473
11577,0.012172411103449349
11578,0.012214410328277605
11579,0.012256323938923772
11580,0.012298151312456674
11581,0.012339891826177871
11582,0.012381544857629968
11583,0.012423109784604773
11584,0.012464585985151615
11585,0.012505972837585463
11586,0.012547269720495325
11587,0.012588476012752432
11588,0.012629591093518504
11589,0.012670614342254053
11590,0.012711545138726682
11591,0.012752382863019293
11592,0.012793126895538486
11593,0.012833776617022796
11594,0.012874331408551052
11595,0.0129147906515506
11596,0.012955153727805748
11597,0.012995420019466021
11598,0.013035588909054485
11599,0.013075659779476145
11600,0.013115632014026251
11601,0.013155504996398639
11602,0.01319527811069413
11603,0.013234950741428875
11604,0.013274522273542717
11605,0.013313992092407549
11606,0.013353359583835744
11607,0.013392624134088515
11608,0.013431785129884263
11609,0.013470841958407045
11610,0.013509794007314925
11611,0.013548640664748425
11612,0.013587381319338836
11613,0.01362601536021675
11614,0.013664542177020424
11615,0.013702961159904173
11616,0.013741271699546856
11617,0.013779473187160284
11618,0.013817565014497612
11619,0.013855546573861855
11620,0.013893417258114282
11621,0.013931176460682865
11622,0.013968823575570723
11623,0.014006357997364619
11624,0.014043779121243367
11625,0.014081086342986304
11626,0.014118279058981761
11627,0.014155356666235559
11628,0.014192318562379376
11629,0.014229164145679362
11630,0.014265892815044505
11631,0.014302503970035154
11632,0.014338997010871466
11633,0.014375371338441934
11634,0.014411626354311844
11635,0.014447761460731744
11636,0.014483776060645975
11637,0.014519669557701141
11638,0.014555441356254554
11639,0.014591090861382834
11640,0.014626617478890306
11641,0.014662020615317552
11642,0.014697299677949867
11643,0.014732454074825799
11644,0.01476748321474565
11645,0.014802386507279908
11646,0.014837163362777862
11647,0.01487181319237601
11648,0.014906335408006621
11649,0.014940729422406188
11650,0.014974994649123996
11651,0.01500913050253058
11652,0.015043136397826232
11653,0.015077011751049543
11654,0.015110755979085892
11655,0.015144368499675894
11656,0.01517784873142403
11657,0.015211196093807033
11658,0.015244410007182463
11659,0.015277489892797171
11660,0.015310435172795834
11661,0.01534324527022945
11662,0.015375919609063803
11663,0.015408457614188036
11664,0.015440858711423108
11665,0.015473122327530243
11666,0.015505247890219556
11667,0.015537234828158424
11668,0.015569082570980046
11669,0.015600790549291912
11670,0.015632358194684316
11671,0.015663784939738818
11672,0.015695070218036736
11673,0.015726213464167662
11674,0.015757214113737907
11675,0.015788071603378997
11676,0.015818785370756146
11677,0.015849354854576735
11678,0.015879779494598803
11679,0.01591005873163945
11680,0.015940192007583405
11681,0.01597017876539141
11682,0.01600001844910869
11683,0.01602971050387345
11684,0.016059254375925296
11685,0.016088649512613698
11686,0.01611789536240642
11687,0.01614699137489798
11688,0.01617593700081809
11689,0.01620473169204006
11690,0.01623337490158928
11691,0.016261866083651613
11692,0.01629020469358179
11693,0.0163183901879119
11694,0.016346422024359753
11695,0.0163742996618373
11696,0.01640202256045899
11697,0.01642959018155027
11698,0.01645700198765591
11699,0.016484257442548358
11700,0.01651135601123622
11701,0.01653829715997256
11702,0.016565080356263303
11703,0.01659170506887556
11704,0.016618170767846073
11705,0.016644476924489497
11706,0.01667062301140675
11707,0.016696608502493403
11708,0.01672243287294798
11709,0.01674809559928028
11710,0.016773596159319743
11711,0.01679893403222372
11712,0.01682410869848582
11713,0.01684911963994416
11714,0.016873966339789735
11715,0.01689864828257466
11716,0.01692316495422043
11717,0.016947515842026268
11718,0.01697170043467732
11719,0.016995718222252952
11720,0.01701956869623498
11721,0.017043251349515953
11722,0.017066765676407337
11723,0.01709011117264777
11724,0.017113287335411297
11725,0.01713629366331556
11726,0.017159129656429968
11727,0.01718179481628399
11728,0.017204288645875237
11729,0.0172266106496777
11730,0.017248760333649873
11731,0.017270737205242987
11732,0.01729254077340908
11733,0.017314170548609148
11734,0.017335626042821357
11735,0.017356906769549072
11736,0.017378012243828993
11737,0.017398941982239288
11738,0.017419695502907676
11739,0.017440272325519476
11740,0.017460671971325715
11741,0.017480893963151185
11742,0.017500937825402484
11743,0.017520803084076064
11744,0.017540489266766268
11745,0.017559995902673344
11746,0.017579322522611452
11747,0.017598468659016667
11748,0.01761743384595497
11749,0.01763621761913023
11750,0.017654819515892123
11751,0.017673239075244186
11752,0.017691475837851644
11753,0.01770952934604942
11754,0.017727399143850013
11755,0.017745084776951442
11756,0.017762585792745107
11757,0.01777990174032366
11758,0.01779703217048896
11759,0.017813976635759825
11760,0.01783073469037992
11761,0.017847305890325644
11762,0.017863689793313854
11763,0.01787988595880974
11764,0.017895893948034595
11765,0.01791171332397363
11766,0.017927343651383675
11767,0.017942784496800993
11768,0.01795803542854901
11769,0.017973096016746033
11770,0.01798796583331296
11771,0.01800264445198099
11772,0.018017131448299334
11773,0.018031426399642832
11774,0.01804552888521965
11775,0.018059438486078935
11776,0.018073154785118416
11777,0.018086677367092022
11778,0.0181000058186175
11779,0.018113139728183993
11780,0.018126078686159616
11781,0.018138822284798996
11782,0.018151370118250847
11783,0.018163721782565447
11784,0.01817587687570219
11785,0.018187834997537063
11786,0.01819959574987014
11787,0.018211158736433017
11788,0.018222523562896276
11789,0.018233689836876954
11790,0.01824465716794588
11791,0.01825542516763515
11792,0.01826599344944547
11793,0.018276361628853537
11794,0.018286529323319377
11795,0.01829649615229368
11796,0.018306261737225153
11797,0.018315825701567784
11798,0.0183251876707881
11799,0.018334347272372518
11800,0.01834330413583451
11801,0.018352057892721874
11802,0.018360608176623952
11803,0.0183689546231788
11804,0.0183770968700804
11805,0.018385034557085785
11806,0.01839276732602223
11807,0.01840029482079432
11808,0.018407616687391094
11809,0.01841473257389314
11810,0.018421642130479636
11811,0.01842834500943542
11812,0.018434840865158005
11813,0.01844112935416464
11814,0.01844721013509924
11815,0.018453082868739406
11816,0.018458747218003394
11817,0.018464202847957
11818,0.018469449425820503
11819,0.01847448662097562
11820,0.01847931410497228
11821,0.01848393155153559
11822,0.01848833863657257
11823,0.018492535038179082
11824,0.01849652043664656
11825,0.01850029451446879
11826,0.018503856956348715
11827,0.01850720744920513
11828,0.01851034568217942
11829,0.01851327134664226
11830,0.0185159841362003
11831,0.018518483746702796
11832,0.01852076987624826
11833,0.018522842225191093
11834,0.018524700496148166
11835,0.018526344394005353
11836,0.01852777362592415
11837,0.018528987901348184
11838,0.018529986932009676
11839,0.018530770431935968
11840,0.018531338117455994
11841,0.01853168970720672
11842,0.018531824922139527
11843,0.018531743485526643
11844,0.018531445122967522
11845,0.018530929562395174
11846,0.018530196534082517
11847,0.018529245770648673
11848,0.018528077007065272
11849,0.01852668998066268
11850,0.01852508443113627
11851,0.018523260100552635
11852,0.01852121673335577
11853,0.018518954076373228
11854,0.01851647187882233
11855,0.01851376989231621
11856,0.018510847870869956
11857,0.018507705570906675
11858,0.018504342751263576
11859,0.018500759173197944
11860,0.01849695460039318
11861,0.018492928798964782
11862,0.01848868153746628
11863,0.018484212586895175
11864,0.018479521720698878
11865,0.01847460871478054
11866,0.01846947334750493
11867,0.018464115399704287
11868,0.01845853465468412
11869,0.018452730898228964
11870,0.018446703918608143
11871,0.018440453506581574
11872,0.018433979455405352
11873,0.01842728156083753
11874,0.018420359621143752
11875,0.01841321343710284
11876,0.01840584281201245
11877,0.018398247551694627
11878,0.018390427464501376
11879,0.018382382361320164
11880,0.018374112055579404
11881,0.018365616363254032
11882,0.018356895102870807
11883,0.01834794809551383
11884,0.018338775164829915
11885,0.01832937613703397
11886,0.018319750840914303
11887,0.01830989910783795
11888,0.018299820771756004
11889,0.018289515669208823
11890,0.01827898363933124
11891,0.018268224523857894
11892,0.018257238167128247
11893,0.01824602441609184
11894,0.018234583120313383
11895,0.01822291413197787
11896,0.0182110173058956
11897,0.018198892499507246
11898,0.01818653957288892
11899,0.018173958388757044
11900,0.018161148812473365
11901,0.018148110712049935
11902,0.018134843958153905
11903,0.018121348424112456
11904,0.018107623985917615
11905,0.018093670522231133
11906,0.01807948791438917
11907,0.01806507604640708
11908,0.018050434804984226
11909,0.018035564079508532
11910,0.018020463762061244
11911,0.01800513374742155
11912,0.0179895739330712
11913,0.017973784219199037
11914,0.017957764508705572
11915,0.01794151470720758
11916,0.01792503472304244
11917,0.017908324467272693
11918,0.017891383853690507
11919,0.017874212798821964
11920,0.017856811221931505
11921,0.01783917904502625
11922,0.017821316192860356
11923,0.017803222592939198
11924,0.017784898175523672
11925,0.017766342873634468
11926,0.017747556623056143
11927,0.017728539362341336
11928,0.017709291032814933
11929,0.01768981157857809
11930,0.017670100946512328
11931,0.017650159086283534
11932,0.017629985950346073
11933,0.017609581493946598
11934,0.01758894567512806
11935,0.017568078454733686
11936,0.01754697979641073
11937,0.017525649666614376
11938,0.01750408803461154
11939,0.017482294872484712
11940,0.017460270155135574
11941,0.01743801386028879
11942,0.01741552596849575
11943,0.017392806463138098
11944,0.017369855330431387
11945,0.017346672559428768
11946,0.017323258142024393
11947,0.01729961207295703
11948,0.017275734349813488
11949,0.01725162497303219
11950,0.01722728394590644
11951,0.017202711274587893
11952,0.017177906968089973
11953,0.017152871038291058
11954,0.017127603499937846
11955,0.017102104370648664
11956,0.0170763736709166
11957,0.01705041142411271
11958,0.0170242176564892
11959,0.01699779239718261
11960,0.016971135678216752
11961,0.016944247534505862
11962,0.016917128003857668
11963,0.016889777126976282
11964,0.016862194947465155
11965,0.016834381511830126
11966,0.01680633686948214
11967,0.016778061072740203
11968,0.016749554176834148
11969,0.01672081623990751
11970,0.01669184732302014
11971,0.016662647490150985
11972,0.01663321680820083
11973,0.016603555346994828
11974,0.01657366317928518
11975,0.016543540380753653
11976,0.016513187030014264
11977,0.016482603208615578
11978,0.016451789001043302
11979,0.016420744494722746
11980,0.01638946978002115
11981,0.01635796495025003
11982,0.016326230101667644
11983,0.016294265333481123
11984,0.01626207074784882
11985,0.016229646449882486
11986,0.01619699254764956
11987,0.01616410915217517
11988,0.016130996377444334
11989,0.016097654340404072
11990,0.016064083160965366
11991,0.01603028296200519
11992,0.01599625386936858
11993,0.01596199601187041
11994,0.0159275095212974
11995,0.015892794532409923
11996,0.015857851182943934
11997,0.01582267961361262
11998,0.015787279968108206
11999,0.015751652393103763
12000,0.015715797038254743
12001,0.015679714056200715
12002,0.01564340360256693
12003,0.01560686583596597
12004,0.01557010091799917
12005,0.015533109013258158
12006,0.015495890289326396
12007,0.015458444916780476
12008,0.015420773069191542
12009,0.015382874923126734
12010,0.015344750658150379
12011,0.015306400456825306
12012,0.015267824504714075
12013,0.015229022990380264
12014,0.01518999610538949
12015,0.015150744044310592
12016,0.015111267004716803
12017,0.01507156518718665
12018,0.015031638795305039
12019,0.01499148803566431
12020,0.014951113117865006
12021,0.014910514254516895
12022,0.014869691661239762
12023,0.014828645556664334
12024,0.014787376162432928
12025,0.014745883703200258
12026,0.014704168406634223
12027,0.014662230503416434
12028,0.014620070227242928
12029,0.014577687814824727
12030,0.014535083505888485
12031,0.01449225754317688
12032,0.014449210172449118
12033,0.014405941642481495
12034,0.014362452205067624
12035,0.01431874211501888
12036,0.014274811630164795
12037,0.014230661011353193
12038,0.014186290522450561
12039,0.014141700430342154
12040,0.01409689100493232
12041,0.014051862519144457
12042,0.01400661524892116
12043,0.013961149473224386
12044,0.0139154654740353
12045,0.013869563536354306
12046,0.01382344394820109
12047,0.013777107000614342
12048,0.013730552987651731
12049,0.013683782206389649
12050,0.013636794956923114
12051,0.013589591542365357
12052,0.013542172268847569
12053,0.013494537445518668
12054,0.013446687384544753
12055,0.013398622401108803
12056,0.013350342813410132
12057,0.013301848942664035
12058,0.013253141113101084
12059,0.013204219651966602
12060,0.013155084889520162
12061,0.013105737159034762
12062,0.013056176796796187
12063,0.013006404142102388
12064,0.012956419537262507
12065,0.01290622332759622
12066,0.012855815861432762
12067,0.012805197490110198
12068,0.012754368567974314
12069,0.012703329452377675
12070,0.01265208050367876
12071,0.0126006220852407
12072,0.012548954563430281
12073,0.012497078307616883
12074,0.012444993690171142
12075,0.012392701086463847
12076,0.012340200874864623
12077,0.012287493436740763
12078,0.012234579156455695
12079,0.012181458421367709
12080,0.012128131621828636
12081,0.012074599151182183
12082,0.012020861405762561
12083,0.01196691878489301
12084,0.011912771690884049
12085,0.011858420529031985
12086,0.011803865707617172
12087,0.011749107637902462
12088,0.011694146734131257
12089,0.011638983413525828
12090,0.0115836180962856
12091,0.01152805120558507
12092,0.011472283167572067
12093,0.011416314411365721
12094,0.011360145369054617
12095,0.01130377647569457
12096,0.01124720816930666
12097,0.011190440890875238
12098,0.011133475084345555
12099,0.011076311196621693
12100,0.011018949677564433
12101,0.010961390979988784
12102,0.010903635559661803
12103,0.010845683875300188
12104,0.010787536388568011
12105,0.010729193564074082
12106,0.010670655869369598
12107,0.010611923774945698
12108,0.01055299775423073
12109,0.010493878283587752
12110,0.010434565842311989
12111,0.010375060912627956
12112,0.01031536397968688
12113,0.01025547553156387
12114,0.01019539605925525
12115,0.01013512605667552
12116,0.010074666020654561
12117,0.01001401645093484
12118,0.009953177850168214
12119,0.009892150723913083
12120,0.009830935580631256
12121,0.009769532931685023
12122,0.0097079432913338
12123,0.00964616717673108
12124,0.009584205107921316
12125,0.009522057607836466
12126,0.009459725202292808
12127,0.009397208419987707
12128,0.009334507792496031
12129,0.009271623854266877
12130,0.009208557142620057
12131,0.00914530819774272
12132,0.009081877562685612
12133,0.009018265783359618
12134,0.008954473408532221
12135,0.008890500989823644
12136,0.008826349081703263
12137,0.00876201824148595
12138,0.008697509029328088
12139,0.008632822008223885
12140,0.008567957744001443
12141,0.008502916805318986
12142,0.0084376997636607
12143,0.008372307193332859
12144,0.008306739671459883
12145,0.008240997777980074
12146,0.008175082095641639
12147,0.008108993209998461
12148,0.008042731709406064
12149,0.007976298185017135
12150,0.007909693230777394
12151,0.007842917443421355
12152,0.007775971422467763
12153,0.007708855770215306
12154,0.007641571091738291
12155,0.007574117994881932
12156,0.007506497090257987
12157,0.007438708991240112
12158,0.007370754313959423
12159,0.007302633677299617
12160,0.007234347702892404
12161,0.007165897015112899
12162,0.007097282241074625
12163,0.007028504010624818
12164,0.006959562956339716
12165,0.00689045971351941
12166,0.0068211949201830956
12167,0.0067517692170640155
12168,0.006682183247604611
12169,0.006612437657951231
12170,0.006542533096949169
12171,0.006472470216137644
12172,0.006402249669744396
12173,0.006331872114680624
12174,0.006261338210535671
12175,0.006190648619571874
12176,0.006119804006718998
12177,0.006048805039568989
12178,0.0059776523883706655
12179,0.005906346726024041
12180,0.00583488872807493
12181,0.005763279072709559
12182,0.005691518440748728
12183,0.00561960751564236
12184,0.00554754698346378
12185,0.005475337532904162
12186,0.005402979855266564
12187,0.005330474644460262
12188,0.005257822596995071
12189,0.005185024411975232
12190,0.005112080791093637
12191,0.005038992438626033
12192,0.0049657600614247815
12193,0.004892384368913012
12194,0.004818866073078494
12195,0.004745205888467692
12196,0.004671404532179392
12197,0.004597462723858645
12198,0.004523381185690684
12199,0.004449160642394412
12200,0.0043748018212162385
12201,0.004300305451923868
12202,0.004225672266799679
12203,0.004150903000634475
12204,0.004075998390720952
12205,0.004000959176847373
12206,0.003925786101290783
12207,0.003850479908810571
12208,0.00377504134664198
12209,0.0036994711644892098
12210,0.0036237701145188914
12211,0.003547938951353288
12212,0.003471978432063682
12213,0.0033958893161633264
12214,0.003319672365600724
12215,0.0032433283447528705
12216,0.003166858020418081
12217,0.003090262161809149
12218,0.0030135415405464824
12219,0.002936696930650804
12220,0.0028597291085362465
12221,0.002782638853003147
12222,0.0027054269452310713
12223,0.0026280941687713538
12224,0.0025506413095400028
12225,0.0024730691558105516
12226,0.002395378498206498
12227,0.002317570129694083
12228,0.002239644845575031
12229,0.0021616034434788767
12230,0.0020834467233556697
12231,0.0020051754874683865
12232,0.0019267905403855673
12233,0.0018482926889734838
12234,0.0017696827423886504
12235,0.0016909615120703028
12236,0.0016121298117324513
12237,0.0015331884573563225
12238,0.0014541382671825103
12239,0.0013749800617033456
12240,0.0012957146636547953
12241,0.0012163428980087147
12242,0.0011368655919650617
12243,0.001057283574943685
12244,0.0009775976785764624
12245,0.000897808736699403
12246,0.000817917585344326
12247,0.0007379250627309284
12248,0.000657832009258561
12249,0.0005776392674982258
12250,0.0004973476821841036
12251,0.0004169581002054339
12252,0.00033647137059835834
12253,0.000255888344537338
12254,0.000175209875326924
12255,9.44368183934893e-05
12256,1.3570031276538292e-05
12257,-6.738962637959084e-05
12258,-0.0001484412928343177
12259,-0.00022958410425918913
12260,-0.0003108171947467163
12261,-0.0003921396963188597
12262,-0.000473550738935549
12263,-0.0005550494505036306
12264,-0.0006366349568854148
12265,-0.0007183063819075217
12266,-0.0008000628473695023
12267,-0.000881903473052926
12268,-0.0009638273767301175
12269,-0.0010458336741729277
12270,-0.0011279214791619278
12271,-0.0012100899034952531
12272,-0.0012923380569974776
12273,-0.0013746650475289187
12274,-0.0014570699809945374
12275,-0.0015395519613531402
12276,-0.001622110090626351
12277,-0.0017047434689080538
12278,-0.00178745119437348
12279,-0.0018702323632883264
12280,-0.001953086070018308
12281,-0.0020360114070383404
12282,-0.002119007464941771
12283,-0.002202073332450026
12284,-0.0022852080964218605
12285,-0.0023684108418629024
12286,-0.0024516806519349747
12287,-0.0025350166079658757
12288,-0.002618417789458813
12289,-0.002701883274101865
12290,-0.00278541213777787
12291,-0.002869003454573957
12292,-0.002952656296791107
12293,-0.0030363697349541467
12294,-0.003120142837821331
12295,-0.003203974672394229
12296,-0.003287864303927371
12297,-0.0033718107959383823
12298,-0.003455813210217735
12299,-0.0035398706068385465
12300,-0.0036239820441668086
12301,-0.0037081465788711943
12302,-0.003792363265933178
12303,-0.0038766311586569094
12304,-0.003960949308679579
12305,-0.0040453167659813966
12306,-0.004129732578895619
12307,-0.004214195794118999
12308,-0.004298705456721874
12309,-0.00438326061015828
12310,-0.004467860296276504
12311,-0.004552503555329213
12312,-0.0046371894259838965
12313,-0.004721916945333061
12314,-0.0048066851489049055
12315,-0.0048914930706736295
12316,-0.004976339743069765
12317,-0.005061224196990955
12318,-0.005146145461812341
12319,-0.005231102565397003
12320,-0.005316094534106813
12321,-0.00540112039281289
12322,-0.005486179164906337
12323,-0.005571269872308753
12324,-0.00565639153548322
12325,-0.0057415431734449025
12326,-0.005826723803771708
12327,-0.005911932442615352
12328,-0.005997168104712012
12329,-0.006082429803393289
12330,-0.006167716550596925
12331,-0.006253027356877998
12332,-0.006338361231419733
12333,-0.006423717182044365
12334,-0.00650909421522441
12335,-0.006594491336093583
12336,-0.006679907548457724
12337,-0.006765341854806175
12338,-0.006850793256322733
12339,-0.006936260752896883
12340,-0.007021743343134824
12341,-0.007107240024370935
12342,-0.007192749792678892
12343,-0.007278271642882805
12344,-0.007363804568568787
12345,-0.007449347562096136
12346,-0.007534899614608572
12347,-0.007620459716045869
12348,-0.007706026855155106
12349,-0.007791600019502174
12350,-0.00787717819548308
12351,-0.007962760368335695
12352,-0.008048345522151138
12353,-0.008133932639885202
12354,-0.00821952070337017
12355,-0.008305108693326266
12356,-0.00839069558937334
12357,-0.008476280370042368
12358,-0.008561862012787382
12359,-0.00864743949399704
12360,-0.008733011789006229
12361,-0.008818577872108106
12362,-0.0089041367165657
12363,-0.008989687294623641
12364,-0.00907522857752022
12365,-0.009160759535499097
12366,-0.009246279137821252
12367,-0.009331786352776733
12368,-0.009417280147696858
12369,-0.009502759488966025
12370,-0.00958822334203358
12371,-0.009673670671426078
12372,-0.0097591004407592
12373,-0.009844511612749664
12374,-0.009929903149227572
12375,-0.010015274011148349
12376,-0.010100623158604957
12377,-0.010185949550839868
12378,-0.010271252146257504
12379,-0.010356529902436322
12380,-0.010441781776140888
12381,-0.010527006723334396
12382,-0.010612203699190765
12383,-0.010697371658107014
12384,-0.010782509553715408
12385,-0.010867616338896064
12386,-0.010952690965789172
12387,-0.01103773238580725
12388,-0.011122739549647822
12389,-0.011207711407305705
12390,-0.01129264690808534
12391,-0.011377545000613509
12392,-0.011462404632851671
12393,-0.011547224752108558
12394,-0.011632004305052545
12395,-0.011716742237724452
12396,-0.01180143749555002
12397,-0.01188608902335236
12398,-0.01197069576536484
12399,-0.012055256665243598
12400,-0.012139770666080093
12401,-0.012224236710414008
12402,-0.012308653740245824
12403,-0.012393020697049598
12404,-0.012477336521785556
12405,-0.012561600154913094
12406,-0.01264581053640346
12407,-0.012729966605752404
12408,-0.012814067301993259
12409,-0.012898111563709676
12410,-0.012982098329048331
12411,-0.013066026535732078
12412,-0.013149895121072659
12413,-0.01323370302198373
12414,-0.013317449174993608
12415,-0.013401132516258478
12416,-0.01348475198157526
12417,-0.013568306506394448
12418,-0.013651795025833377
12419,-0.013735216474689095
12420,-0.01381856978745147
12421,-0.013901853898316094
12422,-0.013985067741197605
12423,-0.014068210249742676
12424,-0.014151280357342977
12425,-0.014234276997148557
12426,-0.014317199102080895
12427,-0.014400045604845894
12428,-0.014482815437947334
12429,-0.014565507533699892
12430,-0.01464812082424245
12431,-0.014730654241551134
12432,-0.014813106717452819
12433,-0.014895477183638255
12434,-0.01497776457167522
12435,-0.01505996781302206
12436,-0.015142085839040852
12437,-0.015224117581010627
12438,-0.015306061970140918
12439,-0.01538791793758496
12440,-0.015469684414453138
12441,-0.015551360331826192
12442,-0.015632944620768842
12443,-0.015714436212343107
12444,-0.01579583403762155
12445,-0.015877137027700987
12446,-0.015958344113715765
12447,-0.016039454226851296
12448,-0.01612046629835737
12449,-0.016201379259561867
12450,-0.01628219204188417
12451,-0.016362903576848515
12452,-0.01644351279609776
12453,-0.01652401863140682
12454,-0.016604420014696104
12455,-0.016684715878045247
12456,-0.016764905153706593
12457,-0.016844986774118827
12458,-0.016924959671920408
12459,-0.017004822779963416
12460,-0.01708457503132704
12461,-0.017164215359331117
12462,-0.017243742697549958
12463,-0.01732315597982591
12464,-0.01740245414028291
12465,-0.017481636113340353
12466,-0.01756070083372662
12467,-0.017639647236492886
12468,-0.01771847425702662
12469,-0.017797180831065528
12470,-0.01787576589471118
12471,-0.017954228384442605
12472,-0.018032567237130263
12473,-0.018110781390049624
12474,-0.018188869780895026
12475,-0.018266831347793257
12476,-0.018344665029317555
12477,-0.0184223697645013
12478,-0.018499944492851663
12479,-0.01857738815436363
12480,-0.01865469968953369
12481,-0.01873187803937356
12482,-0.01880892214542419
12483,-0.01888583094976944
12484,-0.01896260339505003
12485,-0.019039238424477176
12486,-0.01911573498184669
12487,-0.019192092011552704
12488,-0.019268308458601432
12489,-0.01934438326862525
12490,-0.019420315387896434
12491,-0.019496103763340964
12492,-0.019571747342552594
12493,-0.01964724507380661
12494,-0.019722595906073784
12495,-0.01979779878903413
12496,-0.019872852673091027
12497,-0.019947756509384997
12498,-0.02002250924980755
12499,-0.02009710984701528
12500,-0.020171557254443622
12501,-0.020245850426320915
12502,-0.020319988317682128
12503,-0.020393969884383023
12504,-0.020467794083113968
12505,-0.020541459871413825
12506,-0.020614966207684025
12507,-0.020688312051202428
12508,-0.02076149636213723
12509,-0.020834518101561023
12510,-0.02090737623146467
12511,-0.020980069714771305
12512,-0.02105259751535017
12513,-0.021124958598030753
12514,-0.021197151928616636
12515,-0.021269176473899417
12516,-0.02134103120167279
12517,-0.021412715080746467
12518,-0.021484227080960015
12519,-0.021555566173197028
12520,-0.02162673132939895
12521,-0.02169772152257911
12522,-0.021768535726836583
12523,-0.021839172917370298
12524,-0.021909632070492936
12525,-0.021979912163644824
12526,-0.022050012175408033
12527,-0.022119931085520295
12528,-0.02218966787488883
12529,-0.02225922152560455
12530,-0.022328591020955833
12531,-0.02239777534544257
12532,-0.022466773484790026
12533,-0.02253558442596294
12534,-0.02260420715717938
12535,-0.02267264066792466
12536,-0.022740883948965392
12537,-0.022808935992363374
12538,-0.02287679579148956
12539,-0.02294446234103789
12540,-0.023011934637039416
12541,-0.023079211676876092
12542,-0.023146292459294726
12543,-0.023213175984420954
12544,-0.023279861253773158
12545,-0.023346347270276263
12546,-0.02341263303827585
12547,-0.023478717563551924
12548,-0.023544599853332862
12549,-0.023610278916309277
12550,-0.02367575376264797
12551,-0.023741023404005815
12552,-0.023806086853543552
12553,-0.023870943125939785
12554,-0.02393559123740482
12555,-0.02400003020569443
12556,-0.02406425905012388
12557,-0.024128276791581672
12558,-0.024192082452543433
12559,-0.0242556750570857
12560,-0.024319053630899836
12561,-0.024382217201305838
12562,-0.024445164797266036
12563,-0.024507895449399124
12564,-0.02457040818999377
12565,-0.024632702053022537
12566,-0.024694776074155548
12567,-0.024756629290774396
12568,-0.02481826074198587
12569,-0.024879669468635627
12570,-0.0249408545133221
12571,-0.02500181492041017
12572,-0.025062549736044798
12573,-0.02512305800816498
12574,-0.025183338786517257
12575,-0.02524339112266955
12576,-0.02530321407002474
12577,-0.025362806683834487
12578,-0.02542216802121284
12579,-0.025481297141149824
12580,-0.025540193104525277
12581,-0.02559885497412237
12582,-0.025657281814641185
12583,-0.02571547269271252
12584,-0.02577342667691134
12585,-0.025831142837770465
12586,-0.025888620247794057
12587,-0.025945857981471327
12588,-0.026002855115290026
12589,-0.026059610727749934
12590,-0.02611612389937654
12591,-0.026172393712734457
12592,-0.026228419252440988
12593,-0.026284199605179557
12594,-0.026339733859713284
12595,-0.026395021106898415
12596,-0.02645006043969772
12597,-0.02650485095319407
12598,-0.026559391744603762
12599,-0.02661368191328992
12600,-0.026667720560776008
12601,-0.02672150679075911
12602,-0.02677503970912336
12603,-0.02682831842395322
12604,-0.02688134204554695
12605,-0.026934109686429834
12606,-0.02698662046136746
12607,-0.02703887348737916
12608,-0.027090867883751157
12609,-0.02714260277204982
12610,-0.027194077276135032
12611,-0.027245290522173293
12612,-0.027296241638651016
12613,-0.027346929756387615
12614,-0.027397354008548824
12615,-0.027447513530659783
12616,-0.027497407460618104
12617,-0.027547034938707162
12618,-0.027596395107609077
12619,-0.027645487112417853
12620,-0.02769431010065237
12621,-0.027742863222269595
12622,-0.027791145629677477
12623,-0.02783915647774796
12624,-0.027886894923830084
12625,-0.027934360127762892
12626,-0.02798155125188832
12627,-0.028028467461064296
12628,-0.028075107922677513
12629,-0.0281214718066564
12630,-0.028167558285483934
12631,-0.028213366534210593
12632,-0.028258895730467123
12633,-0.028304145054477307
12634,-0.028349113689070893
12635,-0.02839380081969627
12636,-0.028438205634433188
12637,-0.02848232732400559
12638,-0.028526165081794265
12639,-0.02856971810384954
12640,-0.028612985588903878
12641,-0.028655966738384657
12642,-0.028698660756426686
12643,-0.028741066849884794
12644,-0.028783184228346498
12645,-0.02882501210414446
12646,-0.02886654969236902
12647,-0.02890779621088076
12648,-0.028948750880322956
12649,-0.02898941292413401
12650,-0.02902978156855988
12651,-0.029069856042666552
12652,-0.029109635578352357
12653,-0.02914911941036033
12654,-0.02918830677629058
12655,-0.029227196916612627
12656,-0.0292657890746776
12657,-0.02930408249673052
12658,-0.029342076431922617
12659,-0.02937977013232344
12660,-0.02941716285293305
12661,-0.029454253851694253
12662,-0.029491042389504656
12663,-0.029527527730228754
12664,-0.029563709140710093
12665,-0.02959958589078326
12666,-0.029635157253285915
12667,-0.029670422504070756
12668,-0.02970538092201758
12669,-0.029740031789045128
12670,-0.029774374390123017
12671,-0.029808408013283685
12672,-0.029842131949634202
12673,-0.029875545493368072
12674,-0.02990864794177709
12675,-0.0299414385952631
12676,-0.029973916757349717
12677,-0.03000608173469403
12678,-0.030037932837098356
12679,-0.030069469377521835
12680,-0.030100690672092055
12681,-0.030131596040116674
12682,-0.030162184804095004
12683,-0.030192456289729507
12684,-0.030222409825937296
12685,-0.03025204474486168
12686,-0.03028136038188354
12687,-0.030310356075632757
12688,-0.030339031167999613
12689,-0.030367385004146166
12690,-0.03039541693251751
12691,-0.030423126304853103
12692,-0.03045051247619805
12693,-0.030477574804914274
12694,-0.03050431265269174
12695,-0.030530725384559622
12696,-0.030556812368897453
12697,-0.030582572977446133
12698,-0.030608006585319123
12699,-0.030633112571013383
12700,-0.030657890316420397
12701,-0.030682339206837137
12702,-0.03070645863097703
12703,-0.030730247980980806
12704,-0.030753706652427375
12705,-0.03077683404434466
12706,-0.030799629559220453
12707,-0.03082209260301307
12708,-0.03084422258516215
12709,-0.030866018918599355
12710,-0.030887481019758987
12711,-0.03090860830858863
12712,-0.030929400208559728
12713,-0.0309498561466782
12714,-0.03096997555349486
12715,-0.030989757863115964
12716,-0.031009202513213648
12717,-0.031028308945036318
12718,-0.031047076603419033
12719,-0.031065504936793876
12720,-0.0310835933972002
12721,-0.03110134144029491
12722,-0.031118748525362706
12723,-0.031135814115326302
12724,-0.031152537676756492
12725,-0.031168918679882338
12726,-0.03118495659860125
12727,-0.031200650910488972
12728,-0.031216001096809644
12729,-0.031231006642525726
12730,-0.031245667036307948
12731,-0.031259981770545196
12732,-0.03127395034135435
12733,-0.0312875722485901
12734,-0.03130084699585474
12735,-0.03131377409050784
12736,-0.031326353043676036
12737,-0.03133858337026261
12738,-0.031350464588957114
12739,-0.03136199622224495
12740,-0.03137317779641696
12741,-0.03138400884157885
12742,-0.03139448889166065
12743,-0.031404617484426196
12744,-0.03141439416148243
12745,-0.03142381846828876
12746,-0.03143288995416638
12747,-0.0314416081723075
12748,-0.03144997267978454
12749,-0.031457983037559326
12750,-0.031465638810492226
12751,-0.03147293956735121
12752,-0.0314798848808209
12753,-0.03148647432751159
12754,-0.0314927074879682
12755,-0.03149858394667919
12756,-0.03150410329208543
12757,-0.03150926511658907
12758,-0.031514069016562306
12759,-0.031518514592356085
12760,-0.0315226014483089
12761,-0.03152632919275541
12762,-0.03152969743803501
12763,-0.03153270580050051
12764,-0.031535353900526565
12765,-0.03153764136251824
12766,-0.03153956781491941
12767,-0.03154113289022116
12768,-0.03154233622497021
12769,-0.03154317745977711
12770,-0.0315436562393246
12771,-0.0315437722123758
12772,-0.03154352503178239
12773,-0.03154291435449275
12774,-0.03154193984156002
12775,-0.03154060115815021
12776,-0.03153889797355009
12777,-0.031536829961175246
12778,-0.031534396798577946
12779,-0.031531598167454974
12780,-0.031528433753655466
12781,-0.031524903247188735
12782,-0.03152100634223186
12783,-0.03151674273713748
12784,-0.031512112134441383
12785,-0.03150711424087009
12786,-0.031501748767348375
12787,-0.03149601542900675
12788,-0.031489913945188984
12789,-0.03148344403945937
12790,-0.031476605439610165
12791,-0.031469397877668864
12792,-0.03146182108990544
12793,-0.031453874816839554
12794,-0.03144555880324771
12795,-0.031436872798170395
12796,-0.03142781655491908
12797,-0.031418389831083235
12798,-0.03140859238853739
12799,-0.031398423993447895
12800,-0.03138788441627992
12801,-0.03137697343180418
12802,-0.031365690819103766
12803,-0.031354036361580816
12804,-0.03134200984696319
12805,-0.03132961106731115
12806,-0.03131683981902384
12807,-0.03130369590284584
12808,-0.03129017912387368
12809,-0.03127628929156221
12810,-0.03126202621973095
12811,-0.03124738972657047
12812,-0.031232379634648668
12813,-0.031216995770916894
12814,-0.031201237966716183
12815,-0.031185106057783418
12816,-0.031168599884257315
12817,-0.031151719290684443
12818,-0.031134464126025278
12819,-0.031116834243660012
12820,-0.03109882950139447
12821,-0.031080449761465876
12822,-0.03106169489054873
12823,-0.03104256475976035
12824,-0.031023059244666612
12825,-0.031003178225287635
12826,-0.030982921586103152
12827,-0.030962289216058137
12828,-0.030941281008568217
12829,-0.03091989686152511
12830,-0.03089813667730189
12831,-0.030876000362758275
12832,-0.03085348782924601
12833,-0.03083059899261385
12834,-0.030807333773212788
12835,-0.030783692095901212
12836,-0.030759673890049778
12837,-0.030735279089546434
12838,-0.03071050763280138
12839,-0.03068535946275195
12840,-0.030659834526867318
12841,-0.030633932777153296
12842,-0.03060765417015715
12843,-0.03058099866697207
12844,-0.030553966233241855
12845,-0.030526556839165497
12846,-0.03049877045950159
12847,-0.030470607073572777
12848,-0.030442066665270114
12849,-0.030413149223057503
12850,-0.030383854739975805
12851,-0.030354183213647103
12852,-0.030324134646278974
12853,-0.0302937090446684
12854,-0.030262906420205925
12855,-0.030231726788879698
12856,-0.030200170171279295
12857,-0.030168236592599644
12858,-0.030135926082644846
12859,-0.03010323867583205
12860,-0.030070174411194972
12861,-0.030036733332387665
12862,-0.030002915487688183
12863,-0.029968720930002003
12864,-0.02993414971686557
12865,-0.029899201910449705
12866,-0.029863877577563112
12867,-0.02982817678965549
12868,-0.029792099622820898
12869,-0.02975564615780108
12870,-0.0297188164799884
12871,-0.029681610679429034
12872,-0.02964402885082611
12873,-0.02960607109354251
12874,-0.02956773751160391
12875,-0.02952902821370156
12876,-0.029489943313195266
12877,-0.0294504829281159
12878,-0.029410647181168245
12879,-0.029370436199733667
12880,-0.029329850115872563
12881,-0.029288889066326946
12882,-0.02924755319252298
12883,-0.029205842640573257
12884,-0.02916375756127923
12885,-0.02912129811013343
12886,-0.029078464447321862
12887,-0.029035256737725963
12888,-0.02899167515092482
12889,-0.028947719861197298
12890,-0.028903391047523923
12891,-0.02885868889358884
12892,-0.028813613587781728
12893,-0.028768165323199694
12894,-0.02872234429764887
12895,-0.02867615071364621
12896,-0.028629584778421195
12897,-0.028582646703917327
12898,-0.028535336706793635
12899,-0.02848765500842632
12900,-0.02843960183490995
12901,-0.028391177417058933
12902,-0.02834238199040875
12903,-0.02829321579521732
12904,-0.028243679076465977
12905,-0.028193772083860688
12906,-0.028143495071833183
12907,-0.028092848299541777
12908,-0.028041832030872387
12909,-0.027990446534439523
12910,-0.027938692083586895
12911,-0.027886568956388295
12912,-0.02783407743564823
12913,-0.0277812178089027
12914,-0.02772799036841957
12915,-0.027674395411199176
12916,-0.02762043323897488
12917,-0.02756610415821329
12918,-0.027511408480114703
12919,-0.027456346520613295
12920,-0.027400918600377525
12921,-0.02734512504481005
12922,-0.027288966184047907
12923,-0.027232442352962672
12924,-0.027175553891160237
12925,-0.027118301142980777
12926,-0.02706068445749875
12927,-0.027002704188522478
12928,-0.026944360694593966
12929,-0.026885654338988547
12930,-0.026826585489714627
12931,-0.026767154519513003
12932,-0.026707361805856453
12933,-0.02664720773094928
12934,-0.02658669268172645
12935,-0.026525817049853025
12936,-0.026464581231723464
12937,-0.026402985628460624
12938,-0.026341030645915038
12939,-0.026278716694663844
12940,-0.02621604419000996
12941,-0.02615301355198083
12942,-0.026089625205327323
12943,-0.02602587957952274
12944,-0.025961777108761307
12945,-0.025897318231956994
12946,-0.025832503392742096
12947,-0.02576733303946592
12948,-0.025701807625193123
12949,-0.025635927607702162
12950,-0.025569693449483902
12951,-0.02550310561773964
12952,-0.025436164584379473
12953,-0.02536887082602064
12954,-0.025301224823985405
12955,-0.025233227064299292
12956,-0.025164878037689006
12957,-0.025096178239580533
12958,-0.02502712817009684
12959,-0.024957728334055712
12960,-0.024887979240967754
12961,-0.02481788140503376
12962,-0.024747435345142527
12963,-0.024676641584868524
12964,-0.024605500652469144
12965,-0.02453401308088238
12966,-0.02446217940772407
12967,-0.024390000175285424
12968,-0.024317475930530026
12969,-0.024244607225091162
12970,-0.024171394615269112
12971,-0.024097838662027922
12972,-0.024023939930992597
12973,-0.023949698992446186
12974,-0.023875116421326358
12975,-0.023800192797222473
12976,-0.02372492870437222
12977,-0.023649324731658514
12978,-0.023573381472605855
12979,-0.023497099525377093
12980,-0.02342047949277001
12981,-0.02334352198221356
12982,-0.02326622760576442
12983,-0.023188596980103244
12984,-0.023110630726531082
12985,-0.02303232947096538
12986,-0.02295369384393617
12987,-0.02287472448058239
12988,-0.022795422020647528
12989,-0.022715787108475802
12990,-0.022635820393008155
12991,-0.022555522527777802
12992,-0.022474894170906225
12993,-0.02239393598509873
12994,-0.022312648637640334
12995,-0.02223103280039105
12996,-0.022149089149781545
12997,-0.02206681836680873
12998,-0.021984221137030902
12999,-0.021901298150563204
13000,-0.021818050102073043
13001,-0.021734477690774995
13002,-0.0216505816204262
13003,-0.021566362599321272
13004,-0.02148182134028759
13005,-0.021396958560679934
13006,-0.021311774982375527
13007,-0.02122627133176903
13008,-0.021140448339767016
13009,-0.02105430674178289
13010,-0.020967847277731433
13011,-0.020881070692023582
13012,-0.020793977733560672
13013,-0.020706569155729063
13014,-0.02061884571639465
13015,-0.02053080817789693
13016,-0.020442457307043454
13017,-0.02035379387510415
13018,-0.020264818657805193
13019,-0.020175532435323322
13020,-0.020085935992279733
13021,-0.019996030117734282
13022,-0.019905815605179053
13023,-0.019815293252532413
13024,-0.01972446386213288
13025,-0.019633328240732592
13026,-0.019541887199491088
13027,-0.0194501415539691
13028,-0.019358092124121717
13029,-0.019265739734292124
13030,-0.01917308521320491
13031,-0.019080129393959585
13032,-0.0189868731140236
13033,-0.018893317215225715
13034,-0.01879946254374933
13035,-0.01870530995012526
13036,-0.018610860289225022
13037,-0.0185161144202537
13038,-0.018421073206743053
13039,-0.018325737516544094
13040,-0.018230108221820047
13041,-0.018134186199039223
13042,-0.01803797232896739
13043,-0.017941467496660552
13044,-0.01784467259145768
13045,-0.01774758850697285
13046,-0.017650216141087915
13047,-0.017552556395944788
13048,-0.017454610177937934
13049,-0.017356378397706308
13050,-0.01725786197012573
13051,-0.017159061814301168
13052,-0.017059978853558457
13053,-0.016960614015436498
13054,-0.016860968231679384
13055,-0.01676104243822792
13056,-0.016660837575211696
13057,-0.016560354586940742
13058,-0.016459594421897462
13059,-0.01635855803272793
13060,-0.01625724637623367
13061,-0.01615566041336332
13062,-0.016053801109203802
13063,-0.01595166943297191
13064,-0.01584926635800558
13065,-0.0157465928617554
13066,-0.01564364992577546
13067,-0.015540438535714747
13068,-0.015436959681308392
13069,-0.015333214356368365
13070,-0.015229203558774674
13071,-0.015124928290466435
13072,-0.015020389557432413
13073,-0.01491558836970206
13074,-0.014810525741336148
13075,-0.01470520269041771
13076,-0.014599620239042299
13077,-0.014493779413308764
13078,-0.014387681243309932
13079,-0.014281326763122708
13080,-0.01417471701079865
13081,-0.01406785302835451
13082,-0.01396073586176213
13083,-0.013853366560938912
13084,-0.013745746179737875
13085,-0.013637875775937992
13086,-0.013529756411233874
13087,-0.013421389151225947
13088,-0.013312775065410567
13089,-0.013203915227169525
13090,-0.013094810713760039
13091,-0.012985462606304727
13092,-0.012875871989780895
13093,-0.012766039953010453
13094,-0.01265596758864938
13095,-0.012545655993177482
13096,-0.012435106266887506
13097,-0.012324319513874724
13098,-0.012213296842026497
13099,-0.012102039363011186
13100,-0.01199054819226763
13101,-0.011878824448994248
13102,-0.011766869256138368
13103,-0.011654683740384959
13104,-0.01154226903214581
13105,-0.011429626265548705
13106,-0.011316756578425916
13107,-0.011203661112303247
13108,-0.011090341012389043
13109,-0.010976797427562494
13110,-0.010863031510362605
13111,-0.010749044416976668
13112,-0.010634837307229092
13113,-0.010520411344569536
13114,-0.010405767696061535
13115,-0.010290907532371116
13116,-0.01017583202775474
13117,-0.010060542360047782
13118,-0.009945039710652975
13119,-0.009829325264528175
13120,-0.009713400210174769
13121,-0.009597265739625589
13122,-0.009480923048433211
13123,-0.009364373335657499
13124,-0.009247617803853723
13125,-0.009130657659060596
13126,-0.00901349411078768
13127,-0.008896128372003391
13128,-0.008778561659122552
13129,-0.0086607951919943
13130,-0.00854283019388925
13131,-0.008424667891487244
13132,-0.008306309514865006
13133,-0.008187756297483173
13134,-0.00806900947617385
13135,-0.007950070291128139
13136,-0.007830939985882978
13137,-0.007711619807308635
13138,-0.007592111005595718
13139,-0.007472414834242542
13140,-0.007352532550041791
13141,-0.007232465413067695
13142,-0.007112214686663192
13143,-0.006991781637426414
13144,-0.006871167535197722
13145,-0.006750373653046702
13146,-0.006629401267258499
13147,-0.006508251657320773
13148,-0.006386926105910185
13149,-0.006265425898879268
13150,-0.006143752325242535
13151,-0.006021906677163176
13152,-0.005899890249939682
13153,-0.00577770434199182
13154,-0.005655350254847227
13155,-0.0055328292931275565
13156,-0.005410142764534979
13157,-0.00528729197983791
13158,-0.0051642782528575435
13159,-0.005041102900453633
13160,-0.004917767242510746
13161,-0.004794272601924139
13162,-0.004670620304585589
13163,-0.004546811679369507
13164,-0.00442284805811849
13165,-0.004298730775629349
13166,-0.004174461169638722
13167,-0.004050040580808672
13168,-0.003925470352712546
13169,-0.0038007518318202904
13170,-0.003675886367484261
13171,-0.0035508753119244405
13172,-0.003425720020214112
13173,-0.003300421850265153
13174,-0.0031749821628132805
13175,-0.003049402321403578
13176,-0.00292368369237548
13177,-0.0027978276448482136
13178,-0.002671835550705843
13179,-0.002545708784582286
13180,-0.0024194487238466057
13181,-0.0022930567485877607
13182,-0.0021665342415998034
13183,-0.002039882588366708
13184,-0.0019131031770471404
13185,-0.0017861973984595247
13186,-0.00165916664606656
13187,-0.0015320123159601943
13188,-0.0014047358068462158
13189,-0.0012773385200287985
13190,-0.0011498218593953438
13191,-0.0010221872314007657
13192,-0.0008944360450522412
13193,-0.0007665697118935772
13194,-0.0006385896459895317
13195,-0.0005104972639104315
13196,-0.00038229398471623517
13197,-0.0002539812299410966
13198,-0.00012556042357733996
13199,2.967007940097451e-06
13200,0.0001315996357496074
13201,0.0002603360285788965
13202,0.00038917475276067183
13203,0.0005181143722488849
13204,0.0006471534486345026
13205,0.0007762905411616645
13206,0.0009055242067438824
13207,0.001034852999979939
13208,0.001164275473170344
13209,0.0012937901763333153
13210,0.0014233956572211467
13211,0.0015530904613366185
13212,0.0016828731319491015
13213,0.0018127422101112233
13214,0.0019426962346750542
13215,0.0020727337423086826
13216,0.0022028532675128277
13217,0.0023330533426371494
13218,0.002463332497897117
13219,0.0025936892613903973
13220,0.0027241221591136297
13221,0.00285462971497924
13222,0.0029852104508319506
13223,0.0031158628864658457
13224,0.0032465855396409562
13225,0.0033773769261002348
13226,0.0035082355595865613
13227,0.0036391599518594475
13228,0.0037701486127122985
13229,0.003901200049989154
13230,0.004032312769602027
13231,0.004163485275547754
13232,0.00429471606992524
13233,0.004426003652952728
13234,0.004557346522984768
13235,0.004688743176529738
13236,0.0048201921082668886
13237,0.00495169181106376
13238,0.005083240775993645
13239,0.005214837492352738
13240,0.005346480447677838
13241,0.005478168127763569
13242,0.005609899016679988
13243,0.005741671596790215
13244,0.005873484348767764
13245,0.006005335751614429
13246,0.006137224282677669
13247,0.006269148417668397
13248,0.006401106630678785
13249,0.006533097394199766
13250,0.0066651191791390835
13251,0.00679717045483887
13252,0.006929249689093573
13253,0.007061355348167957
13254,0.007193485896814759
13255,0.007325639798292907
13256,0.007457815514385222
13257,0.007590011505416707
13258,0.00772222623027233
13259,0.007854458146415215
13260,0.007986705709904836
13261,0.008118967375414924
13262,0.008251241596251896
13263,0.008383526824372819
13264,0.008515821510403743
13265,0.00864812410365806
13266,0.008780433052154549
13267,0.008912746802635986
13268,0.009045063800587233
13269,0.009177382490253742
13270,0.00930970131466005
13271,0.00944201871562799
13272,0.009574333133795432
13273,0.009706643008634531
13274,0.009838946778470371
13275,0.00997124288049961
13276,0.010103529750808832
13277,0.010235805824393422
13278,0.010368069535175977
13279,0.01050031931602507
13280,0.010632553598774042
13281,0.010764770814239495
13282,0.01089696939224031
13283,0.011029147761616169
13284,0.011161304350246483
13285,0.011293437585069304
13286,0.01142554589209995
13287,0.011557627696450152
13288,0.011689681422346693
13289,0.011821705493150605
13290,0.011953698331375889
13291,0.012085658358708605
13292,0.012217583996025967
13293,0.012349473663415147
13294,0.012481325780192594
13295,0.012613138764922874
13296,0.012744911035437895
13297,0.012876641008856092
13298,0.013008327101601387
13299,0.013139967729422598
13300,0.013271561307412404
13301,0.013403106250026688
13302,0.013534600971103846
13303,0.013666043883883832
13304,0.013797433401027697
13305,0.013928767934636687
13306,0.014060045896271644
13307,0.014191265696972462
13308,0.014322425747277235
13309,0.01445352445724189
13310,0.014584560236459399
13311,0.01471553149407927
13312,0.014846436638827131
13313,0.014977274079023956
13314,0.015108042222605807
13315,0.015238739477143142
13316,0.015369364249860414
13317,0.015499914947655733
13318,0.0156303899771202
13319,0.015760787744557747
13320,0.015891106656004492
13321,0.016021345117248592
13322,0.016151501533849706
13323,0.01628157431115868
13324,0.016411561854337363
13325,0.016541462568378067
13326,0.01667127485812351
13327,0.01680099712828633
13328,0.0169306277834689
13329,0.017060165228183228
13330,0.017189607866870422
13331,0.01731895410392081
13332,0.017448202343693472
13333,0.01757735099053616
13334,0.01770639844880523
13335,0.01783534312288525
13336,0.01796418341720914
13337,0.018092917736277796
13338,0.018221544484680063
13339,0.01835006206711277
13340,0.018478468888400386
13341,0.01860676335351521
13342,0.018734943867597085
13343,0.018863008835973447
13344,0.018990956664179385
13345,0.019118785757977378
13346,0.01924649452337756
13347,0.01937408136665744
13348,0.019501544694382172
13349,0.01962888291342437
13350,0.0197560944309842
13351,0.01988317765460955
13352,0.02001013099221582
13353,0.02013695285210628
13354,0.020263641642991884
13355,0.020390195774011455
13356,0.020516613654751888
13357,0.02064289369526798
13358,0.02076903430610283
13359,0.020895033898307724
13360,0.021020890883462335
13361,0.021146603673694968
13362,0.021272170681702462
13363,0.02139759032077059
13364,0.021522861004794006
13365,0.021647981148296462
13366,0.02177294916645111
13367,0.02189776347510043
13368,0.02202242249077665
13369,0.022146924630721734
13370,0.02227126831290765
13371,0.02239545195605666
13372,0.022519473979661298
13373,0.022643332804004823
13374,0.0227670268501812
13375,0.022890554540115442
13376,0.023013914296583875
13377,0.023137104543234158
13378,0.023260123704605763
13379,0.02338297020614993
13380,0.02350564247425017
13381,0.023628138936242268
13382,0.023750458020434594
13383,0.023872598156128473
13384,0.023994557773638146
13385,0.02411633530431133
13386,0.024237929180549168
13387,0.024359337835826615
13388,0.02448055970471276
13389,0.024601593222890832
13390,0.02472243682717873
13391,0.024843088955549
13392,0.024963548047149217
13393,0.025083812542322288
13394,0.025203880882626498
13395,0.02532375151085598
13396,0.02544342287106074
13397,0.025562893408567013
13398,0.02568216156999755
13399,0.025801225803291663
13400,0.0259200845577257
13401,0.026038736283933023
13402,0.026157179433924396
13403,0.02627541246110823
13404,0.026393433820310622
13405,0.026511241967795793
13406,0.026628835361286095
13407,0.026746212459982398
13408,0.02686337172458414
13409,0.02698031161730958
13410,0.027097030601916077
13411,0.027213527143720113
13412,0.027329799709617627
13413,0.02744584676810407
13414,0.027561666789294604
13415,0.027677258244944398
13416,0.02779261960846852
13417,0.027907749354962375
13418,0.02802264596122161
13419,0.02813730790576236
13420,0.028251733668841424
13421,0.028365921732476214
13422,0.028479870580465073
13423,0.0285935786984072
13424,0.028707044573722813
13425,0.028820266695673297
13426,0.02893324355538113
13427,0.029045973645850112
13428,0.02915845546198527
13429,0.029270687500612978
13430,0.02938266826050104
13431,0.02949439624237856
13432,0.02960586994895616
13433,0.029717087884945776
13434,0.02982804855708074
13435,0.02993875047413584
13436,0.030049192146947096
13437,0.03015937208843192
13438,0.030269288813608852
13439,0.03037894083961769
13440,0.030488326685739222
13441,0.030597444873415203
13442,0.030706293926268342
13443,0.030814872370121954
13444,0.03092317873302006
13445,0.031031211545247035
13446,0.031138969339347504
13447,0.03124645065014625
13448,0.031353654014767855
13449,0.031460577972656625
13450,0.03156722106559625
13451,0.03167358183772955
13452,0.03177965883557839
13453,0.03188545060806313
13454,0.031990955706522585
13455,0.032096172684733484
13456,0.032201100098930256
13457,0.03230573650782475
13458,0.032410080472625655
13459,0.03251413055705835
13460,0.032617885327384306
13461,0.032721343352420745
13462,0.03282450320356025
13463,0.03292736345479018
13464,0.03302992268271229
13465,0.033132179466562155
13466,0.033234132388228727
13467,0.03333578003227372
13468,0.033437120985951016
13469,0.03353815383922627
13470,0.03363887718479604
13471,0.03373928961810736
13472,0.03383938973737702
13473,0.03393917614361084
13474,0.034038647440623106
13475,0.03413780223505572
13476,0.03423663913639756
13477,0.034335156757003674
13478,0.03443335371211444
13479,0.034531228619874926
13480,0.034628780101353826
13481,0.03472600678056284
13482,0.034822907284475596
13483,0.03491948024304682
13484,0.035015724289231484
13485,0.03511163805900368
13486,0.035207220191375815
13487,0.03530246932841748
13488,0.035397384115274426
13489,0.03549196320018762
13490,0.035586205234511954
13491,0.0356801088727354
13492,0.0357736727724976
13493,0.03586689559460882
13494,0.03595977600306886
13495,0.0360523126650856
13496,0.03614450425109396
13497,0.03623634943477445
13498,0.036327846893072044
13499,0.03641899530621466
13500,0.03650979335773188
13501,0.036600239734473614
13502,0.03669033312662852
13503,0.03678007222774272
13504,0.036869455734738175
13505,0.036958482347931226
13506,0.03704715077105109
13507,0.03713545971125817
13508,0.037223407879162576
13509,0.037310993988842384
13510,0.037398216757861966
13511,0.0374850749072904
13512,0.037571567161719555
13513,0.03765769224928251
13514,0.03774344890167158
13515,0.03782883585415655
13516,0.03791385184560289
13517,0.03799849561848969
13518,0.03808276591892786
13519,0.03816666149667807
13520,0.03825018110516878
13521,0.03833332350151424
13522,0.0384160874465323
13523,0.038498471704762456
13524,0.03858047504448353
13525,0.038662096237731675
13526,0.03874333406031799
13527,0.03882418729184634
13528,0.038904654715731124
13529,0.038984735119214804
13530,0.03906442729338571
13531,0.03914373003319548
13532,0.03922264213747671
13533,0.039301162408960526
13534,0.0393792896542939
13535,0.03945702268405732
13536,0.03953436031278198
13537,0.039611301358967274
13538,0.03968784464509817
13539,0.03976398899766236
13540,0.03983973324716765
13541,0.03991507622815905
13542,0.03999001677923604
13543,0.0400645537430697
13544,0.0401386859664197
13545,0.040212412300151525
13546,0.04028573159925328
13547,0.04035864272285281
13548,0.040431144534234596
13549,0.04050323590085659
13550,0.04057491569436712
13551,0.040646182790621634
13552,0.0407170360696995
13553,0.040787474415920746
13554,0.04085749671786263
13555,0.0409271018683764
13556,0.040996288764603754
13557,0.04106505630799354
13558,0.04113340340431806
13559,0.04120132896368966
13560,0.04126883190057713
13561,0.04133591113382202
13562,0.04140256558665499
13563,0.04146879418671209
13564,0.04153459586605092
13565,0.04159996956116697
13566,0.041664914213009566
13567,0.04172942876699814
13568,0.04179351217303811
13569,0.04185716338553702
13570,0.04192038136342041
13571,0.04198316507014776
13572,0.04204551347372829
13573,0.04210742554673687
13574,0.04216890026632965
13575,0.042229936614259916
13576,0.04229053357689365
13577,0.04235069014522519
13578,0.042410405314892805
13579,0.04246967808619416
13580,0.0425285074641019
13581,0.042586892458278916
13582,0.04264483208309387
13583,0.042702325357636385
13584,0.04275937130573244
13585,0.04281596895595946
13586,0.04287211734166158
13587,0.04292781550096476
13588,0.04298306247679178
13589,0.04303785731687735
13590,0.04309219907378301
13591,0.043146086804912054
13592,0.04319951957252443
13593,0.04325249644375148
13594,0.04330501649061079
13595,0.04335707879002078
13596,0.043408682423815445
13597,0.04345982647875895
13598,0.0435105100465601
13599,0.043560732223886914
13600,0.043610492112381
13601,0.04365978881867197
13602,0.04370862145439179
13603,0.04375698913618901
13604,0.04380489098574298
13605,0.043852326129778074
13606,0.043899293700077724
13607,0.04394579283349856
13608,0.043991822671984315
13609,0.04403738236257985
13610,0.04408247105744497
13611,0.04412708791386829
13612,0.04417123209428106
13613,0.04421490276627078
13614,0.04425809910259492
13615,0.04430082028119453
13616,0.04434306548520776
13617,0.04438483390298335
13618,0.044426124728094096
13619,0.04446693715935019
13620,0.044507270400812524
13621,0.044547123661806
13622,0.04458649615693266
13623,0.044625387106084866
13624,0.04466379573445839
13625,0.044701721272565415
13626,0.04473916295624748
13627,0.04477612002668843
13628,0.04481259173042721
13629,0.04484857731937066
13630,0.04488407605080628
13631,0.04491908718741481
13632,0.044953609997282915
13633,0.04498764375391567
13634,0.04502118773624906
13635,0.04505424122866238
13636,0.045086803520990634
13637,0.045118873908536784
13638,0.045150451692083975
13639,0.04518153617790779
13640,0.04521212667778824
13641,0.045242222509021914
13642,0.04527182299443389
13643,0.0453009274623897
13644,0.045329535246807176
13645,0.04535764568716819
13646,0.04538525812853053
13647,0.04541237192153938
13648,0.04543898642243908
13649,0.045465100993084574
13650,0.04549071500095291
13651,0.04551582781915469
13652,0.045540438826445345
13653,0.04556454740723646
13654,0.04558815295160701
13655,0.04561125485531447
13656,0.04563385251980591
13657,0.04565594535222906
13658,0.04567753276544319
13659,0.04569861417803007
13660,0.045719189014304745
13661,0.045739256704326346
13662,0.0457588166839087
13663,0.045777868394631036
13664,0.045796411283848495
13665,0.045814444804702634
13666,0.04583196841613186
13667,0.04584898158288178
13668,0.04586548377551545
13669,0.045881474470423685
13670,0.04589695314983513
13671,0.045911919301826386
13672,0.04592637242033199
13673,0.04594031200515444
13674,0.045953737561974
13675,0.04596664860235853
13676,0.04597904464377326
13677,0.045990925209590416
13678,0.04600228982909889
13679,0.04601313803751369
13680,0.04602346937598549
13681,0.046033283391609954
13682,0.04604257963743714
13683,0.04605135767248068
13684,0.046059617061727016
13685,0.04606735737614449
13686,0.046074578192692395
13687,0.04608127909432996
13688,0.046087459670025276
13689,0.04609311951476405
13690,0.04609825822955845
13691,0.046102875421455754
13692,0.04610697070354699
13693,0.046110543694975435
13694,0.04611359402094517
13695,0.046116121312729436
13696,0.04611812520767894
13697,0.046119605349230174
13698,0.04612056138691356
13699,0.04612099297636159
13700,0.04612089977931685
13701,0.04612028146363998
13702,0.046119137703317596
13703,0.04611746817847012
13704,0.046115272575359495
13705,0.046112550586396864
13706,0.046109301910150224
13707,0.04610552625135188
13708,0.04610122332090595
13709,0.04609639283589576
13710,0.0460910345195911
13711,0.04608514810145547
13712,0.046078733317153286
13713,0.046071789908556905
13714,0.04606431762375367
13715,0.04605631621705282
13716,0.04604778544899236
13717,0.04603872508634588
13718,0.04602913490212918
13719,0.04601901467560702
13720,0.04600836419229955
13721,0.04599718324398888
13722,0.04598547162872549
13723,0.04597322915083449
13724,0.045960455620921964
13725,0.045947150855881067
13726,0.0459333146788982
13727,0.04591894691945895
13728,0.04590404741335415
13729,0.04588861600268568
13730,0.04587265253587224
13731,0.045856156867655165
13732,0.04583912885910395
13733,0.045821568377621934
13734,0.04580347529695168
13735,0.045784849497180466
13736,0.04576569086474559
13737,0.0457459992924396
13738,0.045725774679415535
13739,0.04570501693119192
13740,0.045683725959657945
13741,0.045661901683078265
13742,0.04563954402609792
13743,0.04561665291974715
13744,0.045593228301446055
13745,0.04556927011500927
13746,0.04554477831065051
13747,0.045519752844986994
13748,0.04549419368104392
13749,0.04546810078825869
13750,0.04544147414248527
13751,0.04541431372599822
13752,0.04538661952749685
13753,0.04535839154210921
13754,0.045329629771395964
13755,0.04530033422335431
13756,0.0452705049124217
13757,0.04524014185947945
13758,0.045209245091856524
13759,0.04517781464333285
13760,0.045145850554142906
13761,0.04511335287097902
13762,0.045080321646994666
13763,0.04504675694180768
13764,0.04501265882150333
13765,0.04497802735863744
13766,0.04494286263223926
13767,0.04490716472781442
13768,0.04487093373734771
13769,0.04483416975930574
13770,0.0447968728986397
13771,0.04475904326678774
13772,0.044720680981677655
13773,0.04468178616772912
13774,0.044642358955856054
13775,0.04460239948346889
13776,0.044561907894476636
13777,0.04452088433928905
13778,0.044479328974818585
13779,0.04443724196448223
13780,0.044394623478203485
13781,0.0443514736924139
13782,0.044307792790054965
13783,0.044263580960579536
13784,0.04421883839995332
13785,0.04417356531065643
13786,0.04412776190168457
13787,0.044081428388550385
13788,0.04403456499328461
13789,0.043987171944437096
13790,0.043939249477077925
13791,0.04389079783279821
13792,0.04384181725971106
13793,0.043792308012452215
13794,0.04374227035218085
13795,0.043691704546580064
13796,0.04364061086985743
13797,0.04358898960274545
13798,0.043536841032501813
13799,0.04348416545290979
13800,0.043430963164278316
13801,0.043377234473442085
13802,0.04332297969376165
13803,0.04326819914512321
13804,0.043212893153938635
13805,0.0431570620531451
13806,0.04310070618220479
13807,0.04304382588710456
13808,0.04298642152035534
13809,0.042928493440991713
13810,0.042870042014571154
13811,0.0428110676131733
13812,0.042751570615399206
13813,0.04269155140637035
13814,0.04263101037772774
13815,0.0425699479276308
13816,0.04250836446075619
13817,0.04244626038829665
13818,0.04238363612795958
13819,0.04232049210396573
13820,0.04225682874704772
13821,0.04219264649444832
13822,0.042127945789919026
13823,0.0420627270837181
13824,0.04199699083260895
13825,0.04193073749985807
13826,0.04186396755523311
13827,0.04179668147500089
13828,0.041728879741925046
13829,0.04166056284526401
13830,0.041591731280768506
13831,0.04152238555067928
13832,0.04145252616372457
13833,0.04138215363511743
13834,0.041311268486553254
13835,0.04123987124620686
13836,0.041167962448729764
13837,0.04109554263524732
13838,0.04102261235335553
13839,0.04094917215711819
13840,0.04087522260706358
13841,0.04080076427018126
13842,0.04072579771991882
13843,0.040650323536178284
13844,0.04057434230531282
13845,0.040497854620122994
13846,0.040420861079853196
13847,0.040343362290187916
13848,0.04026535886324775
13849,0.04018685141758573
13850,0.040107840578183056
13851,0.04002832697644525
13852,0.03994831125019778
13853,0.03986779404368198
13854,0.03978677600755066
13855,0.039705257798863546
13856,0.039623240081083026
13857,0.039540723524069336
13858,0.039457708804076015
13859,0.03937419660374515
13860,0.039290187612102415
13861,0.03920568252455234
13862,0.03912068204287306
13863,0.03903518687521147
13864,0.038949197736077946
13865,0.03886271534634095
13866,0.03877574043322196
13867,0.038688273730289796
13868,0.03860031597745527
13869,0.038511867920965545
13870,0.038422930313398364
13871,0.03833350391365648
13872,0.0382435894869616
13873,0.038153187804848616
13874,0.038062299645159586
13875,0.03797092579203746
13876,0.03787906703592017
13877,0.037786724173534104
13878,0.03769389800788797
13879,0.0376005893482663
13880,0.037506799010222816
13881,0.037412527815574054
13882,0.03731777659239247
13883,0.0372225461749999
13884,0.03712683740396045
13885,0.03703065112607383
13886,0.03693398819436821
13887,0.03683684946809306
13888,0.036739235812712163
13889,0.03664114809989616
13890,0.03654258720751533
13891,0.036443554019632195
13892,0.036344049426493795
13893,0.036244074324524415
13894,0.03614362961631761
13895,0.036042716210628656
13896,0.03594133502236667
13897,0.03583948697258654
13898,0.03573717298848119
13899,0.0356343940033732
13900,0.03553115095670688
13901,0.03542744479403992
13902,0.03532327646703499
13903,0.035218646933451475
13904,0.035113557157136814
13905,0.03500800810801808
13906,0.03490200076209325
13907,0.034795536101422365
13908,0.03468861511411893
13909,0.03458123879434073
13910,0.034473408142281135
13911,0.034365124164159766
13912,0.034256387872213544
13913,0.03414720028468738
13914,0.03403756242582477
13915,0.03392747532585864
13916,0.03381694002100153
13917,0.033705957553436416
13918,0.033594528971306804
13919,0.03348265532870706
13920,0.03337033768567272
13921,0.033257577108170455
13922,0.03314437466808824
13923,0.0330307314432253
13924,0.03291664851728182
13925,0.03280212697984905
13926,0.032687167926398655
13927,0.032571772458272696
13928,0.032455941682673
13929,0.03233967671265059
13930,0.032222978667095274
13931,0.03210584867072475
13932,0.031988287854074045
13933,0.03187029735348453
13934,0.031751878311092996
13935,0.03163303187482079
13936,0.03151375919836255
13937,0.03139406144117521
13938,0.031273939768466694
13939,0.031153395351184502
13940,0.031032429366004553
13941,0.0309110429953194
13942,0.030789237427227
13943,0.03066701385551876
13944,0.030544373479668114
13945,0.030421317504818586
13946,0.030297847141771844
13947,0.03017396360697598
13948,0.030049668122513244
13949,0.029924961916088136
13950,0.02979984622101514
13951,0.029674322276206394
13952,0.02954839132615955
13953,0.029422054620945104
13954,0.029295313416194162
13955,0.029168168973085756
13956,0.029040622558334086
13957,0.028912675444176056
13958,0.028784328908358206
13959,0.028655584234124048
13960,0.028526442710201053
13961,0.02839690563078748
13962,0.02826697429553955
13963,0.028136650009557954
13964,0.028005934083374866
13965,0.027874827832940506
13966,0.027743332579609592
13967,0.027611449650128152
13968,0.02747918037661966
13969,0.02734652609657166
13970,0.02721348815282182
13971,0.02708006789354437
13972,0.026946266672236124
13973,0.02681208584770246
13974,0.026677526784043556
13975,0.026542590850640004
13976,0.02640727942213894
13977,0.026271593878439647
13978,0.0261355356046792
13979,0.025999105991218303
13980,0.025862306433626546
13981,0.025725138332668134
13982,0.025587603094287203
13983,0.025449702129592987
13984,0.025311436854845375
13985,0.025172808691439758
13986,0.025033819065892412
13987,0.024894469409825423
13988,0.024754761159951528
13989,0.02461469575805927
13990,0.02447427465099751
13991,0.024333499290660428
13992,0.024192371133972105
13993,0.024050891642870983
13994,0.023909062284294683
13995,0.02376688453016414
13996,0.023624359857368264
13997,0.02348148974774815
13998,0.023338275688081167
13999,0.02319471917006547
14000,0.023050821690303723
14001,0.022906584750287493
14002,0.02276200985638087
14003,0.02261709851980464
14004,0.022471852256620007
14005,0.022326272587712203
14006,0.022180361038774465
14007,0.022034119140291315
14008,0.021887548427522396
14009,0.02174065044048583
14010,0.021593426723941482
14011,0.02144587882737462
14012,0.02129800830497882
14013,0.02114981671563947
14014,0.021001305622916775
14015,0.020852476595028722
14016,0.02070333120483433
14017,0.020553871029816262
14018,0.020404097652064003
14019,0.020254012658256486
14020,0.020103617639644737
14021,0.019952914192034803
14022,0.01980190391577002
14023,0.01965058841571384
14024,0.019498969301232152
14025,0.019347048186175584
14026,0.01919482668886209
14027,0.0190423064320589
14028,0.018889489042965057
14029,0.01873637615319321
14030,0.018582969398751974
14031,0.01842927042002781
14032,0.018275280861766854
14033,0.018121002373057058
14034,0.017966436607309705
14035,0.0178115852222414
14036,0.017656449879855676
14037,0.017501032246424457
14038,0.017345333992469923
14039,0.01718935679274566
14040,0.017033102326218394
14041,0.01687657227604922
14042,0.01671976832957479
14043,0.016562692178288853
14044,0.016405345517823088
14045,0.01624773004792853
14046,0.016089847472456495
14047,0.01593169949933945
14048,0.015773287840572234
14049,0.015614614212192617
14050,0.015455680334262383
14051,0.015296487930847973
14052,0.015137038730001037
14053,0.01497733446373938
14054,0.014817376868027173
14055,0.014657167682755778
14056,0.014496708651724062
14057,0.014336001522618677
14058,0.014175048046994676
14059,0.01401384998025546
14060,0.013852409081633332
14061,0.01369072711416931
14062,0.013528805844693534
14063,0.013366647043805179
14064,0.013204252485852302
14065,0.013041623948912092
14066,0.012878763214770361
14067,0.012715672068901698
14068,0.01255235230044907
14069,0.012388805702203406
14070,0.012225034070583538
14071,0.012061039205615437
14072,0.011896822910912064
14073,0.011732386993652711
14074,0.011567733264562275
14075,0.011402863537890964
14076,0.011237779631393219
14077,0.011072483366307312
14078,0.010906976567334397
14079,0.010741261062617536
14080,0.010575338683721099
14081,0.010409211265609451
14082,0.010242880646626255
14083,0.010076348668473267
14084,0.00990961717618909
14085,0.00974268801812831
14086,0.009575563045939931
14087,0.009408244114546438
14088,0.00924073308212212
14089,0.009073031810072013
14090,0.008905142163010325
14091,0.008737066008738829
14092,0.008568805218225641
14093,0.008400361665583278
14094,0.008231737228047348
14095,0.008062933785954723
14096,0.007893953222721675
14097,0.007724797424822416
14098,0.0075554682817669016
14099,0.007385967686079264
14100,0.007216297533275751
14101,0.007046459721842616
14102,0.006876456153214407
14103,0.006706288731751527
14104,0.00653595936471844
14105,0.0063654699622613595
14106,0.006194822437385897
14107,0.006024018705935119
14108,0.0058530606865668765
14109,0.005681950300731768
14110,0.005510689472650596
14111,0.005339280129291788
14112,0.005167724200349224
14113,0.00499602361821933
14114,0.004824180317978817
14115,0.004652196237361914
14116,0.004480073316737561
14117,0.004307813499087012
14118,0.00413541872998071
14119,0.003962890957555845
14120,0.0037902321324931438
14121,0.0036174442079943054
14122,0.0034445291397589197
14123,0.0032714888859613597
14124,0.0030983254072280892
14125,0.002925040666614227
14126,0.0027516366295807747
14127,0.002578115263971332
14128,0.0024044785399887753
14129,0.002230728430172355
14130,0.0020568669093740627
14131,0.0018828959547356485
14132,0.0017088175456651353
14133,0.0015346336638132954
14134,0.0013603462930505514
14135,0.00118595741944314
14136,0.0010114690312299343
14137,0.0008368831187987646
14138,0.000662201674662698
14139,0.0004874266934367474
14140,0.0003125601718138438
14141,0.0001376041085414704
14142,-3.7439495602207336e-05
14143,-0.00021256863783224758
14144,-0.00038778131338040867
14145,-0.0005630755155193613
14146,-0.0007384492355862366
14147,-0.0009139004630066779
14148,-0.0010894271853189247
14149,-0.0012650273881974693
14150,-0.0014406990554774442
14151,-0.0016164401691782992
14152,-0.0017922487095282606
14153,-0.0019681226549881194
14154,-0.002144059982275528
14155,-0.0023200586663893203
14156,-0.0024961166806334047
14157,-0.0026722319966413907
14158,-0.0028484025844005413
14159,-0.0030246264122762304
14160,-0.0032009014470364278
14161,-0.003377225653875753
14162,-0.0035535969964402576
14163,-0.0037300134368515345
14164,-0.0039064729357313355
14165,-0.004082973452226208
14166,-0.004259512944031701
14167,-0.004436089367417297
14168,-0.004612700677250676
14169,-0.004789344827022476
14170,-0.004966019768871078
14171,-0.005142723453606959
14172,-0.005319453830737767
14173,-0.005496208848492722
14174,-0.005672986453847526
14175,-0.005849784592549277
14176,-0.006026601209140966
14177,-0.006203434246986685
14178,-0.006380281648296118
14179,-0.006557141354149815
14180,-0.00673401130452377
14181,-0.006910889438314514
14182,-0.007087773693364221
14183,-0.007264662006485373
14184,-0.007441552313486147
14185,-0.007618442549195132
14186,-0.007795330647486541
14187,-0.00797221454130542
14188,-0.008149092162692455
14189,-0.008325961442809462
14190,-0.008502820311964226
14191,-0.00867966669963582
14192,-0.008856498534499935
14193,-0.009033313744453788
14194,-0.00921011025664173
14195,-0.009386885997480185
14196,-0.00956363889268308
14197,-0.009740366867287282
14198,-0.009917067845677597
14199,-0.010093739751612492
14200,-0.010270380508249131
14201,-0.01044698803816889
14202,-0.01062356026340291
14203,-0.010800095105457175
14204,-0.010976590485338339
14205,-0.01115304432357884
14206,-0.011329454540262521
14207,-0.011505819055050256
14208,-0.011682135787205132
14209,-0.011858402655618333
14210,-0.012034617578834325
14211,-0.012210778475076768
14212,-0.012386883262273763
14213,-0.012562929858083577
14214,-0.01273891617992038
14215,-0.012914840144979541
14216,-0.01309069967026361
14217,-0.013266492672607655
14218,-0.013442217068705041
14219,-0.013617870775133248
14220,-0.013793451708379213
14221,-0.013968957784865408
14222,-0.014144386920975215
14223,-0.014319737033078784
14224,-0.014495006037558891
14225,-0.014670191850836371
14226,-0.014845292389396223
14227,-0.015020305569813052
14228,-0.015195229308776982
14229,-0.015370061523119575
14230,-0.01554480012983929
14231,-0.015719443046127664
14232,-0.01589398818939478
14233,-0.01606843347729525
14234,-0.016242776827754137
14235,-0.01641701615899251
14236,-0.016591149389553618
14237,-0.016765174438328395
14238,-0.01693908922458165
14239,-0.01711289166797764
14240,-0.017286579688606057
14241,-0.017460151207008036
14242,-0.017633604144201717
14243,-0.017806936421708497
14244,-0.017980145961578587
14245,-0.018153230686417058
14246,-0.018326188519409863
14247,-0.01849901738434941
14248,-0.01867171520566085
14249,-0.018844279908427658
14250,-0.019016709418417668
14251,-0.019189001662109136
14252,-0.01936115456671632
14253,-0.01953316606021579
14254,-0.019705034071371984
14255,-0.0198767565297633
14256,-0.020048331365808136
14257,-0.02021975651079049
14258,-0.020391029896886244
14259,-0.020562149457188775
14260,-0.020733113125734996
14261,-0.02090391883753143
14262,-0.021074564528579785
14263,-0.02124504813590325
14264,-0.02141536759757208
14265,-0.021585520852729658
14266,-0.021755505841618526
14267,-0.021925320505605975
14268,-0.022094962787210314
14269,-0.0222644306301264
14270,-0.022433721979251912
14271,-0.022602834780712903
14272,-0.022771766981889832
14273,-0.02294051653144358
14274,-0.02310908137934101
14275,-0.0232774594768812
14276,-0.02344564877672098
14277,-0.023613647232900943
14278,-0.023781452800871416
14279,-0.023949063437517987
14280,-0.024116477101187733
14281,-0.024283691751714676
14282,-0.0244507053504458
14283,-0.02461751586026696
14284,-0.02478412124562839
14285,-0.024950519472570834
14286,-0.025116708508751057
14287,-0.025282686323467706
14288,-0.025448450887687265
14289,-0.025614000174069434
14290,-0.0257793321569933
14291,-0.02594444481258269
14292,-0.026109336118732087
14293,-0.026274004055132437
14294,-0.026438446603296542
14295,-0.026602661746585116
14296,-0.02676664747023208
14297,-0.026930401761370598
14298,-0.027093922609058407
14299,-0.027257208004303576
14300,-0.027420255940090264
14301,-0.027583064411404002
14302,-0.027745631415257672
14303,-0.027907954950716723
14304,-0.028070033018924908
14305,-0.028231863623129908
14306,-0.02839344476870861
14307,-0.028554774463192923
14308,-0.02871585071629498
14309,-0.028876671539932765
14310,-0.029037234948255653
14311,-0.02919753895766961
14312,-0.029357581586862913
14313,-0.029517360856831276
14314,-0.029676874790903342
14315,-0.02983612141476622
14316,-0.029995098756490497
14317,-0.030153804846555905
14318,-0.03031223771787635
14319,-0.030470395405825322
14320,-0.030628275948261268
14321,-0.030785877385552565
14322,-0.03094319776060306
14323,-0.031100235118876985
14324,-0.031256987508424275
14325,-0.03141345297990582
14326,-0.031569629586618325
14327,-0.03172551538451976
14328,-0.03188110843225407
14329,-0.032036406791176655
14330,-0.03219140852537901
14331,-0.03234611170171395
14332,-0.03250051438982068
14333,-0.03265461466214948
14334,-0.03280841059398697
14335,-0.032961900263480726
14336,-0.03311508175166434
14337,-0.03326795314248229
14338,-0.03342051252281462
14339,-0.033572757982501956
14340,-0.03372468761437009
14341,-0.03387629951425478
14342,-0.03402759178102664
14343,-0.034178562516615524
14344,-0.03432920982603551
14345,-0.03447953181740928
14346,-0.03462952660199283
14347,-0.03477919229420013
14348,-0.03492852701162746
14349,-0.03507752887507819
14350,-0.035226196008586966
14351,-0.035374526539444374
14352,-0.03552251859822137
14353,-0.035670170318793465
14354,-0.035817479838365356
14355,-0.03596444529749496
14356,-0.036111064840118
14357,-0.03625733661357199
14358,-0.036403258768620675
14359,-0.03654882945947805
14360,-0.03669404684383266
14361,-0.036838909082871615
14362,-0.03698341434130475
14363,-0.03712756078738862
14364,-0.037271346592950574
14365,-0.03741476993341264
14366,-0.03755782898781559
14367,-0.03770052193884275
14368,-0.03784284697284393
14369,-0.037984802279859245
14370,-0.03812638605364286
14371,-0.0382675964916868
14372,-0.0384084317952447
14373,-0.038548890169355414
14374,-0.038688969822866695
14375,-0.03882866896845878
14376,-0.038967985822667986
14377,-0.039106918605910215
14378,-0.03924546554250444
14379,-0.039383624860696145
14380,-0.03952139479268076
14381,-0.03965877357462694
14382,-0.03979575944669998
14383,-0.03993235065308509
14384,-0.04006854544201054
14385,-0.040204342065770976
14386,-0.04033973878075044
14387,-0.040474733847445626
14388,-0.04060932553048884
14389,-0.04074351209867107
14390,-0.040877291824964954
14391,-0.04101066298654769
14392,-0.04114362386482397
14393,-0.04127617274544882
14394,-0.04140830791835038
14395,-0.041540027677752646
14396,-0.04167133032219827
14397,-0.041802214154571034
14398,-0.0419326774821187
14399,-0.042062718616475425
14400,-0.04219233587368434
14401,-0.042321527574220016
14402,-0.04245029204301086
14403,-0.042578627609461565
14404,-0.042706532607475395
14405,-0.042834005375476485
14406,-0.04296104425643207
14407,-0.043087647597874666
14408,-0.0432138137519242
14409,-0.043339541075310135
14410,-0.043464827929393476
14411,-0.04358967268018875
14412,-0.04371407369838598
14413,-0.04383802935937249
14414,-0.04396153804325487
14415,-0.04408459813488061
14416,-0.04420720802385994
14417,-0.04432936610458748
14418,-0.04445107077626379
14419,-0.04457232044291707
14420,-0.044693113513424615
14421,-0.044813448401534235
14422,-0.04493332352588575
14423,-0.04505273731003233
14424,-0.045171688182461714
14425,-0.04529017457661761
14426,-0.04540819493092076
14427,-0.045525747688790134
14428,-0.04564283129866404
14429,-0.045759444214021054
14430,-0.04587558489340111
14431,-0.04599125180042635
14432,-0.046106443403822014
14433,-0.04622115817743721
14434,-0.04633539460026566
14435,-0.04644915115646643
14436,-0.04656242633538453
14437,-0.046675218631571466
14438,-0.046787526544805814
14439,-0.04689934858011361
14440,-0.047010683247788745
14441,-0.04712152906341341
14442,-0.0472318845478782
14443,-0.047341748227402496
14444,-0.04745111863355453
14445,-0.04755999430327145
14446,-0.047668373778879475
14447,-0.047776255608113785
14448,-0.04788363834413844
14449,-0.04799052054556623
14450,-0.048096900776478525
14451,-0.0482027776064449
14452,-0.04830814961054292
14453,-0.04841301536937765
14454,-0.048517373469101226
14455,-0.04862122250143237
14456,-0.04872456106367572
14457,-0.04882738775874125
14458,-0.048929701195163565
14459,-0.049031499987121044
14460,-0.0491327827544551
14461,-0.04923354812268918
14462,-0.049333794723047844
14463,-0.04943352119247573
14464,-0.049532726173656415
14465,-0.0496314083150313
14466,-0.049729566270818294
14467,-0.049827198701030605
14468,-0.04992430427149531
14469,-0.050020881653871904
14470,-0.05011692952567091
14471,-0.05021244657027214
14472,-0.050307431476943186
14473,-0.050401882940857665
14474,-0.05049579966311347
14475,-0.05058918035075088
14476,-0.0506820237167707
14477,-0.05077432848015223
14478,-0.05086609336587128
14479,-0.05095731710491797
14480,-0.05104799843431464
14481,-0.05113813609713346
14482,-0.05122772884251425
14483,-0.05131677542568194
14484,-0.05140527460796419
14485,-0.05149322515680882
14486,-0.05158062584580118
14487,-0.05166747545468152
14488,-0.051753772769362105
14489,-0.05183951658194457
14490,-0.05192470569073687
14491,-0.05200933890027037
14492,-0.05209341502131676
14493,-0.05217693287090499
14494,-0.052259891272338016
14495,-0.052342289055209594
14496,-0.05242412505542088
14497,-0.05250539811519705
14498,-0.052586107083103795
14499,-0.05266625081406376
14500,-0.05274582816937292
14501,-0.052824838016716856
14502,-0.05290327923018696
14503,-0.05298115069029656
14504,-0.05305845128399701
14505,-0.05313517990469365
14506,-0.053211335452261734
14507,-0.05328691683306221
14508,-0.05336192295995759
14509,-0.05343635275232745
14510,-0.05351020513608419
14511,-0.053583479043688494
14512,-0.05365617341416477
14513,-0.053728287193116515
14514,-0.053799819332741645
14515,-0.053870768791847615
14516,-0.053941134535866686
14517,-0.05401091553687085
14518,-0.05408011077358691
14519,-0.05414871923141129
14520,-0.05421673990242488
14521,-0.054284171785407793
14522,-0.05435101388585405
14523,-0.05441726521598606
14524,-0.05448292479476921
14525,-0.05454799164792621
14526,-0.05461246480795151
14527,-0.05467634331412546
14528,-0.05473962621252857
14529,-0.05480231255605556
14530,-0.05486440140442935
14531,-0.05492589182421505
14532,-0.054986782888833734
14533,-0.055047073678576273
14534,-0.05510676328061697
14535,-0.055165850789027214
14536,-0.055224335304788895
14537,-0.05528221593580795
14538,-0.05533949179692767
14539,-0.05539616200994194
14540,-0.0554522257036085
14541,-0.055507682013661935
14542,-0.055562530082826765
14543,-0.05561676906083041
14544,-0.05567039810441593
14545,-0.05572341637735489
14546,-0.05577582305045999
14547,-0.055827617301597666
14548,-0.0558787983157006
14549,-0.05592936528478013
14550,-0.055979317407938635
14551,-0.05602865389138173
14552,-0.05607737394843045
14553,-0.056125476799533364
14554,-0.056172961672278504
14555,-0.05621982780140533
14556,-0.05626607442881654
14557,-0.056311700803589784
14558,-0.05635670618198929
14559,-0.05640108982747752
14560,-0.05644485101072652
14561,-0.05648798900962939
14562,-0.056530503109311535
14563,-0.05657239260214192
14564,-0.05661365678774414
14565,-0.05665429497300749
14566,-0.05669430647209789
14567,-0.056733690606468754
14568,-0.05677244670487174
14569,-0.05681057410336747
14570,-0.05684807214533604
14571,-0.05688494018148762
14572,-0.05692117756987279
14573,-0.05695678367589287
14574,-0.05699175787231022
14575,-0.05702609953925827
14576,-0.057059808064251656
14577,-0.057092882842196165
14578,-0.057125323275398585
14579,-0.057157128773576496
14580,-0.057188298753867974
14581,-0.05721883264084116
14582,-0.05724872986650381
14583,-0.05727798987031266
14584,-0.05730661209918278
14585,-0.057334596007496824
14586,-0.05736194105711417
14587,-0.0573886467173799
14588,-0.057414712465133876
14589,-0.0574401377847195
14590,-0.05746492216799256
14591,-0.05748906511432989
14592,-0.057512566130637946
14593,-0.057535424731361307
14594,-0.0575576404384911
14595,-0.05757921278157329
14596,-0.05760014129771692
14597,-0.057620425531602217
14598,-0.057640065035488616
14599,-0.05765905936922275
14600,-0.05767740810024622
14601,-0.05769511080360339
14602,-0.057712167061949086
14603,-0.057728576465556056
14604,-0.057744338612322546
14605,-0.0577594531077796
14606,-0.057773919565098364
14607,-0.05778773760509729
14608,-0.057800906856249244
14609,-0.05781342695468843
14610,-0.05782529754421734
14611,-0.0578365182763136
14612,-0.05784708881013662
14613,-0.05785700881253425
14614,-0.05786627795804924
14615,-0.057874895928925786
14616,-0.057882862415115734
14617,-0.057890177114284895
14618,-0.057896839731819166
14619,-0.05790284998083057
14620,-0.057908207582163175
14621,-0.05791291226439903
14622,-0.05791696376386382
14623,-0.0579203618246326
14624,-0.057923106198535336
14625,-0.057925196645162345
14626,-0.0579266329318697
14627,-0.05792741483378451
14628,-0.05792754213381005
14629,-0.05792701462263091
14630,-0.057925832098717885
14631,-0.057923994368332975
14632,-0.05792150124553408
14633,-0.057918352552179746
14634,-0.05791454811793372
14635,-0.057910087780269494
14636,-0.05790497138447466
14637,-0.057899198783655244
14638,-0.057892769838739894
14639,-0.057885684418483976
14640,-0.05787794239947363
14641,-0.05786954366612962
14642,-0.0578604881107112
14643,-0.05785077563331978
14644,-0.05784040614190258
14645,-0.05782937955225615
14646,-0.05781769578802976
14647,-0.057805354780728735
14648,-0.0577923564697177
14649,-0.05777870080222368
14650,-0.05776438773333913
14651,-0.05774941722602488
14652,-0.05773378925111291
14653,-0.05771750378730918
14654,-0.057700560821196165
14655,-0.05768296034723545
14656,-0.0576647023677701
14657,-0.05764578689302706
14658,-0.057626213941119366
14659,-0.05760598353804828
14660,-0.05758509571770531
14661,-0.057563550521874174
14662,-0.057541348000232626
14663,-0.0575184882103542
14664,-0.05749497121770984
14665,-0.05747079709566947
14666,-0.05744596592550337
14667,-0.057420477796383596
14668,-0.05739433280538517
14669,-0.05736753105748723
14670,-0.0573400726655741
14671,-0.0573119577504362
14672,-0.05728318644077088
14673,-0.05725375887318321
14674,-0.05722367519218658
14675,-0.05719293555020326
14676,-0.05716154010756485
14677,-0.0571294890325126
14678,-0.05709678250119769
14679,-0.05706342069768133
14680,-0.05702940381393482
14681,-0.056994732049839514
14682,-0.05695940561318664
14683,-0.056923424719677033
14684,-0.056886789592920824
14685,-0.0568495004644369
14686,-0.05681155757365246
14687,-0.056772961167902244
14688,-0.05673371150242784
14689,-0.056693808840376815
14690,-0.05665325345280174
14691,-0.05661204561865914
14692,-0.05657018562480835
14693,-0.05652767376601022
14694,-0.0564845103449258
14695,-0.056440695672114814
14696,-0.05639623006603417
14697,-0.05635111385303627
14698,-0.056305347367367226
14699,-0.05625893095116501
14700,-0.05621186495445754
14701,-0.05616414973516053
14702,-0.0561157856590754
14703,-0.05606677309988696
14704,-0.05601711243916108
14705,-0.055966804066342246
14706,-0.055915848378750896
14707,-0.055864245781580855
14708,-0.05581199668789659
14709,-0.05575910151863019
14710,-0.05570556070257858
14711,-0.05565137467640033
14712,-0.05559654388461253
14713,-0.05554106877958756
14714,-0.05548494982154965
14715,-0.05542818747857146
14716,-0.055370782226570506
14717,-0.05531273454930546
14718,-0.055254044938372444
14719,-0.055194713893201075
14720,-0.05513474192105059
14721,-0.05507412953700568
14722,-0.05501287726397241
14723,-0.05495098563267388
14724,-0.0548884551816459
14725,-0.05482528645723252
14726,-0.05476148001358138
14727,-0.05469703641263918
14728,-0.054631956224146766
14729,-0.054566240025634385
14730,-0.05449988840241664
14731,-0.0544329019475874
14732,-0.05436528126201473
14733,-0.054297026954335505
14734,-0.054228139640950114
14735,-0.05415861994601702
14736,-0.05408846850144707
14737,-0.05401768594689795
14738,-0.05394627292976836
14739,-0.05387423010519214
14740,-0.053801558136032365
14741,-0.053728257692875175
14742,-0.05365432945402372
14743,-0.05357977410549183
14744,-0.053504592340997637
14745,-0.05342878486195719
14746,-0.05335235237747782
14747,-0.0532752956043515
14748,-0.053197615267048096
14749,-0.0531193120977085
14750,-0.053040386836137654
14751,-0.05296084022979757
14752,-0.052880673033800035
14753,-0.0527998860108995
14754,-0.05271847993148564
14755,-0.05263645557357592
14756,-0.05255381372280808
14757,-0.05247055517243246
14758,-0.05238668072330421
14759,-0.05230219118387554
14760,-0.052217087370187674
14761,-0.05213137010586292
14762,-0.05204504022209644
14763,-0.051958098557648026
14764,-0.05187054595883382
14765,-0.05178238327951782
14766,-0.05169361138110337
14767,-0.05160423113252458
14768,-0.051514243410237505
14769,-0.05142364909821139
14770,-0.051332449087919764
14771,-0.051240644278331325
14772,-0.05114823557590096
14773,-0.05105522389456044
14774,-0.05096161015570914
14775,-0.05086739528820459
14776,-0.05077258022835307
14777,-0.050677165919899944
14778,-0.05058115331401995
14779,-0.05048454336930744
14780,-0.05038733705176649
14781,-0.05028953533480089
14782,-0.0501911391992041
14783,-0.05009214963314906
14784,-0.0499925676321779
14785,-0.04989239419919157
14786,-0.049791630344439425
14787,-0.04969027708550856
14788,-0.04958833544731331
14789,-0.049485806462084336
14790,-0.04938269116935791
14791,-0.049278990615964864
14792,-0.04917470585601966
14793,-0.04906983795090913
14794,-0.048964387969281424
14795,-0.048858356987034515
14796,-0.048751746087304884
14797,-0.048644556360455976
14798,-0.0485367889040666
14799,-0.04842844482291927
14800,-0.04831952522898832
14801,-0.048210031241428135
14802,-0.04809996398656105
14803,-0.04798932459786537
14804,-0.04787811421596318
14805,-0.04776633398860804
14806,-0.047653985070672686
14807,-0.04754106862413656
14808,-0.04742758581807327
14809,-0.04731353782863791
14810,-0.047198925839054495
14811,-0.04708375103960293
14812,-0.046968014627606226
14813,-0.046851717807417474
14814,-0.04673486179040674
14815,-0.04661744779494791
14816,-0.04649947704640537
14817,-0.04638095077712064
14818,-0.04626187022639893
14819,-0.04614223664049556
14820,-0.0460220512726024
14821,-0.045901315382834006
14822,-0.04578003023821387
14823,-0.045658197112660524
14824,-0.04553581728697344
14825,-0.04541289204881903
14826,-0.04528942269271642
14827,-0.045165410520023166
14828,-0.04504085683892086
14829,-0.044915762964400745
14830,-0.04479013021824906
14831,-0.04466395992903254
14832,-0.044537253432083576
14833,-0.04441001206948542
14834,-0.044282237190057326
14835,-0.0441539301493395
14836,-0.044025092309578094
14837,-0.04389572503970995
14838,-0.04376582971534738
14839,-0.04363540771876284
14840,-0.04350446043887345
14841,-0.0433729892712255
14842,-0.043240995617978874
14843,-0.04310848088789128
14844,-0.04297544649630248
14845,-0.0428418938651185
14846,-0.04270782442279554
14847,-0.04257323960432408
14848,-0.04243814085121263
14849,-0.04230252961147153
14850,-0.042166407339596715
14851,-0.042029775496553234
14852,-0.041892635549758896
14853,-0.04175498897306756
14854,-0.0416168372467526
14855,-0.04147818185749016
14856,-0.041339024298342276
14857,-0.041199366068740036
14858,-0.04105920867446662
14859,-0.04091855362764014
14860,-0.04077740244669656
14861,-0.04063575665637243
14862,-0.04049361778768757
14863,-0.04035098737792771
14864,-0.04020786697062691
14865,-0.040064258115550075
14866,-0.039920162368675266
14867,-0.03977558129217597
14868,-0.039630516454403256
14869,-0.03948496942986797
14870,-0.039338941799222614
14871,-0.03919243514924339
14872,-0.039045451072812015
14873,-0.038897991168897465
14874,-0.03875005704253779
14875,-0.03860165030482154
14876,-0.038452772572869436
14877,-0.03830342546981578
14878,-0.03815361062478979
14879,-0.03800332967289697
14880,-0.037852584255200265
14881,-0.03770137601870118
14882,-0.037549706616320865
14883,-0.03739757770688107
14884,-0.037244990955085024
14885,-0.03709194803149834
14886,-0.03693845061252962
14887,-0.0367845003804112
14888,-0.036630099023179714
14889,-0.03647524823465654
14890,-0.03631994971442837
14891,-0.03616420516782739
14892,-0.03600801630591165
14893,-0.035851384845445235
14894,-0.03569431250887836
14895,-0.03553680102432751
14896,-0.035378852125555256
14897,-0.03522046755195024
14898,-0.03506164904850698
14899,-0.034902398365805616
14900,-0.034742717259991486
14901,-0.03458260749275491
14902,-0.034422070831310485
14903,-0.03426110904837666
14904,-0.03409972392215505
14905,-0.033937917236309754
14906,-0.033775690779946604
14907,-0.033613046347592226
14908,-0.03344998573917317
14909,-0.033286510759994906
14910,-0.03312262322072073
14911,-0.032958324937350715
14912,-0.03279361773120032
14913,-0.03262850342887924
14914,-0.032462983862270006
14915,-0.03229706086850655
14916,-0.03213073628995269
14917,-0.03196401197418062
14918,-0.03179688977394919
14919,-0.031629371547182226
14920,-0.03146145915694676
14921,-0.03129315447143111
14922,-0.031124459363923124
14923,-0.03095537571278798
14924,-0.030785905401446254
14925,-0.030616050318351774
14926,-0.030445812356969384
14927,-0.030275193415752723
14928,-0.030104195398121907
14929,-0.029932820212441064
14930,-0.029761069771995902
14931,-0.029588945994971198
14932,-0.029416450804428132
14933,-0.029243586128281755
14934,-0.029070353899278086
14935,-0.028896756054971422
14936,-0.028722794537701445
14937,-0.028548471294570277
14938,-0.028373788277419567
14939,-0.028198747442807304
14940,-0.028023350751984793
14941,-0.02784760017087342
14942,-0.02767149767004143
14943,-0.02749504522468057
14944,-0.027318244814582813
14945,-0.027141098424116786
14946,-0.026963608042204337
14947,-0.026785775662296982
14948,-0.02660760328235221
14949,-0.026429092904809937
14950,-0.026250246536568572
14951,-0.026071066188961323
14952,-0.025891553877732308
14953,-0.02571171162301257
14954,-0.025531541449296216
14955,-0.025351045385416184
14956,-0.02517022546452026
14957,-0.024989083724046835
14958,-0.024807622205700774
14959,-0.024625842955428984
14960,-0.02444374802339618
14961,-0.024261339463960436
14962,-0.024078619335648723
14963,-0.02389558970113237
14964,-0.023712252627202546
14965,-0.02352861018474554
14966,-0.023344664448718154
14967,-0.023160417498122882
14968,-0.022975871415983142
14969,-0.02279102828931844
14970,-0.02260589020911938
14971,-0.022420459270322768
14972,-0.022234737571786574
14973,-0.02204872721626479
14974,-0.021862430310382406
14975,-0.021675848964610105
14976,-0.021488985293239105
14977,-0.021301841414355847
14978,-0.02111441944981662
14979,-0.02092672152522218
14980,-0.020738749769892335
14981,-0.020550506316840373
14982,-0.020361993302747537
14983,-0.02017321286793746
14984,-0.019984167156350437
14985,-0.01979485831551778
14986,-0.019605288496536023
14987,-0.01941545985404109
14988,-0.019225374546182547
14989,-0.01903503473459756
14990,-0.018844442584384998
14991,-0.01865360026407949
14992,-0.018462509945625243
14993,-0.01827117380435008
14994,-0.018079594018939178
14995,-0.017887772771408923
14996,-0.017695712247080702
14997,-0.017503414634554543
14998,-0.017310882125682815
14999,-0.017118116915543876
15000,-0.01692512120241558
15001,-0.016731897187748878
15002,-0.016538447076141237
15003,-0.01634477307531011
15004,-0.01615087739606635
15005,-0.01595676225228752
15006,-0.015762429860891193
15007,-0.015567882441808295
15008,-0.015373122217956215
15009,-0.015178151415212083
15010,-0.014982972262385824
15011,-0.014787586991193294
15012,-0.014591997836229352
15013,-0.014396207034940815
15014,-0.014200216827599454
15015,-0.014004029457274967
15016,-0.013807647169807775
15017,-0.013611072213781977
15018,-0.013414306840498064
15019,-0.013217353303945736
15020,-0.013020213860776671
15021,-0.01282289077027714
15022,-0.012625386294340691
15023,-0.012427702697440824
15024,-0.012229842246603468
15025,-0.012031807211379624
15026,-0.011833599863817794
15027,-0.01163522247843648
15028,-0.01143667733219666
15029,-0.011237966704474104
15030,-0.011039092877031783
15031,-0.010840058133992225
15032,-0.010640864761809731
15033,-0.010441515049242732
15034,-0.010242011287325912
15035,-0.010042355769342454
15036,-0.009842550790796234
15037,-0.009642598649383861
15038,-0.009442501644966817
15039,-0.009242262079543548
15040,-0.009041882257221415
15041,-0.00884136448418878
15042,-0.008640711068686897
15043,-0.008439924320981871
15044,-0.008239006553336616
15045,-0.008037960079982642
15046,-0.00783678721709195
15047,-0.007635490282748879
15048,-0.007434071596921819
15049,-0.007232533481435008
15050,-0.007030878259940303
15051,-0.006829108257888795
15052,-0.006627225802502579
15053,-0.006425233222746323
15054,-0.00622313284929892
15055,-0.00602092701452513
15056,-0.005818618052447064
15057,-0.005616208298715769
15058,-0.005413700090582792
15059,-0.005211095766871569
15060,-0.005008397667949015
15061,-0.004805608135696862
15062,-0.004602729513483128
15063,-0.004399764146133554
15064,-0.004196714379902894
15065,-0.003993582562446311
15066,-0.0037903710427907456
15067,-0.003587082171306131
15068,-0.0033837182996767816
15069,-0.003180281780872568
15070,-0.0029767749691201996
15071,-0.0027732002198744884
15072,-0.0025695598897894707
15073,-0.0023658563366896314
15074,-0.002162091919541109
15075,-0.001958268998422746
15076,-0.0017543899344973199
15077,-0.0015504570899825627
15078,-0.0013464728281222867
15079,-0.0011424395131574994
15080,-0.0009383595102973782
15081,-0.0007342351856903488
15082,-0.0005300689063951484
15083,-0.00032586304035173695
15084,-0.00012161995635239683
15085,8.265797598738797e-05
15086,0.00028696838625793007
15087,0.0004913089032843522
15088,0.0006956771551557376
15089,0.0009000707692541704
15090,0.001104487372283792
15091,0.001308924590300003
15092,0.0015133800487384776
15093,0.0017178513724443905
15094,0.0019223361857015236
15095,0.00212683211226138
15096,0.0023313367753724362
15097,0.0025358477978092786
15098,0.002740362801901752
15099,0.0029448794095642563
15100,0.003149395242324844
15101,0.0033539079213545354
15102,0.0035584150674965054
15103,0.003762914301295278
15104,0.003967403243026049
15105,0.004171879512723904
15106,0.00437634073021303
15107,0.004580784515136079
15108,0.0047852084869833295
15109,0.004989610265122069
15110,0.005193987468825827
15111,0.005398337717303632
15112,0.005602658629729385
15113,0.005806947825271122
15114,0.006011202923120275
15115,0.006215421542521062
15116,0.006419601302799762
15117,0.006623739823393983
15118,0.006827834723882085
15119,0.007031883624012382
15120,0.007235884143732563
15121,0.00743983390321898
15122,0.007643730522905931
15123,0.007847571623515064
15124,0.008051354826084664
15125,0.00825507775199895
15126,0.008458738023017482
15127,0.008662333261304393
15128,0.008865861089457793
15129,0.009069319130539075
15130,0.009272705008102176
15131,0.009476016346222993
15132,0.00967925076952865
15133,0.00988240590322678
15134,0.010085479373134932
15135,0.010288468805709763
15136,0.010491371828076445
15137,0.010694186068057922
15138,0.01089690915420416
15139,0.011099538715821526
15140,0.011302072383002027
15141,0.011504507786652551
15142,0.011706842558524227
15143,0.01190907433124159
15144,0.012111200738331931
15145,0.012313219414254511
15146,0.012515127994429758
15147,0.012716924115268582
15148,0.012918605414201569
15149,0.013120169529708157
15150,0.013321614101345927
15151,0.013522936769779711
15152,0.01372413517681086
15153,0.01392520696540639
15154,0.014126149779728106
15155,0.014326961265161836
15156,0.014527639068346544
15157,0.014728180837203406
15158,0.014928584220965041
15159,0.015128846870204504
15160,0.015328966436864468
15161,0.015528940574286271
15162,0.015728766937238948
15163,0.01592844318194834
15164,0.016127966966126124
15165,0.01632733594899877
15166,0.016526547791336662
15167,0.01672560015548296
15168,0.01692449070538269
15169,0.017123217106611643
15170,0.017321777026405298
15171,0.01752016813368782
15172,0.017718388099100906
15173,0.017916434595032664
15174,0.018114305295646546
15175,0.018311997876910173
15176,0.018509510016624098
15177,0.01870683939445075
15178,0.018903983691943103
15179,0.01910094059257354
15180,0.019297707781762558
15181,0.019494282946907485
15182,0.01969066377741123
15183,0.019886847964710984
15184,0.02008283320230678
15185,0.020278617185790306
15186,0.02047419761287333
15187,0.020669572183416477
15188,0.020864738599457706
15189,0.021059694565240827
15190,0.02125443778724413
15191,0.02144896597420881
15192,0.021643276837167446
15193,0.021837368089472495
15194,0.022031237446824642
15195,0.022224882627301278
15196,0.02241830135138483
15197,0.022611491341991075
15198,0.02280445032449751
15199,0.02299717602677163
15200,0.023189666179199143
15201,0.023381918514712267
15202,0.02357393076881786
15203,0.02376570067962567
15204,0.023957225987876436
15205,0.024148504436969972
15206,0.02433953377299333
15207,0.0245303117447488
15208,0.024720836103781903
15209,0.02491110460440947
15210,0.025101115003747506
15211,0.025290865061739182
15212,0.02548035254118271
15213,0.02566957520775917
15214,0.025858530830060393
15215,0.026047217179616725
15216,0.026235632030924775
15217,0.026423773161475168
15218,0.026611638351780216
15219,0.02679922538540158
15220,0.026986532048977916
15221,0.027173556132252384
15222,0.02736029542810028
15223,0.027546747732556522
15224,0.027732910844843087
15225,0.027918782567396497
15226,0.028104360705895177
15227,0.028289643069286868
15228,0.02847462746981592
15229,0.028659311723050532
15230,0.028843693647910108
15231,0.029027771066692357
15232,0.029211541805100508
15233,0.029395003692270445
15234,0.029578154560797747
15235,0.02976099224676479
15236,0.02994351458976773
15237,0.03012571943294342
15238,0.030307604622996403
15239,0.03048916801022577
15240,0.03067040744855192
15241,0.030851320795543487
15242,0.03103190591244398
15243,0.031212160664198515
15244,0.03139208291948052
15245,0.03157167055071827
15246,0.031750921434121566
15247,0.03192983344970818
15248,0.03210840448133033
15249,0.03228663241670118
15250,0.03246451514742123
15251,0.03264205056900454
15252,0.032819236580905194
15253,0.03299607108654342
15254,0.033172551993331856
15255,0.033348677212701724
15256,0.03352444466012885
15257,0.03369985225515979
15258,0.03387489792143783
15259,0.03404957958672894
15260,0.03422389518294767
15261,0.034397842646183036
15262,0.03457141991672428
15263,0.03474462493908671
15264,0.03491745566203734
15265,0.03508991003862058
15266,0.0352619860261838
15267,0.03543368158640295
15268,0.03560499468530802
15269,0.03577592329330847
15270,0.03594646538521868
15271,0.03611661894028325
15272,0.03628638194220231
15273,0.03645575237915672
15274,0.0366247282438333
15275,0.03679330753344994
15276,0.03696148824978065
15277,0.03712926839918059
15278,0.03729664599261103
15279,0.037463619045664254
15280,0.03763018557858843
15281,0.03779634361631236
15282,0.03796209118847022
15283,0.03812742632942629
15284,0.038292347078299524
15285,0.038456851478988106
15286,0.038620937580193984
15287,0.038784603435447304
15288,0.0389478471031308
15289,0.03911066664650413
15290,0.0392730601337281
15291,0.03943502563788889
15292,0.0395965612370223
15293,0.039757665014137654
15294,0.03991833505724198
15295,0.04007856945936391
15296,0.040238366318577586
15297,0.04039772373802652
15298,0.04055663982594736
15299,0.04071511269569363
15300,0.04087314046575934
15301,0.04103072125980264
15302,0.04118785320666929
15303,0.04134453444041618
15304,0.041500763100334674
15305,0.04165653733097401
15306,0.04181185528216451
15307,0.04196671510904085
15308,0.04212111497206515
15309,0.04227505303705009
15310,0.04242852747518189
15311,0.0425815364630433
15312,0.042734078182636415
15313,0.04288615082140555
15314,0.043037752572259974
15315,0.04318888163359653
15316,0.04333953620932234
15317,0.043489714508877286
15318,0.043639414747256466
15319,0.04378863514503271
15320,0.04393737392837876
15321,0.044085629329089666
15322,0.04423339958460495
15323,0.0443806829380307
15324,0.04452747763816167
15325,0.044673781939503276
15326,0.04481959410229348
15327,0.04496491239252464
15328,0.04510973508196534
15329,0.04525406044818205
15330,0.045397886774560754
15331,0.045541212350328555
15332,0.04568403547057513
15333,0.045826354436274155
15334,0.04596816755430465
15335,0.04610947313747229
15336,0.04625026950453052
15337,0.046390554980201774
15338,0.04653032789519847
15339,0.046669586586243976
15340,0.04680832939609358
15341,0.046946554673555234
15342,0.04708426077351038
15343,0.047221446056934575
15344,0.04735810889091813
15345,0.047494247648686615
15346,0.047629860709621295
15347,0.047764946459279575
15348,0.047899503289415196
15349,0.04803352959799853
15350,0.048167023789236686
15351,0.04829998427359361
15352,0.04843240946781004
15353,0.04856429779492343
15354,0.048695647684287774
15355,0.048826457571593374
15356,0.0489567258988865
15357,0.04908645111458901
15358,0.04921563167351783
15359,0.049344266036904394
15360,0.04947235267241407
15361,0.049599890054165346
15362,0.049726876662749046
15363,0.04985331098524751
15364,0.04997919151525357
15365,0.05010451675288949
15366,0.050229285204825905
15367,0.05035349538430055
15368,0.050477145811137
15369,0.050600235011763306
15370,0.050722761519230504
15371,0.05084472387323113
15372,0.050966120620117523
15373,0.051086950312920223
15374,0.0512072115113661
15375,0.051326902781896507
15376,0.05144602269768536
15377,0.05156456983865705
15378,0.05168254279150437
15379,0.05179994014970625
15380,0.05191676051354554
15381,0.05203300249012656
15382,0.0521486646933927
15383,0.05226374574414383
15384,0.05237824427005368
15385,0.052492158905687133
15386,0.05260548829251742
15387,0.05271823107894321
15388,0.052830385920305666
15389,0.052941951478905326
15390,0.053052926424019035
15391,0.05316330943191661
15392,0.0532730991858776
15393,0.05338229437620781
15394,0.053490893700255865
15395,0.05359889586242953
15396,0.053706299574212135
15397,0.05381310355417871
15398,0.05391930652801222
15399,0.054024907228519554
15400,0.05412990439564753
15401,0.054234296776498755
15402,0.05433808312534743
15403,0.054441262203655014
15404,0.05454383278008588
15405,0.05464579363052278
15406,0.054747143538082334
15407,0.05484788129313031
15408,0.05494800569329689
15409,0.05504751554349185
15410,0.055146409655919576
15411,0.05524468685009409
15412,0.05534234595285388
15413,0.0554393857983767
15414,0.055535805228194325
15415,0.05563160309120708
15416,0.055726778243698365
15417,0.055821329549349125
15418,0.05591525587925211
15419,0.05600855611192617
15420,0.05610122913333035
15421,0.056193273836877944
15422,0.056284689123450485
15423,0.05637547390141156
15424,0.0564656270866206
15425,0.05655514760244652
15426,0.05664403437978138
15427,0.056732286357053754
15428,0.056819902480242185
15429,0.056906881702888504
15430,0.056993222986110946
15431,0.05707892529861732
15432,0.057163987616718016
15433,0.057248408924338856
15434,0.05733218821303398
15435,0.05741532448199855
15436,0.057497816738081325
15437,0.05757966399579727
15438,0.05766086527733992
15439,0.057741419612593776
15440,0.057821326039146456
15441,0.05790058360230095
15442,0.057979191355087584
15443,0.05805714835827595
15444,0.0581344536803869
15445,0.058211106397704084
15446,0.058287105594285786
15447,0.0583624503619764
15448,0.05843713980041789
15449,0.05851117301706118
15450,0.05858454912717741
15451,0.05865726725386905
15452,0.05872932652808108
15453,0.05880072608861181
15454,0.05887146508212389
15455,0.058941542663154975
15456,0.059010957994128456
15457,0.05907971024536401
15458,0.05914779859508805
15459,0.059215222229444156
15460,0.05928198034250329
15461,0.059348072136273994
15462,0.059413496820712466
15463,0.059478253613732525
15464,0.059542341741215477
15465,0.059605760437019886
15466,0.0596685089429913
15467,0.05973058650897171
15468,0.05979199239280915
15469,0.05985272586036695
15470,0.05991278618553309
15471,0.059972172650229326
15472,0.06003088454442026
15473,0.060088921166122314
15474,0.06014628182141257
15475,0.060202965824437585
15476,0.06025897249742198
15477,0.06031430117067705
15478,0.06036895118260919
15479,0.060422921879728274
15480,0.06047621261665588
15481,0.06052882275613348
15482,0.06058075166903043
15483,0.060631998734351954
15484,0.060682563339246993
15485,0.06073244487901589
15486,0.06078164275711811
15487,0.06083015638517969
15488,0.06087798518300073
15489,0.06092512857856268
15490,0.060971586008035594
15491,0.061017356915785234
15492,0.0610624407543801
15493,0.06110683698459832
15494,0.061150545075434465
15495,0.0611935645041063
15496,0.06123589475606133
15497,0.061277535324983326
15498,0.06131848571279872
15499,0.06135874542968288
15500,0.06139831399406632
15501,0.061437190932640766
15502,0.06147537578036515
15503,0.06151286808047147
15504,0.06154966738447054
15505,0.06158577325215771
15506,0.061621185251618374
15507,0.06165590295923347
15508,0.06168992595968479
15509,0.061723253845960245
15510,0.06175588621935901
15511,0.06178782268949656
15512,0.061819062874309605
15513,0.061849606400060896
15514,0.061879452901343945
15515,0.0619086020210877
15516,0.06193705341056098
15517,0.06196480672937691
15518,0.061991861645497255
15519,0.06201821783523656
15520,0.06204387498326626
15521,0.06206883278261866
15522,0.06209309093469087
15523,0.06211664914924846
15524,0.062139507144429236
15525,0.06216166464674676
15526,0.06218312139109376
15527,0.0622038771207456
15528,0.06222393158736338
15529,0.062243284550997174
15530,0.06226193578008902
15531,0.06227988505147585
15532,0.06229713215039233
15533,0.06231367687047353
15534,0.0623295190137576
15535,0.06234465839068819
15536,0.062359094820116895
15537,0.06237282812930555
15538,0.06238585815392839
15539,0.06239818473807412
15540,0.06240980773424792
15541,0.06242072700337324
15542,0.06243094241479367
15543,0.062440453846274474
15544,0.062449261184004214
15545,0.062457364322596125
15546,0.06246476316508952
15547,0.062471457622950956
15548,0.062477447616075356
15549,0.06248273307278708
15550,0.06248731392984074
15551,0.06249119013242209
15552,0.06249436163414864
15553,0.06249682839707031
15554,0.06249859039166985
15555,0.062499647596863245
15556,0.0625
15557,0.062499647596863245
15558,0.06249859039166985
15559,0.06249682839707031
15560,0.06249436163414864
15561,0.06249119013242209
15562,0.06248731392984074
15563,0.06248273307278708
15564,0.062477447616075356
15565,0.062471457622950956
15566,0.06246476316508952
15567,0.062457364322596125
15568,0.062449261184004214
15569,0.062440453846274474
15570,0.06243094241479367
15571,0.06242072700337324
15572,0.06240980773424792
15573,0.06239818473807412
15574,0.06238585815392839
15575,0.06237282812930555
15576,0.062359094820116895
15577,0.06234465839068819
15578,0.0623295190137576
15579,0.06231367687047353
15580,0.06229713215039233
15581,0.06227988505147585
15582,0.06226193578008902
15583,0.062243284550997174
15584,0.06222393158736338
15585,0.0622038771207456
15586,0.06218312139109376
15587,0.06216166464674676
15588,0.062139507144429236
15589,0.06211664914924846
15590,0.06209309093469087
15591,0.06206883278261866
15592,0.06204387498326626
15593,0.06201821783523656
15594,0.061991861645497255
15595,0.06196480672937691
15596,0.06193705341056098
15597,0.0619086020210877
15598,0.061879452901343945
15599,0.061849606400060896
15600,0.061819062874309605
15601,0.06178782268949656
15602,0.06175588621935901
15603,0.061723253845960245
15604,0.06168992595968479
15605,0.06165590295923347
15606,0.061621185251618374
15607,0.06158577325215771
15608,0.06154966738447054
15609,0.06151286808047147
15610,0.06147537578036515
15611,0.061437190932640766
15612,0.06139831399406632
15613,0.06135874542968288
15614,0.06131848571279872
15615,0.061277535324983326
15616,0.06123589475606133
15617,0.0611935645041063
15618,0.061150545075434465
15619,0.06110683698459832
15620,0.0610624407543801
15621,0.061017356915785234
15622,0.060971586008035594
15623,0.06092512857856268
15624,0.06087798518300073
15625,0.06083015638517969
15626,0.06078164275711811
15627,0.06073244487901589
15628,0.060682563339246993
15629,0.060631998734351954
15630,0.06058075166903043
15631,0.06052882275613348
15632,0.06047621261665588
15633,0.060422921879728274
15634,0.06036895118260919
15635,0.06031430117067705
15636,0.06025897249742198
15637,0.060202965824437585
15638,0.06014628182141257
15639,0.060088921166122314
15640,0.06003088454442026
15641,0.059972172650229326
15642,0.05991278618553309
15643,0.05985272586036695
15644,0.05979199239280915
15645,0.05973058650897171
15646,0.0596685089429913
15647,0.059605760437019886
15648,0.059542341741215477
15649,0.059478253613732525
15650,0.059413496820712466
15651,0.059348072136273994
15652,0.05928198034250329
15653,0.059215222229444156
15654,0.05914779859508805
15655,0.05907971024536401
15656,0.059010957994128456
15657,0.058941542663154975
15658,0.05887146508212389
15659,0.05880072608861181
15660,0.05872932652808108
15661,0.05865726725386905
15662,0.05858454912717741
15663,0.05851117301706118
15664,0.05843713980041789
15665,0.0583624503619764
15666,0.058287105594285786
15667,0.058211106397704084
15668,0.0581344536803869
15669,0.05805714835827595
15670,0.057979191355087584
15671,0.05790058360230095
15672,0.057821326039146456
15673,0.057741419612593776
15674,0.05766086527733992
15675,0.05757966399579727
15676,0.057497816738081325
15677,0.05741532448199855
15678,0.05733218821303398
15679,0.057248408924338856
15680,0.057163987616718016
15681,0.05707892529861732
15682,0.056993222986110946
15683,0.056906881702888504
15684,0.056819902480242185
15685,0.056732286357053754
15686,0.05664403437978138
15687,0.05655514760244652
15688,0.0564656270866206
15689,0.05637547390141156
15690,0.056284689123450485
15691,0.056193273836877944
15692,0.05610122913333035
15693,0.05600855611192617
15694,0.05591525587925211
15695,0.055821329549349125
15696,0.055726778243698365
15697,0.05563160309120708
15698,0.055535805228194325
15699,0.0554393857983767
15700,0.05534234595285388
15701,0.05524468685009409
15702,0.055146409655919576
15703,0.05504751554349185
15704,0.05494800569329689
15705,0.05484788129313031
15706,0.054747143538082334
15707,0.05464579363052278
15708,0.05454383278008588
15709,0.054441262203655014
15710,0.05433808312534743
15711,0.054234296776498755
15712,0.05412990439564753
15713,0.054024907228519554
15714,0.05391930652801222
15715,0.05381310355417871
15716,0.053706299574212135
15717,0.05359889586242953
15718,0.053490893700255865
15719,0.05338229437620781
15720,0.0532730991858776
15721,0.05316330943191661
15722,0.053052926424019035
15723,0.052941951478905326
15724,0.052830385920305666
15725,0.05271823107894321
15726,0.05260548829251742
15727,0.052492158905687133
15728,0.05237824427005368
15729,0.05226374574414383
15730,0.0521486646933927
15731,0.05203300249012656
15732,0.05191676051354554
15733,0.05179994014970625
15734,0.05168254279150437
15735,0.05156456983865705
15736,0.05144602269768536
15737,0.051326902781896507
15738,0.0512072115113661
15739,0.051086950312920223
15740,0.050966120620117523
15741,0.05084472387323113
15742,0.050722761519230504
15743,0.050600235011763306
15744,0.050477145811137
15745,0.05035349538430055
15746,0.050229285204825905
15747,0.05010451675288949
15748,0.04997919151525357
15749,0.04985331098524751
15750,0.049726876662749046
15751,0.049599890054165346
15752,0.04947235267241407
15753,0.049344266036904394
15754,0.04921563167351783
15755,0.04908645111458901
15756,0.0489567258988865
15757,0.048826457571593374
15758,0.048695647684287774
15759,0.04856429779492343
15760,0.04843240946781004
15761,0.04829998427359361
15762,0.048167023789236686
15763,0.04803352959799853
15764,0.047899503289415196
15765,0.047764946459279575
15766,0.047629860709621295
15767,0.047494247648686615
15768,0.04735810889091813
15769,0.047221446056934575
15770,0.04708426077351038
15771,0.046946554673555234
15772,0.04680832939609358
15773,0.046669586586243976
15774,0.04653032789519847
15775,0.046390554980201774
15776,0.04625026950453052
15777,0.04610947313747229
15778,0.04596816755430465
15779,0.045826354436274155
15780,0.04568403547057513
15781,0.045541212350328555
15782,0.045397886774560754
15783,0.04525406044818205
15784,0.04510973508196534
15785,0.04496491239252464
15786,0.04481959410229348
15787,0.044673781939503276
15788,0.04452747763816167
15789,0.0443806829380307
15790,0.04423339958460495
15791,0.044085629329089666
15792,0.04393737392837876
15793,0.04378863514503271
15794,0.043639414747256466
15795,0.043489714508877286
15796,0.04333953620932234
15797,0.04318888163359653
15798,0.043037752572259974
15799,0.04288615082140555
15800,0.042734078182636415
15801,0.0425815364630433
15802,0.04242852747518189
15803,0.04227505303705009
15804,0.04212111497206515
15805,0.04196671510904085
15806,0.04181185528216451
15807,0.04165653733097401
15808,0.041500763100334674
15809,0.04134453444041618
15810,0.04118785320666929
15811,0.04103072125980264
15812,0.04087314046575934
15813,0.04071511269569363
15814,0.04055663982594736
15815,0.04039772373802652
15816,0.040238366318577586
15817,0.04007856945936391
15818,0.03991833505724198
15819,0.039757665014137654
15820,0.0395965612370223
15821,0.03943502563788889
15822,0.0392730601337281
15823,0.03911066664650413
15824,0.0389478471031308
15825,0.038784603435447304
15826,0.038620937580193984
15827,0.038456851478988106
15828,0.038292347078299524
15829,0.03812742632942629
15830,0.03796209118847022
15831,0.03779634361631236
15832,0.03763018557858843
15833,0.037463619045664254
15834,0.03729664599261103
15835,0.03712926839918059
15836,0.03696148824978065
15837,0.03679330753344994
15838,0.0366247282438333
15839,0.03645575237915672
15840,0.03628638194220231
15841,0.03611661894028325
15842,0.03594646538521868
15843,0.03577592329330847
15844,0.03560499468530802
15845,0.03543368158640295
15846,0.0352619860261838
15847,0.03508991003862058
15848,0.03491745566203734
15849,0.03474462493908671
15850,0.03457141991672428
15851,0.034397842646183036
15852,0.03422389518294767
15853,0.03404957958672894
15854,0.03387489792143783
15855,0.03369985225515979
15856,0.03352444466012885
15857,0.033348677212701724
15858,0.033172551993331856
15859,0.03299607108654342
15860,0.032819236580905194
15861,0.03264205056900454
15862,0.03246451514742123
15863,0.03228663241670118
15864,0.03210840448133033
15865,0.03192983344970818
15866,0.031750921434121566
15867,0.03157167055071827
15868,0.03139208291948052
15869,0.031212160664198515
15870,0.03103190591244398
15871,0.030851320795543487
15872,0.03067040744855192
15873,0.03048916801022577
15874,0.030307604622996403
15875,0.03012571943294342
15876,0.02994351458976773
15877,0.02976099224676479
15878,0.029578154560797747
15879,0.029395003692270445
15880,0.029211541805100508
15881,0.029027771066692357
15882,0.028843693647910108
15883,0.028659311723050532
15884,0.02847462746981592
15885,0.028289643069286868
15886,0.028104360705895177
15887,0.027918782567396497
15888,0.027732910844843087
15889,0.027546747732556522
15890,0.02736029542810028
15891,0.027173556132252384
15892,0.026986532048977916
15893,0.02679922538540158
15894,0.026611638351780216
15895,0.026423773161475168
15896,0.026235632030924775
15897,0.026047217179616725
15898,0.025858530830060393
15899,0.02566957520775917
15900,0.02548035254118271
15901,0.025290865061739182
15902,0.025101115003747506
15903,0.02491110460440947
15904,0.024720836103781903
15905,0.0245303117447488
15906,0.02433953377299333
15907,0.024148504436969972
15908,0.023957225987876436
15909,0.02376570067962567
15910,0.02357393076881786
15911,0.023381918514712267
15912,0.023189666179199143
15913,0.02299717602677163
15914,0.02280445032449751
15915,0.022611491341991075
15916,0.02241830135138483
15917,0.022224882627301278
15918,0.022031237446824642
15919,0.021837368089472495
15920,0.021643276837167446
15921,0.02144896597420881
15922,0.02125443778724413
15923,0.021059694565240827
15924,0.020864738599457706
15925,0.020669572183416477
15926,0.02047419761287333
15927,0.020278617185790306
15928,0.02008283320230678
15929,0.019886847964710984
15930,0.01969066377741123
15931,0.019494282946907485
15932,0.019297707781762558
15933,0.01910094059257354
15934,0.018903983691943103
15935,0.01870683939445075
15936,0.018509510016624098
15937,0.018311997876910173
15938,0.018114305295646546
15939,0.017916434595032664
15940,0.017718388099100906
15941,0.01752016813368782
15942,0.017321777026405298
15943,0.017123217106611643
15944,0.01692449070538269
15945,0.01672560015548296
15946,0.016526547791336662
15947,0.01632733594899877
15948,0.016127966966126124
15949,0.01592844318194834
15950,0.015728766937238948
15951,0.015528940574286271
15952,0.015328966436864468
15953,0.015128846870204504
15954,0.014928584220965041
15955,0.014728180837203406
15956,0.014527639068346544
15957,0.014326961265161836
15958,0.014126149779728106
15959,0.01392520696540639
15960,0.01372413517681086
15961,0.013522936769779711
15962,0.013321614101345927
15963,0.013120169529708157
15964,0.012918605414201569
15965,0.012716924115268582
15966,0.012515127994429758
15967,0.012313219414254511
15968,0.012111200738331931
15969,0.01190907433124159
15970,0.011706842558524227
15971,0.011504507786652551
15972,0.011302072383002027
15973,0.011099538715821526
15974,0.01089690915420416
15975,0.010694186068057922
15976,0.010491371828076445
15977,0.010288468805709763
15978,0.010085479373134932
15979,0.00988240590322678
15980,0.00967925076952865
15981,0.009476016346222993
15982,0.009272705008102176
15983,0.009069319130539075
15984,0.008865861089457793
15985,0.008662333261304393
15986,0.008458738023017482
15987,0.00825507775199895
15988,0.008051354826084664
15989,0.007847571623515064
15990,0.007643730522905931
15991,0.00743983390321898
15992,0.007235884143732563
15993,0.007031883624012382
15994,0.006827834723882085
15995,0.006623739823393983
15996,0.006419601302799762
15997,0.006215421542521062
15998,0.006011202923120275
15999,0.005806947825271122
16000,0.005602658629729385
16001,0.005398337717303632
16002,0.005193987468825827
16003,0.004989610265122069
16004,0.0047852084869833295
16005,0.004580784515136079
16006,0.00437634073021303
16007,0.004171879512723904
16008,0.003967403243026049
16009,0.003762914301295278
16010,0.0035584150674965054
16011,0.0033539079213545354
16012,0.003149395242324844
16013,0.0029448794095642563
16014,0.002740362801901752
16015,0.0025358477978092786
16016,0.0023313367753724362
16017,0.00212683211226138
16018,0.0019223361857015236
16019,0.0017178513724443905
16020,0.0015133800487384776
16021,0.001308924590300003
16022,0.001104487372283792
16023,0.0009000707692541704
16024,0.0006956771551557376
16025,0.0004913089032843522
16026,0.00028696838625793007
16027,8.265797598738797e-05
16028,-0.00012161995635239683
16029,-0.00032586304035173695
16030,-0.0005300689063951484
16031,-0.0007342351856903488
16032,-0.0009383595102973782
16033,-0.0011424395131574994
16034,-0.0013464728281222867
16035,-0.0015504570899825627
16036,-0.0017543899344973199
16037,-0.001958268998422746
16038,-0.002162091919541109
16039,-0.0023658563366896314
16040,-0.0025695598897894707
16041,-0.0027732002198744884
16042,-0.0029767749691201996
16043,-0.003180281780872568
16044,-0.0033837182996767816
16045,-0.003587082171306131
16046,-0.0037903710427907456
16047,-0.003993582562446311
16048,-0.004196714379902894
16049,-0.004399764146133554
16050,-0.004602729513483128
16051,-0.004805608135696862
16052,-0.005008397667949015
16053,-0.005211095766871569
16054,-0.005413700090582792
16055,-0.005616208298715769
16056,-0.005818618052447064
16057,-0.00602092701452513
16058,-0.00622313284929892
16059,-0.006425233222746323
16060,-0.006627225802502579
16061,-0.006829108257888795
16062,-0.007030878259940303
16063,-0.007232533481435008
16064,-0.007434071596921819
16065,-0.007635490282748879
16066,-0.00783678721709195
16067,-0.008037960079982642
16068,-0.008239006553336616
16069,-0.008439924320981871
16070,-0.008640711068686897
16071,-0.00884136448418878
16072,-0.009041882257221415
16073,-0.009242262079543548
16074,-0.009442501644966817
16075,-0.009642598649383861
16076,-0.009842550790796234
16077,-0.010042355769342454
16078,-0.010242011287325912
16079,-0.010441515049242732
16080,-0.010640864761809731
16081,-0.010840058133992225
16082,-0.011039092877031783
16083,-0.011237966704474104
16084,-0.01143667733219666
16085,-0.01163522247843648
16086,-0.011833599863817794
16087,-0.012031807211379624
16088,-0.012229842246603468
16089,-0.012427702697440824
16090,-0.012625386294340691
16091,-0.01282289077027714
16092,-0.013020213860776671
16093,-0.013217353303945736
16094,-0.013414306840498064
16095,-0.013611072213781977
16096,-0.013807647169807775
16097,-0.014004029457274967
16098,-0.014200216827599454
16099,-0.014396207034940815
16100,-0.014591997836229352
16101,-0.014787586991193294
16102,-0.014982972262385824
16103,-0.015178151415212083
16104,-0.015373122217956215
16105,-0.015567882441808295
16106,-0.015762429860891193
16107,-0.01595676225228752
16108,-0.01615087739606635
16109,-0.01634477307531011
16110,-0.016538447076141237
16111,-0.016731897187748878
16112,-0.01692512120241558
16113,-0.017118116915543876
16114,-0.017310882125682815
16115,-0.017503414634554543
16116,-0.017695712247080702
16117,-0.017887772771408923
16118,-0.018079594018939178
16119,-0.01827117380435008
16120,-0.018462509945625243
16121,-0.01865360026407949
16122,-0.018844442584384998
16123,-0.01903503473459756
16124,-0.019225374546182547
16125,-0.01941545985404109
16126,-0.019605288496536023
16127,-0.01979485831551778
16128,-0.019984167156350437
16129,-0.02017321286793746
16130,-0.020361993302747537
16131,-0.020550506316840373
16132,-0.020738749769892335
16133,-0.02092672152522218
16134,-0.02111441944981662
16135,-0.021301841414355847
16136,-0.021488985293239105
16137,-0.021675848964610105
16138,-0.021862430310382406
16139,-0.02204872721626479
16140,-0.022234737571786574
16141,-0.022420459270322768
16142,-0.02260589020911938
16143,-0.02279102828931844
16144,-0.022975871415983142
16145,-0.023160417498122882
16146,-0.023344664448718154
16147,-0.02352861018474554
16148,-0.023712252627202546
16149,-0.02389558970113237
16150,-0.024078619335648723
16151,-0.024261339463960436
16152,-0.02444374802339618
16153,-0.024625842955428984
16154,-0.024807622205700774
16155,-0.024989083724046835
16156,-0.02517022546452026
16157,-0.025351045385416184
16158,-0.025531541449296216
16159,-0.02571171162301257
16160,-0.025891553877732308
16161,-0.026071066188961323
16162,-0.026250246536568572
16163,-0.026429092904809937
16164,-0.02660760328235221
16165,-0.026785775662296982
16166,-0.026963608042204337
16167,-0.027141098424116786
16168,-0.027318244814582813
16169,-0.02749504522468057
16170,-0.02767149767004143
16171,-0.02784760017087342
16172,-0.028023350751984793
16173,-0.028198747442807304
16174,-0.028373788277419567
16175,-0.028548471294570277
16176,-0.028722794537701445
16177,-0.028896756054971422
16178,-0.029070353899278086
16179,-0.029243586128281755
16180,-0.029416450804428132
16181,-0.029588945994971198
16182,-0.029761069771995902
16183,-0.029932820212441064
16184,-0.030104195398121907
16185,-0.030275193415752723
16186,-0.030445812356969384
16187,-0.030616050318351774
16188,-0.030785905401446254
16189,-0.03095537571278798
16190,-0.031124459363923124
16191,-0.03129315447143111
16192,-0.03146145915694676
16193,-0.031629371547182226
16194,-0.03179688977394919
16195,-0.03196401197418062
16196,-0.03213073628995269
16197,-0.03229706086850655
16198,-0.032462983862270006
16199,-0.03262850342887924
16200,-0.03279361773120032
16201,-0.032958324937350715
16202,-0.03312262322072073
16203,-0.033286510759994906
16204,-0.03344998573917317
16205,-0.033613046347592226
16206,-0.033775690779946604
16207,-0.033937917236309754
16208,-0.03409972392215505
16209,-0.03426110904837666
16210,-0.034422070831310485
16211,-0.03458260749275491
16212,-0.034742717259991486
16213,-0.034902398365805616
16214,-0.03506164904850698
16215,-0.03522046755195024
16216,-0.035378852125555256
16217,-0.03553680102432751
16218,-0.03569431250887836
16219,-0.035851384845445235
16220,-0.03600801630591165
16221,-0.03616420516782739
16222,-0.03631994971442837
16223,-0.03647524823465654
16224,-0.036630099023179714
16225,-0.0367845003804112
16226,-0.03693845061252962
16227,-0.03709194803149834
16228,-0.037244990955085024
16229,-0.03739757770688107
16230,-0.037549706616320865
16231,-0.03770137601870118
16232,-0.037852584255200265
16233,-0.03800332967289697
16234,-0.03815361062478979
16235,-0.03830342546981578
16236,-0.038452772572869436
16237,-0.03860165030482154
16238,-0.03875005704253779
16239,-0.038897991168897465
16240,-0.039045451072812015
16241,-0.03919243514924339
16242,-0.039338941799222614
16243,-0.03948496942986797
16244,-0.039630516454403256
16245,-0.03977558129217597
16246,-0.039920162368675266
16247,-0.040064258115550075
16248,-0.04020786697062691
16249,-0.04035098737792771
16250,-0.04049361778768757
16251,-0.04063575665637243
16252,-0.04077740244669656
16253,-0.04091855362764014
16254,-0.04105920867446662
16255,-0.041199366068740036
16256,-0.041339024298342276
16257,-0.04147818185749016
16258,-0.0416168372467526
16259,-0.04175498897306756
16260,-0.041892635549758896
16261,-0.042029775496553234
16262,-0.042166407339596715
16263,-0.04230252961147153
16264,-0.04243814085121263
16265,-0.04257323960432408
16266,-0.04270782442279554
16267,-0.0428418938651185
16268,-0.04297544649630248
16269,-0.04310848088789128
16270,-0.043240995617978874
16271,-0.0433729892712255
16272,-0.04350446043887345
16273,-0.04363540771876284
16274,-0.04376582971534738
16275,-0.04389572503970995
16276,-0.044025092309578094
16277,-0.0441539301493395
16278,-0.044282237190057326
16279,-0.04441001206948542
16280,-0.044537253432083576
16281,-0.04466395992903254
16282,-0.04479013021824906
16283,-0.044915762964400745
16284,-0.04504085683892086
16285,-0.045165410520023166
16286,-0.04528942269271642
16287,-0.04541289204881903
16288,-0.04553581728697344
16289,-0.045658197112660524
16290,-0.04578003023821387
16291,-0.045901315382834006
16292,-0.0460220512726024
16293,-0.04614223664049556
16294,-0.04626187022639893
16295,-0.04638095077712064
16296,-0.04649947704640537
16297,-0.04661744779494791
16298,-0.04673486179040674
16299,-0.046851717807417474
16300,-0.046968014627606226
16301,-0.04708375103960293
16302,-0.047198925839054495
16303,-0.04731353782863791
16304,-0.04742758581807327
16305,-0.04754106862413656
16306,-0.047653985070672686
16307,-0.04776633398860804
16308,-0.04787811421596318
16309,-0.04798932459786537
16310,-0.04809996398656105
16311,-0.048210031241428135
16312,-0.04831952522898832
16313,-0.04842844482291927
16314,-0.0485367889040666
16315,-0.048644556360455976
16316,-0.048751746087304884
16317,-0.048858356987034515
16318,-0.048964387969281424
16319,-0.04906983795090913
16320,-0.04917470585601966
16321,-0.049278990615964864
16322,-0.04938269116935791
16323,-0.049485806462084336
16324,-0.04958833544731331
16325,-0.04969027708550856
16326,-0.049791630344439425
16327,-0.04989239419919157
16328,-0.0499925676321779
16329,-0.05009214963314906
16330,-0.0501911391992041
16331,-0.05028953533480089
16332,-0.05038733705176649
16333,-0.05048454336930744
16334,-0.05058115331401995
16335,-0.050677165919899944
16336,-0.05077258022835307
16337,-0.05086739528820459
16338,-0.05096161015570914
16339,-0.05105522389456044
16340,-0.05114823557590096
16341,-0.051240644278331325
16342,-0.051332449087919764
16343,-0.05142364909821139
16344,-0.051514243410237505
16345,-0.05160423113252458
16346,-0.05169361138110337
16347,-0.05178238327951782
16348,-0.05187054595883382
16349,-0.051958098557648026
16350,-0.05204504022209644
16351,-0.05213137010586292
16352,-0.052217087370187674
16353,-0.05230219118387554
16354,-0.05238668072330421
16355,-0.05247055517243246
16356,-0.05255381372280808
16357,-0.05263645557357592
16358,-0.05271847993148564
16359,-0.0527998860108995
16360,-0.052880673033800035
16361,-0.05296084022979757
16362,-0.053040386836137654
16363,-0.0531193120977085
16364,-0.053197615267048096
16365,-0.0532752956043515
16366,-0.05335235237747782
16367,-0.05342878486195719
16368,-0.053504592340997637
16369,-0.05357977410549183
16370,-0.05365432945402372
16371,-0.053728257692875175
16372,-0.053801558136032365
16373,-0.05387423010519214
16374,-0.05394627292976836
16375,-0.05401768594689795
16376,-0.05408846850144707
16377,-0.05415861994601702
16378,-0.054228139640950114
16379,-0.054297026954335505
16380,-0.05436528126201473
16381,-0.0544329019475874
16382,-0.05449988840241664
16383,-0.054566240025634385
16384,-0.054631956224146766
16385,-0.05469703641263918
16386,-0.05476148001358138
16387,-0.05482528645723252
16388,-0.0548884551816459
16389,-0.05495098563267388
16390,-0.05501287726397241
16391,-0.05507412953700568
16392,-0.05513474192105059
16393,-0.055194713893201075
16394,-0.055254044938372444
16395,-0.05531273454930546
16396,-0.055370782226570506
16397,-0.05542818747857146
16398,-0.05548494982154965
16399,-0.05554106877958756
16400,-0.05559654388461253
16401,-0.05565137467640033
16402,-0.05570556070257858
16403,-0.05575910151863019
16404,-0.05581199668789659
16405,-0.055864245781580855
16406,-0.055915848378750896
16407,-0.055966804066342246
16408,-0.05601711243916108
16409,-0.05606677309988696
16410,-0.0561157856590754
16411,-0.05616414973516053
16412,-0.05621186495445754
16413,-0.05625893095116501
16414,-0.056305347367367226
16415,-0.05635111385303627
16416,-0.05639623006603417
16417,-0.056440695672114814
16418,-0.0564845103449258
16419,-0.05652767376601022
16420,-0.05657018562480835
16421,-0.05661204561865914
16422,-0.05665325345280174
16423,-0.056693808840376815
16424,-0.05673371150242784
16425,-0.056772961167902244
16426,-0.05681155757365246
16427,-0.0568495004644369
16428,-0.056886789592920824
16429,-0.056923424719677033
16430,-0.05695940561318664
16431,-0.056994732049839514
16432,-0.05702940381393482
16433,-0.05706342069768133
16434,-0.05709678250119769
16435,-0.0571294890325126
16436,-0.05716154010756485
16437,-0.05719293555020326
16438,-0.05722367519218658
16439,-0.05725375887318321
16440,-0.05728318644077088
16441,-0.0573119577504362
16442,-0.0573400726655741
16443,-0.05736753105748723
16444,-0.05739433280538517
16445,-0.057420477796383596
16446,-0.05744596592550337
16447,-0.05747079709566947
16448,-0.05749497121770984
16449,-0.0575184882103542
16450,-0.057541348000232626
16451,-0.057563550521874174
16452,-0.05758509571770531
16453,-0.05760598353804828
16454,-0.057626213941119366
16455,-0.05764578689302706
16456,-0.0576647023677701
16457,-0.05768296034723545
16458,-0.057700560821196165
16459,-0.05771750378730918
16460,-0.05773378925111291
16461,-0.05774941722602488
16462,-0.05776438773333913
16463,-0.05777870080222368
16464,-0.0577923564697177
16465,-0.057805354780728735
16466,-0.05781769578802976
16467,-0.05782937955225615
16468,-0.05784040614190258
16469,-0.05785077563331978
16470,-0.0578604881107112
16471,-0.05786954366612962
16472,-0.05787794239947363
16473,-0.057885684418483976
16474,-0.057892769838739894
16475,-0.057899198783655244
16476,-0.05790497138447466
16477,-0.057910087780269494
16478,-0.05791454811793372
16479,-0.057918352552179746
16480,-0.05792150124553408
16481,-0.057923994368332975
16482,-0.057925832098717885
16483,-0.05792701462263091
16484,-0.05792754213381005
16485,-0.05792741483378451
16486,-0.0579266329318697
16487,-0.057925196645162345
16488,-0.057923106198535336
16489,-0.0579203618246326
16490,-0.05791696376386382
16491,-0.05791291226439903
16492,-0.057908207582163175
16493,-0.05790284998083057
16494,-0.057896839731819166
16495,-0.057890177114284895
16496,-0.057882862415115734
16497,-0.057874895928925786
16498,-0.05786627795804924
16499,-0.05785700881253425
16500,-0.05784708881013662
16501,-0.0578365182763136
16502,-0.05782529754421734
16503,-0.05781342695468843
16504,-0.057800906856249244
16505,-0.05778773760509729
16506,-0.057773919565098364
16507,-0.0577594531077796
16508,-0.057744338612322546
16509,-0.057728576465556056
16510,-0.057712167061949086
16511,-0.05769511080360339
16512,-0.05767740810024622
16513,-0.05765905936922275
16514,-0.057640065035488616
16515,-0.057620425531602217
16516,-0.05760014129771692
16517,-0.05757921278157329
16518,-0.0575576404384911
16519,-0.057535424731361307
16520,-0.057512566130637946
16521,-0.05748906511432989
16522,-0.05746492216799256
16523,-0.0574401377847195
16524,-0.057414712465133876
16525,-0.0573886467173799
16526,-0.05736194105711417
16527,-0.057334596007496824
16528,-0.05730661209918278
16529,-0.05727798987031266
16530,-0.05724872986650381
16531,-0.05721883264084116
16532,-0.057188298753867974
16533,-0.057157128773576496
16534,-0.057125323275398585
16535,-0.057092882842196165
16536,-0.057059808064251656
16537,-0.05702609953925827
16538,-0.05699175787231022
16539,-0.05695678367589287
16540,-0.05692117756987279
16541,-0.05688494018148762
16542,-0.05684807214533604
16543,-0.05681057410336747
16544,-0.05677244670487174
16545,-0.056733690606468754
16546,-0.05669430647209789
16547,-0.05665429497300749
16548,-0.05661365678774414
16549,-0.05657239260214192
16550,-0.056530503109311535
16551,-0.05648798900962939
16552,-0.05644485101072652
16553,-0.05640108982747752
16554,-0.05635670618198929
16555,-0.056311700803589784
16556,-0.05626607442881654
16557,-0.05621982780140533
16558,-0.056172961672278504
16559,-0.056125476799533364
16560,-0.05607737394843045
16561,-0.05602865389138173
16562,-0.055979317407938635
16563,-0.05592936528478013
16564,-0.0558787983157006
16565,-0.055827617301597666
16566,-0.05577582305045999
16567,-0.05572341637735489
16568,-0.05567039810441593
16569,-0.05561676906083041
16570,-0.055562530082826765
16571,-0.055507682013661935
16572,-0.0554522257036085
16573,-0.05539616200994194
16574,-0.05533949179692767
16575,-0.05528221593580795
16576,-0.055224335304788895
16577,-0.055165850789027214
16578,-0.05510676328061697
16579,-0.055047073678576273
16580,-0.054986782888833734
16581,-0.05492589182421505
16582,-0.05486440140442935
16583,-0.05480231255605556
16584,-0.05473962621252857
16585,-0.05467634331412546
16586,-0.05461246480795151
16587,-0.05454799164792621
16588,-0.05448292479476921
16589,-0.05441726521598606
16590,-0.05435101388585405
16591,-0.054284171785407793
16592,-0.05421673990242488
16593,-0.05414871923141129
16594,-0.05408011077358691
16595,-0.05401091553687085
16596,-0.053941134535866686
16597,-0.053870768791847615
16598,-0.053799819332741645
16599,-0.053728287193116515
16600,-0.05365617341416477
16601,-0.053583479043688494
16602,-0.05351020513608419
16603,-0.05343635275232745
16604,-0.05336192295995759
16605,-0.05328691683306221
16606,-0.053211335452261734
16607,-0.05313517990469365
16608,-0.05305845128399701
16609,-0.05298115069029656
16610,-0.05290327923018696
16611,-0.052824838016716856
16612,-0.05274582816937292
16613,-0.05266625081406376
16614,-0.052586107083103795
16615,-0.05250539811519705
16616,-0.05242412505542088
16617,-0.052342289055209594
16618,-0.052259891272338016
16619,-0.05217693287090499
16620,-0.05209341502131676
16621,-0.05200933890027037
16622,-0.05192470569073687
16623,-0.05183951658194457
16624,-0.051753772769362105
16625,-0.05166747545468152
16626,-0.05158062584580118
16627,-0.05149322515680882
16628,-0.05140527460796419
16629,-0.05131677542568194
16630,-0.05122772884251425
16631,-0.05113813609713346
16632,-0.05104799843431464
16633,-0.05095731710491797
16634,-0.05086609336587128
16635,-0.05077432848015223
16636,-0.0506820237167707
16637,-0.05058918035075088
16638,-0.05049579966311347
16639,-0.050401882940857665
16640,-0.050307431476943186
16641,-0.05021244657027214
16642,-0.05011692952567091
16643,-0.050020881653871904
16644,-0.04992430427149531
16645,-0.049827198701030605
16646,-0.049729566270818294
16647,-0.0496314083150313
16648,-0.049532726173656415
16649,-0.04943352119247573
16650,-0.049333794723047844
16651,-0.04923354812268918
16652,-0.0491327827544551
16653,-0.049031499987121044
16654,-0.048929701195163565
16655,-0.04882738775874125
16656,-0.04872456106367572
16657,-0.04862122250143237
16658,-0.048517373469101226
16659,-0.04841301536937765
16660,-0.04830814961054292
16661,-0.0482027776064449
16662,-0.048096900776478525
16663,-0.04799052054556623
16664,-0.04788363834413844
16665,-0.047776255608113785
16666,-0.047668373778879475
16667,-0.04755999430327145
16668,-0.04745111863355453
16669,-0.047341748227402496
16670,-0.0472318845478782
16671,-0.04712152906341341
16672,-0.047010683247788745
16673,-0.04689934858011361
16674,-0.046787526544805814
16675,-0.046675218631571466
16676,-0.04656242633538453
16677,-0.04644915115646643
16678,-0.04633539460026566
16679,-0.04622115817743721
16680,-0.046106443403822014
16681,-0.04599125180042635
16682,-0.04587558489340111
16683,-0.045759444214021054
16684,-0.04564283129866404
16685,-0.045525747688790134
16686,-0.04540819493092076
16687,-0.04529017457661761
16688,-0.045171688182461714
16689,-0.04505273731003233
16690,-0.04493332352588575
16691,-0.044813448401534235
16692,-0.044693113513424615
16693,-0.04457232044291707
16694,-0.04445107077626379
16695,-0.04432936610458748
16696,-0.04420720802385994
16697,-0.04408459813488061
16698,-0.04396153804325487
16699,-0.04383802935937249
16700,-0.04371407369838598
16701,-0.04358967268018875
16702,-0.043464827929393476
16703,-0.043339541075310135
16704,-0.0432138137519242
16705,-0.043087647597874666
16706,-0.04296104425643207
16707,-0.042834005375476485
16708,-0.042706532607475395
16709,-0.042578627609461565
16710,-0.04245029204301086
16711,-0.042321527574220016
16712,-0.04219233587368434
16713,-0.042062718616475425
16714,-0.0419326774821187
16715,-0.041802214154571034
16716,-0.04167133032219827
16717,-0.041540027677752646
16718,-0.04140830791835038
16719,-0.04127617274544882
16720,-0.04114362386482397
16721,-0.04101066298654769
16722,-0.040877291824964954
16723,-0.04074351209867107
16724,-0.04060932553048884
16725,-0.040474733847445626
16726,-0.04033973878075044
16727,-0.040204342065770976
16728,-0.04006854544201054
16729,-0.03993235065308509
16730,-0.03979575944669998
16731,-0.03965877357462694
16732,-0.03952139479268076
16733,-0.039383624860696145
16734,-0.03924546554250444
16735,-0.039106918605910215
16736,-0.038967985822667986
16737,-0.03882866896845878
16738,-0.038688969822866695
16739,-0.038548890169355414
16740,-0.0384084317952447
16741,-0.0382675964916868
16742,-0.03812638605364286
16743,-0.037984802279859245
16744,-0.03784284697284393
16745,-0.03770052193884275
16746,-0.03755782898781559
16747,-0.03741476993341264
16748,-0.037271346592950574
16749,-0.03712756078738862
16750,-0.03698341434130475
16751,-0.036838909082871615
16752,-0.03669404684383266
16753,-0.03654882945947805
16754,-0.036403258768620675
16755,-0.03625733661357199
16756,-0.036111064840118
16757,-0.03596444529749496
16758,-0.035817479838365356
16759,-0.035670170318793465
16760,-0.03552251859822137
16761,-0.035374526539444374
16762,-0.035226196008586966
16763,-0.03507752887507819
16764,-0.03492852701162746
16765,-0.03477919229420013
16766,-0.03462952660199283
16767,-0.03447953181740928
16768,-0.03432920982603551
16769,-0.034178562516615524
16770,-0.03402759178102664
16771,-0.03387629951425478
16772,-0.03372468761437009
16773,-0.033572757982501956
16774,-0.03342051252281462
16775,-0.03326795314248229
16776,-0.03311508175166434
16777,-0.032961900263480726
16778,-0.03280841059398697
16779,-0.03265461466214948
16780,-0.03250051438982068
16781,-0.03234611170171395
16782,-0.03219140852537901
16783,-0.032036406791176655
16784,-0.03188110843225407
16785,-0.03172551538451976
16786,-0.031569629586618325
16787,-0.03141345297990582
16788,-0.031256987508424275
16789,-0.031100235118876985
16790,-0.03094319776060306
16791,-0.030785877385552565
16792,-0.030628275948261268
16793,-0.030470395405825322
16794,-0.03031223771787635
16795,-0.030153804846555905
16796,-0.029995098756490497
16797,-0.02983612141476622
16798,-0.029676874790903342
16799,-0.029517360856831276
16800,-0.029357581586862913
16801,-0.02919753895766961
16802,-0.029037234948255653
16803,-0.028876671539932765
16804,-0.02871585071629498
16805,-0.028554774463192923
16806,-0.02839344476870861
16807,-0.028231863623129908
16808,-0.028070033018924908
16809,-0.027907954950716723
16810,-0.027745631415257672
16811,-0.027583064411404002
16812,-0.027420255940090264
16813,-0.027257208004303576
16814,-0.027093922609058407
16815,-0.026930401761370598
16816,-0.02676664747023208
16817,-0.026602661746585116
16818,-0.026438446603296542
16819,-0.026274004055132437
16820,-0.026109336118732087
16821,-0.02594444481258269
16822,-0.0257793321569933
16823,-0.025614000174069434
16824,-0.025448450887687265
16825,-0.025282686323467706
16826,-0.025116708508751057
16827,-0.024950519472570834
16828,-0.02478412124562839
16829,-0.02461751586026696
16830,-0.0244507053504458
16831,-0.024283691751714676
16832,-0.024116477101187733
16833,-0.023949063437517987
16834,-0.023781452800871416
16835,-0.023613647232900943
16836,-0.02344564877672098
16837,-0.0232774594768812
16838,-0.02310908137934101
16839,-0.02294051653144358
16840,-0.022771766981889832
16841,-0.022602834780712903
16842,-0.022433721979251912
16843,-0.0222644306301264
16844,-0.022094962787210314
16845,-0.021925320505605975
16846,-0.021755505841618526
16847,-0.021585520852729658
16848,-0.02141536759757208
16849,-0.02124504813590325
16850,-0.021074564528579785
16851,-0.02090391883753143
16852,-0.020733113125734996
16853,-0.020562149457188775
16854,-0.020391029896886244
16855,-0.02021975651079049
16856,-0.020048331365808136
16857,-0.0198767565297633
16858,-0.019705034071371984
16859,-0.01953316606021579
16860,-0.01936115456671632
16861,-0.019189001662109136
16862,-0.019016709418417668
16863,-0.018844279908427658
16864,-0.01867171520566085
16865,-0.01849901738434941
16866,-0.018326188519409863
16867,-0.018153230686417058
16868,-0.017980145961578587
16869,-0.017806936421708497
16870,-0.017633604144201717
16871,-0.017460151207008036
16872,-0.017286579688606057
16873,-0.01711289166797764
16874,-0.01693908922458165
16875,-0.016765174438328395
16876,-0.016591149389553618
16877,-0.01641701615899251
16878,-0.016242776827754137
16879,-0.01606843347729525
16880,-0.01589398818939478
16881,-0.015719443046127664
16882,-0.01554480012983929
16883,-0.015370061523119575
16884,-0.015195229308776982
16885,-0.015020305569813052
16886,-0.014845292389396223
16887,-0.014670191850836371
16888,-0.014495006037558891
16889,-0.014319737033078784
16890,-0.014144386920975215
16891,-0.013968957784865408
16892,-0.013793451708379213
16893,-0.013617870775133248
16894,-0.013442217068705041
16895,-0.013266492672607655
16896,-0.01309069967026361
16897,-0.012914840144979541
16898,-0.01273891617992038
16899,-0.012562929858083577
16900,-0.012386883262273763
16901,-0.012210778475076768
16902,-0.012034617578834325
16903,-0.011858402655618333
16904,-0.011682135787205132
16905,-0.011505819055050256
16906,-0.011329454540262521
16907,-0.01115304432357884
16908,-0.010976590485338339
16909,-0.010800095105457175
16910,-0.01062356026340291
16911,-0.01044698803816889
16912,-0.010270380508249131
16913,-0.010093739751612492
16914,-0.009917067845677597
16915,-0.009740366867287282
16916,-0.00956363889268308
16917,-0.009386885997480185
16918,-0.00921011025664173
16919,-0.009033313744453788
16920,-0.008856498534499935
16921,-0.00867966669963582
16922,-0.008502820311964226
16923,-0.008325961442809462
16924,-0.008149092162692455
16925,-0.00797221454130542
16926,-0.007795330647486541
16927,-0.007618442549195132
16928,-0.007441552313486147
16929,-0.007264662006485373
16930,-0.007087773693364221
16931,-0.006910889438314514
16932,-0.00673401130452377
16933,-0.006557141354149815
16934,-0.006380281648296118
16935,-0.006203434246986685
16936,-0.006026601209140966
16937,-0.005849784592549277
16938,-0.005672986453847526
16939,-0.005496208848492722
16940,-0.005319453830737767
16941,-0.005142723453606959
16942,-0.004966019768871078
16943,-0.004789344827022476
16944,-0.004612700677250676
16945,-0.004436089367417297
16946,-0.004259512944031701
16947,-0.004082973452226208
16948,-0.0039064729357313355
16949,-0.0037300134368515345
16950,-0.0035535969964402576
16951,-0.003377225653875753
16952,-0.0032009014470364278
16953,-0.0030246264122762304
16954,-0.0028484025844005413
16955,-0.0026722319966413907
16956,-0.0024961166806334047
16957,-0.0023200586663893203
16958,-0.002144059982275528
16959,-0.0019681226549881194
16960,-0.0017922487095282606
16961,-0.0016164401691782992
16962,-0.0014406990554774442
16963,-0.0012650273881974693
16964,-0.0010894271853189247
16965,-0.0009139004630066779
16966,-0.0007384492355862366
16967,-0.0005630755155193613
16968,-0.00038778131338040867
16969,-0.00021256863783224758
16970,-3.7439495602207336e-05
16971,0.0001376041085414704
16972,0.0003125601718138438
16973,0.0004874266934367474
16974,0.000662201674662698
16975,0.0008368831187987646
16976,0.0010114690312299343
16977,0.00118595741944314
16978,0.0013603462930505514
16979,0.0015346336638132954
16980,0.0017088175456651353
16981,0.0018828959547356485
16982,0.0020568669093740627
16983,0.002230728430172355
16984,0.0024044785399887753
16985,0.002578115263971332
16986,0.0027516366295807747
16987,0.002925040666614227
16988,0.0030983254072280892
16989,0.0032714888859613597
16990,0.0034445291397589197
16991,0.0036174442079943054
16992,0.0037902321324931438
16993,0.003962890957555845
16994,0.00413541872998071
16995,0.004307813499087012
16996,0.004480073316737561
16997,0.004652196237361914
16998,0.004824180317978817
16999,0.00499602361821933
17000,0.005167724200349224
17001,0.005339280129291788
17002,0.005510689472650596
17003,0.005681950300731768
17004,0.0058530606865668765
17005,0.006024018705935119
17006,0.006194822437385897
17007,0.0063654699622613595
17008,0.00653595936471844
17009,0.006706288731751527
17010,0.006876456153214407
17011,0.007046459721842616
17012,0.007216297533275751
17013,0.007385967686079264
17014,0.0075554682817669016
17015,0.007724797424822416
17016,0.007893953222721675
17017,0.008062933785954723
17018,0.008231737228047348
17019,0.008400361665583278
17020,0.008568805218225641
17021,0.008737066008738829
17022,0.008905142163010325
17023,0.009073031810072013
17024,0.00924073308212212
17025,0.009408244114546438
17026,0.009575563045939931
17027,0.00974268801812831
17028,0.00990961717618909
17029,0.010076348668473267
17030,0.010242880646626255
17031,0.010409211265609451
17032,0.010575338683721099
17033,0.010741261062617536
17034,0.010906976567334397
17035,0.011072483366307312
17036,0.011237779631393219
17037,0.011402863537890964
17038,0.011567733264562275
17039,0.011732386993652711
17040,0.011896822910912064
17041,0.012061039205615437
17042,0.012225034070583538
17043,0.012388805702203406
17044,0.01255235230044907
17045,0.012715672068901698
17046,0.012878763214770361
17047,0.013041623948912092
17048,0.013204252485852302
17049,0.013366647043805179
17050,0.013528805844693534
17051,0.01369072711416931
17052,0.013852409081633332
17053,0.01401384998025546
17054,0.014175048046994676
17055,0.014336001522618677
17056,0.014496708651724062
17057,0.014657167682755778
17058,0.014817376868027173
17059,0.01497733446373938
17060,0.015137038730001037
17061,0.015296487930847973
17062,0.015455680334262383
17063,0.015614614212192617
17064,0.015773287840572234
17065,0.01593169949933945
17066,0.016089847472456495
17067,0.01624773004792853
17068,0.016405345517823088
17069,0.016562692178288853
17070,0.01671976832957479
17071,0.01687657227604922
17072,0.017033102326218394
17073,0.01718935679274566
17074,0.017345333992469923
17075,0.017501032246424457
17076,0.017656449879855676
17077,0.0178115852222414
17078,0.017966436607309705
17079,0.018121002373057058
17080,0.018275280861766854
17081,0.01842927042002781
17082,0.018582969398751974
17083,0.01873637615319321
17084,0.018889489042965057
17085,0.0190423064320589
17086,0.01919482668886209
17087,0.019347048186175584
17088,0.019498969301232152
17089,0.01965058841571384
17090,0.01980190391577002
17091,0.019952914192034803
17092,0.020103617639644737
17093,0.020254012658256486
17094,0.020404097652064003
17095,0.020553871029816262
17096,0.02070333120483433
17097,0.020852476595028722
17098,0.021001305622916775
17099,0.02114981671563947
17100,0.02129800830497882
17101,0.02144587882737462
17102,0.021593426723941482
17103,0.02174065044048583
17104,0.021887548427522396
17105,0.022034119140291315
17106,0.022180361038774465
17107,0.022326272587712203
17108,0.022471852256620007
17109,0.02261709851980464
17110,0.02276200985638087
17111,0.022906584750287493
17112,0.023050821690303723
17113,0.02319471917006547
17114,0.023338275688081167
17115,0.02348148974774815
17116,0.023624359857368264
17117,0.02376688453016414
17118,0.023909062284294683
17119,0.024050891642870983
17120,0.024192371133972105
17121,0.024333499290660428
17122,0.02447427465099751
17123,0.02461469575805927
17124,0.024754761159951528
17125,0.024894469409825423
17126,0.025033819065892412
17127,0.025172808691439758
17128,0.025311436854845375
17129,0.025449702129592987
17130,0.025587603094287203
17131,0.025725138332668134
17132,0.025862306433626546
17133,0.025999105991218303
17134,0.0261355356046792
17135,0.026271593878439647
17136,0.02640727942213894
17137,0.026542590850640004
17138,0.026677526784043556
17139,0.02681208584770246
17140,0.026946266672236124
17141,0.02708006789354437
17142,0.02721348815282182
17143,0.02734652609657166
17144,0.02747918037661966
17145,0.027611449650128152
17146,0.027743332579609592
17147,0.027874827832940506
17148,0.028005934083374866
17149,0.028136650009557954
17150,0.02826697429553955
17151,0.02839690563078748
17152,0.028526442710201053
17153,0.028655584234124048
17154,0.028784328908358206
17155,0.028912675444176056
17156,0.029040622558334086
17157,0.029168168973085756
17158,0.029295313416194162
17159,0.029422054620945104
17160,0.02954839132615955
17161,0.029674322276206394
17162,0.02979984622101514
17163,0.029924961916088136
17164,0.030049668122513244
17165,0.03017396360697598
17166,0.030297847141771844
17167,0.030421317504818586
17168,0.030544373479668114
17169,0.03066701385551876
17170,0.030789237427227
17171,0.0309110429953194
17172,0.031032429366004553
17173,0.031153395351184502
17174,0.031273939768466694
17175,0.03139406144117521
17176,0.03151375919836255
17177,0.03163303187482079
17178,0.031751878311092996
17179,0.03187029735348453
17180,0.031988287854074045
17181,0.03210584867072475
17182,0.032222978667095274
17183,0.03233967671265059
17184,0.032455941682673
17185,0.032571772458272696
17186,0.032687167926398655
17187,0.03280212697984905
17188,0.03291664851728182
17189,0.0330307314432253
17190,0.03314437466808824
17191,0.033257577108170455
17192,0.03337033768567272
17193,0.03348265532870706
17194,0.033594528971306804
17195,0.033705957553436416
17196,0.03381694002100153
17197,0.03392747532585864
17198,0.03403756242582477
17199,0.03414720028468738
17200,0.034256387872213544
17201,0.034365124164159766
17202,0.034473408142281135
17203,0.03458123879434073
17204,0.03468861511411893
17205,0.034795536101422365
17206,0.03490200076209325
17207,0.03500800810801808
17208,0.035113557157136814
17209,0.035218646933451475
17210,0.03532327646703499
17211,0.03542744479403992
17212,0.03553115095670688
17213,0.0356343940033732
17214,0.03573717298848119
17215,0.03583948697258654
17216,0.03594133502236667
17217,0.036042716210628656
17218,0.03614362961631761
17219,0.036244074324524415
17220,0.036344049426493795
17221,0.036443554019632195
17222,0.03654258720751533
17223,0.03664114809989616
17224,0.036739235812712163
17225,0.03683684946809306
17226,0.03693398819436821
17227,0.03703065112607383
17228,0.03712683740396045
17229,0.0372225461749999
17230,0.03731777659239247
17231,0.037412527815574054
17232,0.037506799010222816
17233,0.0376005893482663
17234,0.03769389800788797
17235,0.037786724173534104
17236,0.03787906703592017
17237,0.03797092579203746
17238,0.038062299645159586
17239,0.038153187804848616
17240,0.0382435894869616
17241,0.03833350391365648
17242,0.038422930313398364
17243,0.038511867920965545
17244,0.03860031597745527
17245,0.038688273730289796
17246,0.03877574043322196
17247,0.03886271534634095
17248,0.038949197736077946
17249,0.03903518687521147
17250,0.03912068204287306
17251,0.03920568252455234
17252,0.039290187612102415
17253,0.03937419660374515
17254,0.039457708804076015
17255,0.039540723524069336
17256,0.039623240081083026
17257,0.039705257798863546
17258,0.03978677600755066
17259,0.03986779404368198
17260,0.03994831125019778
17261,0.04002832697644525
17262,0.040107840578183056
17263,0.04018685141758573
17264,0.04026535886324775
17265,0.040343362290187916
17266,0.040420861079853196
17267,0.040497854620122994
17268,0.04057434230531282
17269,0.040650323536178284
17270,0.04072579771991882
17271,0.04080076427018126
17272,0.04087522260706358
17273,0.04094917215711819
17274,0.04102261235335553
17275,0.04109554263524732
17276,0.041167962448729764
17277,0.04123987124620686
17278,0.041311268486553254
17279,0.04138215363511743
17280,0.04145252616372457
17281,0.04152238555067928
17282,0.041591731280768506
17283,0.04166056284526401
17284,0.041728879741925046
17285,0.04179668147500089
17286,0.04186396755523311
17287,0.04193073749985807
17288,0.04199699083260895
17289,0.0420627270837181
17290,0.042127945789919026
17291,0.04219264649444832
17292,0.04225682874704772
17293,0.04232049210396573
17294,0.04238363612795958
17295,0.04244626038829665
17296,0.04250836446075619
17297,0.0425699479276308
17298,0.04263101037772774
17299,0.04269155140637035
17300,0.042751570615399206
17301,0.0428110676131733
17302,0.042870042014571154
17303,0.042928493440991713
17304,0.04298642152035534
17305,0.04304382588710456
17306,0.04310070618220479
17307,0.0431570620531451
17308,0.043212893153938635
17309,0.04326819914512321
17310,0.04332297969376165
17311,0.043377234473442085
17312,0.043430963164278316
17313,0.04348416545290979
17314,0.043536841032501813
17315,0.04358898960274545
17316,0.04364061086985743
17317,0.043691704546580064
17318,0.04374227035218085
17319,0.043792308012452215
17320,0.04384181725971106
17321,0.04389079783279821
17322,0.043939249477077925
17323,0.043987171944437096
17324,0.04403456499328461
17325,0.044081428388550385
17326,0.04412776190168457
17327,0.04417356531065643
17328,0.04421883839995332
17329,0.044263580960579536
17330,0.044307792790054965
17331,0.0443514736924139
17332,0.044394623478203485
17333,0.04443724196448223
17334,0.044479328974818585
17335,0.04452088433928905
17336,0.044561907894476636
17337,0.04460239948346889
17338,0.044642358955856054
17339,0.04468178616772912
17340,0.044720680981677655
17341,0.04475904326678774
17342,0.0447968728986397
17343,0.04483416975930574
17344,0.04487093373734771
17345,0.04490716472781442
17346,0.04494286263223926
17347,0.04497802735863744
17348,0.04501265882150333
17349,0.04504675694180768
17350,0.045080321646994666
17351,0.04511335287097902
17352,0.045145850554142906
17353,0.04517781464333285
17354,0.045209245091856524
17355,0.04524014185947945
17356,0.0452705049124217
17357,0.04530033422335431
17358,0.045329629771395964
17359,0.04535839154210921
17360,0.04538661952749685
17361,0.04541431372599822
17362,0.04544147414248527
17363,0.04546810078825869
17364,0.04549419368104392
17365,0.045519752844986994
17366,0.04554477831065051
17367,0.04556927011500927
17368,0.045593228301446055
17369,0.04561665291974715
17370,0.04563954402609792
17371,0.045661901683078265
17372,0.045683725959657945
17373,0.04570501693119192
17374,0.045725774679415535
17375,0.0457459992924396
17376,0.04576569086474559
17377,0.045784849497180466
17378,0.04580347529695168
17379,0.045821568377621934
17380,0.04583912885910395
17381,0.045856156867655165
17382,0.04587265253587224
17383,0.04588861600268568
17384,0.04590404741335415
17385,0.04591894691945895
17386,0.0459333146788982
17387,0.045947150855881067
17388,0.045960455620921964
17389,0.04597322915083449
17390,0.04598547162872549
17391,0.04599718324398888
17392,0.04600836419229955
17393,0.04601901467560702
17394,0.04602913490212918
17395,0.04603872508634588
17396,0.04604778544899236
17397,0.04605631621705282
17398,0.04606431762375367
17399,0.046071789908556905
17400,0.046078733317153286
17401,0.04608514810145547
17402,0.0460910345195911
17403,0.04609639283589576
17404,0.04610122332090595
17405,0.04610552625135188
17406,0.046109301910150224
17407,0.046112550586396864
17408,0.046115272575359495
17409,0.04611746817847012
17410,0.046119137703317596
17411,0.04612028146363998
17412,0.04612089977931685
17413,0.04612099297636159
17414,0.04612056138691356
17415,0.046119605349230174
17416,0.04611812520767894
17417,0.046116121312729436
17418,0.04611359402094517
17419,0.046110543694975435
17420,0.04610697070354699
17421,0.046102875421455754
17422,0.04609825822955845
17423,0.04609311951476405
17424,0.046087459670025276
17425,0.04608127909432996
17426,0.046074578192692395
17427,0.04606735737614449
17428,0.046059617061727016
17429,0.04605135767248068
17430,0.04604257963743714
17431,0.046033283391609954
17432,0.04602346937598549
17433,0.04601313803751369
17434,0.04600228982909889
17435,0.045990925209590416
17436,0.04597904464377326
17437,0.04596664860235853
17438,0.045953737561974
17439,0.04594031200515444
17440,0.04592637242033199
17441,0.045911919301826386
17442,0.04589695314983513
17443,0.045881474470423685
17444,0.04586548377551545
17445,0.04584898158288178
17446,0.04583196841613186
17447,0.045814444804702634
17448,0.045796411283848495
17449,0.045777868394631036
17450,0.0457588166839087
17451,0.045739256704326346
17452,0.045719189014304745
17453,0.04569861417803007
17454,0.04567753276544319
17455,0.04565594535222906
17456,0.04563385251980591
17457,0.04561125485531447
17458,0.04558815295160701
17459,0.04556454740723646
17460,0.045540438826445345
17461,0.04551582781915469
17462,0.04549071500095291
17463,0.045465100993084574
17464,0.04543898642243908
17465,0.04541237192153938
17466,0.04538525812853053
17467,0.04535764568716819
17468,0.045329535246807176
17469,0.0453009274623897
17470,0.04527182299443389
17471,0.045242222509021914
17472,0.04521212667778824
17473,0.04518153617790779
17474,0.045150451692083975
17475,0.045118873908536784
17476,0.045086803520990634
17477,0.04505424122866238
17478,0.04502118773624906
17479,0.04498764375391567
17480,0.044953609997282915
17481,0.04491908718741481
17482,0.04488407605080628
17483,0.04484857731937066
17484,0.04481259173042721
17485,0.04477612002668843
17486,0.04473916295624748
17487,0.044701721272565415
17488,0.04466379573445839
17489,0.044625387106084866
17490,0.04458649615693266
17491,0.044547123661806
17492,0.044507270400812524
17493,0.04446693715935019
17494,0.044426124728094096
17495,0.04438483390298335
17496,0.04434306548520776
17497,0.04430082028119453
17498,0.04425809910259492
17499,0.04421490276627078
17500,0.04417123209428106
17501,0.04412708791386829
17502,0.04408247105744497
17503,0.04403738236257985
17504,0.043991822671984315
17505,0.04394579283349856
17506,0.043899293700077724
17507,0.043852326129778074
17508,0.04380489098574298
17509,0.04375698913618901
17510,0.04370862145439179
17511,0.04365978881867197
17512,0.043610492112381
17513,0.043560732223886914
17514,0.0435105100465601
17515,0.04345982647875895
17516,0.043408682423815445
17517,0.04335707879002078
17518,0.04330501649061079
17519,0.04325249644375148
17520,0.04319951957252443
17521,0.043146086804912054
17522,0.04309219907378301
17523,0.04303785731687735
17524,0.04298306247679178
17525,0.04292781550096476
17526,0.04287211734166158
17527,0.04281596895595946
17528,0.04275937130573244
17529,0.042702325357636385
17530,0.04264483208309387
17531,0.042586892458278916
17532,0.0425285074641019
17533,0.04246967808619416
17534,0.042410405314892805
17535,0.04235069014522519
17536,0.04229053357689365
17537,0.042229936614259916
17538,0.04216890026632965
17539,0.04210742554673687
17540,0.04204551347372829
17541,0.04198316507014776
17542,0.04192038136342041
17543,0.04185716338553702
17544,0.04179351217303811
17545,0.04172942876699814
17546,0.041664914213009566
17547,0.04159996956116697
17548,0.04153459586605092
17549,0.04146879418671209
17550,0.04140256558665499
17551,0.04133591113382202
17552,0.04126883190057713
17553,0.04120132896368966
17554,0.04113340340431806
17555,0.04106505630799354
17556,0.040996288764603754
17557,0.0409271018683764
17558,0.04085749671786263
17559,0.040787474415920746
17560,0.0407170360696995
17561,0.040646182790621634
17562,0.04057491569436712
17563,0.04050323590085659
17564,0.040431144534234596
17565,0.04035864272285281
17566,0.04028573159925328
17567,0.040212412300151525
17568,0.0401386859664197
17569,0.0400645537430697
17570,0.03999001677923604
17571,0.03991507622815905
17572,0.03983973324716765
17573,0.03976398899766236
17574,0.03968784464509817
17575,0.039611301358967274
17576,0.03953436031278198
17577,0.03945702268405732
17578,0.0393792896542939
17579,0.039301162408960526
17580,0.03922264213747671
17581,0.03914373003319548
17582,0.03906442729338571
17583,0.038984735119214804
17584,0.038904654715731124
17585,0.03882418729184634
17586,0.03874333406031799
17587,0.038662096237731675
17588,0.03858047504448353
17589,0.038498471704762456
17590,0.0384160874465323
17591,0.03833332350151424
17592,0.03825018110516878
17593,0.03816666149667807
17594,0.03808276591892786
17595,0.03799849561848969
17596,0.03791385184560289
17597,0.03782883585415655
17598,0.03774344890167158
17599,0.03765769224928251
17600,0.037571567161719555
17601,0.0374850749072904
17602,0.037398216757861966
17603,0.037310993988842384
17604,0.037223407879162576
17605,0.03713545971125817
17606,0.03704715077105109
17607,0.036958482347931226
17608,0.036869455734738175
17609,0.03678007222774272
17610,0.03669033312662852
17611,0.036600239734473614
17612,0.03650979335773188
17613,0.03641899530621466
17614,0.036327846893072044
17615,0.03623634943477445
17616,0.03614450425109396
17617,0.0360523126650856
17618,0.03595977600306886
17619,0.03586689559460882
17620,0.0357736727724976
17621,0.0356801088727354
17622,0.035586205234511954
17623,0.03549196320018762
17624,0.035397384115274426
17625,0.03530246932841748
17626,0.035207220191375815
17627,0.03511163805900368
17628,0.035015724289231484
17629,0.03491948024304682
17630,0.034822907284475596
17631,0.03472600678056284
17632,0.034628780101353826
17633,0.034531228619874926
17634,0.03443335371211444
17635,0.034335156757003674
17636,0.03423663913639756
17637,0.03413780223505572
17638,0.034038647440623106
17639,0.03393917614361084
17640,0.03383938973737702
17641,0.03373928961810736
17642,0.03363887718479604
17643,0.03353815383922627
17644,0.033437120985951016
17645,0.03333578003227372
17646,0.033234132388228727
17647,0.033132179466562155
17648,0.03302992268271229
17649,0.03292736345479018
17650,0.03282450320356025
17651,0.032721343352420745
17652,0.032617885327384306
17653,0.03251413055705835
17654,0.032410080472625655
17655,0.03230573650782475
17656,0.032201100098930256
17657,0.032096172684733484
17658,0.031990955706522585
17659,0.03188545060806313
17660,0.03177965883557839
17661,0.03167358183772955
17662,0.03156722106559625
17663,0.031460577972656625
17664,0.031353654014767855
17665,0.03124645065014625
17666,0.031138969339347504
17667,0.031031211545247035
17668,0.03092317873302006
17669,0.030814872370121954
17670,0.030706293926268342
17671,0.030597444873415203
17672,0.030488326685739222
17673,0.03037894083961769
17674,0.030269288813608852
17675,0.03015937208843192
17676,0.030049192146947096
17677,0.02993875047413584
17678,0.02982804855708074
17679,0.029717087884945776
17680,0.02960586994895616
17681,0.02949439624237856
17682,0.02938266826050104
17683,0.029270687500612978
17684,0.02915845546198527
17685,0.029045973645850112
17686,0.02893324355538113
17687,0.028820266695673297
17688,0.028707044573722813
17689,0.0285935786984072
17690,0.028479870580465073
17691,0.028365921732476214
17692,0.028251733668841424
17693,0.02813730790576236
17694,0.02802264596122161
17695,0.027907749354962375
17696,0.02779261960846852
17697,0.027677258244944398
17698,0.027561666789294604
17699,0.02744584676810407
17700,0.027329799709617627
17701,0.027213527143720113
17702,0.027097030601916077
17703,0.02698031161730958
17704,0.02686337172458414
17705,0.026746212459982398
17706,0.026628835361286095
17707,0.026511241967795793
17708,0.026393433820310622
17709,0.02627541246110823
17710,0.026157179433924396
17711,0.026038736283933023
17712,0.0259200845577257
17713,0.025801225803291663
17714,0.02568216156999755
17715,0.025562893408567013
17716,0.02544342287106074
17717,0.02532375151085598
17718,0.025203880882626498
17719,0.025083812542322288
17720,0.024963548047149217
17721,0.024843088955549
17722,0.02472243682717873
17723,0.024601593222890832
17724,0.02448055970471276
17725,0.024359337835826615
17726,0.024237929180549168
17727,0.02411633530431133
17728,0.023994557773638146
17729,0.023872598156128473
17730,0.023750458020434594
17731,0.023628138936242268
17732,0.02350564247425017
17733,0.02338297020614993
17734,0.023260123704605763
17735,0.023137104543234158
17736,0.023013914296583875
17737,0.022890554540115442
17738,0.0227670268501812
17739,0.022643332804004823
17740,0.022519473979661298
17741,0.02239545195605666
17742,0.02227126831290765
17743,0.022146924630721734
17744,0.02202242249077665
17745,0.02189776347510043
17746,0.02177294916645111
17747,0.021647981148296462
17748,0.021522861004794006
17749,0.02139759032077059
17750,0.021272170681702462
17751,0.021146603673694968
17752,0.021020890883462335
17753,0.020895033898307724
17754,0.02076903430610283
17755,0.02064289369526798
17756,0.020516613654751888
17757,0.020390195774011455
17758,0.020263641642991884
17759,0.02013695285210628
17760,0.02001013099221582
17761,0.01988317765460955
17762,0.0197560944309842
17763,0.01962888291342437
17764,0.019501544694382172
17765,0.01937408136665744
17766,0.01924649452337756
17767,0.019118785757977378
17768,0.018990956664179385
17769,0.018863008835973447
17770,0.018734943867597085
17771,0.01860676335351521
17772,0.018478468888400386
17773,0.01835006206711277
17774,0.018221544484680063
17775,0.018092917736277796
17776,0.01796418341720914
17777,0.01783534312288525
17778,0.01770639844880523
17779,0.01757735099053616
17780,0.017448202343693472
17781,0.01731895410392081
17782,0.017189607866870422
17783,0.017060165228183228
17784,0.0169306277834689
17785,0.01680099712828633
17786,0.01667127485812351
17787,0.016541462568378067
17788,0.016411561854337363
17789,0.01628157431115868
17790,0.016151501533849706
17791,0.016021345117248592
17792,0.015891106656004492
17793,0.015760787744557747
17794,0.0156303899771202
17795,0.015499914947655733
17796,0.015369364249860414
17797,0.015238739477143142
17798,0.015108042222605807
17799,0.014977274079023956
17800,0.014846436638827131
17801,0.01471553149407927
17802,0.014584560236459399
17803,0.01445352445724189
17804,0.014322425747277235
17805,0.014191265696972462
17806,0.014060045896271644
17807,0.013928767934636687
17808,0.013797433401027697
17809,0.013666043883883832
17810,0.013534600971103846
17811,0.013403106250026688
17812,0.013271561307412404
17813,0.013139967729422598
17814,0.013008327101601387
17815,0.012876641008856092
17816,0.012744911035437895
17817,0.012613138764922874
17818,0.012481325780192594
17819,0.012349473663415147
17820,0.012217583996025967
17821,0.012085658358708605
17822,0.011953698331375889
17823,0.011821705493150605
17824,0.011689681422346693
17825,0.011557627696450152
17826,0.01142554589209995
17827,0.011293437585069304
17828,0.011161304350246483
17829,0.011029147761616169
17830,0.01089696939224031
17831,0.010764770814239495
17832,0.010632553598774042
17833,0.01050031931602507
17834,0.010368069535175977
17835,0.010235805824393422
17836,0.010103529750808832
17837,0.00997124288049961
17838,0.009838946778470371
17839,0.009706643008634531
17840,0.009574333133795432
17841,0.00944201871562799
17842,0.00930970131466005
17843,0.009177382490253742
17844,0.009045063800587233
17845,0.008912746802635986
17846,0.008780433052154549
17847,0.00864812410365806
17848,0.008515821510403743
17849,0.008383526824372819
17850,0.008251241596251896
17851,0.008118967375414924
17852,0.007986705709904836
17853,0.007854458146415215
17854,0.00772222623027233
17855,0.007590011505416707
17856,0.007457815514385222
17857,0.007325639798292907
17858,0.007193485896814759
17859,0.007061355348167957
17860,0.006929249689093573
17861,0.00679717045483887
17862,0.0066651191791390835
17863,0.006533097394199766
17864,0.006401106630678785
17865,0.006269148417668397
17866,0.006137224282677669
17867,0.006005335751614429
17868,0.005873484348767764
17869,0.005741671596790215
17870,0.005609899016679988
17871,0.005478168127763569
17872,0.005346480447677838
17873,0.005214837492352738
17874,0.005083240775993645
17875,0.00495169181106376
17876,0.0048201921082668886
17877,0.004688743176529738
17878,0.004557346522984768
17879,0.004426003652952728
17880,0.00429471606992524
17881,0.004163485275547754
17882,0.004032312769602027
17883,0.003901200049989154
17884,0.0037701486127122985
17885,0.0036391599518594475
17886,0.0035082355595865613
17887,0.0033773769261002348
17888,0.0032465855396409562
17889,0.0031158628864658457
17890,0.0029852104508319506
17891,0.00285462971497924
17892,0.0027241221591136297
17893,0.0025936892613903973
17894,0.002463332497897117
17895,0.0023330533426371494
17896,0.0022028532675128277
17897,0.0020727337423086826
17898,0.0019426962346750542
17899,0.0018127422101112233
17900,0.0016828731319491015
17901,0.0015530904613366185
17902,0.0014233956572211467
17903,0.0012937901763333153
17904,0.001164275473170344
17905,0.001034852999979939
17906,0.0009055242067438824
17907,0.0007762905411616645
17908,0.0006471534486345026
17909,0.0005181143722488849
17910,0.00038917475276067183
17911,0.0002603360285788965
17912,0.0001315996357496074
17913,2.967007940097451e-06
17914,-0.00012556042357733996
17915,-0.0002539812299410966
17916,-0.00038229398471623517
17917,-0.0005104972639104315
17918,-0.0006385896459895317
17919,-0.0007665697118935772
17920,-0.0008944360450522412
17921,-0.0010221872314007657
17922,-0.0011498218593953438
17923,-0.0012773385200287985
17924,-0.0014047358068462158
17925,-0.0015320123159601943
17926,-0.00165916664606656
17927,-0.0017861973984595247
17928,-0.0019131031770471404
17929,-0.002039882588366708
17930,-0.0021665342415998034
17931,-0.0022930567485877607
17932,-0.0024194487238466057
17933,-0.002545708784582286
17934,-0.002671835550705843
17935,-0.0027978276448482136
17936,-0.00292368369237548
17937,-0.003049402321403578
17938,-0.0031749821628132805
17939,-0.003300421850265153
17940,-0.003425720020214112
17941,-0.0035508753119244405
17942,-0.003675886367484261
17943,-0.0038007518318202904
17944,-0.003925470352712546
17945,-0.004050040580808672
17946,-0.004174461169638722
17947,-0.004298730775629349
17948,-0.00442284805811849
17949,-0.004546811679369507
17950,-0.004670620304585589
17951,-0.004794272601924139
17952,-0.004917767242510746
17953,-0.005041102900453633
17954,-0.0051642782528575435
17955,-0.00528729197983791
17956,-0.005410142764534979
17957,-0.0055328292931275565
17958,-0.005655350254847227
17959,-0.00577770434199182
17960,-0.005899890249939682
17961,-0.006021906677163176
17962,-0.006143752325242535
17963,-0.006265425898879268
17964,-0.006386926105910185
17965,-0.006508251657320773
17966,-0.006629401267258499
17967,-0.006750373653046702
17968,-0.006871167535197722
17969,-0.006991781637426414
17970,-0.007112214686663192
17971,-0.007232465413067695
17972,-0.007352532550041791
17973,-0.007472414834242542
17974,-0.007592111005595718
17975,-0.007711619807308635
17976,-0.007830939985882978
17977,-0.007950070291128139
17978,-0.00806900947617385
17979,-0.008187756297483173
17980,-0.008306309514865006
17981,-0.008424667891487244
17982,-0.00854283019388925
17983,-0.0086607951919943
17984,-0.008778561659122552
17985,-0.008896128372003391
17986,-0.00901349411078768
17987,-0.009130657659060596
17988,-0.009247617803853723
17989,-0.009364373335657499
17990,-0.009480923048433211
17991,-0.009597265739625589
17992,-0.009713400210174769
17993,-0.009829325264528175
17994,-0.009945039710652975
17995,-0.010060542360047782
17996,-0.01017583202775474
17997,-0.010290907532371116
17998,-0.010405767696061535
17999,-0.010520411344569536
18000,-0.010634837307229092
18001,-0.010749044416976668
18002,-0.010863031510362605
18003,-0.010976797427562494
18004,-0.011090341012389043
18005,-0.011203661112303247
18006,-0.011316756578425916
18007,-0.011429626265548705
18008,-0.01154226903214581
18009,-0.011654683740384959
18010,-0.011766869256138368
18011,-0.011878824448994248
18012,-0.01199054819226763
18013,-0.012102039363011186
18014,-0.012213296842026497
18015,-0.012324319513874724
18016,-0.012435106266887506
18017,-0.012545655993177482
18018,-0.01265596758864938
18019,-0.012766039953010453
18020,-0.012875871989780895
18021,-0.012985462606304727
18022,-0.013094810713760039
18023,-0.013203915227169525
18024,-0.013312775065410567
18025,-0.013421389151225947
18026,-0.013529756411233874
18027,-0.013637875775937992
18028,-0.013745746179737875
18029,-0.013853366560938912
18030,-0.01396073586176213
18031,-0.01406785302835451
18032,-0.01417471701079865
18033,-0.014281326763122708
18034,-0.014387681243309932
18035,-0.014493779413308764
18036,-0.014599620239042299
18037,-0.01470520269041771
18038,-0.014810525741336148
18039,-0.01491558836970206
18040,-0.015020389557432413
18041,-0.015124928290466435
18042,-0.015229203558774674
18043,-0.015333214356368365
18044,-0.015436959681308392
18045,-0.015540438535714747
18046,-0.01564364992577546
18047,-0.0157465928617554
18048,-0.01584926635800558
18049,-0.01595166943297191
18050,-0.016053801109203802
18051,-0.01615566041336332
18052,-0.01625724637623367
18053,-0.01635855803272793
18054,-0.016459594421897462
18055,-0.016560354586940742
18056,-0.016660837575211696
18057,-0.01676104243822792
18058,-0.016860968231679384
18059,-0.016960614015436498
18060,-0.017059978853558457
18061,-0.017159061814301168
18062,-0.01725786197012573
18063,-0.017356378397706308
18064,-0.017454610177937934
18065,-0.017552556395944788
18066,-0.017650216141087915
18067,-0.01774758850697285
18068,-0.01784467259145768
18069,-0.017941467496660552
18070,-0.01803797232896739
18071,-0.018134186199039223
18072,-0.018230108221820047
18073,-0.018325737516544094
18074,-0.018421073206743053
18075,-0.0185161144202537
18076,-0.018610860289225022
18077,-0.01870530995012526
18078,-0.01879946254374933
18079,-0.018893317215225715
18080,-0.0189868731140236
18081,-0.019080129393959585
18082,-0.01917308521320491
18083,-0.019265739734292124
18084,-0.019358092124121717
18085,-0.0194501415539691
18086,-0.019541887199491088
18087,-0.019633328240732592
18088,-0.01972446386213288
18089,-0.019815293252532413
18090,-0.019905815605179053
18091,-0.019996030117734282
18092,-0.020085935992279733
18093,-0.020175532435323322
18094,-0.020264818657805193
18095,-0.02035379387510415
18096,-0.020442457307043454
18097,-0.02053080817789693
18098,-0.02061884571639465
18099,-0.020706569155729063
18100,-0.020793977733560672
18101,-0.020881070692023582
18102,-0.020967847277731433
18103,-0.02105430674178289
18104,-0.021140448339767016
18105,-0.02122627133176903
18106,-0.021311774982375527
18107,-0.021396958560679934
18108,-0.02148182134028759
18109,-0.021566362599321272
18110,-0.0216505816204262
18111,-0.021734477690774995
18112,-0.021818050102073043
18113,-0.021901298150563204
18114,-0.021984221137030902
18115,-0.02206681836680873
18116,-0.022149089149781545
18117,-0.02223103280039105
18118,-0.022312648637640334
18119,-0.02239393598509873
18120,-0.022474894170906225
18121,-0.022555522527777802
18122,-0.022635820393008155
18123,-0.022715787108475802
18124,-0.022795422020647528
18125,-0.02287472448058239
18126,-0.02295369384393617
18127,-0.02303232947096538
18128,-0.023110630726531082
18129,-0.023188596980103244
18130,-0.02326622760576442
18131,-0.02334352198221356
18132,-0.02342047949277001
18133,-0.023497099525377093
18134,-0.023573381472605855
18135,-0.023649324731658514
18136,-0.02372492870437222
18137,-0.023800192797222473
18138,-0.023875116421326358
18139,-0.023949698992446186
18140,-0.024023939930992597
18141,-0.024097838662027922
18142,-0.024171394615269112
18143,-0.024244607225091162
18144,-0.024317475930530026
18145,-0.024390000175285424
18146,-0.02446217940772407
18147,-0.02453401308088238
18148,-0.024605500652469144
18149,-0.024676641584868524
18150,-0.024747435345142527
18151,-0.02481788140503376
18152,-0.024887979240967754
18153,-0.024957728334055712
18154,-0.02502712817009684
18155,-0.025096178239580533
18156,-0.025164878037689006
18157,-0.025233227064299292
18158,-0.025301224823985405
18159,-0.02536887082602064
18160,-0.025436164584379473
18161,-0.02550310561773964
18162,-0.025569693449483902
18163,-0.025635927607702162
18164,-0.025701807625193123
18165,-0.02576733303946592
18166,-0.025832503392742096
18167,-0.025897318231956994
18168,-0.025961777108761307
18169,-0.02602587957952274
18170,-0.026089625205327323
18171,-0.02615301355198083
18172,-0.02621604419000996
18173,-0.026278716694663844
18174,-0.026341030645915038
18175,-0.026402985628460624
18176,-0.026464581231723464
18177,-0.026525817049853025
18178,-0.02658669268172645
18179,-0.02664720773094928
18180,-0.026707361805856453
18181,-0.026767154519513003
18182,-0.026826585489714627
18183,-0.026885654338988547
18184,-0.026944360694593966
18185,-0.027002704188522478
18186,-0.02706068445749875
18187,-0.027118301142980777
18188,-0.027175553891160237
18189,-0.027232442352962672
18190,-0.027288966184047907
18191,-0.02734512504481005
18192,-0.027400918600377525
18193,-0.027456346520613295
18194,-0.027511408480114703
18195,-0.02756610415821329
18196,-0.02762043323897488
18197,-0.027674395411199176
18198,-0.02772799036841957
18199,-0.0277812178089027
18200,-0.02783407743564823
18201,-0.027886568956388295
18202,-0.027938692083586895
18203,-0.027990446534439523
18204,-0.028041832030872387
18205,-0.028092848299541777
18206,-0.028143495071833183
18207,-0.028193772083860688
18208,-0.028243679076465977
18209,-0.02829321579521732
18210,-0.02834238199040875
18211,-0.028391177417058933
18212,-0.02843960183490995
18213,-0.02848765500842632
18214,-0.028535336706793635
18215,-0.028582646703917327
18216,-0.028629584778421195
18217,-0.02867615071364621
18218,-0.02872234429764887
18219,-0.028768165323199694
18220,-0.028813613587781728
18221,-0.02885868889358884
18222,-0.028903391047523923
18223,-0.028947719861197298
18224,-0.02899167515092482
18225,-0.029035256737725963
18226,-0.029078464447321862
18227,-0.02912129811013343
18228,-0.02916375756127923
18229,-0.029205842640573257
18230,-0.02924755319252298
18231,-0.029288889066326946
18232,-0.029329850115872563
18233,-0.029370436199733667
18234,-0.029410647181168245
18235,-0.0294504829281159
18236,-0.029489943313195266
18237,-0.02952902821370156
18238,-0.02956773751160391
18239,-0.02960607109354251
18240,-0.02964402885082611
18241,-0.029681610679429034
18242,-0.0297188164799884
18243,-0.02975564615780108
18244,-0.029792099622820898
18245,-0.02982817678965549
18246,-0.029863877577563112
18247,-0.029899201910449705
18248,-0.02993414971686557
18249,-0.029968720930002003
18250,-0.030002915487688183
18251,-0.030036733332387665
18252,-0.030070174411194972
18253,-0.03010323867583205
18254,-0.030135926082644846
18255,-0.030168236592599644
18256,-0.030200170171279295
18257,-0.030231726788879698
18258,-0.030262906420205925
18259,-0.0302937090446684
18260,-0.030324134646278974
18261,-0.030354183213647103
18262,-0.030383854739975805
18263,-0.030413149223057503
18264,-0.030442066665270114
18265,-0.030470607073572777
18266,-0.03049877045950159
18267,-0.030526556839165497
18268,-0.030553966233241855
18269,-0.03058099866697207
18270,-0.03060765417015715
18271,-0.030633932777153296
18272,-0.030659834526867318
18273,-0.03068535946275195
18274,-0.03071050763280138
18275,-0.030735279089546434
18276,-0.030759673890049778
18277,-0.030783692095901212
18278,-0.030807333773212788
18279,-0.03083059899261385
18280,-0.03085348782924601
18281,-0.030876000362758275
18282,-0.03089813667730189
18283,-0.03091989686152511
18284,-0.030941281008568217
18285,-0.030962289216058137
18286,-0.030982921586103152
18287,-0.031003178225287635
18288,-0.031023059244666612
18289,-0.03104256475976035
18290,-0.03106169489054873
18291,-0.031080449761465876
18292,-0.03109882950139447
18293,-0.031116834243660012
18294,-0.031134464126025278
18295,-0.031151719290684443
18296,-0.031168599884257315
18297,-0.031185106057783418
18298,-0.031201237966716183
18299,-0.031216995770916894
18300,-0.031232379634648668
18301,-0.03124738972657047
18302,-0.03126202621973095
18303,-0.03127628929156221
18304,-0.03129017912387368
18305,-0.03130369590284584
18306,-0.03131683981902384
18307,-0.03132961106731115
18308,-0.03134200984696319
18309,-0.031354036361580816
18310,-0.031365690819103766
18311,-0.03137697343180418
18312,-0.03138788441627992
18313,-0.031398423993447895
18314,-0.03140859238853739
18315,-0.031418389831083235
18316,-0.03142781655491908
18317,-0.031436872798170395
18318,-0.03144555880324771
18319,-0.031453874816839554
18320,-0.03146182108990544
18321,-0.031469397877668864
18322,-0.031476605439610165
18323,-0.03148344403945937
18324,-0.031489913945188984
18325,-0.03149601542900675
18326,-0.031501748767348375
18327,-0.03150711424087009
18328,-0.031512112134441383
18329,-0.03151674273713748
18330,-0.03152100634223186
18331,-0.031524903247188735
18332,-0.031528433753655466
18333,-0.031531598167454974
18334,-0.031534396798577946
18335,-0.031536829961175246
18336,-0.03153889797355009
18337,-0.03154060115815021
18338,-0.03154193984156002
18339,-0.03154291435449275
18340,-0.03154352503178239
18341,-0.0315437722123758
18342,-0.0315436562393246
18343,-0.03154317745977711
18344,-0.03154233622497021
18345,-0.03154113289022116
18346,-0.03153956781491941
18347,-0.03153764136251824
18348,-0.031535353900526565
18349,-0.03153270580050051
18350,-0.03152969743803501
18351,-0.03152632919275541
18352,-0.0315226014483089
18353,-0.031518514592356085
18354,-0.031514069016562306
18355,-0.03150926511658907
18356,-0.03150410329208543
18357,-0.03149858394667919
18358,-0.0314927074879682
18359,-0.03148647432751159
18360,-0.0314798848808209
18361,-0.03147293956735121
18362,-0.031465638810492226
18363,-0.031457983037559326
18364,-0.03144997267978454
18365,-0.0314416081723075
18366,-0.03143288995416638
18367,-0.03142381846828876
18368,-0.03141439416148243
18369,-0.031404617484426196
18370,-0.03139448889166065
18371,-0.03138400884157885
18372,-0.03137317779641696
18373,-0.03136199622224495
18374,-0.031350464588957114
18375,-0.03133858337026261
18376,-0.031326353043676036
18377,-0.03131377409050784
18378,-0.03130084699585474
18379,-0.0312875722485901
18380,-0.03127395034135435
18381,-0.031259981770545196
18382,-0.031245667036307948
18383,-0.031231006642525726
18384,-0.031216001096809644
18385,-0.031200650910488972
18386,-0.03118495659860125
18387,-0.031168918679882338
18388,-0.031152537676756492
18389,-0.031135814115326302
18390,-0.031118748525362706
18391,-0.03110134144029491
18392,-0.0310835933972002
18393,-0.031065504936793876
18394,-0.031047076603419033
18395,-0.031028308945036318
18396,-0.031009202513213648
18397,-0.030989757863115964
18398,-0.03096997555349486
18399,-0.0309498561466782
18400,-0.030929400208559728
18401,-0.03090860830858863
18402,-0.030887481019758987
18403,-0.030866018918599355
18404,-0.03084422258516215
18405,-0.03082209260301307
18406,-0.030799629559220453
18407,-0.03077683404434466
18408,-0.030753706652427375
18409,-0.030730247980980806
18410,-0.03070645863097703
18411,-0.030682339206837137
18412,-0.030657890316420397
18413,-0.030633112571013383
18414,-0.030608006585319123
18415,-0.030582572977446133
18416,-0.030556812368897453
18417,-0.030530725384559622
18418,-0.03050431265269174
18419,-0.030477574804914274
18420,-0.03045051247619805
18421,-0.030423126304853103
18422,-0.03039541693251751
18423,-0.030367385004146166
18424,-0.030339031167999613
18425,-0.030310356075632757
18426,-0.03028136038188354
18427,-0.03025204474486168
18428,-0.030222409825937296
18429,-0.030192456289729507
18430,-0.030162184804095004
18431,-0.030131596040116674
18432,-0.030100690672092055
18433,-0.030069469377521835
18434,-0.030037932837098356
18435,-0.03000608173469403
18436,-0.029973916757349717
18437,-0.0299414385952631
18438,-0.02990864794177709
18439,-0.029875545493368072
18440,-0.029842131949634202
18441,-0.029808408013283685
18442,-0.029774374390123017
18443,-0.029740031789045128
18444,-0.02970538092201758
18445,-0.029670422504070756
18446,-0.029635157253285915
18447,-0.02959958589078326
18448,-0.029563709140710093
18449,-0.029527527730228754
18450,-0.029491042389504656
18451,-0.029454253851694253
18452,-0.02941716285293305
18453,-0.02937977013232344
18454,-0.029342076431922617
18455,-0.02930408249673052
18456,-0.0292657890746776
18457,-0.029227196916612627
18458,-0.02918830677629058
18459,-0.02914911941036033
18460,-0.029109635578352357
18461,-0.029069856042666552
18462,-0.02902978156855988
18463,-0.02898941292413401
18464,-0.028948750880322956
18465,-0.02890779621088076
18466,-0.02886654969236902
18467,-0.02882501210414446
18468,-0.028783184228346498
18469,-0.028741066849884794
18470,-0.028698660756426686
18471,-0.028655966738384657
18472,-0.028612985588903878
18473,-0.02856971810384954
18474,-0.028526165081794265
18475,-0.02848232732400559
18476,-0.028438205634433188
18477,-0.02839380081969627
18478,-0.028349113689070893
18479,-0.028304145054477307
18480,-0.028258895730467123
18481,-0.028213366534210593
18482,-0.028167558285483934
18483,-0.0281214718066564
18484,-0.028075107922677513
18485,-0.028028467461064296
18486,-0.02798155125188832
18487,-0.027934360127762892
18488,-0.027886894923830084
18489,-0.02783915647774796
18490,-0.027791145629677477
18491,-0.027742863222269595
18492,-0.02769431010065237
18493,-0.027645487112417853
18494,-0.027596395107609077
18495,-0.027547034938707162
18496,-0.027497407460618104
18497,-0.027447513530659783
18498,-0.027397354008548824
18499,-0.027346929756387615
18500,-0.027296241638651016
18501,-0.027245290522173293
18502,-0.027194077276135032
18503,-0.02714260277204982
18504,-0.027090867883751157
18505,-0.02703887348737916
18506,-0.02698662046136746
18507,-0.026934109686429834
18508,-0.02688134204554695
18509,-0.02682831842395322
18510,-0.02677503970912336
18511,-0.02672150679075911
18512,-0.026667720560776008
18513,-0.02661368191328992
18514,-0.026559391744603762
18515,-0.02650485095319407
18516,-0.02645006043969772
18517,-0.026395021106898415
18518,-0.026339733859713284
18519,-0.026284199605179557
18520,-0.026228419252440988
18521,-0.026172393712734457
18522,-0.02611612389937654
18523,-0.026059610727749934
18524,-0.026002855115290026
18525,-0.025945857981471327
18526,-0.025888620247794057
18527,-0.025831142837770465
18528,-0.02577342667691134
18529,-0.02571547269271252
18530,-0.025657281814641185
18531,-0.02559885497412237
18532,-0.025540193104525277
18533,-0.025481297141149824
18534,-0.02542216802121284
18535,-0.025362806683834487
18536,-0.02530321407002474
18537,-0.02524339112266955
18538,-0.025183338786517257
18539,-0.02512305800816498
18540,-0.025062549736044798
18541,-0.02500181492041017
18542,-0.0249408545133221
18543,-0.024879669468635627
18544,-0.02481826074198587
18545,-0.024756629290774396
18546,-0.024694776074155548
18547,-0.024632702053022537
18548,-0.02457040818999377
18549,-0.024507895449399124
18550,-0.024445164797266036
18551,-0.024382217201305838
18552,-0.024319053630899836
18553,-0.0242556750570857
18554,-0.024192082452543433
18555,-0.024128276791581672
18556,-0.02406425905012388
18557,-0.02400003020569443
18558,-0.02393559123740482
18559,-0.023870943125939785
18560,-0.023806086853543552
18561,-0.023741023404005815
18562,-0.02367575376264797
18563,-0.023610278916309277
18564,-0.023544599853332862
18565,-0.023478717563551924
18566,-0.02341263303827585
18567,-0.023346347270276263
18568,-0.023279861253773158
18569,-0.023213175984420954
18570,-0.023146292459294726
18571,-0.023079211676876092
18572,-0.023011934637039416
18573,-0.02294446234103789
18574,-0.02287679579148956
18575,-0.022808935992363374
18576,-0.022740883948965392
18577,-0.02267264066792466
18578,-0.02260420715717938
18579,-0.02253558442596294
18580,-0.022466773484790026
18581,-0.02239777534544257
18582,-0.022328591020955833
18583,-0.02225922152560455
18584,-0.02218966787488883
18585,-0.022119931085520295
18586,-0.022050012175408033
18587,-0.021979912163644824
18588,-0.021909632070492936
18589,-0.021839172917370298
18590,-0.021768535726836583
18591,-0.02169772152257911
18592,-0.02162673132939895
18593,-0.021555566173197028
18594,-0.021484227080960015
18595,-0.021412715080746467
18596,-0.02134103120167279
18597,-0.021269176473899417
18598,-0.021197151928616636
18599,-0.021124958598030753
18600,-0.02105259751535017
18601,-0.020980069714771305
18602,-0.02090737623146467
18603,-0.020834518101561023
18604,-0.02076149636213723
18605,-0.020688312051202428
18606,-0.020614966207684025
18607,-0.020541459871413825
18608,-0.020467794083113968
18609,-0.020393969884383023
18610,-0.020319988317682128
18611,-0.020245850426320915
18612,-0.020171557254443622
18613,-0.02009710984701528
18614,-0.02002250924980755
18615,-0.019947756509384997
18616,-0.019872852673091027
18617,-0.01979779878903413
18618,-0.019722595906073784
18619,-0.01964724507380661
18620,-0.019571747342552594
18621,-0.019496103763340964
18622,-0.019420315387896434
18623,-0.01934438326862525
18624,-0.019268308458601432
18625,-0.019192092011552704
18626,-0.01911573498184669
18627,-0.019039238424477176
18628,-0.01896260339505003
18629,-0.01888583094976944
18630,-0.01880892214542419
18631,-0.01873187803937356
18632,-0.01865469968953369
18633,-0.01857738815436363
18634,-0.018499944492851663
18635,-0.0184223697645013
18636,-0.018344665029317555
18637,-0.018266831347793257
18638,-0.018188869780895026
18639,-0.018110781390049624
18640,-0.018032567237130263
18641,-0.017954228384442605
18642,-0.01787576589471118
18643,-0.017797180831065528
18644,-0.01771847425702662
18645,-0.017639647236492886
18646,-0.01756070083372662
18647,-0.017481636113340353
18648,-0.01740245414028291
18649,-0.01732315597982591
18650,-0.017243742697549958
18651,-0.017164215359331117
18652,-0.01708457503132704
18653,-0.017004822779963416
18654,-0.016924959671920408
18655,-0.016844986774118827
18656,-0.016764905153706593
18657,-0.016684715878045247
18658,-0.016604420014696104
18659,-0.01652401863140682
18660,-0.01644351279609776
18661,-0.016362903576848515
18662,-0.01628219204188417
18663,-0.016201379259561867
18664,-0.01612046629835737
18665,-0.016039454226851296
18666,-0.015958344113715765
18667,-0.015877137027700987
18668,-0.01579583403762155
18669,-0.015714436212343107
18670,-0.015632944620768842
18671,-0.015551360331826192
18672,-0.015469684414453138
18673,-0.01538791793758496
18674,-0.015306061970140918
18675,-0.015224117581010627
18676,-0.015142085839040852
18677,-0.01505996781302206
18678,-0.01497776457167522
18679,-0.014895477183638255
18680,-0.014813106717452819
18681,-0.014730654241551134
18682,-0.01464812082424245
18683,-0.014565507533699892
18684,-0.014482815437947334
18685,-0.014400045604845894
18686,-0.014317199102080895
18687,-0.014234276997148557
18688,-0.014151280357342977
18689,-0.014068210249742676
18690,-0.013985067741197605
18691,-0.013901853898316094
18692,-0.01381856978745147
18693,-0.013735216474689095
18694,-0.013651795025833377
18695,-0.013568306506394448
18696,-0.01348475198157526
18697,-0.013401132516258478
18698,-0.013317449174993608
18699,-0.01323370302198373
18700,-0.013149895121072659
18701,-0.013066026535732078
18702,-0.012982098329048331
18703,-0.012898111563709676
18704,-0.012814067301993259
18705,-0.012729966605752404
18706,-0.01264581053640346
18707,-0.012561600154913094
18708,-0.012477336521785556
18709,-0.012393020697049598
18710,-0.012308653740245824
18711,-0.012224236710414008
18712,-0.012139770666080093
18713,-0.012055256665243598
18714,-0.01197069576536484
18715,-0.01188608902335236
18716,-0.01180143749555002
18717,-0.011716742237724452
18718,-0.011632004305052545
18719,-0.011547224752108558
18720,-0.011462404632851671
18721,-0.011377545000613509
18722,-0.01129264690808534
18723,-0.011207711407305705
18724,-0.011122739549647822
18725,-0.01103773238580725
18726,-0.010952690965789172
18727,-0.010867616338896064
18728,-0.010782509553715408
18729,-0.010697371658107014
18730,-0.010612203699190765
18731,-0.010527006723334396
18732,-0.010441781776140888
18733,-0.010356529902436322
18734,-0.010271252146257504
18735,-0.010185949550839868
18736,-0.010100623158604957
18737,-0.010015274011148349
18738,-0.009929903149227572
18739,-0.009844511612749664
18740,-0.0097591004407592
18741,-0.009673670671426078
18742,-0.00958822334203358
18743,-0.009502759488966025
18744,-0.009417280147696858
18745,-0.009331786352776733
18746,-0.009246279137821252
18747,-0.009160759535499097
18748,-0.00907522857752022
18749,-0.008989687294623641
18750,-0.0089041367165657
18751,-0.008818577872108106
18752,-0.008733011789006229
18753,-0.00864743949399704
18754,-0.008561862012787382
18755,-0.008476280370042368
18756,-0.00839069558937334
18757,-0.008305108693326266
18758,-0.00821952070337017
18759,-0.008133932639885202
18760,-0.008048345522151138
18761,-0.007962760368335695
18762,-0.00787717819548308
18763,-0.007791600019502174
18764,-0.007706026855155106
18765,-0.007620459716045869
18766,-0.007534899614608572
18767,-0.007449347562096136
18768,-0.007363804568568787
18769,-0.007278271642882805
18770,-0.007192749792678892
18771,-0.007107240024370935
18772,-0.007021743343134824
18773,-0.006936260752896883
18774,-0.006850793256322733
18775,-0.006765341854806175
18776,-0.006679907548457724
18777,-0.006594491336093583
18778,-0.00650909421522441
18779,-0.006423717182044365
18780,-0.006338361231419733
18781,-0.006253027356877998
18782,-0.006167716550596925
18783,-0.006082429803393289
18784,-0.005997168104712012
18785,-0.005911932442615352
18786,-0.005826723803771708
18787,-0.0057415431734449025
18788,-0.00565639153548322
18789,-0.005571269872308753
18790,-0.005486179164906337
18791,-0.00540112039281289
18792,-0.005316094534106813
18793,-0.005231102565397003
18794,-0.005146145461812341
18795,-0.005061224196990955
18796,-0.004976339743069765
18797,-0.0048914930706736295
18798,-0.0048066851489049055
18799,-0.004721916945333061
18800,-0.0046371894259838965
18801,-0.004552503555329213
18802,-0.004467860296276504
18803,-0.00438326061015828
18804,-0.004298705456721874
18805,-0.004214195794118999
18806,-0.004129732578895619
18807,-0.0040453167659813966
18808,-0.003960949308679579
18809,-0.0038766311586569094
18810,-0.003792363265933178
18811,-0.0037081465788711943
18812,-0.0036239820441668086
18813,-0.0035398706068385465
18814,-0.003455813210217735
18815,-0.0033718107959383823
18816,-0.003287864303927371
18817,-0.003203974672394229
18818,-0.003120142837821331
18819,-0.0030363697349541467
18820,-0.002952656296791107
18821,-0.002869003454573957
18822,-0.00278541213777787
18823,-0.002701883274101865
18824,-0.002618417789458813
18825,-0.0025350166079658757
18826,-0.0024516806519349747
18827,-0.0023684108418629024
18828,-0.0022852080964218605
18829,-0.002202073332450026
18830,-0.002119007464941771
18831,-0.0020360114070383404
18832,-0.001953086070018308
18833,-0.0018702323632883264
18834,-0.00178745119437348
18835,-0.0017047434689080538
18836,-0.001622110090626351
18837,-0.0015395519613531402
18838,-0.0014570699809945374
18839,-0.0013746650475289187
18840,-0.0012923380569974776
18841,-0.0012100899034952531
18842,-0.0011279214791619278
18843,-0.0010458336741729277
18844,-0.0009638273767301175
18845,-0.000881903473052926
18846,-0.0008000628473695023
18847,-0.0007183063819075217
18848,-0.0006366349568854148
18849,-0.0005550494505036306
18850,-0.000473550738935549
18851,-0.0003921396963188597
18852,-0.0003108171947467163
18853,-0.00022958410425918913
18854,-0.0001484412928343177
18855,-6.738962637959084e-05
18856,1.3570031276538292e-05
18857,9.44368183934893e-05
18858,0.000175209875326924
18859,0.000255888344537338
18860,0.00033647137059835834
18861,0.0004169581002054339
18862,0.0004973476821841036
18863,0.0005776392674982258
18864,0.000657832009258561
18865,0.0007379250627309284
18866,0.000817917585344326
18867,0.000897808736699403
18868,0.0009775976785764624
18869,0.001057283574943685
18870,0.0011368655919650617
18871,0.0012163428980087147
18872,0.0012957146636547953
18873,0.0013749800617033456
18874,0.0014541382671825103
18875,0.0015331884573563225
18876,0.0016121298117324513
18877,0.0016909615120703028
18878,0.0017696827423886504
18879,0.0018482926889734838
18880,0.0019267905403855673
18881,0.0020051754874683865
18882,0.0020834467233556697
18883,0.0021616034434788767
18884,0.002239644845575031
18885,0.002317570129694083
18886,0.002395378498206498
18887,0.0024730691558105516
18888,0.0025506413095400028
18889,0.0026280941687713538
18890,0.0027054269452310713
18891,0.002782638853003147
18892,0.0028597291085362465
18893,0.002936696930650804
18894,0.0030135415405464824
18895,0.003090262161809149
18896,0.003166858020418081
18897,0.0032433283447528705
18898,0.003319672365600724
18899,0.0033958893161633264
18900,0.003471978432063682
18901,0.003547938951353288
18902,0.0036237701145188914
18903,0.0036994711644892098
18904,0.00377504134664198
18905,0.003850479908810571
18906,0.003925786101290783
18907,0.004000959176847373
18908,0.004075998390720952
18909,0.004150903000634475
18910,0.004225672266799679
18911,0.004300305451923868
18912,0.0043748018212162385
18913,0.004449160642394412
18914,0.004523381185690684
18915,0.004597462723858645
18916,0.004671404532179392
18917,0.004745205888467692
18918,0.004818866073078494
18919,0.004892384368913012
18920,0.0049657600614247815
18921,0.005038992438626033
18922,0.005112080791093637
18923,0.005185024411975232
18924,0.005257822596995071
18925,0.005330474644460262
18926,0.005402979855266564
18927,0.005475337532904162
18928,0.00554754698346378
18929,0.00561960751564236
18930,0.005691518440748728
18931,0.005763279072709559
18932,0.00583488872807493
18933,0.005906346726024041
18934,0.0059776523883706655
18935,0.006048805039568989
18936,0.006119804006718998
18937,0.006190648619571874
18938,0.006261338210535671
18939,0.006331872114680624
18940,0.006402249669744396
18941,0.006472470216137644
18942,0.006542533096949169
18943,0.006612437657951231
18944,0.006682183247604611
18945,0.0067517692170640155
18946,0.0068211949201830956
18947,0.00689045971351941
18948,0.006959562956339716
18949,0.007028504010624818
18950,0.007097282241074625
18951,0.007165897015112899
18952,0.007234347702892404
18953,0.007302633677299617
18954,0.007370754313959423
18955,0.007438708991240112
18956,0.007506497090257987
18957,0.007574117994881932
18958,0.007641571091738291
18959,0.007708855770215306
18960,0.007775971422467763
18961,0.007842917443421355
18962,0.007909693230777394
18963,0.007976298185017135
18964,0.008042731709406064
18965,0.008108993209998461
18966,0.008175082095641639
18967,0.008240997777980074
18968,0.008306739671459883
18969,0.008372307193332859
18970,0.0084376997636607
18971,0.008502916805318986
18972,0.008567957744001443
18973,0.008632822008223885
18974,0.008697509029328088
18975,0.00876201824148595
18976,0.008826349081703263
18977,0.008890500989823644
18978,0.008954473408532221
18979,0.009018265783359618
18980,0.009081877562685612
18981,0.00914530819774272
18982,0.009208557142620057
18983,0.009271623854266877
18984,0.009334507792496031
18985,0.009397208419987707
18986,0.009459725202292808
18987,0.009522057607836466
18988,0.009584205107921316
18989,0.00964616717673108
18990,0.0097079432913338
18991,0.009769532931685023
18992,0.009830935580631256
18993,0.009892150723913083
18994,0.009953177850168214
18995,0.01001401645093484
18996,0.010074666020654561
18997,0.01013512605667552
18998,0.01019539605925525
18999,0.01025547553156387
19000,0.01031536397968688
19001,0.010375060912627956
19002,0.010434565842311989
19003,0.010493878283587752
19004,0.01055299775423073
19005,0.010611923774945698
19006,0.010670655869369598
19007,0.010729193564074082
19008,0.010787536388568011
19009,0.010845683875300188
19010,0.010903635559661803
19011,0.010961390979988784
19012,0.011018949677564433
19013,0.011076311196621693
19014,0.011133475084345555
19015,0.011190440890875238
19016,0.01124720816930666
19017,0.01130377647569457
19018,0.011360145369054617
19019,0.011416314411365721
19020,0.011472283167572067
19021,0.01152805120558507
19022,0.0115836180962856
19023,0.011638983413525828
19024,0.011694146734131257
19025,0.011749107637902462
19026,0.011803865707617172
19027,0.011858420529031985
19028,0.011912771690884049
19029,0.01196691878489301
19030,0.012020861405762561
19031,0.012074599151182183
19032,0.012128131621828636
19033,0.012181458421367709
19034,0.012234579156455695
19035,0.012287493436740763
19036,0.012340200874864623
19037,0.012392701086463847
19038,0.012444993690171142
19039,0.012497078307616883
19040,0.012548954563430281
19041,0.0126006220852407
19042,0.01265208050367876
19043,0.012703329452377675
19044,0.012754368567974314
19045,0.012805197490110198
19046,0.012855815861432762
19047,0.01290622332759622
19048,0.012956419537262507
19049,0.013006404142102388
19050,0.013056176796796187
19051,0.013105737159034762
19052,0.013155084889520162
19053,0.013204219651966602
19054,0.013253141113101084
19055,0.013301848942664035
19056,0.013350342813410132
19057,0.013398622401108803
19058,0.013446687384544753
19059,0.013494537445518668
19060,0.013542172268847569
19061,0.013589591542365357
19062,0.013636794956923114
19063,0.013683782206389649
19064,0.013730552987651731
19065,0.013777107000614342
19066,0.01382344394820109
19067,0.013869563536354306
19068,0.0139154654740353
19069,0.013961149473224386
19070,0.01400661524892116
19071,0.014051862519144457
19072,0.01409689100493232
19073,0.014141700430342154
19074,0.014186290522450561
19075,0.014230661011353193
19076,0.014274811630164795
19077,0.01431874211501888
19078,0.014362452205067624
19079,0.014405941642481495
19080,0.014449210172449118
19081,0.01449225754317688
19082,0.014535083505888485
19083,0.014577687814824727
19084,0.014620070227242928
19085,0.014662230503416434
19086,0.014704168406634223
19087,0.014745883703200258
19088,0.014787376162432928
19089,0.014828645556664334
19090,0.014869691661239762
19091,0.014910514254516895
19092,0.014951113117865006
19093,0.01499148803566431
19094,0.015031638795305039
19095,0.01507156518718665
19096,0.015111267004716803
19097,0.015150744044310592
19098,0.01518999610538949
19099,0.015229022990380264
19100,0.015267824504714075
19101,0.015306400456825306
19102,0.015344750658150379
19103,0.015382874923126734
19104,0.015420773069191542
19105,0.015458444916780476
19106,0.015495890289326396
19107,0.015533109013258158
19108,0.01557010091799917
19109,0.01560686583596597
19110,0.01564340360256693
19111,0.015679714056200715
19112,0.015715797038254743
19113,0.015751652393103763
19114,0.015787279968108206
19115,0.01582267961361262
19116,0.015857851182943934
19117,0.015892794532409923
19118,0.0159275095212974
19119,0.01596199601187041
19120,0.01599625386936858
19121,0.01603028296200519
19122,0.016064083160965366
19123,0.016097654340404072
19124,0.016130996377444334
19125,0.01616410915217517
19126,0.01619699254764956
19127,0.016229646449882486
19128,0.01626207074784882
19129,0.016294265333481123
19130,0.016326230101667644
19131,0.01635796495025003
19132,0.01638946978002115
19133,0.016420744494722746
19134,0.016451789001043302
19135,0.016482603208615578
19136,0.016513187030014264
19137,0.016543540380753653
19138,0.01657366317928518
19139,0.016603555346994828
19140,0.01663321680820083
19141,0.016662647490150985
19142,0.01669184732302014
19143,0.01672081623990751
19144,0.016749554176834148
19145,0.016778061072740203
19146,0.01680633686948214
19147,0.016834381511830126
19148,0.016862194947465155
19149,0.016889777126976282
19150,0.016917128003857668
19151,0.016944247534505862
19152,0.016971135678216752
19153,0.01699779239718261
19154,0.0170242176564892
19155,0.01705041142411271
19156,0.0170763736709166
19157,0.017102104370648664
19158,0.017127603499937846
19159,0.017152871038291058
19160,0.017177906968089973
19161,0.017202711274587893
19162,0.01722728394590644
19163,0.01725162497303219
19164,0.017275734349813488
19165,0.01729961207295703
19166,0.017323258142024393
19167,0.017346672559428768
19168,0.017369855330431387
19169,0.017392806463138098
19170,0.01741552596849575
19171,0.01743801386028879
19172,0.017460270155135574
19173,0.017482294872484712
19174,0.01750408803461154
19175,0.017525649666614376
19176,0.01754697979641073
19177,0.017568078454733686
19178,0.01758894567512806
19179,0.017609581493946598
19180,0.017629985950346073
19181,0.017650159086283534
19182,0.017670100946512328
19183,0.01768981157857809
19184,0.017709291032814933
19185,0.017728539362341336
19186,0.017747556623056143
19187,0.017766342873634468
19188,0.017784898175523672
19189,0.017803222592939198
19190,0.017821316192860356
19191,0.01783917904502625
19192,0.017856811221931505
19193,0.017874212798821964
19194,0.017891383853690507
19195,0.017908324467272693
19196,0.01792503472304244
19197,0.01794151470720758
19198,0.017957764508705572
19199,0.017973784219199037
19200,0.0179895739330712
19201,0.01800513374742155
19202,0.018020463762061244
19203,0.018035564079508532
19204,0.018050434804984226
19205,0.01806507604640708
19206,0.01807948791438917
19207,0.018093670522231133
19208,0.018107623985917615
19209,0.018121348424112456
19210,0.018134843958153905
19211,0.018148110712049935
19212,0.018161148812473365
19213,0.018173958388757044
19214,0.01818653957288892
19215,0.018198892499507246
19216,0.0182110173058956
19217,0.01822291413197787
19218,0.018234583120313383
19219,0.01824602441609184
19220,0.018257238167128247
19221,0.018268224523857894
19222,0.01827898363933124
19223,0.018289515669208823
19224,0.018299820771756004
19225,0.01830989910783795
19226,0.018319750840914303
19227,0.01832937613703397
19228,0.018338775164829915
19229,0.01834794809551383
19230,0.018356895102870807
19231,0.018365616363254032
19232,0.018374112055579404
19233,0.018382382361320164
19234,0.018390427464501376
19235,0.018398247551694627
19236,0.01840584281201245
19237,0.01841321343710284
19238,0.018420359621143752
19239,0.01842728156083753
19240,0.018433979455405352
19241,0.018440453506581574
19242,0.018446703918608143
19243,0.018452730898228964
19244,0.01845853465468412
19245,0.018464115399704287
19246,0.01846947334750493
19247,0.01847460871478054
19248,0.018479521720698878
19249,0.018484212586895175
19250,0.01848868153746628
19251,0.018492928798964782
19252,0.01849695460039318
19253,0.018500759173197944
19254,0.018504342751263576
19255,0.018507705570906675
19256,0.018510847870869956
19257,0.01851376989231621
19258,0.01851647187882233
19259,0.018518954076373228
19260,0.01852121673335577
19261,0.018523260100552635
19262,0.01852508443113627
19263,0.01852668998066268
19264,0.018528077007065272
19265,0.018529245770648673
19266,0.018530196534082517
19267,0.018530929562395174
19268,0.018531445122967522
19269,0.018531743485526643
19270,0.018531824922139527
19271,0.01853168970720672
19272,0.018531338117455994
19273,0.018530770431935968
19274,0.018529986932009676
19275,0.018528987901348184
19276,0.01852777362592415
19277,0.018526344394005353
19278,0.018524700496148166
19279,0.018522842225191093
19280,0.01852076987624826
19281,0.018518483746702796
19282,0.0185159841362003
19283,0.01851327134664226
19284,0.01851034568217942
19285,0.01850720744920513
19286,0.018503856956348715
19287,0.01850029451446879
19288,0.01849652043664656
19289,0.018492535038179082
19290,0.01848833863657257
19291,0.01848393155153559
19292,0.01847931410497228
19293,0.01847448662097562
19294,0.018469449425820503
19295,0.018464202847957
19296,0.018458747218003394
19297,0.018453082868739406
19298,0.01844721013509924
19299,0.01844112935416464
19300,0.018434840865158005
19301,0.01842834500943542
19302,0.018421642130479636
19303,0.01841473257389314
19304,0.018407616687391094
19305,0.01840029482079432
19306,0.01839276732602223
19307,0.018385034557085785
19308,0.0183770968700804
19309,0.0183689546231788
19310,0.018360608176623952
19311,0.018352057892721874
19312,0.01834330413583451
19313,0.018334347272372518
19314,0.0183251876707881
19315,0.018315825701567784
19316,0.018306261737225153
19317,0.01829649615229368
19318,0.018286529323319377
19319,0.018276361628853537
19320,0.01826599344944547
19321,0.01825542516763515
19322,0.01824465716794588
19323,0.018233689836876954
19324,0.018222523562896276
19325,0.018211158736433017
19326,0.01819959574987014
19327,0.018187834997537063
19328,0.01817587687570219
19329,0.018163721782565447
19330,0.018151370118250847
19331,0.018138822284798996
19332,0.018126078686159616
19333,0.018113139728183993
19334,0.0181000058186175
19335,0.018086677367092022
19336,0.018073154785118416
19337,0.018059438486078935
19338,0.01804552888521965
19339,0.018031426399642832
19340,0.018017131448299334
19341,0.01800264445198099
19342,0.01798796583331296
19343,0.017973096016746033
19344,0.01795803542854901
19345,0.017942784496800993
19346,0.017927343651383675
19347,0.01791171332397363
19348,0.017895893948034595
19349,0.01787988595880974
19350,0.017863689793313854
19351,0.017847305890325644
19352,0.01783073469037992
19353,0.017813976635759825
19354,0.01779703217048896
19355,0.01777990174032366
19356,0.017762585792745107
19357,0.017745084776951442
19358,0.017727399143850013
19359,0.01770952934604942
19360,0.017691475837851644
19361,0.017673239075244186
19362,0.017654819515892123
19363,0.01763621761913023
19364,0.01761743384595497
19365,0.017598468659016667
19366,0.017579322522611452
19367,0.017559995902673344
19368,0.017540489266766268
19369,0.017520803084076064
19370,0.017500937825402484
19371,0.017480893963151185
19372,0.017460671971325715
19373,0.017440272325519476
19374,0.017419695502907676
19375,0.017398941982239288
19376,0.017378012243828993
19377,0.017356906769549072
19378,0.017335626042821357
19379,0.017314170548609148
19380,0.01729254077340908
19381,0.017270737205242987
19382,0.017248760333649873
19383,0.0172266106496777
19384,0.017204288645875237
19385,0.01718179481628399
19386,0.017159129656429968
19387,0.01713629366331556
19388,0.017113287335411297
19389,0.01709011117264777
19390,0.017066765676407337
19391,0.017043251349515953
19392,0.01701956869623498
19393,0.016995718222252952
19394,0.01697170043467732
19395,0.016947515842026268
19396,0.01692316495422043
19397,0.01689864828257466
19398,0.016873966339789735
19399,0.01684911963994416
19400,0.01682410869848582
19401,0.01679893403222372
19402,0.016773596159319743
19403,0.01674809559928028
19404,0.01672243287294798
19405,0.016696608502493403
19406,0.01667062301140675
19407,0.016644476924489497
19408,0.016618170767846073
19409,0.01659170506887556
19410,0.016565080356263303
19411,0.01653829715997256
19412,0.01651135601123622
19413,0.016484257442548358
19414,0.01645700198765591
19415,0.01642959018155027
19416,0.01640202256045899
19417,0.0163742996618373
19418,0.016346422024359753
19419,0.0163183901879119
19420,0.01629020469358179
19421,0.016261866083651613
19422,0.01623337490158928
19423,0.01620473169204006
19424,0.01617593700081809
19425,0.01614699137489798
19426,0.01611789536240642
19427,0.016088649512613698
19428,0.016059254375925296
19429,0.01602971050387345
19430,0.01600001844910869
19431,0.01597017876539141
19432,0.015940192007583405
19433,0.01591005873163945
19434,0.015879779494598803
19435,0.015849354854576735
19436,0.015818785370756146
19437,0.015788071603378997
19438,0.015757214113737907
19439,0.015726213464167662
19440,0.015695070218036736
19441,0.015663784939738818
19442,0.015632358194684316
19443,0.015600790549291912
19444,0.015569082570980046
19445,0.015537234828158424
19446,0.015505247890219556
19447,0.015473122327530243
19448,0.015440858711423108
19449,0.015408457614188036
19450,0.015375919609063803
19451,0.01534324527022945
19452,0.015310435172795834
19453,0.015277489892797171
19454,0.015244410007182463
19455,0.015211196093807033
19456,0.01517784873142403
19457,0.015144368499675894
19458,0.015110755979085892
19459,0.015077011751049543
19460,0.015043136397826232
19461,0.01500913050253058
19462,0.014974994649123996
19463,0.014940729422406188
19464,0.014906335408006621
19465,0.01487181319237601
19466,0.014837163362777862
19467,0.014802386507279908
19468,0.01476748321474565
19469,0.014732454074825799
19470,0.014697299677949867
19471,0.014662020615317552
19472,0.014626617478890306
19473,0.014591090861382834
19474,0.014555441356254554
19475,0.014519669557701141
19476,0.014483776060645975
19477,0.014447761460731744
19478,0.014411626354311844
19479,0.014375371338441934
19480,0.014338997010871466
19481,0.014302503970035154
19482,0.014265892815044505
19483,0.014229164145679362
19484,0.014192318562379376
19485,0.014155356666235559
19486,0.014118279058981761
19487,0.014081086342986304
19488,0.014043779121243367
19489,0.014006357997364619
19490,0.013968823575570723
19491,0.013931176460682865
19492,0.013893417258114282
19493,0.013855546573861855
19494,0.013817565014497612
19495,0.013779473187160284
19496,0.013741271699546856
19497,0.013702961159904173
19498,0.013664542177020424
19499,0.01362601536021675
19500,0.013587381319338836
19501,0.013548640664748425
19502,0.013509794007314925
19503,0.013470841958407045
19504,0.013431785129884263
19505,0.013392624134088515
19506,0.013353359583835744
19507,0.013313992092407549
19508,0.013274522273542717
19509,0.013234950741428875
19510,0.01319527811069413
19511,0.013155504996398639
19512,0.013115632014026251
19513,0.013075659779476145
19514,0.013035588909054485
19515,0.012995420019466021
19516,0.012955153727805748
19517,0.0129147906515506
19518,0.012874331408551052
19519,0.012833776617022796
19520,0.012793126895538486
19521,0.012752382863019293
19522,0.012711545138726682
19523,0.012670614342254053
19524,0.012629591093518504
19525,0.012588476012752432
19526,0.012547269720495325
19527,0.012505972837585463
19528,0.012464585985151615
19529,0.012423109784604773
19530,0.012381544857629968
19531,0.012339891826177871
19532,0.012298151312456674
19533,0.012256323938923772
19534,0.012214410328277605
19535,0.012172411103449349
19536,0.01213032688759473
19537,0.012088158304085892
19538,0.012045905976503046
19539,0.012003570528626398
19540,0.011961152584427906
19541,0.011918652768063155
19542,0.011876071703863122
19543,0.01183341001632604
19544,0.011790668330109295
19545,0.011747847270021207
19546,0.011704947461012924
19547,0.01166196952817036
19548,0.011618914096705952
19549,0.01157578179195066
19550,0.011532573239345803
19551,0.011489289064435046
19552,0.011445929892856225
19553,0.011402496350333321
19554,0.011358989062668454
19555,0.011315408655733713
19556,0.011271755755463188
19557,0.011228030987844988
19558,0.011184234978913089
19559,0.01114036835473942
19560,0.011096431741425812
19561,0.011052425765096074
19562,0.011008351051887919
19563,0.010964208227945027
19564,0.010919997919409157
19565,0.010875720752412063
19566,0.010831377353067655
19567,0.010786968347464013
19568,0.010742494361655548
19569,0.010697956021654985
19570,0.010653353953425525
19571,0.010608688782873004
19572,0.010563961135837916
19573,0.010519171638087601
19574,0.01047432091530846
19575,0.010429409593097976
19576,0.010384438296956995
19577,0.01033940765228184
19578,0.010294318284356608
19579,0.010249170818345229
19580,0.010203965879283777
19581,0.01015870409207274
19582,0.01011338608146913
19583,0.010068012472078832
19584,0.0100225838883489
19585,0.009977100954559719
19586,0.0099315642948174
19587,0.00988597453304601
19588,0.009840332292980002
19589,0.00979463819815638
19590,0.00974889287190715
19591,0.009703096937351701
19592,0.009657251017389056
19593,0.00961135573469035
19594,0.009565411711691158
19595,0.009519419570584008
19596,0.009473379933310652
19597,0.009427293421554581
19598,0.009381160656733532
19599,0.0093349822599918
19600,0.009288758852192807
19601,0.009242491053911636
19602,0.00919617948542739
19603,0.009149824766715827
19604,0.00910342751744181
19605,0.00905698835695197
19606,0.00901050790426709
19607,0.008963986778074782
19608,0.008917425596722118
19609,0.008870824978208097
19610,0.008824185540176332
19611,0.008777507899907739
19612,0.008730792674313054
19613,0.008684040479925556
19614,0.008637251932893733
19615,0.00859042764897403
19616,0.008543568243523415
19617,0.008496674331492182
19618,0.008449746527416742
19619,0.008402785445412215
19620,0.008355791699165296
19621,0.008308765901927076
19622,0.008261708666505697
19623,0.008214620605259258
19624,0.0081675023300886
19625,0.008120354452430222
19626,0.008073177583249
19627,0.00802597233303114
19628,0.00797873931177712
19629,0.007931479128994456
19630,0.007884192393690712
19631,0.007836879714366389
19632,0.007789541699007972
19633,0.007742178955080742
19634,0.0076947920895218515
19635,0.00764738170873337
19636,0.007599948418575165
19637,0.007552492824358013
19638,0.007505015530836717
19639,0.007457517142203012
19640,0.007409998262078752
19641,0.007362459493508976
19642,0.007314901438955088
19643,0.007267324700287859
19644,0.007219729878780655
19645,0.0071721175751026656
19646,0.00712448838931194
19647,0.0070768429208486645
19648,0.007029181768528443
19649,0.006981505530535404
19650,0.006933814804415523
19651,0.006886110187069863
19652,0.0068383922747479505
19653,0.006790661663040938
19654,0.006742918946874982
19655,0.006695164720504674
19656,0.006647399577506248
19657,0.006599624110771037
19658,0.00655183891249884
19659,0.00650404457419141
19660,0.00645624168664574
19661,0.006408430839947592
19662,0.006360612623465025
19663,0.006312787625841738
19664,0.006264956434990634
19665,0.006217119638087419
19666,0.006169277821564
19667,0.006121431571102116
19668,0.006073581471626895
19669,0.006025728107300516
19670,0.005977872061515693
19671,0.005930013916889363
19672,0.005882154255256421
19673,0.005834293657663239
19674,0.005786432704361417
19675,0.005738571974801569
19676,0.005690712047626905
19677,0.005642853500667059
19678,0.005594996910931815
19679,0.005547142854604979
19680,0.00549929190703804
19681,0.005451444642744053
19682,0.00540360163539156
19683,0.005355763457798303
19684,0.005307930681925193
19685,0.005260103878870163
19686,0.005212283618862181
19687,0.00516447047125505
19688,0.0051166650045214165
19689,0.0050688677862468405
19690,0.005021079383123637
19691,0.0049733003609449605
19692,0.004925531284598921
19693,0.004877772718062491
19694,0.004830025224395674
19695,0.004782289365735557
19696,0.00473456570329052
19697,0.004686854797334228
19698,0.004639157207199856
19699,0.00459147349127434
19700,0.004543804206992432
19701,0.004496149910830978
19702,0.00444851115830324
19703,0.004400888503953
19704,0.0043532825013489415
19705,0.004305693703078888
19706,0.00425812266074423
19707,0.004210569924954117
19708,0.004163036045319885
19709,0.004115521570449516
19710,0.004068027047941892
19711,0.004020553024381287
19712,0.0039731000453318895
19713,0.003925668655332114
19714,0.0038782593978891953
19715,0.0038308728154736273
19716,0.003783509449513802
19717,0.0037361698403904115
19718,0.003688854527431082
19719,0.003641564048905041
19720,0.003594298942017588
19721,0.0035470597429048214
19722,0.003499846986628237
19723,0.003452661207169512
19724,0.0034055029374250546
19725,0.003358372709200784
19726,0.0033112710532069585
19727,0.0032641984990527816
19728,0.0032171555752412624
19729,0.003170142809164086
19730,0.003123160727096303
19731,0.0030762098541912723
19732,0.0030292907144754745
19733,0.0029824038308435092
19734,0.002935549725052862
19735,0.0028887289177189027
19736,0.002841941928309925
19737,0.0027951892751419782
19738,0.002748471475373937
19739,0.0027017890450025954
19740,0.002655142498857572
19741,0.0026085323505964696
19742,0.0025619591126999153
19743,0.002515423296466768
19744,0.0024689254120091094
19745,0.0024224659682474696
19746,0.0023760454729060713
19747,0.0023296644325078975
19748,0.002283323352369998
19749,0.002237022736598688
19750,0.0021907630880849175
19751,0.0021445449084994085
19752,0.002098368698288041
19753,0.0020522349566672593
19754,0.0020061441816192852
19755,0.0019600968698875666
19756,0.0019140935169722514
19757,0.0018681346171254695
19758,0.0018222206633468731
19759,0.0017763521473790596
19760,0.0017305295597031566
19761,0.001684753389534197
19762,0.001639024124816725
19763,0.0015933422522204268
19764,0.0015477082571355748
19765,0.0015021226236687012
19766,0.0014565858346382967
19767,0.001411098371570324
19768,0.0013656607146939831
19769,0.0013202733429373613
19770,0.0012749367339232507
19771,0.001229651363964746
19772,0.0011844177080610843
19773,0.0011392362398935025
19774,0.0010941074318209095
19775,0.0010490317548758166
19776,0.0010040096787601446
19777,0.0009590416718412056
19778,0.0009141282011474601
19779,0.0008692697323645205
19780,0.0008244667298311683
19781,0.0007797196565351899
19782,0.0007350289741094445
19783,0.0006903951428279525
19784,0.0006458186216018017
19785,0.0006012998679753066
19786,0.0005568393381220517
19787,0.000512437486841101
19788,0.0004680947675529923
19789,0.00042381163229596934
19790,0.00037958853172223545
19791,0.0003354259150940207
19792,0.0002913242302798835
19793,0.00024728392375103335
19794,0.00020330544057746986
19795,0.00015938922442437688
19796,0.00011553571754840029
19797,7.174536079408958e-05
19798,2.8018593590129915e-05
19799,-1.5644146054192796e-05
19800,-5.924242155250321e-05
19801,-0.00010277579774503376
19802,-0.00014624384090206546
19803,-0.0001896461187274849
19804,-0.00023298220036217784
19805,-0.00027625165638763184
19806,-0.00031945405882930617
19807,-0.00036258898115997727
19808,-0.00040565599830327093
19809,-0.00044865468663696055
19810,-0.0004915846239962424
19811,-0.0005344453896771955
19812,-0.0005772365644399869
19813,-0.0006199577305121902
19814,-0.0006626084715919441
19815,-0.0007051883728513162
19816,-0.0007476970209394362
19817,-0.0007901340039856055
19818,-0.0008324989116025893
19819,-0.000874791334889679
19820,-0.0009170108664357312
19821,-0.0009591571003223854
19822,-0.0010012296321270358
19823,-0.0010432280589259104
19824,-0.0010851519792969904
19825,-0.0011270009933231381
19826,-0.0011687747025949898
19827,-0.0012104727102138276
19828,-0.0012520946207946347
19829,-0.0012936400404689173
19830,-0.001335108576887506
19831,-0.0013764998392235357
19832,-0.0014178134381751769
19833,-0.0014590489859684773
19834,-0.0015002060963600432
19835,-0.0015412843846399269
19836,-0.001582283467634281
19837,-0.001623202963707995
19838,-0.0016640424927675034
19839,-0.0017048016762633543
19840,-0.0017454801371928823
19841,-0.0017860775001027197
19842,-0.0018265933910915206
19843,-0.0018670274378124456
19844,-0.0019073792694756287
19845,-0.0019476485168508256
19846,-0.001987834812269828
19847,-0.0020279377896288632
19848,-0.0020679570843911586
19849,-0.002107892333589277
19850,-0.002147743175827543
19851,-0.0021875092512843243
19852,-0.002227190201714506
19853,-0.0022667856704517444
19854,-0.0023062953024106936
19855,-0.002345718744089408
19856,-0.0023850556435715256
19857,-0.0024243056505284244
19858,-0.002463468416221548
19859,-0.002502543593504502
19860,-0.002541530836825243
19861,-0.0025804298022281172
19862,-0.0026192401473560997
19863,-0.0026579615314528075
19864,-0.0026965936153644852
19865,-0.0027351360615421733
19866,-0.002773588534043626
19867,-0.0028119506985353412
19868,-0.0028502222222944284
19869,-0.0028884027742106825
19870,-0.002926492024788427
19871,-0.0029644896461483417
19872,-0.003002395312029448
19873,-0.003040208697790897
19874,-0.003077929480413717
19875,-0.003115557338502733
19876,-0.0031530919522882567
19877,-0.003190533003627873
19878,-0.0032278801760080742
19879,-0.0032651331545460877
19880,-0.0033022916259914897
19881,-0.003339355278727792
19882,-0.003376323802774192
19883,-0.003413196889787116
19884,-0.0034499742330617394
19885,-0.003486655527533661
19886,-0.0035232404697803595
19887,-0.003559728758022739
19888,-0.003596120092126536
19889,-0.0036324141736038974
19890,-0.0036686107056147655
19891,-0.003704709392968227
19892,-0.003740709942124023
19893,-0.003776612061193843
19894,-0.0038124154599427007
19895,-0.00384811984979018
19896,-0.0038837249438118467
19897,-0.003919230456740466
19898,-0.003954636104967193
19899,-0.003989941606542907
19900,-0.004025146681179376
19901,-0.004060251050250354
19902,-0.004095254436792868
19903,-0.004130156565508272
19904,-0.00416495716276339
19905,-0.0041996559565915265
19906,-0.004234252676693643
19907,-0.004268747054439342
19908,-0.004303138822867824
19909,-0.00433742771668899
19910,-0.004371613472284366
19911,-0.004405695827707975
19912,-0.004439674522687389
19913,-0.004473549298624539
19914,-0.004507319898596638
19915,-0.004540986067356958
19916,-0.004574547551335765
19917,-0.00460800409864108
19918,-0.004641355459059403
19919,-0.004674601384056574
19920,-0.004707741626778456
19921,-0.004740775942051673
19922,-0.0047737040863842315
19923,-0.0048065258179662935
19924,-0.004839240896670778
19925,-0.004871849084053922
19926,-0.004904350143355984
19927,-0.004936743839501778
19928,-0.004969029939101167
19929,-0.0050012082104497
19930,-0.005033278423529046
19931,-0.005065240350007527
19932,-0.005097093763240497
19933,-0.005128838438270894
19934,-0.005160474151829601
19935,-0.005192000682335792
19936,-0.005223417809897401
19937,-0.005254725316311434
19938,-0.005285922985064217
19939,-0.005317010601331838
19940,-0.005347987951980323
19941,-0.005378854825565962
19942,-0.005409611012335454
19943,-0.005440256304226229
19944,-0.005470790494866599
19945,-0.0055012133795758564
19946,-0.005531524755364544
19947,-0.005561724420934507
19948,-0.00559181217667896
19949,-0.005621787824682667
19950,-0.005651651168721916
19951,-0.005681402014264606
19952,-0.005711040168470183
19953,-0.005740565440189735
19954,-0.005769977639965906
19955,-0.005799276580032797
19956,-0.005828462074315991
19957,-0.005857533938432379
19958,-0.005886491989690091
19959,-0.005915336047088273
19960,-0.005944065931317023
19961,-0.00597268146475717
19962,-0.006001182471480002
19963,-0.006029568777247146
19964,-0.00605784020951026
19965,-0.006085996597410712
19966,-0.006114037771779396
19967,-0.006141963565136329
19968,-0.006169773811690366
19969,-0.006197468347338762
19970,-0.0062250470096668975
19971,-0.0062525096379478185
19972,-0.006279856073141773
19973,-0.006307086157895856
19974,-0.006334199736543493
19975,-0.006361196655103909
19976,-0.006388076761281715
19977,-0.006414839904466302
19978,-0.006441485935731336
19979,-0.006468014707834112
19980,-0.006494426075215052
19981,-0.006520719893997045
19982,-0.006546896021984762
19983,-0.006572954318664098
19984,-0.006598894645201416
19985,-0.0066247168644428915
19986,-0.006650420840913715
19987,-0.006676006440817468
19988,-0.006701473532035274
19989,-0.0067268219841250055
19990,-0.006752051668320554
19991,-0.006777162457530951
19992,-0.006802154226339497
19993,-0.0068270268510029685
19994,-0.0068517802094506695
19995,-0.006876414181283566
19996,-0.006900928647773285
19997,-0.0069253234918612615
19998,-0.006949598598157717
19999,-0.0069737538529406305
20000,-0.0069977891441548165
20001,-0.007021704361410843
20002,-0.0070454993959839386
20003,-0.0070691741408130185
20004,-0.007092728490499519
20005,-0.00711616234130632
20006,-0.0071394755911565536
20007,-0.00716266813963255
20008,-0.007185739887974598
20009,-0.007208690739079729
20010,-0.007231520597500588
20011,-0.0072542293694441325
20012,-0.007276816962770419
20013,-0.007299283286991275
20014,-0.007321628253269084
20015,-0.0073438517744154296
20016,-0.0073659537648897416
20017,-0.007387934140798003
20018,-0.007409792819891357
20019,-0.00743152972156466
20020,-0.00745314476685517
20021,-0.007474637878441053
20022,-0.0074960089806399574
20023,-0.007517257999407505
20024,-0.0075383848623358785
20025,-0.007559389498652261
20026,-0.0075802718392172985
20027,-0.007601031816523611
20028,-0.007621669364694203
20029,-0.00764218441948082
20030,-0.007662576918262456
20031,-0.007682846800043654
20032,-0.0077029940054529076
20033,-0.007723018476740939
20034,-0.007742920157779111
20035,-0.007762698994057673
20036,-0.007782354932684031
20037,-0.007801887922381073
20038,-0.007821297913485372
20039,-0.007840584857945438
20040,-0.00785974870931988
20041,-0.007878789422775678
20042,-0.007897706955086294
20043,-0.00791650126462983
20044,-0.007935172311387207
20045,-0.007953720056940268
20046,-0.00797214446446981
20047,-0.007990445498753778
20048,-0.008008623126165263
20049,-0.00802667731467056
20050,-0.008044608033827165
20051,-0.008062415254781859
20052,-0.00808009895026864
20053,-0.008097659094606687
20054,-0.008115095663698387
20055,-0.008132408635027219
20056,-0.008149597987655646
20057,-0.008166663702223107
20058,-0.008183605760943836
20059,-0.008200424147604753
20060,-0.008217118847563282
20061,-0.008233689847745253
20062,-0.008250137136642669
20063,-0.00826646070431147
20064,-0.008282660542369412
20065,-0.008298736643993767
20066,-0.008314689003919035
20067,-0.00833051761843477
20068,-0.008346222485383224
20069,-0.008361803604157064
20070,-0.008377260975697028
20071,-0.008392594602489629
20072,-0.00840780448856479
20073,-0.008422890639493412
20074,-0.008437853062385082
20075,-0.00845269176588561
20076,-0.008467406760174618
20077,-0.00848199805696308
20078,-0.008496465669490924
20079,-0.008510809612524532
20080,-0.008525029902354203
20081,-0.00853912655679174
20082,-0.008553099595167889
20083,-0.008566949038329755
20084,-0.008580674908638343
20085,-0.008594277229965924
20086,-0.008607756027693484
20087,-0.008621111328708077
20088,-0.008634343161400276
20089,-0.00864745155566151
20090,-0.008660436542881374
20091,-0.00867329815594505
20092,-0.008686036429230574
20093,-0.008698651398606132
20094,-0.008711143101427392
20095,-0.008723511576534752
20096,-0.00873575686425062
20097,-0.008747879006376597
20098,-0.008759878046190795
20099,-0.008771754028445005
20100,-0.008783506999361859
20101,-0.008795137006632084
20102,-0.008806644099411632
20103,-0.008818028328318843
20104,-0.008829289745431543
20105,-0.008840428404284242
20106,-0.008851444359865197
20107,-0.008862337668613475
20108,-0.00887310838841611
20109,-0.008883756578605117
20110,-0.008894282299954516
20111,-0.00890468561467744
20112,-0.008914966586423103
20113,-0.008925125280273831
20114,-0.008935161762742005
20115,-0.00894507610176712
20116,-0.008954868366712696
20117,-0.008964538628363208
20118,-0.008974086958921079
20119,-0.008983513432003577
20120,-0.008992818122639688
20121,-0.00900200110726706
20122,-0.009011062463728861
20123,-0.009020002271270651
20124,-0.0090288206105372
20125,-0.009037517563569384
20126,-0.009046093213800984
20127,-0.009054547646055462
20128,-0.009062880946542822
20129,-0.009071093202856354
20130,-0.009079184503969426
20131,-0.009087154940232201
20132,-0.00909500460336844
20133,-0.009102733586472213
20134,-0.009110341984004565
20135,-0.00911782989179031
20136,-0.009125197407014677
20137,-0.009132444628219962
20138,-0.009139571655302258
20139,-0.009146578589508058
20140,-0.009153465533430938
20141,-0.009160232591008123
20142,-0.00916687986751718
20143,-0.009173407469572582
20144,-0.009179815505122271
20145,-0.009186104083444299
20146,-0.009192273315143362
20147,-0.009198323312147342
20148,-0.009204254187703867
20149,-0.009210066056376844
20150,-0.009215759034042977
20151,-0.009221333237888237
20152,-0.009226788786404413
20153,-0.009232125799385569
20154,-0.009237344397924488
20155,-0.00924244470440917
20156,-0.009247426842519278
20157,-0.009252290937222529
20158,-0.009257037114771167
20159,-0.009261665502698356
20160,-0.00926617622981459
20161,-0.009270569426204045
20162,-0.009274845223221022
20163,-0.009279003753486266
20164,-0.00928304515088333
20165,-0.009286969550554929
20166,-0.009290777088899277
20167,-0.009294467903566408
20168,-0.009298042133454457
20169,-0.009301499918706019
20170,-0.009304841400704407
20171,-0.009308066722069913
20172,-0.009311176026656114
20173,-0.00931416945954612
20174,-0.00931704716704881
20175,-0.009319809296695073
20176,-0.009322455997234058
20177,-0.009324987418629369
20178,-0.009327403712055263
20179,-0.00932970502989287
20180,-0.00933189152572638
20181,-0.009333963354339204
20182,-0.00933592067171014
20183,-0.00933776363500956
20184,-0.009339492402595512
20185,-0.00934110713400989
20186,-0.009342607989974558
20187,-0.00934399513238747
20188,-0.009345268724318746
20189,-0.009346428930006815
20190,-0.009347475914854493
20191,-0.009348409845425043
20192,-0.009349230889438261
20193,-0.009349939215766549
20194,-0.009350534994430955
20195,-0.0093510183965972
20196,-0.00935138959457175
20197,-0.009351648761797813
20198,-0.009351796072851373
20199,-0.00935183170343718
20200,-0.009351755830384768
20201,-0.009351568631644432
20202,-0.009351270286283214
20203,-0.009350860974480887
20204,-0.009350340877525903
20205,-0.009349710177811365
20206,-0.00934896905883095
20207,-0.009348117705174889
20208,-0.009347156302525863
20209,-0.009346085037654935
20210,-0.009344904098417497
20211,-0.009343613673749114
20212,-0.009342213953661494
20213,-0.009340705129238323
20214,-0.009339087392631187
20215,-0.009337360937055431
20216,-0.009335525956786018
20217,-0.009333582647153418
20218,-0.00933153120453944
20219,-0.009329371826373077
20220,-0.009327104711126358
20221,-0.009324730058310178
20222,-0.009322248068470101
20223,-0.009319658943182199
20224,-0.009316962885048857
20225,-0.00931416009769457
20226,-0.009311250785761735
20227,-0.00930823515490646
20228,-0.00930511341179432
20229,-0.009301885764096149
20230,-0.009298552420483795
20231,-0.009295113590625903
20232,-0.009291569485183645
20233,-0.009287920315806475
20234,-0.009284166295127893
20235,-0.009280307636761147
20236,-0.009276344555294982
20237,-0.009272277266289366
20238,-0.009268105986271192
20239,-0.009263830932730003
20240,-0.009259452324113676
20241,-0.009254970379824154
20242,-0.009250385320213113
20243,-0.00924569736657764
20244,-0.009240906741155946
20245,-0.009236013667123025
20246,-0.009231018368586315
20247,-0.00922592107058137
20248,-0.009220721999067519
20249,-0.00921542138092353
20250,-0.009210019443943228
20251,-0.009204516416831168
20252,-0.009198912529198253
20253,-0.009193208011557381
20254,-0.009187403095319055
20255,-0.009181498012787016
20256,-0.009175492997153862
20257,-0.009169388282496638
20258,-0.009163184103772478
20259,-0.009156880696814187
20260,-0.009150478298325828
20261,-0.00914397714587833
20262,-0.009137377477905086
20263,-0.009130679533697514
20264,-0.00912388355340064
20265,-0.00911698977800869
20266,-0.009109998449360647
20267,-0.009102909810135808
20268,-0.009095724103849376
20269,-0.009088441574847988
20270,-0.009081062468305286
20271,-0.009073587030217451
20272,-0.00906601550739877
20273,-0.009058348147477168
20274,-0.009050585198889733
20275,-0.009042726910878273
20276,-0.009034773533484843
20277,-0.009026725317547247
20278,-0.009018582514694602
20279,-0.009010345377342821
20280,-0.00900201415869016
20281,-0.008993589112712705
20282,-0.008985070494159903
20283,-0.008976458558550062
20284,-0.008967753562165847
20285,-0.008958955762049794
20286,-0.008950065415999799
20287,-0.008941082782564622
20288,-0.008932008121039357
20289,-0.008922841691460957
20290,-0.008913583754603695
20291,-0.008904234571974633
20292,-0.008894794405809155
20293,-0.008885263519066395
20294,-0.008875642175424735
20295,-0.008865930639277278
20296,-0.008856129175727317
20297,-0.00884623805058381
20298,-0.008836257530356825
20299,-0.008826187882253037
20300,-0.008816029374171176
20301,-0.008805782274697466
20302,-0.008795446853101126
20303,-0.008785023379329794
20304,-0.008774512124004994
20305,-0.008763913358417582
20306,-0.008753227354523212
20307,-0.008742454384937771
20308,-0.008731594722932829
20309,-0.008720648642431095
20310,-0.00870961641800186
20311,-0.008698498324856417
20312,-0.008687294638843542
20313,-0.008676005636444915
20314,-0.008664631594770555
20315,-0.00865317279155426
20316,-0.008641629505149061
20317,-0.008630002014522646
20318,-0.008618290599252783
20319,-0.008606495539522786
20320,-0.008594617116116922
20321,-0.00858265561041586
20322,-0.008570611304392088
20323,-0.008558484480605364
20324,-0.00854627542219814
20325,-0.008533984412890971
20326,-0.00852161173697799
20327,-0.008509157679322294
20328,-0.008496622525351409
20329,-0.008484006561052684
20330,-0.008471310072968757
20331,-0.008458533348192956
20332,-0.008445676674364735
20333,-0.008432740339665118
20334,-0.00841972463281211
20335,-0.008406629843056122
20336,-0.008393456260175427
20337,-0.008380204174471563
20338,-0.008366873876764777
20339,-0.008353465658389445
20340,-0.00833997981118952
20341,-0.008326416627513935
20342,-0.008312776400212057
20343,-0.008299059422629124
20344,-0.008285265988601654
20345,-0.008271396392452893
20346,-0.008257450928988256
20347,-0.008243429893490738
20348,-0.008229333581716385
20349,-0.008215162289889692
20350,-0.008200916314699077
20351,-0.008186595953292302
20352,-0.008172201503271899
20353,-0.008157733262690644
20354,-0.008143191530046981
20355,-0.008128576604280463
20356,-0.008113888784767206
20357,-0.008099128371315328
20358,-0.008084295664160407
20359,-0.008069390963960915
20360,-0.008054414571793704
20361,-0.00803936678914941
20362,-0.00802424791792793
20363,-0.008009058260433915
20364,-0.007993798119372153
20365,-0.0079784677978431
20366,-0.007963067599338314
20367,-0.0079475978277359
20368,-0.007932058787295998
20369,-0.007916450782656277
20370,-0.007900774118827338
20371,-0.007885029101188256
20372,-0.007869216035482025
20373,-0.007853335227811016
20374,-0.0078373869846325
20375,-0.007821371612754105
20376,-0.0078052894193292805
20377,-0.007789140711852844
20378,-0.007772925798156434
20379,-0.007756644986403971
20380,-0.007740298585087244
20381,-0.0077238869030212855
20382,-0.007707410249339999
20383,-0.007690868933491596
20384,-0.007674263265234085
20385,-0.007657593554630836
20386,-0.007640860112046074
20387,-0.007624063248140366
20388,-0.007607203273866175
20389,-0.0075902805004633995
20390,-0.007573295239454822
20391,-0.00755624780264174
20392,-0.007539138502099443
20393,-0.007521967650172729
20394,-0.0075047355594715075
20395,-0.00748744254286629
20396,-0.007470088913483754
20397,-0.007452674984702322
20398,-0.007435201070147657
20399,-0.0074176674836882875
20400,-0.007400074539431142
20401,-0.007382422551717082
20402,-0.0073647118351165206
20403,-0.007346942704425009
20404,-0.0073291154746587305
20405,-0.0073112304610501895
20406,-0.007293287979043744
20407,-0.007275288344291169
20408,-0.007257231872647329
20409,-0.007239118880165714
20410,-0.007220949683094051
20411,-0.007202724597869955
20412,-0.007184443941116516
20413,-0.007166108029637882
20414,-0.007147717180414951
20415,-0.007129271710600953
20416,-0.007110771937517065
20417,-0.00709221817864813
20418,-0.007073610751638186
20419,-0.007054949974286199
20420,-0.007036236164541705
20421,-0.007017469640500399
20422,-0.006998650720399864
20423,-0.006979779722615249
20424,-0.0069608569656548535
20425,-0.006941882768155895
20426,-0.006922857448880167
20427,-0.006903781326709672
20428,-0.006884654720642396
20429,-0.006865477949787956
20430,-0.00684625133336329
20431,-0.006826975190688432
20432,-0.006807649841182172
20433,-0.006788275604357761
20434,-0.006768852799818706
20435,-0.006749381747254427
20436,-0.006729862766436035
20437,-0.006710296177212097
20438,-0.006690682299504291
20439,-0.006671021453303282
20440,-0.006651313958664411
20441,-0.006631560135703434
20442,-0.006611760304592388
20443,-0.00659191478555529
20444,-0.006572023898863924
20445,-0.0065520879648336946
20446,-0.006532107303819379
20447,-0.006512082236210889
20448,-0.006492013082429176
20449,-0.006471900162921997
20450,-0.0064517437981596705
20451,-0.006431544308631042
20452,-0.00641130201483923
20453,-0.0063910172372974436
20454,-0.006370690296524935
20455,-0.006350321513042728
20456,-0.006329911207369578
20457,-0.006309459700017807
20458,-0.0062889673114891395
20459,-0.006268434362270649
20460,-0.00624786117283063
20461,-0.006227248063614422
20462,-0.006206595355040428
20463,-0.006185903367495941
20464,-0.006165172421333062
20465,-0.006144402836864675
20466,-0.006123594934360358
20467,-0.006102749034042253
20468,-0.00608186545608112
20469,-0.006060944520592236
20470,-0.006039986547631292
20471,-0.006018991857190505
20472,-0.005997960769194426
20473,-0.005976893603496065
20474,-0.0059557906798728116
20475,-0.005934652318022385
20476,-0.005913478837558946
20477,-0.005892270558009039
20478,-0.0058710277988075835
20479,-0.005849750879293992
20480,-0.005828440118708142
20481,-0.005807095836186394
20482,-0.005785718350757708
20483,-0.005764307981339689
20484,-0.005742865046734555
20485,-0.005721389865625357
20486,-0.0056998827565719916
20487,-0.0056783440380072285
20488,-0.0056567740282329375
20489,-0.005635173045416065
20490,-0.00561354140758484
20491,-0.005591879432624881
20492,-0.005570187438275245
20493,-0.005548465742124681
20494,-0.005526714661607726
20495,-0.005504934514000797
20496,-0.0054831256164184754
20497,-0.005461288285809599
20498,-0.005439422838953418
20499,-0.0054175295924558725
20500,-0.005395608862745743
20501,-0.005373660966070791
20502,-0.005351686218494091
20503,-0.005329684935890204
20504,-0.005307657433941323
20505,-0.005285604028133664
20506,-0.005263525033753632
20507,-0.00524142076588403
20508,-0.005219291539400456
20509,-0.005197137668967421
20510,-0.005174959469034784
20511,-0.005152757253833947
20512,-0.005130531337374153
20513,-0.005108282033438868
20514,-0.0050860096555820624
20515,-0.0050637145171244765
20516,-0.005041396931150073
20517,-0.005019057210502333
20518,-0.004996695667780535
20519,-0.004974312615336259
20520,-0.004951908365269684
20521,-0.004929483229425928
20522,-0.004907037519391543
20523,-0.004884571546490871
20524,-0.004862085621782386
20525,-0.004839580056055255
20526,-0.004817055159825609
20527,-0.0047945112433331345
20528,-0.004771948616537445
20529,-0.004749367589114484
20530,-0.0047267684704531245
20531,-0.004704151569651562
20532,-0.004681517195513769
20533,-0.004658865656546094
20534,-0.004636197260953717
20535,-0.0046135123166371
20536,-0.004590811131188636
20537,-0.004568094011889125
20538,-0.004545361265704248
20539,-0.0045226131992812625
20540,-0.004499850118945495
20541,-0.00447707233069686
20542,-0.004454280140206557
20543,-0.004431473852813621
20544,-0.004408653773521451
20545,-0.004385820206994567
20546,-0.004362973457555091
20547,-0.004340113829179504
20548,-0.004317241625495238
20549,-0.004294357149777275
20550,-0.004271460704944922
20551,-0.004248552593558441
20552,-0.004225633117815653
20553,-0.0042027025795487805
20554,-0.004179761280221073
20555,-0.004156809520923477
20556,-0.004133847602371472
20557,-0.004110875824901756
20558,-0.004087894488468929
20559,-0.00406490389264237
20560,-0.004041904336602946
20561,-0.004018896119139738
20562,-0.003995879538646961
20563,-0.0039728548931206075
20564,-0.003949822480155399
20565,-0.003926782596941545
20566,-0.0039037355402615106
20567,-0.003880681606486994
20568,-0.003857621091575701
20569,-0.003834554291068159
20570,-0.0038114815000847074
20571,-0.003788403013322329
20572,-0.003765319125051469
20573,-0.0037422301291130805
20574,-0.0037191363189154765
20575,-0.0036960379874311903
20576,-0.0036729354271940397
20577,-0.0036498289302960203
20578,-0.0036267187883842027
20579,-0.003603605292657834
20580,-0.003580488733865178
20581,-0.0035573694023006428
20582,-0.003534247587801719
20583,-0.003511123579745937
20584,-0.0034879976670480176
20585,-0.003464870138156854
20586,-0.003441741281052479
20587,-0.0034186113832432685
20588,-0.0033954807317629443
20589,-0.003372349613167589
20590,-0.003349218313532869
20591,-0.003326087118451074
20592,-0.003302956313028173
20593,-0.0032798261818810515
20594,-0.003256697009134611
20595,-0.0032335690784188378
20596,-0.0032104426728660944
20597,-0.003187318075108228
20598,-0.0031641955672736897
20599,-0.003141075430984879
20600,-0.00311795794735517
20601,-0.0030948433969862957
20602,-0.0030717320599654967
20603,-0.003048624215862701
20604,-0.0030255201437279096
20605,-0.0030024201220883884
20606,-0.002979324428945874
20607,-0.0029562333417740023
20608,-0.0029331471375155294
20609,-0.0029100660925795814
20610,-0.0028869904828390976
20611,-0.0028639205836281075
20612,-0.0028408566697390035
20613,-0.002817799015420017
20614,-0.0027947478943725393
20615,-0.0027717035797484206
20616,-0.0027486663441475163
20617,-0.002725636459614913
20618,-0.002702614197638497
20619,-0.0026795998291463115
20620,-0.002656593624503921
20621,-0.0026335958535120088
20622,-0.0026106067854037534
20623,-0.0025876266888422432
20624,-0.002564655831918091
20625,-0.0025416944821468612
20626,-0.0025187429064665126
20627,-0.0024958013712350464
20628,-0.002472870142227976
20629,-0.002449949484635801
20630,-0.0024270396630616934
20631,-0.002404140941518997
20632,-0.002381253583428741
20633,-0.0023583778516173873
20634,-0.002335514008314244
20635,-0.002312662315149252
20636,-0.0022898230331505278
20637,-0.0022669964227419485
20638,-0.0022441827437409212
20639,-0.0022213822553559933
20640,-0.002198595216184441
20641,-0.0021758218842101063
20642,-0.0021530625168010155
20643,-0.0021303173707070315
20644,-0.002107586702057699
20645,-0.0020848707663599204
20646,-0.00206216981849563
20647,-0.0020394841127196845
20648,-0.0020168139026575695
20649,-0.0019941594413031135
20650,-0.001971520981016415
20651,-0.0019488987735215815
20652,-0.0019262930699044827
20653,-0.0019037041206107358
20654,-0.001881132175443365
20655,-0.0018585774835608217
20656,-0.0018360402934747787
20657,-0.0018135208530479403
20658,-0.0017910194094920722
20659,-0.0017685362093658348
20660,-0.0017460714985726325
20661,-0.0017236255223586727
20662,-0.0017011985253108425
20663,-0.0016787907513545932
20664,-0.0016564024437520355
20665,-0.0016340338450998532
20666,-0.0016116851973272204
20667,-0.001589356741693941
20668,-0.0015670487187883868
20669,-0.0015447613685254668
20670,-0.001522494930144814
20671,-0.0015002496422086584
20672,-0.0014780257426000457
20673,-0.0014558234685208417
20674,-0.00143364305648976
20675,-0.0014114847423405833
20676,-0.001389348761220217
20677,-0.0013672353475867433
20678,-0.0013451447352076892
20679,-0.0013230771571581096
20680,-0.0013010328458186791
20681,-0.0012790120328739982
20682,-0.0012570149493107135
20683,-0.001235041825415649
20684,-0.001213092890774146
20685,-0.0011911683742682193
20686,-0.001169268504074728
20687,-0.0011473935076637511
20688,-0.001125543611796781
20689,-0.001103719042524931
20690,-0.0010819200251873716
20691,-0.0010601467844094483
20692,-0.0010383995441011497
20693,-0.0010166785274553552
20694,-0.0009949839569461084
20695,-0.0009733160543270879
20696,-0.000951675040629906
20697,-0.000930061136162408
20698,-0.0009084745605071881
20699,-0.0008869155325199195
20700,-0.0008653842703276922
20701,-0.00084388099132757
20702,-0.0008224059121849493
20703,-0.0008009592488319433
20704,-0.0007795412164659682
20705,-0.0007581520295481469
20706,-0.0007367919018017237
20707,-0.0007154610462107113
20708,-0.0006941596750182236
20709,-0.0006728879997251439
20710,-0.0006516462310885943
20711,-0.00063043457912041
20712,-0.0006092532530858271
20713,-0.0005881024615019852
20714,-0.0005669824121364423
20715,-0.0005458933120058959
20716,-0.0005248353673747261
20717,-0.0005038087837535454
20718,-0.00048281376589795916
20719,-0.00046185051780714306
20720,-0.0004409192427224312
20721,-0.0004200201431261143
20722,-0.00039915342074005127
20723,-0.0003783192765242987
20724,-0.00035751791067596423
20725,-0.0003367495226277494
20726,-0.00031601431104683
20727,-0.00029531247383353176
20728,-0.00027464420812001834
20729,-0.00025400971026918567
20730,-0.00023340917587337626
20731,-0.00021284279975310291
20732,-0.00019231077595598114
20733,-0.000171813297755479
20734,-0.0001513505576496787
20735,-0.0001309227473602456
20736,-0.00011053005783121462
20737,-9.017267922778925e-05
20738,-6.985080093534724e-05
20739,-4.956461155826359e-05
20740,-2.931429891874671e-05
20741,-9.100050055880362e-06
20742,1.107794877551604e-05
20743,3.1219512106014645e-05
20744,5.1324455252479213e-05
20745,7.139259431927521e-05
20746,9.142374619914572e-05
20747,0.0001114177285742896
20748,0.0001313743599174274
20749,0.00015129345949266225
20750,0.00017117484735652117
20751,0.00019101834435898463
20752,0.00021082377214431069
20753,0.00023059095315204029
20754,0.0002503197106179892
20755,0.00027000986857503723
20756,0.0002896612518540947
20757,0.0003092736860850604
20758,0.0003288469976975725
20759,0.0003483810139219406
20760,0.00036787556279006524
20761,0.00038733047313613234
20762,0.00040674557459761485
20763,0.000426120697615943
20764,0.00044545567343737627
20765,0.00046475033411386114
20766,0.0004840045125036877
20767,0.0005032180422723247
20768,0.00052239075789324
20769,0.000541522494648524
20770,0.0005606130886296843
20771,0.0005796623767384353
20772,0.0005986701966872804
20773,0.0006176363870002759
20774,0.0006365607870137791
20775,0.0006554432368769995
20776,0.0006742835775527239
20777,0.0006930816508180274
20778,0.0007118372992647934
20779,0.0007305503663003985
20780,0.0007492206961483911
20781,0.0007678481338489516
20782,0.0007864325252596469
20783,0.0008049737170558687
20784,0.0008234715567314585
20785,0.0008419258925993299
20786,0.000860336573791887
20787,0.0008787034502616201
20788,0.0008970263727816846
20789,0.0009153051929462908
20790,0.0009335397631712575
20791,0.0009517299366945632
20792,0.0009698755675766941
20793,0.0009879765107011678
20794,0.0010060326217750442
20795,0.0010240437573292409
20796,0.0010420097747190229
20797,0.0010599305321244736
20798,0.0010778058885507617
20799,0.001095635703828692
20800,0.0011134198386149414
20801,0.0011311581543924924
20802,0.0011488505134710464
20803,0.0011664967789872499
20804,0.0011840968149050843
20805,0.0012016504860162544
20806,0.0012191576579403739
20807,0.0012366181971253238
20808,0.0012540319708476022
20809,0.001271398847212479
20810,0.0012887186951543194
20811,0.0013059913844368947
20812,0.001323216785653507
20813,0.0013403947702272795
20814,0.0013575252104114312
20815,0.0013746079792893455
20816,0.0013916429507749256
20817,0.001408629999612641
20818,0.0014255690013777547
20819,0.0014424598324765503
20820,0.0014593023701463602
20821,0.0014760964924557631
20822,0.0014928420783047718
20823,0.0015095390074248323
20824,0.001526187160378988
20825,0.0015427864185620249
20826,0.0015593366642004474
20827,0.0015758377803526038
20828,0.001592289650908802
20829,0.0016086921605912466
20830,0.0016250451949541332
20831,0.001641348640383727
20832,0.0016576023840982747
20833,0.001673806314148057
20834,0.0016899603194154436
20835,0.0017060642896147412
20836,0.0017221181152923149
20837,0.001738121687826422
20838,0.0017540748994272055
20839,0.001769977643136705
20840,0.0017858298128286612
20841,0.0018016313032084882
20842,0.0018173820098132422
20843,0.0018330818290113945
20844,0.0018487306580027825
20845,0.0018643283948185235
20846,0.0018798749383207819
20847,0.0018953701882026648
20848,0.0019108140449881211
20849,0.001926206410031661
20850,0.0019415471855182315
20851,0.0019568362744630773
20852,0.0019720735807114043
20853,0.001987259008938328
20854,0.002002392464648507
20855,0.002017473854175974
20856,0.0020325030846839345
20857,0.0020474800641644103
20858,0.002062404701438028
20859,0.0020772769061537855
20860,0.00209209658878867
20861,0.0021068636606474084
20862,0.0021215780338622093
20863,0.002136239621392341
20864,0.0021508483370238575
20865,0.002165404095369302
20866,0.0021799068118672623
20867,0.0021943564027820574
20868,0.0022087527852034192
20869,0.00222309587704599
20870,0.002237385597049071
20871,0.002251621864776097
20872,0.0022658046006142738
20873,0.002279933725774214
20874,0.0022940091622893964
20875,0.0023080308330157766
20876,0.002321998661631386
20877,0.0023359125726357625
20878,0.002349772491349534
20879,0.002363578343913977
20880,0.002377330057290432
20881,0.0023910275592598455
20882,0.0024046707784223073
20883,0.0024182596441964252
20884,0.0024317940868188452
20885,0.0024452740373437547
20886,0.0024586994276422267
20887,0.0024720701904017164
20888,0.0024853862591255266
20889,0.0024986475681321165
20890,0.002511854052554635
20891,0.0025250056483402095
20892,0.0025381022922493796
20893,0.0025511439218555147
20894,0.0025641304755441006
20895,0.002577061892512138
20896,0.002589938112767541
20897,0.002602759077128376
20898,0.0026155247272222452
20899,0.0026282350054856523
20900,0.0026408898551632093
20901,0.0026534892203069994
20902,0.0026660330457759047
20903,0.0026785212772348003
20904,0.0026909538611538625
20905,0.0027033307448078954
20906,0.0027156518762754558
20907,0.002727917204438236
20908,0.0027401266789801883
20909,0.0027522802503867874
20910,0.0027643778699443003
20911,0.0027764194897389022
20912,0.002788405062655917
20913,0.00280033454237904
20914,0.0028122078833894503
20915,0.002824025040965005
20916,0.0028357859711794545
20917,0.0028474906309014997
20918,0.0028591389777939823
20919,0.002870730970313065
20920,0.002882266567707256
20921,0.002893745730016581
20922,0.002905168418071729
20923,0.002916534593493062
20924,0.0029278442186897427
20925,0.002939097256858867
20926,0.0029502936719844265
20927,0.0029614334288364827
20928,0.002972516492970128
20929,0.0029835428307245673
20930,0.002994512409222201
20931,0.0030054251963675563
20932,0.003016281160846364
20933,0.003027080272124596
20934,0.003037822500447379
20935,0.0030485078168380458
20936,0.0030591361930971507
20937,0.0030697076018013554
20938,0.0030802220163024465
20939,0.003090679410726335
20940,0.0031010797599719084
20941,0.0031114230397100303
20942,0.0031217092263825124
20943,0.0031319382972009287
20944,0.003142110230145657
20945,0.0031522250039646813
20946,0.003162282598172539
20947,0.0031722829930492355
20948,0.0031822261696390734
20949,0.0031921121097495436
20950,0.0032019407959502457
20951,0.0032117122115716593
20952,0.0032214263407040365
20953,0.0032310831681962838
20954,0.003240682679654711
20955,0.0032502248614419064
20956,0.003259709700675592
20957,0.0032691371852273474
20958,0.003278507303721458
20959,0.0032878200455337485
20960,0.0032970754007902742
20961,0.0033062733603661993
20962,0.003315413915884491
20963,0.003324497059714709
20964,0.003333522784971802
20965,0.003342491085514781
20966,0.0033514019559454924
20967,0.003360255391607397
20968,0.0033690513885841987
20969,0.0033777899436986266
20970,0.00338647105451116
20971,0.0033950947193186675
20972,0.0034036609371531283
20973,0.003412169707780367
20974,0.0034206210316986545
20975,0.0034290149101374053
20976,0.003437351345055897
20977,0.003445630339141846
20978,0.003453851895810092
20979,0.0034620160192012795
20980,0.0034701227141804084
20981,0.003478171986335551
20982,0.003486163841976404
20983,0.003494098288132921
20984,0.0035019753325539727
20985,0.0035097949837058556
20986,0.0035175572507709354
20987,0.003525262143646265
20988,0.003532909672942075
20989,0.003540499849980405
20990,0.0035480326867936935
20991,0.0035555081961232598
20992,0.003562926391417894
20993,0.0035702872868324377
20994,0.0035775908972262497
20995,0.003584837238161763
20996,0.0035920263259030575
20997,0.0035991581774142837
20998,0.0036062328103582757
20999,0.003613250243094963
21000,0.0036202104946799077
21001,0.0036271135848628287
21002,0.0036339595340860124
21003,0.003640748363482831
21004,0.0036474800948762417
21005,0.0036541547507771862
21006,0.0036607723543830807
21007,0.0036673329295762998
21008,0.0036738365009225597
21009,0.003680283093669373
21010,0.00368667273374454
21011,0.003693005447754493
21012,0.0036992812629827484
21013,0.003705500207388358
21014,0.003711662309604254
21015,0.0037177675989356652
21016,0.003723816105358571
21017,0.003729807859517993
21018,0.0037357428927264806
21019,0.0037416212369624003
21020,0.003747442924868342
21021,0.0037532079897495273
21022,0.003758916465572079
21023,0.0037645683869614384
21024,0.003770163789200721
21025,0.0037757027082290077
21026,0.0037811851806397023
21027,0.003786611243678907
21028,0.003791980935243667
21029,0.003797294293880331
21030,0.0038025513587828974
21031,0.0038077521697912563
21032,0.0038128967673895188
21033,0.0038179851927043506
21034,0.00382301748750319
21035,0.003827993694192613
21036,0.0038329138558165373
21037,0.0038377780160545427
21038,0.0038425862192201527
21039,0.0038473385102590512
21040,0.0038520349347473675
21041,0.003856675538889953
21042,0.003861260369518581
21043,0.003865789474090209
21044,0.0038702629006852497
21045,0.003874680698005751
21046,0.0038790429153736415
21047,0.003883349602728992
21048,0.0038876008106281702
21049,0.003891796590242083
21050,0.003895936993354401
21051,0.0039000220723597184
21052,0.0039040518802618096
21053,0.003908026470671757
21054,0.003911945897806173
21055,0.003915810216485405
21056,0.003919619482131652
21057,0.003923373750767189
21058,0.003927073079012537
21059,0.0039307175240845885
21060,0.00393430714379479
21061,0.003937841996547317
21062,0.003941322141337184
21063,0.003944747637748405
21064,0.003948118545952162
21065,0.003951434926704901
21066,0.00395469684134648
21067,0.0039579043517983204
21068,0.003961057520561486
21069,0.003964156410714834
21070,0.003967201085913125
21071,0.003970191610385117
21072,0.0039731280489317105
21073,0.003976010466923998
21074,0.003978838930301394
21075,0.00398161350556974
21076,0.0039843342597993625
21077,0.003987001260623162
21078,0.003989614576234745
21079,0.003992174275386425
21080,0.003994680427387347
21081,0.003997133102101558
21082,0.00399953236994604
21083,0.004001878301888795
21084,0.004004170969446909
21085,0.004006410444684585
21086,0.004008596800211205
21087,0.004010730109179393
21088,0.004012810445283013
21089,0.004014837882755275
21090,0.004016812496366696
21091,0.004018734361423178
21092,0.004020603553764051
21093,0.004022420149760045
21094,0.004024184226311351
21095,0.00402589586084564
21096,0.0040275551313160565
21097,0.004029162116199225
21098,0.0040307168944933025
21099,0.004032219545715935
21100,0.004033670149902275
21101,0.004035068787602995
21102,0.004036415539882254
21103,0.004037710488315707
21104,0.004038953714988497
21105,0.0040401453024932225
21106,0.004041285333927931
21107,0.0040423738928941095
21108,0.0040434110634946265
21109,0.0040443969303317505
21110,0.004045331578505079
21111,0.004046215093609513
21112,0.0040470475617332595
21113,0.004047829069455739
21114,0.004048559703845572
21115,0.004049239552458545
21116,0.004049868703335534
21117,0.004050447245000473
21118,0.004050975266458303
21119,0.004051452857192908
21120,0.0040518801071650545
21121,0.0040522571068103575
21122,0.0040525839470371755
21123,0.0040528607192245715
21124,0.0040530875152202574
21125,0.0040532644273384745
21126,0.004053391548357978
21127,0.004053468971519923
21128,0.004053496790525796
21129,0.0040534750995353495
21130,0.004053403993164502
21131,0.004053283566483244
21132,0.004053113915013584
21133,0.004052895134727434
21134,0.004052627322044517
21135,0.0040523105738302975
21136,0.0040519449873938525
21137,0.004051530660485796
21138,0.004051067691296173
21139,0.004050556178452358
21140,0.004049996221016946
21141,0.004049387918485664
21142,0.004048731370785234
21143,0.004048026678271292
21144,0.0040472739417262635
21145,0.004046473262357236
21146,0.004045624741793876
21147,0.00404472848208629
21148,0.004043784585702901
21149,0.004042793155528355
21150,0.004041754294861365
21151,0.004040668107412614
21152,0.004039534697302611
21153,0.004038354169059581
21154,0.00403712662761732
21155,0.004035852178313086
21156,0.004034530926885439
21157,0.004033162979472135
21158,0.004031748442607984
21159,0.004030287423222694
21160,0.004028780028638767
21161,0.004027226366569341
21162,0.00402562654511605
21163,0.0040239806727668985
21164,0.0040222888583941
21165,0.004020551211251936
21166,0.0040187678409746306
21167,0.00401693885757419
21168,0.0040150643714382496
21169,0.004013144493327944
21170,0.004011179334375749
21171,0.0040091690060833265
21172,0.004007113620319381
21173,0.0040050132893175066
21174,0.004002868125674038
21175,0.004000678242345888
21176,0.003998443752648404
21177,0.0039961647702532
21178,0.0039938414091860224
21179,0.003991473783824557
21180,0.003989062008896317
21181,0.003986606199476446
21182,0.003984106470985582
21183,0.003981562939187693
21184,0.003978975720187914
21185,0.0039763449304303835
21186,0.003973670686696089
21187,0.003970953106100709
21188,0.003968192306092436
21189,0.003965388404449834
21190,0.0039625415192796574
21191,0.003959651769014699
21192,0.003956719272411625
21193,0.0039537441485487995
21194,0.003950726516824139
21195,0.003947666496952938
21196,0.003944564208965699
21197,0.0039414197732059834
21198,0.003938233310328226
21199,0.003935004941295591
21200,0.003931734787377781
21201,0.003928422970148902
21202,0.0039250696114852745
21203,0.003921674833563279
21204,0.003918238758857186
21205,0.0039147615101369935
21206,0.003911243210466254
21207,0.003907683983199921
21208,0.0039040839519821793
21209,0.0039004432407442778
21210,0.003896761973702359
21211,0.0038930402753553106
21212,0.0038892782704825876
21213,0.0038854760841420467
21214,0.003881633841667794
21215,0.003877751668668013
21216,0.003873829691022806
21217,0.003869868034882026
21218,0.003865866826663117
21219,0.0038618261930489597
21220,0.0038577462609856875
21221,0.003853627157680555
21222,0.0038494690105997592
21223,0.003845271947466282
21224,0.003841036096257734
21225,0.003836761585204197
21226,0.0038324485427860626
21227,0.0038280970977318677
21228,0.0038237073790161574
21229,0.0038192795158573127
21230,0.0038148136377154016
21231,0.003810309874290025
21232,0.0038057683555181568
21233,0.003801189211572006
21234,0.0037965725728568386
21235,0.0037919185700088574
21236,0.0037872273338930345
21237,0.00378249899560096
21238,0.003777733686448706
21239,0.0037729315379746746
21240,0.0037680926819374356
21241,0.0037632172503136094
21242,0.003758305375295708
21243,0.0037533571892899914
21244,0.0037483728249143307
21245,0.0037433524149960615
21246,0.003738296092569856
21247,0.0037332039908755644
21248,0.003728076243356106
21249,0.003722912983655309
21250,0.0037177143456157908
21251,0.0037124804632768242
21252,0.003707211470872192
21253,0.0037019075028280825
21254,0.0036965686937609223
21255,0.0036911951784752975
21256,0.003685787091961788
21257,0.0036803445693948614
21258,0.003674867746130748
21259,0.0036693567577053194
21260,0.003663811739831968
21261,0.003658232828399478
21262,0.0036526201594699356
21263,0.0036469738692765895
21264,0.003641294094221748
21265,0.0036355809708746704
21266,0.003629834635969445
21267,0.0036240552264029014
21268,0.003618242879232476
21269,0.0036123977316741373
21270,0.003606519921100268
21271,0.0036006095850375616
21272,0.003594666861164932
21273,0.003588691887311416
21274,0.003582684801454071
21275,0.003576645741715885
21276,0.0035705748463636926
21277,0.003564472253806076
21278,0.0035583381025912856
21279,0.0035521725314051544
21280,0.0035459756790690096
21281,0.0035397476845375904
21282,0.0035334886868969868
21283,0.003527198825362537
21284,0.0035208782392767758
21285,0.003514527068107354
21286,0.003508145451444962
21287,0.00350173352900128
21288,0.0034952914406068784
21289,0.0034888193262092014
21290,0.0034823173258704755
21291,0.003475785579765651
21292,0.0034692242281803604
21293,0.0034626334115088597
21294,0.00345601327025197
21295,0.0034493639450150306
21296,0.0034426855765058687
21297,0.0034359783055327325
21298,0.0034292422730022648
21299,0.0034224776199174656
21300,0.00341568448737564
21301,0.0034088630165663865
21302,0.0034020133487695486
21303,0.0033951356253531895
21304,0.0033882299877715785
21305,0.00338129657756316
21306,0.0033743355363485225
21307,0.003367347005828405
21308,0.0033603311277816575
21309,0.00335328804406324
21310,0.0033462178966022255
21311,0.003339120827399765
21312,0.0033319969785271138
21313,0.003324846492123615
21314,0.0033176695103946966
21315,0.0033104661756098866
21316,0.0033032366301008267
21317,0.003295981016259261
21318,0.003288699476535073
21319,0.0032813921534342967
21320,0.0032740591895171174
21321,0.003266700727395927
21322,0.003259316909733324
21323,0.003251907879240148
21324,0.0032444737786735283
21325,0.003237014750834889
21326,0.0032295309385680197
21327,0.003222022484757099
21328,0.003214489532324735
21329,0.003206932224230019
21330,0.0031993507034665924
21331,0.0031917451130606673
21332,0.0031841155960691185
21333,0.003176462295577527
21334,0.0031687853546982342
21335,0.00316108491656844
21336,0.0031533611243482417
21337,0.0031456141212187197
21338,0.0031378440503800303
21339,0.003130051055049469
21340,0.0031222352784595502
21341,0.0031143968638561144
21342,0.003106535954496415
21343,0.0030986526936471856
21344,0.0030907472245827847
21345,0.0030828196905832534
21346,0.0030748702349324575
21347,0.003066899000916175
21348,0.0030589061318202007
21349,0.003050891770928494
21350,0.003042856061521269
21351,0.003034799146873122
21352,0.003026721170251179
21353,0.0030186222749132106
21354,0.003010502604105753
21355,0.003002362301062281
21356,0.002994201509001319
21357,0.0029860203711245922
21358,0.0029778190306151957
21359,0.0029695976306357307
21360,0.0029613563143264495
21361,0.0029530952248034534
21362,0.002944814505156815
21363,0.0029365142984487717
21364,0.002928194747711907
21365,0.002919855995947289
21366,0.002911498186122692
21367,0.0029031214611707633
21368,0.002894725963987191
21369,0.0028863118374289403
21370,0.0028778792243124122
21371,0.002869428267411648
21372,0.0028609591094565586
21373,0.0028524718931311113
21374,0.0028439667610715303
21375,0.0028354438558645468
21376,0.0028269033200456007
21377,0.0028183452960970426
21378,0.0028097699264464124
21379,0.002801177353464622
21380,0.0027925677194642284
21381,0.0027839411666976607
21382,0.0027752978373554497
21383,0.002766637873564509
21384,0.0027579614173863657
21385,0.002749268610815412
21386,0.0027405595957771976
21387,0.002731834514126675
21388,0.0027230935076464546
21389,0.002714336718045119
21390,0.0027055642869554712
21391,0.0026967763559328202
21392,0.0026879730664532853
21393,0.0026791545599120854
21394,0.0026703209776218046
21395,0.0026614724608107405
21396,0.0026526091506211846
21397,0.0026437311881077107
21398,0.0026348387142355397
21399,0.0026259318698788094
21400,0.0026170107958189306
21401,0.0026080756327429085
21402,0.002599126521241644
21403,0.0025901636018083197
21404,0.0025811870148367074
21405,0.002572196900619509
21406,0.00256319339934674
21407,0.0025541766511040617
21408,0.002545146795871122
21409,0.0025361039735199604
21410,0.0025270483238133603
21411,0.0025179799864031875
21412,0.0025088991008288234
21413,0.002499805806515525
21414,0.002490700242772782
21415,0.0024815825487927677
21416,0.0024724528636486695
21417,0.002463311326293151
21418,0.0024541580755567194
21419,0.0024449932501461307
21420,0.002435816988642845
21421,0.0024266294295014136
21422,0.0024174307110478967
21423,0.002408220971478326
21424,0.0023990003488571247
21425,0.0023897689811155105
21426,0.0023805270060500024
21427,0.0023712745613208358
21428,0.0023620117844503977
21429,0.0023527388128217266
21430,0.0023434557836769544
21431,0.0023341628341157494
21432,0.002324860101093842
21433,0.0023155477214214736
21434,0.0023062258317618576
21435,0.0022968945686297213
21436,0.0022875540683897347
21437,0.0022782044672550695
21438,0.0022688459012858626
21439,0.0022594785063877174
21440,0.002250102418310257
21441,0.002240717772645613
21442,0.0022313247048269297
21443,0.0022219233501269363
21444,0.00221251384365646
21445,0.0022030963203629283
21446,0.002193670915028974
21447,0.00218423776227095
21448,0.002174796996537457
21449,0.0021653487521079537
21450,0.0021558931630912942
21451,0.0021464303634242702
21452,0.0021369604868702358
21453,0.0021274836670176333
21454,0.0021180000372786213
21455,0.0021085097308876422
21456,0.0020990128808999957
21457,0.0020895096201904778
21458,0.0020800000814519683
21459,0.0020704843971940043
21460,0.002060962699741457
21461,0.002051435121233116
21462,0.002041901793620294
21463,0.0020323628486655023
21464,0.002022818417941066
21465,0.0020132686328277285
21466,0.00200371362451336
21467,0.001994153523991575
21468,0.001984588462060365
21469,0.0019750185693208164
21470,0.0019654439761757118
21471,0.0019558648128282603
21472,0.001946281209280742
21473,0.0019366932953331778
21474,0.001927101200582058
21475,0.0019175050544190107
21476,0.0019079049860294761
21477,0.00189830112439146
21478,0.0018886935982742187
21479,0.0018790825362369392
21480,0.0018694680666275223
21481,0.0018598503175812717
21482,0.001850229417019605
21483,0.0018406054926488327
21484,0.0018309786719588798
21485,0.0018213490822220073
21486,0.0018117168504916022
21487,0.0018020821036009262
21488,0.0017924449681618413
21489,0.0017828055705636386
21490,0.0017731640369717469
21491,0.0017635204933265666
21492,0.0017538750653422314
21493,0.0017442278785053645
21494,0.0017345790580739363
21495,0.0017249287290760306
21496,0.0017152770163086275
21497,0.0017056240443364627
21498,0.0016959699374908222
21499,0.0016863148198683392
21500,0.0016766588153298645
21501,0.0016670020474992846
21502,0.0016573446397623297
21503,0.0016476867152654668
21504,0.0016380283969147258
21505,0.0016283698073745318
21506,0.0016187110690666143
21507,0.0016090523041688194
21508,0.0015993936346140292
21509,0.0015897351820890221
21510,0.00158007706803332
21511,0.0015704194136381359
21512,0.0015607623398452384
21513,0.0015511059673458216
21514,0.0015414504165794675
21515,0.0015317958077330275
21516,0.001522142260739509
21517,0.0015124898952770553
21518,0.0015028388307678383
21519,0.0014931891863769733
21520,0.001483541081011498
21521,0.0014738946333193016
21522,0.0014642499616880408
21523,0.001454607184244156
21524,0.001444966418851764
21525,0.001435327783111682
21526,0.0014256913943603772
21527,0.0014160573696689071
21528,0.0014064258258419686
21529,0.0013967968794168495
21530,0.0013871706466624008
21531,0.0013775472435780863
21532,0.0013679267858929618
21533,0.001358309389064661
21534,0.0013486951682784572
21535,0.00133908423844627
21536,0.0013294767142056586
21537,0.0013198727099189079
21538,0.0013102723396720424
21539,0.0013006757172738452
21540,0.0012910829562549546
21541,0.001281494169866902
21542,0.0012719094710811403
21543,0.0012623289725881735
21544,0.0012527527867965582
21545,0.0012431810258320458
21546,0.0012336138015366382
21547,0.0012240512254676453
21548,0.0012144934088968427
21549,0.0012049404628095384
21550,0.0011953924979036562
21551,0.0011858496245888963
21552,0.001176311952985832
21553,0.0011667795929250018
21554,0.00115725265394609
21555,0.0011477312452970404
21556,0.0011382154759331643
21557,0.0011287054545163432
21558,0.0011192012894141498
21559,0.0011097030886989807
21560,0.0011002109601472828
21561,0.0010907250112386433
21562,0.0010812453491550356
21563,0.0010717720807799649
21564,0.0010623053126976314
21565,0.0010528451511921692
21566,0.0010433917022468224
21567,0.0010339450715431168
21568,0.0010245053644601196
21569,0.001015072686073631
21570,0.0010056471411553725
21571,0.0009962288341722673
21572,0.0009868178692856438
21573,0.0009774143503504438
21574,0.0009680183809145189
21575,0.0009586300642178478
21576,0.0009492495031917693
21577,0.0009398768004582888
21578,0.000930512058329318
21579,0.0009211553788059177
21580,0.0009118068635776365
21581,0.0009024666140217174
21582,0.0008931347312024528
21583,0.0008838113158704468
21584,0.0008744964684618866
21585,0.0008651902890979005
21586,0.0008558928775838412
21587,0.0008466043334085729
21588,0.0008373247557438456
21589,0.0008280542434435957
21590,0.0008187928950432515
21591,0.0008095408087591227
21592,0.0008002980824877183
21593,0.0007910648138050682
21594,0.0007818410999661322
21595,0.0007726270379041295
21596,0.0007634227242298836
21597,0.0007542282552312522
21598,0.0007450437268724334
21599,0.0007358692347934122
21600,0.0007267048743093194
21601,0.0007175507404098018
21602,0.0007084069277584706
21603,0.0006992735306922853
21604,0.0006901506432209332
21605,0.0006810383590263019
21606,0.0006719367714618715
21607,0.0006628459735521182
21608,0.0006537660579919992
21609,0.0006446971171463632
21610,0.0006356392430493707
21611,0.0006265925274039959
21612,0.0006175570615814549
21613,0.0006085329366206398
21614,0.0005995202432276488
21615,0.0005905190717751837
21616,0.0005815295123020941
21617,0.0005725516545128309
21618,0.0005635855877769093
21619,0.000554631401128456
21620,0.0005456891832656823
21621,0.0005367590225503633
21622,0.0005278410070074002
21623,0.000518935224324313
21624,0.0005100417618507332
21625,0.0005011607065979856
21626,0.0004922921452385943
21627,0.0004834361641057949
21628,0.00047459284919313126
21629,0.00046576228615397757
21630,0.0004569445603010684
21631,0.0004481397566061113
21632,0.0004393479596993268
21633,0.00043056925386899213
21634,0.00042180372306108095
21635,0.00041305145087877534
21636,0.00040431252058211375
21637,0.00039558701508756014
21638,0.0003868750169675745
21639,0.0003781766084502711
21640,0.0003694918714190014
21641,0.000360820887411942
21642,0.00035216373762176934
21643,0.00034352050289525776
21644,0.0003348912637328861
21645,0.0003262761002885266
21646,0.00031767509236906044
21647,0.0003090883194339998
21648,0.0003005158605951928
21649,0.0002919577946164568
21650,0.00028341419991321403
21651,0.0002748851545522243
21652,0.0002663707362511887
21653,0.00025787102237849046
21654,0.00024938608995285467
21655,0.00024091601564301296
21656,0.00023246087576745075
21657,0.00022402074629408416
21658,0.00021559570283993977
21659,0.00020718582067091906
21660,0.00019879117470148977
21661,0.00019041183949438273
21662,0.00018204788926037228
21663,0.00017369939785798246
21664,0.00016536643879320147
21665,0.00015704908521927652
21666,0.00014874740993643724
21667,0.00014046148539162466
21668,0.00013219138367830252
21669,0.00012393717653619692
21670,0.00011569893535104002
21671,0.000107476731154407
21672,9.927063462342734e-05
21673,9.108071608063152e-05
21674,8.290704549371627e-05
21675,7.474969247531536e-05
21676,6.660872628285333e-05
21677,5.848421581832612e-05
21678,5.037622962808786e-05
21679,4.228483590271975e-05
21680,3.4210102476826645e-05
21681,2.6152096828839265e-05
21682,1.8110886080898407e-05
21683,1.0086536998667333e-05
21684,2.0791159911493067e-06
21685,-5.911310889412691e-06
21686,-1.3884677947708227e-05
21687,-2.184091984552626e-05
21688,-2.9779971601831824e-05
21689,-3.77017685929653e-05
21690,-4.5606246552708754e-05
21691,-5.3493341572432744e-05
21692,-6.136299010123727e-05
21693,-6.921512894601185e-05
21694,-7.704969527156687e-05
21695,-8.486662660075911e-05
21696,-9.26658608145373e-05
21697,-0.00010044733615205738
21698,-0.00010821099121079366
21699,-0.00011595676494656898
21700,-0.00012368459667365505
21701,-0.00013139442606486845
21702,-0.00013908619315158545
21703,-0.00014675983832382835
21704,-0.00015441530233034485
21705,-0.00016205252627860147
21706,-0.00016967145163489502
21707,-0.00017727202022433544
21708,-0.00018485417423090602
21709,-0.0001924178561975194
21710,-0.00019996300902599363
21711,-0.0002074895759770974
21712,-0.0002149975006705918
21713,-0.00022248672708519133
21714,-0.00022995719955859492
21715,-0.00023740886278751205
21716,-0.00024484166182760984
21717,-0.0002522555420935302
21718,-0.0002596504493588989
21719,-0.00026702632975626127
21720,-0.00027438312977708226
21721,-0.0002817207962717435
21722,-0.00028903927644946173
21723,-0.0002963385178782767
21724,-0.000303618468485033
21725,-0.00031087907655527526
21726,-0.00031812029073326377
21727,-0.00032534206002185956
21728,-0.00033254433378248873
21729,-0.00033972706173509973
21730,-0.0003468901939580456
21731,-0.00035403368088803125
21732,-0.00036115747332005944
21733,-0.0003682615224072966
21734,-0.00037534577966100857
21735,-0.00038241019695048974
21736,-0.00038945472650291627
21737,-0.0003964793209032684
21738,-0.00040348393309424304
21739,-0.0004104685163760974
21740,-0.00041743302440655304
21741,-0.0004243774112006982
21742,-0.00043130163113080694
21743,-0.00043820563892627023
21744,-0.0004450893896734062
21745,-0.0004519528388153416
21746,-0.0004587959421518935
21747,-0.0004656186558393714
21748,-0.000472420936390447
21749,-0.00047920274067401954
21750,-0.0004859640259150064
21751,-0.0004927047496941994
21752,-0.0004994248699481142
21753,-0.0005061243449687716
21754,-0.0005128031334035364
21755,-0.0005194611942549573
21756,-0.0005260984868805307
21757,-0.0005327149709925292
21758,-0.0005393106066578274
21759,-0.0005458853542976511
21760,-0.0005524391746873955
21761,-0.000558972028956435
21762,-0.0005654838785878543
21763,-0.0005719746854182887
21764,-0.0005784444116376473
21765,-0.0005848930197889038
21766,-0.0005913204727678899
21767,-0.0005977267338230102
21768,-0.0006041117665550229
21769,-0.0006104755349168164
21770,-0.000616818003213114
21771,-0.0006231391361002428
21772,-0.0006294388985858925
21773,-0.0006357172560288134
21774,-0.0006419741741385687
21775,-0.0006482096189752844
21776,-0.00065442355694933
21777,-0.0006606159548210602
21778,-0.0006667867797005535
21779,-0.0006729359990472711
21780,-0.0006790635806698238
21781,-0.0006851694927256251
21782,-0.000691253703720611
21783,-0.0006973161825089571
21784,-0.0007033568982927265
21785,-0.0007093758206215789
21786,-0.0007153729193924727
21787,-0.0007213481648493038
21788,-0.0007273015275826008
21789,-0.0007332329785292159
21790,-0.0007391424889719499
21791,-0.000745030030539237
21792,-0.0007508955752048236
21793,-0.0007567390952873782
21794,-0.0007625605634501695
21795,-0.0007683599527007289
21796,-0.0007741372363904461
21797,-0.0007798923882142644
21798,-0.0007856253822102653
21799,-0.000791336192759323
21800,-0.0007970247945847483
21801,-0.0008026911627518747
21802,-0.0008083352726676967
21803,-0.0008139571000805055
21804,-0.0008195566210794599
21805,-0.0008251338120942163
21806,-0.0008306886498945489
21807,-0.0008362211115899147
21808,-0.000841731174629067
21809,-0.0008472188167996693
21810,-0.0008526840162278432
21811,-0.0008581267513777746
21812,-0.0008635470010513165
21813,-0.0008689447443875207
21814,-0.0008743199608622405
21815,-0.0008796726302877151
21816,-0.0008850027328120914
21817,-0.0008903102489190407
21818,-0.0008955951594272704
21819,-0.0009008574454901016
21820,-0.0009060970885950365
21821,-0.0009113140705632731
21822,-0.0009165083735492667
21823,-0.0009216799800402916
21824,-0.0009268288728559386
21825,-0.0009319550351476692
21826,-0.0009370584503983676
21827,-0.0009421391024218237
21828,-0.0009471969753622833
21829,-0.0009522320536939819
21830,-0.0009572443222206245
21831,-0.0009622337660749183
21832,-0.0009672003707181019
21833,-0.0009721441219394064
21834,-0.0009770650058556051
21835,-0.0009819630089104758
21836,-0.000986838117874311
21837,-0.000991690319843431
21838,-0.0009965196022396325
21839,-0.0010013259528096992
21840,-0.0010061093596248937
21841,-0.001010869811080409
21842,-0.0010156072958948565
21843,-0.0010203218031097606
21844,-0.001025013322088988
21845,-0.0010296818425182344
21846,-0.0010343273544045043
21847,-0.0010389498480755314
21848,-0.0010435493141792594
21849,-0.0010481257436833079
21850,-0.0010526791278743796
21851,-0.001057209458357759
21852,-0.0010617167270567092
21853,-0.0010662009262119342
21854,-0.0010706620483810284
21855,-0.0010751000864378808
21856,-0.0010795150335721198
21857,-0.0010839068832885603
21858,-0.0010882756294065912
21859,-0.0010926212660596164
21860,-0.0010969437876944901
21861,-0.0011012431890708935
21862,-0.001105519465260772
21863,-0.0011097726116477567
21864,-0.0011140026239265357
21865,-0.0011182094981022769
21866,-0.0011223932304900458
21867,-0.0011265538177141668
21868,-0.0011306912567076329
21869,-0.0011348055447115185
21870,-0.001138896679274328
21871,-0.0011429646582514228
21872,-0.0011470094798043664
21873,-0.001151031142400323
21874,-0.00115502964481145
21875,-0.001159004986114235
21876,-0.0011629571656888906
21877,-0.0011668861832187353
21878,-0.0011707920386895263
21879,-0.0011746747323888396
21880,-0.0011785342649054482
21881,-0.0011823706371286394
21882,-0.0011861838502475969
21883,-0.0011899739057507604
21884,-0.001193740805425146
21885,-0.0011974845513557071
21886,-0.0012012051459246965
21887,-0.0012049025918109673
21888,-0.001208576891989354
21889,-0.001212228049729975
21890,-0.0012158560685975777
21891,-0.0012194609524508859
21892,-0.0012230427054418967
21893,-0.0012266013320152214
21894,-0.001230136836907425
21895,-0.0012336492251463097
21896,-0.001237138502050256
21897,-0.0012406046732275494
21898,-0.0012440477445756623
21899,-0.001247467722280579
21900,-0.0012508646128161197
21901,-0.0012542384229432169
21902,-0.0012575891597092258
21903,-0.0012609168304472504
21904,-0.0012642214427754034
21905,-0.0012675030045961207
21906,-0.0012707615240954678
21907,-0.0012739970097423946
21908,-0.0012772094702880675
21909,-0.0012803989147651114
21910,-0.0012835653524869218
21911,-0.0012867087930469507
21912,-0.0012898292463179595
21913,-0.001292926722451309
21914,-0.0012960012318762525
21915,-0.0012990527852991703
21916,-0.0013020813937028638
21917,-0.0013050870683458345
21918,-0.001308069820761516
21919,-0.0013110296627575583
21920,-0.001313966606415099
21921,-0.001316880664087996
21922,-0.0013197718484020936
21923,-0.0013226401722544997
21924,-0.0013254856488127975
21925,-0.0013283082915143396
21926,-0.0013311081140654573
21927,-0.0013338851304407263
21928,-0.0013366393548822234
21929,-0.001339370801898734
21930,-0.0013420794862650184
21931,-0.001344765423021054
21932,-0.0013474286274712478
21933,-0.001350069115183682
21934,-0.0013526869019893624
21935,-0.0013552820039814191
21936,-0.0013578544375143456
21937,-0.0013604042192032454
21938,-0.0013629313659230247
21939,-0.0013654358948076272
21940,-0.0013679178232492727
21941,-0.0013703771688976377
21942,-0.0013728139496591164
21943,-0.0013752281836959918
21944,-0.0013776198894256775
21945,-0.0013799890855199298
21946,-0.0013823357909040364
21947,-0.0013846600247560377
21948,-0.0013869618065059416
21949,-0.0013892411558349069
21950,-0.0013914980926744505
21951,-0.0013937326372056708
21952,-0.001395944809858415
21953,-0.0013981346313104899
21954,-0.0014003021224868707
21955,-0.0014024473045588719
21956,-0.0014045701989433422
21957,-0.0014066708273018829
21958,-0.0014087492115399986
21959,-0.0014108053738063062
21960,-0.0014128393364917255
21961,-0.0014148511222286406
21962,-0.0014168407538901117
21963,-0.0014188082545890264
21964,-0.001420753647677296
21965,-0.0014226769567450425
21966,-0.0014245782056197512
21967,-0.0014264574183654583
21968,-0.0014283146192819343
21969,-0.001430149832903837
21970,-0.001431963083999885
21971,-0.0014337543975720486
21972,-0.0014355237988546885
21973,-0.0014372713133137362
21974,-0.001438996966645866
21975,-0.0014407007847776411
21976,-0.0014423827938646863
21977,-0.0014440430202908518
21978,-0.001445681490667359
21979,-0.0014472982318319816
21980,-0.0014488932708481758
21981,-0.0014504666350042504
21982,-0.0014520183518125275
21983,-0.001453548449008481
21984,-0.0014550569545498878
21985,-0.0014565438966160004
21986,-0.0014580093036066694
21987,-0.001459453204141503
21988,-0.0014608756270590227
21989,-0.0014622766014157945
21990,-0.0014636561564855726
21991,-0.001465014321758463
21992,-0.0014663511269400427
21993,-0.0014676666019505103
21994,-0.0014689607769238341
21995,-0.0014702336822068744
21996,-0.0014714853483585332
21997,-0.0014727158061488895
21998,-0.0014739250865583274
21999,-0.0014751132207766885
22000,-0.0014762802402023827
22001,-0.001477426176441534
22002,-0.0014785510613071194
22003,-0.0014796549268180823
22004,-0.0014807378051984665
22005,-0.0014817997288765633
22006,-0.0014828407304840142
22007,-0.0014838608428549497
22008,-0.0014848600990251238
22009,-0.0014858385322310203
22010,-0.0014867961759089906
22011,-0.0014877330636943738
22012,-0.0014886492294206184
22013,-0.001489544707118402
22014,-0.0014904195310147643
22015,-0.0014912737355322057
22016,-0.0014921073552878286
22017,-0.0014929204250924428
22018,-0.001493712979949679
22019,-0.0014944850550551278
22020,-0.001495236685795432
22021,-0.0014959679077474113
22022,-0.0014966787566771866
22023,-0.001497369268539276
22024,-0.0014980394794757216
22025,-0.001498689425815199
22026,-0.0014993191440721265
22027,-0.0014999286709457779
22028,-0.001500518043319403
22029,-0.0015010872982593188
22030,-0.0015016364730140346
22031,-0.0015021656050133569
22032,-0.0015026747318674922
22033,-0.001503163891366169
22034,-0.001503633121477729
22035,-0.0015040824603482403
22036,-0.001504511946300613
22037,-0.0015049216178336898
22038,-0.001505311513621354
22039,-0.001505681672511651
22040,-0.001506032133525872
22041,-0.0015063629358576655
22042,-0.0015066741188721497
22043,-0.0015069657221049991
22044,-0.001507237785261559
22045,-0.001507490348215946
22046,-0.0015077234510101458
22047,-0.0015079371338531163
22048,-0.0015081314371198976
22049,-0.0015083064013506964
22050,-0.0015084620672499974
22051,-0.0015085984756856683
22052,-0.0015087156676880389
22053,-0.0015088136844490282
22054,-0.0015088925673212234
22055,-0.001508952357816984
22056,-0.0015089930976075487
22057,-0.0015090148285221224
22058,-0.0015090175925469803
22059,-0.0015090014318245657
22060,-0.0015089663886525887
22061,-0.001508912505483119
22062,-0.001508839824921695
22063,-0.0015087483897264055
22064,-0.001508638242806999
22065,-0.0015085094272239748
22066,-0.0015083619861876842
22067,-0.001508195963057422
22068,-0.0015080114013405303
22069,-0.0015078083446914876
22070,-0.001507586836911013
22071,-0.0015073469219451586
22072,-0.0015070886438843978
22073,-0.0015068120469627422
22074,-0.0015065171755568214
22075,-0.001506204074184981
22076,-0.0015058727875063888
22077,-0.0015055233603201211
22078,-0.0015051558375642632
22079,-0.0015047702643150053
22080,-0.0015043666857857416
22081,-0.001503945147326162
22082,-0.0015035056944213562
22083,-0.0015030483726909032
22084,-0.00150257322788797
22085,-0.001502080305898417
22086,-0.001501569652739875
22087,-0.0015010413145608707
22088,-0.0015004953376398984
22089,-0.0014999317683845332
22090,-0.0014993506533305244
22091,-0.0014987520391408925
22092,-0.0014981359726050272
22093,-0.0014975025006377883
22094,-0.0014968516702786013
22095,-0.0014961835286905595
22096,-0.0014954981231595239
22097,-0.001494795501093215
22098,-0.0014940757100203224
22099,-0.0014933387975896017
22100,-0.0014925848115689667
22101,-0.0014918137998446014
22102,-0.001491025810420058
22103,-0.0014902208914153543
22104,-0.0014893990910660759
22105,-0.0014885604577224854
22106,-0.0014877050398486107
22107,-0.0014868328860213643
22108,-0.0014859440449296343
22109,-0.0014850385653733915
22110,-0.0014841164962627966
22111,-0.0014831778866173
22112,-0.00148222278556475
22113,-0.0014812512423404926
22114,-0.0014802633062864841
22115,-0.0014792590268503949
22116,-0.0014782384535847156
22117,-0.0014772016361458615
22118,-0.0014761486242932857
22119,-0.001475079467888586
22120,-0.0014739942168946064
22121,-0.0014728929213745567
22122,-0.0014717756314911183
22123,-0.0014706423975055535
22124,-0.0014694932697768164
22125,-0.0014683282987606658
22126,-0.0014671475350087786
22127,-0.001465951029167857
22128,-0.00146473883197875
22129,-0.001463510994275559
22130,-0.0014622675669847623
22131,-0.0014610086011243193
22132,-0.0014597341478027961
22133,-0.001458444258218478
22134,-0.0014571389836584819
22135,-0.0014558183754978856
22136,-0.001454482485198838
22137,-0.0014531313643096817
22138,-0.001451765064464071
22139,-0.0014503836373800992
22140,-0.0014489871348594083
22141,-0.0014475756087863234
22142,-0.0014461491111269712
22143,-0.001444707693928404
22144,-0.0014432514093177232
22145,-0.0014417803095012093
22146,-0.0014402944467634437
22147,-0.0014387938734664353
22148,-0.0014372786420487548
22149,-0.0014357488050246597
22150,-0.0014342044149832226
22151,-0.0014326455245874646
22152,-0.0014310721865734859
22153,-0.0014294844537496001
22154,-0.0014278823789954597
22155,-0.0014262660152612027
22156,-0.0014246354155665786
22157,-0.0014229906330000877
22158,-0.001421331720718119
22159,-0.0014196587319440848
22160,-0.0014179717199675652
22161,-0.0014162707381434375
22162,-0.001414555839891032
22163,-0.0014128270786932628
22164,-0.001411084508095773
22165,-0.0014093281817060817
22166,-0.0014075581531927252
22167,-0.001405774476284406
22168,-0.0014039772047691344
22169,-0.0014021663924933853
22170,-0.0014003420933612384
22171,-0.0013985043613335346
22172,-0.0013966532504270245
22173,-0.0013947888147135196
22174,-0.00139291110831905
22175,-0.0013910201854230113
22176,-0.0013891161002573284
22177,-0.0013871989071056084
22178,-0.0013852686603022981
22179,-0.0013833254142318443
22180,-0.0013813692233278544
22181,-0.0013794001420722511
22182,-0.0013774182249944482
22183,-0.001375423526670501
22184,-0.0013734161017222794
22185,-0.0013713960048166293
22186,-0.0013693632906645438
22187,-0.0013673180140203296
22188,-0.0013652602296807717
22189,-0.001363189992484316
22190,-0.00136110735731023
22191,-0.0013590123790777845
22192,-0.0013569051127454226
22193,-0.0013547856133099378
22194,-0.0013526539358056536
22195,-0.0013505101353035952
22196,-0.001348354266910676
22197,-0.0013461863857688776
22198,-0.001344006547054429
22199,-0.001341814805976994
22200,-0.0013396112177788547
22201,-0.0013373958377340964
22202,-0.0013351687211477946
22203,-0.0013329299233552122
22204,-0.001330679499720978
22205,-0.0013284175056382883
22206,-0.0013261439965280965
22207,-0.001323859027838303
22208,-0.0013215626550429629
22209,-0.0013192549336414688
22210,-0.00131693591915776
22211,-0.0013146056671395224
22212,-0.0013122642331573845
22213,-0.001309911672804123
22214,-0.0013075480416938727
22215,-0.0013051733954613182
22216,-0.0013027877897609198
22217,-0.0013003912802661104
22218,-0.0012979839226685073
22219,-0.0012955657726771274
22220,-0.0012931368860175994
22221,-0.0012906973184313765
22222,-0.0012882471256749537
22223,-0.0012857863635190902
22224,-0.0012833150877480189
22225,-0.0012808333541586795
22226,-0.001278341218559933
22227,-0.0012758387367717858
22228,-0.0012733259646246203
22229,-0.0012708029579584152
22230,-0.0012682697726219795
22231,-0.001265726464472182
22232,-0.0012631730893731834
22233,-0.0012606097031956649
22234,-0.001258036361816072
22235,-0.001255453121115842
22236,-0.001252860036980647
22237,-0.0012502571652996365
22238,-0.0012476445619646719
22239,-0.0012450222828695762
22240,-0.0012423903839093758
22241,-0.0012397489209795443
22242,-0.0012370979499752592
22243,-0.0012344375267906394
22244,-0.0012317677073180062
22245,-0.001229088547447134
22246,-0.001226400103064505
22247,-0.0012237024300525612
22248,-0.0012209955842889708
22249,-0.0012182796216458846
22250,-0.0012155545979891885
22251,-0.0012128205691777844
22252,-0.001210077591062839
22253,-0.001207325719487062
22254,-0.001204565010283969
22255,-0.0012017955192771504
22256,-0.0011990173022795448
22257,-0.0011962304150927184
22258,-0.0011934349135061294
22259,-0.0011906308532964155
22260,-0.0011878182902266693
22261,-0.0011849972800457135
22262,-0.0011821678784873938
22263,-0.001179330141269855
22264,-0.0011764841240948297
22265,-0.0011736298826469287
22266,-0.0011707674725929288
22267,-0.0011678969495810606
22268,-0.0011650183692403116
22269,-0.0011621317871797097
22270,-0.0011592372589876276
22271,-0.001156334840231083
22272,-0.0011534245864550322
22273,-0.0011505065531816794
22274,-0.0011475807959097808
22275,-0.0011446473701139427
22276,-0.001141706331243942
22277,-0.0011387577347240262
22278,-0.0011358016359522287
22279,-0.001132838090299687
22280,-0.0011298671531099528
22281,-0.0011268888796983074
22282,-0.0011239033253510912
22283,-0.0011209105453250184
22284,-0.0011179105948464923
22285,-0.00111490352911095
22286,-0.0011118894032821746
22287,-0.0011088682724916255
22288,-0.0011058401918377775
22289,-0.0011028052163854453
22290,-0.0010997634011651203
22291,-0.0010967148011723144
22292,-0.0010936594713668855
22293,-0.0010905974666723924
22294,-0.0010875288419754303
22295,-0.0010844536521249712
22296,-0.0010813719519317225
22297,-0.001078283796167464
22298,-0.0010751892395644018
22299,-0.001072088336814527
22300,-0.001068981142568966
22301,-0.0010658677114373306
22302,-0.0010627480979870873
22303,-0.0010596223567429165
22304,-0.0010564905421860606
22305,-0.0010533527087537124
22306,-0.0010502089108383596
22307,-0.0010470592027871687
22308,-0.0010439036389013516
22309,-0.0010407422734355284
22310,-0.0010375751605971198
22311,-0.0010344023545457094
22312,-0.001031223909392426
22313,-0.001028039879199331
22314,-0.001024850317978796
22315,-0.0010216552796928834
22316,-0.0010184548182527425
22317,-0.0010152489875179978
22318,-0.0010120378412961253
22319,-0.0010088214333418678
22320,-0.0010055998173566193
22321,-0.001002373046987815
22322,-0.0009991411758283467
22323,-0.0009959042574159542
22324,-0.0009926623452326277
22325,-0.0009894154927040212
22326,-0.0009861637531988505
22327,-0.0009829071800283164
22328,-0.000979645826445506
22329,-0.0009763797456448062
22330,-0.0009731089907613302
22331,-0.000969833614870327
22332,-0.0009665536709866006
22333,-0.000963269212063943
22334,-0.0009599802909945516
22335,-0.0009566869606084517
22336,-0.0009533892736729374
22337,-0.0009500872828919967
22338,-0.0009467810409057353
22339,-0.0009434706002898323
22340,-0.000940156013554964
22341,-0.0009368373331462412
22342,-0.0009335146114426648
22343,-0.0009301879007565538
22344,-0.0009268572533330061
22345,-0.000923522721349337
22346,-0.000920184356914531
22347,-0.0009168422120686997
22348,-0.0009134963387825367
22349,-0.0009101467889567624
22350,-0.0009067936144216003
22351,-0.0009034368669362324
22352,-0.0009000765981882488
22353,-0.0008967128597931391
22354,-0.0008933457032937434
22355,-0.0008899751801597205
22356,-0.0008866013417870328
22357,-0.0008832242394974141
22358,-0.0008798439245378414
22359,-0.0008764604480800243
22360,-0.0008730738612198737
22361,-0.0008696842149770002
22362,-0.0008662915602941906
22363,-0.0008628959480368904
22364,-0.0008594974289927092
22365,-0.0008560960538709002
22366,-0.0008526918733018542
22367,-0.0008492849378366076
22368,-0.0008458752979463348
22369,-0.000842463004021841
22370,-0.0008390481063730802
22371,-0.0008356306552286574
22372,-0.0008322107007353205
22373,-0.0008287882929574943
22374,-0.0008253634818767813
22375,-0.0008219363173914658
22376,-0.0008185068493160529
22377,-0.0008150751273807728
22378,-0.0008116412012310992
22379,-0.0008082051204272866
22380,-0.0008047669344438805
22381,-0.000801326692669258
22382,-0.0007978844444051557
22383,-0.0007944402388661892
22384,-0.0007909941251794067
22385,-0.000787546152383818
22386,-0.0007840963694299228
22387,-0.0007806448251792729
22388,-0.0007771915684040041
22389,-0.000773736647786375
22390,-0.0007702801119183324
22391,-0.0007668220093010526
22392,-0.0007633623883444887
22393,-0.0007599012973669348
22394,-0.0007564387845945853
22395,-0.0007529748981610784
22396,-0.0007495096861070799
22397,-0.0007460431963798255
22398,-0.000742575476832707
22399,-0.0007391065752248306
22400,-0.0007356365392205794
22401,-0.0007321654163892062
22402,-0.0007286932542044006
22403,-0.0007252201000438523
22404,-0.0007217460011888554
22405,-0.0007182710048238793
22406,-0.0007147951580361417
22407,-0.0007113185078152176
22408,-0.0007078411010526165
22409,-0.0007043629845413675
22410,-0.0007008842049756268
22411,-0.0006974048089502693
22412,-0.0006939248429604751
22413,-0.0006904443534013497
22414,-0.0006869633865675067
22415,-0.0006834819886526917
22416,-0.0006800002057493787
22417,-0.0006765180838483758
22418,-0.0006730356688384492
22419,-0.0006695530065059337
22420,-0.0006660701425343341
22421,-0.0006625871225039688
22422,-0.0006591039918915782
22423,-0.0006556207960699383
22424,-0.0006521375803075052
22425,-0.0006486543897680365
22426,-0.0006451712695102077
22427,-0.000641688264487266
22428,-0.0006382054195466548
22429,-0.0006347227794296435
22430,-0.0006312403887709822
22431,-0.0006277582920985359
22432,-0.0006242765338329193
22433,-0.0006207951582871638
22434,-0.0006173142096663397
22435,-0.0006138337320672339
22436,-0.0006103537694779872
22437,-0.0006068743657777448
22438,-0.0006033955647363309
22439,-0.0005999174100138983
22440,-0.0005964399451605818
22441,-0.0005929632136161842
22442,-0.0005894872587098287
22443,-0.0005860121236596228
22444,-0.000582537851572346
22445,-0.000579064485443113
22446,-0.0005755920681550458
22447,-0.0005721206424789611
22448,-0.0005686502510730502
22449,-0.0005651809364825485
22450,-0.000561712741139442
22451,-0.0005582457073621312
22452,-0.0005547798773551403
22453,-0.0005513152932088012
22454,-0.0005478519968989377
22455,-0.0005443900302865813
22456,-0.0005409294351176584
22457,-0.0005374702530226851
22458,-0.0005340125255164856
22459,-0.0005305562939978909
22460,-0.0005271015997494366
22461,-0.0005236484839370882
22462,-0.00052019698760995
22463,-0.0005167471516999654
22464,-0.0005132990170216543
22465,-0.0005098526242718238
22466,-0.0005064080140292763
22467,-0.0005029652267545572
22468,-0.0004995243027896648
22469,-0.0004960852823577767
22470,-0.000492648205562995
22471,-0.0004892131123900579
22472,-0.00048578004270409536
22473,-0.0004823490362503566
22474,-0.0004789201326539411
22475,-0.00047549337141955577
22476,-0.00047206879193125383
22477,-0.00046864643345216866
22478,-0.0004652263351242823
22479,-0.0004618085359681646
22480,-0.0004583930748827203
22481,-0.000454979990644958
22482,-0.0004515693219097423
22483,-0.00044816110720954244
22484,-0.00044475538495421246
22485,-0.00044135219343074635
22486,-0.0004379515708030345
22487,-0.00043455355511165473
22488,-0.00043115818427361666
22489,-0.0004277654960821584
22490,-0.0004243755282065112
22491,-0.00042098831819166807
22492,-0.00041760390345818094
22493,-0.00041422232130193445
22494,-0.0004108436088939203
22495,-0.0004074678032800413
22496,-0.0004040949413808924
22497,-0.00040072505999154
22498,-0.0003973581957813353
22499,-0.0003939943852936988
22500,-0.0003906336649459088
22501,-0.00038727607102892047
22502,-0.000383921639707155
22503,-0.0003805704070182993
22504,-0.0003772224088731296
22505,-0.0003738776810552968
22506,-0.0003705362592211592
22507,-0.00036719817889958384
22508,-0.0003638634754917547
22509,-0.0003605321842710055
22510,-0.0003572043403826322
22511,-0.0003538799788437049
22512,-0.00035055913454290846
22513,-0.0003472418422403596
22514,-0.00034392813656742736
22515,-0.0003406180520265787
22516,-0.0003373116229912039
22517,-0.00033400888370544194
22518,-0.0003307098682840343
22519,-0.00032741461071215445
22520,-0.0003241231448452412
22521,-0.00032083550440885914
22522,-0.0003175517229985341
22523,-0.00031427183407959296
22524,-0.0003109958709870338
22525,-0.00030772386692535326
22526,-0.0003044558549684219
22527,-0.00030119186805933055
22528,-0.0002979319390102402
22529,-0.0002946761005022593
22530,-0.0002914243850852991
22531,-0.0002881768251779262
22532,-0.00028493345306725067
22533,-0.00028169430090878284
22534,-0.00027845940072629725
22535,-0.00027522878441172294
22536,-0.00027200248372500827
22537,-0.00026878053029399197
22538,-0.00026556295561429825
22539,-0.0002623497910492099
22540,-0.00025914106782954353
22541,-0.0002559368170535554
22542,-0.0002527370696868049
22543,-0.0002495418565620662
22544,-0.00024635120837921125
22545,-0.00024316515570509394
22546,-0.00023998372897346488
22547,-0.00023680695848486051
22548,-0.00023363487440649408
22549,-0.00023046750677217654
22550,-0.00022730488548221078
22551,-0.00022414704030329017
22552,-0.00022099400086842495
22553,-0.00021784579667684349
22554,-0.00021470245709389604
22555,-0.00021156401135098745
22556,-0.0002084304885454845
22557,-0.00020530191764062637
22558,-0.00020217832746546318
22559,-0.00019905974671476974
22560,-0.00019594620394896133
22561,-0.0001928377275940422
22562,-0.0001897343459415097
22563,-0.00018663608714830648
22564,-0.0001835429792367453
22565,-0.00018045505009443356
22566,-0.0001773723274742298
22567,-0.00017429483899417307
22568,-0.00017122261213741444
22569,-0.00016815567425217912
22570,-0.00016509405255170112
22571,-0.00016203777411416274
22572,-0.0001589868658826608
22573,-0.0001559413546651484
22574,-0.00015290126713437966
22575,-0.00014986662982788187
22576,-0.00014683746914790423
22577,-0.00014381381136136653
22578,-0.00014079568259984233
22579,-0.00013778310885949734
22580,-0.0001347761160010748
22581,-0.00013177472974985373
22582,-0.00012877897569560826
22583,-0.00012578887929259674
22584,-0.00012280446585952444
22585,-0.00011982576057950999
22586,-0.00011685278850007944
22587,-0.00011388557453313557
22588,-0.00011092414345492936
22589,-0.00010796851990606025
22590,-0.00010501872839145077
22591,-0.00010207479328032436
22592,-9.913673880621082e-05
22593,-9.620458906692741e-05
22594,-9.327836802456156e-05
22595,-9.035809950548547e-05
22596,-8.744380720032779e-05
22597,-8.453551466399179e-05
22598,-8.163324531564612e-05
22599,-7.873702243871678e-05
22600,-7.584686918090816e-05
22601,-7.296280855419918e-05
22602,-7.008486343484088e-05
22603,-6.721305656338329e-05
22604,-6.434741054467674e-05
22605,-6.148794784787574e-05
22606,-5.863469080647057e-05
22607,-5.578766161829491e-05
22608,-5.294688234553448e-05
22609,-5.011237491476495e-05
22610,-4.728416111696438e-05
22611,-4.446226260752768e-05
22612,-4.164670090631003e-05
22613,-3.883749739764458e-05
22614,-3.6034673330362875e-05
22615,-3.323824981784584e-05
22616,-3.0448247838032907e-05
22617,-2.7664688233476866e-05
22618,-2.488759171137093e-05
22619,-2.2116978843578074e-05
22620,-1.9352870066688158e-05
22621,-1.6595285682050478e-05
22622,-1.3844245855808337e-05
22623,-1.1099770618961447e-05
22624,-8.361879867403984e-06
22625,-5.630593361964294e-06
22626,-2.9059307284726707e-06
22627,-1.879114578045885e-07
22628,2.523445094074202e-06
22629,5.228119706034798e-06
22630,7.926093291736627e-06
22631,1.0617346899577074e-05
22632,1.3301861712610644e-05
22633,1.597961904850956e-05
22634,1.8650600359479516e-05
22635,2.1314787232202382e-05
22636,2.3972161387777362e-05
22637,2.6622704681634415e-05
22638,2.926639910347192e-05
22639,3.1903226777192656e-05
22640,3.453316996081223e-05
22641,3.715621104639173e-05
22642,3.9772332559968406e-05
22643,4.2381517161459314e-05
22644,4.498374764458884e-05
22645,4.7579006936814295e-05
22646,5.016727809922485e-05
22647,5.2748544326463674e-05
22648,5.532278894664902e-05
22649,5.7889995421267794e-05
22650,6.045014734509307e-05
22651,6.300322844610015e-05
22652,6.554922258535212e-05
22653,6.808811375692727e-05
22654,7.061988608780125e-05
22655,7.314452383775702e-05
22656,7.566201139929205e-05
22657,7.817233329749964e-05
22658,8.06754741899731e-05
22659,8.31714188667089e-05
22660,8.566015224998275e-05
22661,8.814165939424943e-05
22662,9.061592548604074e-05
22663,9.308293584383716e-05
22664,9.554267591796301e-05
22665,9.79951312904791e-05
22666,0.00010044028767505062
22667,0.00010287813091683679
22668,0.00010530864699237972
22669,0.0001077318220094641
22670,0.00011014764220701644
22671,0.00011255609395496171
22672,0.00011495716375410567
22673,0.00011735083823601626
22674,0.00011973710416287823
22675,0.00012211594842737123
22676,0.00012448735805254568
22677,0.00012685132019167415
22678,0.00012920782212812415
22679,0.0001315568512752297
22680,0.0001338983951761385
22681,0.00013623244150367958
22682,0.00013855897806023195
22683,0.0001408779927775651
22684,0.00014318947371670483
22685,0.00014549340906779517
22686,0.00014778978714993313
22687,0.0001500785964110433
22688,0.00015235982542770847
22689,0.00015463346290502808
22690,0.0001568994976764727
22691,0.00015915791870371542
22692,0.00016140871507648464
22693,0.00016365187601241447
22694,0.0001658873908568724
22695,0.00016811524908280764
22696,0.00017033544029059752
22697,0.0001725479542078705
22698,0.0001747527806893504
22699,0.0001769499097166992
22700,0.00017913933139833494
22701,0.00018132103596927283
22702,0.0001834950137909638
22703,0.00018566125535110828
22704,0.00018781975126349224
22705,0.00018997049226782302
22706,0.00019211346922953546
22707,0.00019424867313963808
22708,0.0001963760951145176
22709,0.00019849572639576852
22710,0.00020060755835002106
22711,0.00020271158246874452
22712,0.0002048077903680743
22713,0.00020689617378863299
22714,0.00020897672459533354
22715,0.00021104943477719902
22716,0.00021311429644718324
22717,0.0002151713018419665
22718,0.0002172204433217742
22719,0.00021926171337019226
22720,0.00022129510459395913
22721,0.00022332060972278132
22722,0.00022533822160914486
22723,0.00022734793322810116
22724,0.00022934973767709072
22725,0.00023134362817572572
22726,0.00023332959806559913
22727,0.00023530764081008843
22728,0.00023727774999414186
22729,0.00023923991932407965
22730,0.00024119414262739744
22731,0.00024314041385254585
22732,0.0002450787270687307
22733,0.0002470090764657118
22734,0.0002489314563535779
22735,0.0002508458611625456
22736,0.00025275228544275246
22737,0.0002546507238640306
22738,0.0002565411712157001
22739,0.00025842362240635977
22740,0.00026029807246365406
22741,0.0002621645165340761
22742,0.0002640229498827305
22743,0.0002658733678931214
22744,0.00026771576606693853
22745,0.0002695501400238209
22746,0.0002713764855011405
22747,0.00027319479835378465
22748,0.0002750050745539175
22749,0.00027680731019075997
22750,0.0002786015014703691
22751,0.0002803876447153951
22752,0.0002821657363648594
22753,0.0002839357729739301
22754,0.00028569775121367575
22755,0.0002874516678708407
22756,0.00028919751984761617
22757,0.00029093530416139364
22758,0.0002926650179445333
22759,0.0002943866584441355
22760,0.00029610022302178603
22761,0.0002978057091533336
22762,0.000299503114428637
22763,0.00030119243655132735
22764,0.0003028736733385753
22765,0.00030454682272083226
22766,0.0003062118827415939
22767,0.0003078688515571619
22768,0.0003095177274363824
22769,0.00031115850876040877
22770,0.0003127911940224572
22771,0.0003144157818275457
22772,0.0003160322708922504
22773,0.000317640660044461
22774,0.00031924094822311557
22775,0.0003208331344779535
22776,0.00032241721796927026
22777,0.00032399319796764517
22778,0.000325561073853704
22779,0.00032712084511784715
22780,0.00032867251135999847
22781,0.00033021607228935244
22782,0.0003317515277241034
22783,0.0003332788775911909
22784,0.00033479812192604486
22785,0.0003363092608723109
22786,0.000337812294681594
22787,0.00033930722371320053
22788,0.00034079404843386055
22789,0.00034227276941747024
22790,0.0003437433873448305
22791,0.00034520590300336665
22792,0.00034666031728686854
22793,0.00034810663119522596
22794,0.0003495448458341473
22795,0.0003509749624148948
22796,0.0003523969822540199
22797,0.000353810906773076
22798,0.0003552167374983624
22799,0.0003566144760606354
22800,0.00035800412419484065
22801,0.0003593856837398433
22802,0.0003607591566381392
22803,0.0003621245449355846
22804,0.00036348185078112505
22805,0.0003648310764265032
22806,0.00036617222422598647
22807,0.000367505296636093
22808,0.0003688302962152991
22809,0.00037014722562376206
22810,0.00037145608762304547
22811,0.00037275688507582455
22812,0.00037404962094560743
22813,0.00037533429829645525
22814,0.0003766109202926868
22815,0.0003778794901986035
22816,0.00037914001137819437
22817,0.0003803924872948503
22818,0.0003816369215110835
22819,0.000382873317688228
22820,0.00038410167958615366
22821,0.00038532201106298506
22822,0.0003865343160747957
22823,0.00038773859867532534
22824,0.00038893486301569196
22825,0.0003901231133440886
22826,0.0003913033540054942
22827,0.00039247558944138734
22828,0.0003936398241894386
22829,0.00039479606288322065
22830,0.00039594431025192036
22831,0.0003970845711200258
22832,0.0003982168504070473
22833,0.0003993411531272038
22834,0.0004004574843891329
22835,0.00040156584939559514
22836,0.00040266625344316254
22837,0.00040375870192192845
22838,0.00040484320031520697
22839,0.00040591975419922513
22840,0.00040698836924282317
22841,0.00040804905120715934
22842,0.0004091018059453963
22843,0.0004101466394024002
22844,0.00041118355761444634
22845,0.00041221256670890036
22846,0.00041323367290391986
22847,0.0004142468825081534
22848,0.0004152522019204244
22849,0.0004162496376294301
22850,0.00041723919621343636
22851,0.000418220884339962
22852,0.0004191947087654818
22853,0.00042016067633510645
22854,0.0004211187939822784
22855,0.0004220690687284679
22856,0.000423011507682849
22857,0.00042394611804200013
22858,0.00042487290708959275
22859,0.0004257918821960722
22860,0.00042670305081834927
22861,0.00042760642049949414
22862,0.0004285019988684123
22863,0.00042938979363953573
22864,0.0004302698126125152
22865,0.0004311420636718958
22866,0.00043200655478680696
22867,0.000432863294010651
22868,0.0004337122894807791
22869,0.00043455354941818555
22870,0.0004353870821271798
22871,0.00043621289599507783
22872,0.00043703099949188664
22873,0.0004378414011699791
22874,0.0004386441096637791
22875,0.00043943913368944874
22876,0.0004402264820445616
22877,0.00044100616360778474
22878,0.00044177818733856847
22879,0.00044254256227681396
22880,0.00044329929754256006
22881,0.0004440484023356654
22882,0.0004447898859354796
22883,0.00044552375770052767
22884,0.00044625002706818963
22885,0.0004469687035543739
22886,0.0004476797967531974
22887,0.000448383316336668
22888,0.0004490792720543516
22889,0.00044976767373306164
22890,0.0004504485312765229
22891,0.0004511218546650554
22892,0.00045178765395525403
22893,0.0004524459392796545
22894,0.0004530967208464151
22895,0.0004537400089389936
22896,0.0004543758139158178
22897,0.00045500414620995957
22898,0.0004556250163288179
22899,0.0004562384348537829
22900,0.0004568444124399145
22901,0.0004574429598156188
22902,0.0004580340877823166
22903,0.0004586178072141182
22904,0.00045919412905750026
22905,0.0004597630643309725
22906,0.00046032462412475667
22907,0.0004608788196004543
22908,0.00046142566199071887
22909,0.0004619651625989353
22910,0.0004624973327988818
22911,0.00046302218403440447
22912,0.0004635397278190962
22913,0.0004640499757359584
22914,0.00046455293943707535
22915,0.0004650486306432895
22916,0.00046553706114386566
22917,0.0004660182427961652
22918,0.00046649218752531764
22919,0.00046695890732388856
22920,0.0004674184142515497
22921,0.000467870720434754
22922,0.0004683158380663973
22923,0.0004687537794054974
22924,0.0004691845567768568
22925,0.00046960818257073267
22926,0.0004700246692425133
22927,0.00047043402931237934
22928,0.00047083627536497635
22929,0.00047123142004908743
22930,0.0004716194760772968
22931,0.0004720004562256591
22932,0.0004723743733333753
22933,0.00047274124030245317
22934,0.00047310107009737953
22935,0.000473453875744793
22936,0.0004737996703331443
22937,0.0004741384670123716
22938,0.0004744702789935674
22939,0.00047479511954864553
22940,0.0004751130020100107
22941,0.0004754239397702285
22942,0.00047572794628169044
22943,0.00047602503505628685
22944,0.0004763152196650707
22945,0.00047659851373792623
22946,0.00047687493096324385
22947,0.00047714448508758055
22948,0.0004774071899153304
22949,0.00047766305930839687
22950,0.00047791210718585653
22951,0.0004781543475236288
22952,0.00047838979435414503
22953,0.0004786184617660167
22954,0.00047884036390370206
22955,0.00047905551496717897
22956,0.000479263929211608
22957,0.00047946562094700377
22958,0.000479660604537906
22959,0.0004798488944030399
22960,0.00048003050501499634
22961,0.0004802054508998906
22962,0.0004803737466370352
22963,0.00048053540685861123
22964,0.00048069044624933304
22965,0.0004808388795461165
22966,0.000480980721537755
22967,0.0004811159870645808
22968,0.0004812446910181376
22969,0.0004813668483408523
22970,0.00048148247402569964
22971,0.000481591583115875
22972,0.0004816941907044618
22973,0.0004817903119341043
22974,0.00048187996199667454
22975,0.0004819631561329443
22976,0.0004820399096322539
22977,0.00048211023783218277
22978,0.00048217415611822185
22979,0.0004822316799234385
22980,0.000482282824728156
22981,0.00048232760605961477
22982,0.00048236603949165015
22983,0.0004823981406443615
22984,0.0004824239251837826
22985,0.00048244340882155375
22986,0.00048245660731459274
22987,0.00048246353646476826
22988,0.0004824642121185699
22989,0.0004824586501667827
22990,0.0004824468665441562
22991,0.00048242887722907895
22992,0.0004824046982432536
22993,0.0004823743456513626
22994,0.000482337835560749
22995,0.0004822951841210863
22996,0.00048224640752405164
22997,0.00048219152200300173
22998,0.0004821305438326424
22999,0.000482063489328708
23000,0.0004819903748476325
23001,0.00048191121678622446
23002,0.0004818260315813436
23003,0.00048173483570957526
23004,0.00048163764568690296
23005,0.0004815344780683884
23006,0.0004814253494478441
23007,0.00048131027645751035
23008,0.0004811892757677329
23009,0.00048106236408663767
23010,0.0004809295581598084
23011,0.0004807908747699642
23012,0.00048064633073663707
23013,0.00048049594291584664
23014,0.0004803397281997841
23015,0.0004801777035164848
23016,0.00048000988582950956
23017,0.0004798362921376232
23018,0.00047965693947447387
23019,0.0004794718449082717
23020,0.0004792810255414681
23021,0.0004790844985104383
23022,0.00047888228098515894
23023,0.0004786743901688921
23024,0.000478460843297862
23025,0.00047824165764093874
23026,0.0004780168504993225
23027,0.00047778643920621866
23028,0.00047755044112652727
23029,0.00047730887365652323
23030,0.0004770617542235373
23031,0.0004768091002856412
23032,0.00047655092933133287
23033,0.00047628725887921764
23034,0.00047601810647769383
23035,0.0004757434897046376
23036,0.0004754634261670892
23037,0.0004751779335009374
23038,0.0004748870293706044
23039,0.00047459073146873454
23040,0.0004742890575158784
23041,0.00047398202526018177
23042,0.0004736696524770719
23043,0.00047335195696894696
23044,0.0004730289565648619
23045,0.00047270066912021887
23046,0.0004723671125164562
23047,0.0004720283046607354
23048,0.0004716842634856336
23049,0.00047133500694883536
23050,0.00047098055303281726
23051,0.0004706209197445453
23052,0.0004702561251151633
23053,0.0004698861871996846
23054,0.000469511124076685
23055,0.0004691309538479969
23056,0.00046874569463839906
23057,0.0004683553645953152
23058,0.0004679599818885027
23059,0.00046755956470975155
23060,0.0004671541312725776
23061,0.00046674369981191527
23062,0.0004663282885838184
23063,0.00046590791586515465
23064,0.00046548259995330023
23065,0.00046505235916583936
23066,0.00046461721184026203
23067,0.0004641771763336613
23068,0.00046373227102243205
23069,0.0004632825143019701
23070,0.0004628279245863731
23071,0.000462368520308139
23072,0.00046190431991786744
23073,0.0004614353418839607
23074,0.00046096160469232575
23075,0.0004604831268460738
23076,0.0004599999268652278
23077,0.00045951202328642083
23078,0.0004590194346626021
23079,0.0004585221795627403
23080,0.00045802027657152865
23081,0.0004575137442890878
23082,0.0004570026013306759
23083,0.0004564868663263908
23084,0.00045596655792087815
23085,0.00045544169477303886
23086,0.0004549122955557355
23087,0.00045437837895550366
23088,0.00045383996367225483
23089,0.0004532970684189934
23090,0.00045274971192151974
23091,0.0004521979129181448
23092,0.0004516416901593997
23093,0.00045108106240774644
23094,0.0004505160484372913
23095,0.0004499466670334957
23096,0.0004493729369928917
23097,0.0004487948771227943
23098,0.0004482125062410146
23099,0.00044762584317557764
23100,0.00044703490676443466
23101,0.0004464397158551818
23102,0.0004458402893047727
23103,0.000445236645979241
23104,0.00044462880475341324
23105,0.00044401678451063065
23106,0.00044340060414246516
23107,0.0004427802825484406
23108,0.000442155838635753
23109,0.00044152729131898824
23110,0.0004408946595198475
23111,0.0004402579621668656
23112,0.00043961721819513666
23113,0.00043897244654603304
23114,0.00043832366616693304
23115,0.0004376708960109407
23116,0.000437014155036616
23117,0.0004363534622076953
23118,0.00043568883649282026
23119,0.0004350202968652636
23120,0.00043434786230265655
23121,0.00043367155178671664
23122,0.0004329913843029751
23123,0.00043230737884050816
23124,0.0004316195543916657
23125,0.0004309279299518012
23126,0.0004302325245190035
23127,0.00042953335709382864
23128,0.00042883044667903116
23129,0.000428123812279296
23130,0.00042741347290097594
23131,0.0004266994475518222
23132,0.0004259817552407214
23133,0.000425260414977429
23134,0.00042453544577230777
23135,0.0004238068666360634
23136,0.0004230746965794802
23137,0.0004223389546131627
23138,0.0004215996597472729
23139,0.0004208568309912684
23140,0.0004201104873536446
23141,0.0004193606478416738
23142,0.00041860733146114774
23143,0.000417850557216118
23144,0.00041709034410864106
23145,0.00041632671113852064
23146,0.00041555967730305123
23147,0.00041478926159676377
23148,0.0004140154830111702
23149,0.00041323836053451133
23150,0.0004124579131515007
23151,0.0004116741598430747
23152,0.00041088711958613995
23153,0.0004100968113533222
23154,0.00040930325411271505
23155,0.00040850646682763237
23156,0.000407706468456356
23157,0.0004069032779518898
23158,0.00040609691426171207
23159,0.0004052873963275268
23160,0.0004044747430850194
23161,0.00040365897346361044
23162,0.0004028401063862093
23163,0.0004020181607689718
23164,0.0004011931555210568
23165,0.00040036510954438205
23166,0.00039953404173338416
23167,0.00039869997097477495
23168,0.0003978629161473027
23169,0.0003970228961215121
23170,0.00039617992975950287
23171,0.00039533403591469424
23172,0.00039448523343158616
23173,0.00039363354114552255
23174,0.0003927789778824531
23175,0.0003919215624587004
23176,0.00039106131368072446
23177,0.0003901982503448863
23178,0.0003893323912372178
23179,0.00038846375513318734
23180,0.0003875923607974682
23181,0.00038671822698370785
23182,0.00038584137243429596
23183,0.00038496181588013766
23184,0.0003840795760404207
23185,0.00038319467162239046
23186,0.0003823071213211212
23187,0.00038141694381928996
23188,0.0003805241577869485
23189,0.000379628781881302
23190,0.0003787308347464798
23191,0.0003778303350133154
23192,0.0003769273012991221
23193,0.0003760217522074709
23194,0.00037511370632796795
23195,0.00037420318223603673
23196,0.00037329019849269404
23197,0.0003723747736443337
23198,0.00037145692622250797
23199,0.00037053667474370793
23200,0.0003696140377091488
23201,0.0003686890336045531
23202,0.0003677616808999328
23203,0.00036683199804937977
23204,0.0003659000034908462
23205,0.0003649657156459348
23206,0.00036402915291968677
23207,0.0003630903337003691
23208,0.0003621492763592631
23209,0.00036120599925045546
23210,0.0003602605207106302
23211,0.0003593128590588551
23212,0.0003583630325963807
23213,0.0003574110596064304
23214,0.00035645695835399106
23215,0.0003555007470856144
23216,0.0003545424440292055
23217,0.0003535820673938244
23218,0.00035261963536947956
23219,0.0003516551661269257
23220,0.00035068867781746593
23221,0.00034972018857274735
23222,0.00034874971650456106
23223,0.00034777727970464596
23224,0.000346802896244489
23225,0.0003458265841751242
23226,0.0003448483615269421
23227,0.00034386824630948956
23228,0.00034288625651127537
23229,0.0003419024100995761
23230,0.00034091672502024406
23231,0.0003399292191975093
23232,0.00033893991053379443
23233,0.0003379488169095185
23234,0.0003369559561829091
23235,0.00033596134618981126
23236,0.00033496500474349797
23237,0.00033396694963448595
23238,0.00033296719863034284
23239,0.00033196576947550424
23240,0.0003309626798910882
23241,0.00032995794757470975
23242,0.0003289515902002948
23243,0.0003279436254178999
23244,0.00032693407085352923
23245,0.0003259229441089493
23246,0.00032491026276151375
23247,0.0003238960443639805
23248,0.00032288030644432976
23249,0.00032186306650559186
23250,0.00032084434202566276
23251,0.0003198241504571331
23252,0.0003188025092271079
23253,0.0003177794357370329
23254,0.0003167549473625207
23255,0.00031572906145317783
23256,0.0003147017953324277
23257,0.000313673166297344
23258,0.0003126431916184774
23259,0.0003116118885396814
23260,0.00031057927427794986
23261,0.0003095453660232436
23262,0.0003085101809383215
23263,0.00030747373615857724
23264,0.0003064360487918714
23265,0.0003053971359183621
23266,0.0003043570145903464
23267,0.00030331570183209403
23268,0.0003022732146396811
23269,0.00030122956998083377
23270,0.0003001847847947599
23271,0.0002991388759919954
23272,0.0002980918604542396
23273,0.00029704375503419633
23274,0.00029599457655541886
23275,0.0002949443418121506
23276,0.00029389306756916656
23277,0.00029284077056162096
23278,0.00029178746749489214
23279,0.0002907331750444227
23280,0.00028967790985557425
23281,0.0002886216885434709
23282,0.0002875645276928453
23283,0.0002865064438578928
23284,0.00028544745356211807
23285,0.00028438757329818533
23286,0.0002833268195277721
23287,0.00028226520868141966
23288,0.0002812027571583886
23289,0.0002801394813265106
23290,0.00027907539752204284
23291,0.0002780105220495263
23292,0.0002769448711816411
23293,0.00027587846115905963
23294,0.0002748113081903123
23295,0.0002737434284516413
23296,0.00027267483808685934
23297,0.0002716055532072144
23298,0.0002705355898912491
23299,0.00026946496418466046
23300,0.0002683936921001661
23301,0.0002673217896173679
23302,0.0002662492726826134
23303,0.0002651761572088659
23304,0.0002641024590755654
23305,0.0002630281941285007
23306,0.000261953378179674
23307,0.0002608780270071697
23308,0.00025980215635502594
23309,0.0002587257819331039
23310,0.00025764891941695633
23311,0.0002565715844477036
23312,0.0002554937926319056
23313,0.00025441555954143047
23314,0.00025333690071333606
23315,0.0002522578316497414
23316,0.00025117836781770106
23317,0.00025009852464908544
23318,0.00024901831754045773
23319,0.00024793776185294894
23320,0.0002468568729121408
23321,0.0002457756660079459
23322,0.00024469415639448433
23323,0.00024361235928997184
23324,0.00024253028987659495
23325,0.00024144796330040032
23326,0.00024036539467117753
23327,0.00023928259906233877
23328,0.00023819959151081255
23329,0.00023711638701692545
23330,0.0002360330005442886
23331,0.00023494944701968944
23332,0.00023386574133297888
23333,0.00023278189833695885
23334,0.00023169793284727618
23335,0.00023061385964231342
23336,0.000229529693463078
23337,0.00022844544901309927
23338,0.00022736114095832054
23339,0.00022627678392699135
23340,0.00022519239250956726
23341,0.00022410798125860118
23342,0.00022302356468864497
23343,0.00022193915727614563
23344,0.00022085477345934
23345,0.00021977042763816033
23346,0.00021868613417413193
23347,0.0002176019073902703
23348,0.0002165177615709894
23349,0.00021543371096200125
23350,0.00021434976977021636
23351,0.00021326595216365353
23352,0.00021218227227134137
23353,0.00021109874418322327
23354,0.00021001538195006606
23355,0.0002089321995833679
23356,0.0002078492110552622
23357,0.0002067664302984318
23358,0.00020568387120601658
23359,0.00020460154763152073
23360,0.00020351947338873082
23361,0.0002024376622516195
23362,0.00020135612795426657
23363,0.00020027488419076858
23364,0.0001991939446151511
23365,0.00019811332284128873
23366,0.00019703303244281904
23367,0.0001959530869530569
23368,0.00019487349986491574
23369,0.00019379428463082575
23370,0.00019271545466264845
23371,0.00019163702333160283
23372,0.0001905590039681829
23373,0.00018948140986207708
23374,0.00018840425426209516
23375,0.00018732755037608844
23376,0.0001862513113708725
23377,0.00018517555037215612
23378,0.00018410028046446058
23379,0.00018302551469105176
23380,0.0001819512660538646
23381,0.00018087754751342728
23382,0.00017980437198879612
23383,0.0001787317523574816
23384,0.00017765970145537581
23385,0.0001765882320766883
23386,0.00017551735697387543
23387,0.00017444708885756962
23388,0.00017337744039651733
23389,0.00017230842421751144
23390,0.0001712400529053222
23391,0.0001701723390026382
23392,0.00016910529500999995
23393,0.0001680389333857338
23394,0.0001669732665458961
23395,0.00016590830686420395
23396,0.00016484406667198153
23397,0.00016378055825809669
23398,0.0001627177938688987
23399,0.00016165578570816587
23400,0.00016059454593704412
23401,0.00015953408667398816
23402,0.00015847441999470915
23403,0.00015741555793211812
23404,0.00015635751247626762
23405,0.00015530029557430273
23406,0.0001542439191304055
23407,0.00015318839500573964
23408,0.0001521337350184041
23409,0.00015107995094337847
23410,0.0001500270545124715
23411,0.00014897505741427548
23412,0.0001479239712941154
23413,0.0001468738077539977
23414,0.00014582457835256985
23415,0.00014477629460506509
23416,0.0001437289679832647
23417,0.00014268260991544848
23418,0.00014163723178634856
23419,0.00014059284493711058
23420,0.0001395494606652482
23421,0.00013850709022459833
23422,0.00013746574482528408
23423,0.00013642543563367247
23424,0.0001353861737723308
23425,0.00013434797031999297
23426,0.0001333108363115183
23427,0.00013227478273785027
23428,0.00013123982054598577
23429,0.0001302059606389343
23430,0.0001291732138756813
23431,0.00012814159107115832
23432,0.00012711110299620156
23433,0.00012608176037752502
23434,0.00012505357389768423
23435,0.0001240265541950418
23436,0.0001230007118637411
23437,0.0001219760574536728
23438,0.00012095260147044229
23439,0.00011993035437534554
23440,0.00011890932658533759
23441,0.00011788952847300198
23442,0.00011687097036652919
23443,0.00011585366254968638
23444,0.00011483761526179023
23445,0.00011382283869768592
23446,0.00011280934300772082
23447,0.00011179713829771727
23448,0.00011078623462895538
23449,0.00010977664201814789
23450,0.00010876837043741514
23451,0.00010776142981427122
23452,0.00010675583003159583
23453,0.00010575158092762111
23454,0.00010474869229590996
23455,0.00010374717388533508
23456,0.00010274703540006634
23457,0.00010174828649955172
23458,0.00010075093679849817
23459,9.975499586686126e-05
23460,9.876047322982746e-05
23461,9.776737836779761e-05
23462,9.677572071637869e-05
23463,9.578550966636732e-05
23464,9.479675456373637e-05
23465,9.380946470962761e-05
23466,9.282364936033838e-05
23467,9.183931772730894e-05
23468,9.085647897711897e-05
23469,8.987514223147148e-05
23470,8.889531656719044e-05
23471,8.79170110162114e-05
23472,8.694023456557114e-05
23473,8.5964996157407e-05
23474,8.499130468894833e-05
23475,8.401916901250917e-05
23476,8.304859793548915e-05
23477,8.207960022036663e-05
23478,8.111218458469381e-05
23479,8.014635970109905e-05
23480,7.918213419728287e-05
23481,7.821951665601368e-05
23482,7.7258515615133e-05
23483,7.629913956755304e-05
23484,7.534139696125408e-05
23485,7.438529619929326e-05
23486,7.343084563979856e-05
23487,7.247805359597825e-05
23488,7.152692833612133e-05
23489,7.057747808359894e-05
23490,6.962971101687386e-05
23491,6.868363526950382e-05
23492,6.773925893014388e-05
23493,6.679659004255862e-05
23494,6.585563660562646e-05
23495,6.491640657334454e-05
23496,6.397890785484272e-05
23497,6.304314831438905e-05
23498,6.210913577139758e-05
23499,6.11768780004432e-05
23500,6.0246382731269826e-05
23501,5.931765764879926e-05
23502,5.839071039314817e-05
23503,5.746554855963845e-05
23504,5.654217969880692e-05
23505,5.562061131642624e-05
23506,5.4700850873511516e-05
23507,5.378290578634172e-05
23508,5.286678342647256e-05
23509,5.19524911207498e-05
23510,5.104003615133155e-05
23511,5.01294257557027e-05
23512,4.922066712669027e-05
23513,4.8313767412487327e-05
23514,4.7408733716669314e-05
23515,4.650557309821092e-05
23516,4.560429257151183e-05
23517,4.470489910641492e-05
23518,4.380739962822461e-05
23519,4.2911801017734675e-05
23520,4.201811011124792e-05
23521,4.1126333700596465e-05
23522,4.0236478533171834e-05
23523,3.9348551311942106e-05
23524,3.8462558695482936e-05
23525,3.75785072980001e-05
23526,3.669640368935301e-05
23527,3.581625439508656e-05
23528,3.4938065896455315e-05
23529,3.406184463044866e-05
23530,3.318759698982423e-05
23531,3.2315329323133865e-05
23532,3.144504793475056e-05
23533,3.057675908490328e-05
23534,2.9710468989704845e-05
23535,2.8846183821180175e-05
23536,2.7983909707303085e-05
23537,2.71236527320256e-05
23538,2.626541893530784e-05
23539,2.540921431315651e-05
23540,2.4555044817655773e-05
23541,2.3702916356998868e-05
23542,2.2852834795528877e-05
23543,2.2004805953766946e-05
23544,2.1158835608454202e-05
23545,2.0314929492585346e-05
23546,1.9473093295442936e-05
23547,1.863333266263989e-05
23548,1.7795653196154668e-05
23549,1.6960060454367176e-05
23550,1.6126559952102726e-05
23551,1.52951571606689e-05
23552,1.4465857507892846e-05
23553,1.3638666378166905e-05
23554,1.2813589112486985e-05
23555,1.1990631008491353e-05
23556,1.1169797320507829e-05
23557,1.0351093259593588e-05
23558,9.5345239935756e-06
23559,8.720094647100027e-06
23560,7.907810301669388e-06
23561,7.097675995692987e-06
23562,6.2896967245292555e-06
23563,5.483877440528666e-06
23564,4.680223053084777e-06
23565,3.87873842867805e-06
23566,3.0794283909202593e-06
23567,2.2822977206069545e-06
23568,1.4873511557627658e-06
23569,6.945933916872408e-07
23570,-9.597091899126209e-08
23571,-8.843371662688076e-07
23572,-1.6705007827186154e-06
23573,-2.4544572434357675e-06
23574,-3.2362020659890048e-06
23575,-4.015730810372043e-06
23576,-4.793039078946061e-06
23577,-5.5681225163942405e-06
23578,-6.340976809663378e-06
23579,-7.111597687913268e-06
23580,-7.879980922465764e-06
23581,-8.646122326745777e-06
23582,-9.41001775622937e-06
23583,-1.017166310839137e-05
23584,-1.0931054322645046e-05
23585,-1.1688187380288864e-05
23586,-1.2443058304452679e-05
23587,-1.31956631600362e-05
23588,-1.3945998053654275e-05
23589,-1.4694059133581875e-05
23590,-1.543984258969112e-05
23591,-1.618334465339534e-05
23592,-1.6924561597592685e-05
23593,-1.7663489736601875e-05
23594,-1.8400125426104944e-05
23595,-1.913446506308959e-05
23596,-1.9866505085782798e-05
23597,-2.059624197359638e-05
23598,-2.1323672247059867e-05
23599,-2.2048792467761127e-05
23600,-2.2771599238286358e-05
23601,-2.3492089202152736e-05
23602,-2.4210259043747695e-05
23603,-2.4926105488267737e-05
23604,-2.5639625301649747e-05
23605,-2.6350815290509102e-05
23606,-2.705967230207715e-05
23607,-2.776619322413149e-05
23608,-2.847037498493268e-05
23609,-2.9172214553160707e-05
23610,-2.9871708937843837e-05
23611,-3.0568855188294294e-05
23612,-3.1263650394043535e-05
23613,-3.1956091684768864e-05
23614,-3.264617623023222e-05
23615,-3.333390124020625e-05
23616,-3.401926396440772e-05
23617,-3.470226169243101e-05
23618,-3.5382891753673936e-05
23619,-3.606115151727013e-05
23620,-3.673703839202106e-05
23621,-3.741054982632106e-05
23622,-3.808168330808842e-05
23623,-3.875043636469646e-05
23624,-3.941680656289701e-05
23625,-4.00807915087509e-05
23626,-4.074238884755758e-05
23627,-4.140159626377755e-05
23628,-4.205841148096189e-05
23629,-4.2712832261680715e-05
23630,-4.3364856407443876e-05
23631,-4.401448175863293e-05
23632,-4.4661706194421095e-05
23633,-4.53065276327007e-05
23634,-4.594894403000973e-05
23635,-4.658895338145221e-05
23636,-4.722655372062388e-05
23637,-4.7861743119538535e-05
23638,-4.849451968854643e-05
23639,-4.9124881576259786e-05
23640,-4.975282696947728e-05
23641,-5.0378354093102175e-05
23642,-5.1001461210066464e-05
23643,-5.1622146621254466e-05
23644,-5.224040866541984e-05
23645,-5.2856245719108726e-05
23646,-5.3469656196582524e-05
23647,-5.4080638549733696e-05
23648,-5.46891912680081e-05
23649,-5.5295312878326924e-05
23650,-5.589900194500061e-05
23651,-5.650025706965375e-05
23652,-5.709907689113895e-05
23653,-5.76954600854573e-05
23654,-5.828940536567818e-05
23655,-5.88809114818534e-05
23656,-5.946997722093638e-05
23657,-6.005660140670162e-05
23658,-6.064078289965719e-05
23659,-6.122252059696338e-05
23660,-6.180181343235126e-05
23661,-6.23786603760341e-05
23662,-6.295306043462553e-05
23663,-6.352501265105666e-05
23664,-6.40945161044873e-05
23665,-6.46615699102225e-05
23666,-6.522617321962933e-05
23667,-6.578832522004648e-05
23668,-6.634802513470307e-05
23669,-6.690527222262806e-05
23670,-6.746006577856571e-05
23671,-6.80124051328903e-05
23672,-6.856228965151524e-05
23673,-6.91097187358075e-05
23674,-6.965469182250213e-05
23675,-7.019720838360964e-05
23676,-7.073726792633071e-05
23677,-7.127486999296884e-05
23678,-7.181001416083806e-05
23679,-7.234270004217563e-05
23680,-7.287292728405505e-05
23681,-7.340069556829191e-05
23682,-7.392600461135674e-05
23683,-7.44488541642868e-05
23684,-7.496924401259147e-05
23685,-7.548717397616396e-05
23686,-7.600264390919228e-05
23687,-7.651565370006396e-05
23688,-7.702620327127944e-05
23689,-7.753429257935643e-05
23690,-7.803992161473994e-05
23691,-7.854309040171218e-05
23692,-7.904379899829653e-05
23693,-7.954204749616677e-05
23694,-8.003783602055664e-05
23695,-8.05311647301626e-05
23696,-8.10220338170531e-05
23697,-8.151044350657681e-05
23698,-8.199639405726524e-05
23699,-8.247988576074072e-05
23700,-8.296091894162431e-05
23701,-8.343949395743812e-05
23702,-8.391561119851165e-05
23703,-8.438927108789036e-05
23704,-8.486047408123522e-05
23705,-8.532922066673342e-05
23706,-8.579551136499802e-05
23707,-8.625934672897472e-05
23708,-8.672072734384793e-05
23709,-8.717965382694061e-05
23710,-8.763612682762086e-05
23711,-8.809014702720671e-05
23712,-8.854171513886622e-05
23713,-8.899083190752247e-05
23714,-8.943749810975877e-05
23715,-8.988171455371702e-05
23716,-9.03234820790036e-05
23717,-9.076280155659239e-05
23718,-9.119967388872446e-05
23719,-9.163410000881134e-05
23720,-9.206608088133919e-05
23721,-9.249561750176619e-05
23722,-9.292271089642884e-05
23723,-9.334736212243955e-05
23724,-9.376957226758966e-05
23725,-9.418934245025197e-05
23726,-9.460667381927817e-05
23727,-9.502156755390178e-05
23728,-9.543402486364033e-05
23729,-9.584404698819154e-05
23730,-9.625163519733644e-05
23731,-9.66567907908407e-05
23732,-9.705951509835104e-05
23733,-9.745980947929692e-05
23734,-9.785767532279169e-05
23735,-9.825311404752889e-05
23736,-9.86461271016829e-05
23737,-9.903671596281053e-05
23738,-9.942488213774575e-05
23739,-9.981062716250113e-05
23740,-0.00010019395260216758
23741,-0.00010057486005080964
23742,-0.00010095335113136805
23743,-0.00010132942749555377
23744,-0.00010170309082374902
23745,-0.00010207434282490583
23746,-0.00010244318523644117
23747,-0.00010280961982413662
23748,-0.00010317364838203714
23749,-0.000103535272732346
23750,-0.00010389449472532252
23751,-0.00010425131623918293
23752,-0.00010460573917999275
23753,-0.00010495776548156608
23754,-0.00010530739710536411
23755,-0.00010565463604038879
23756,-0.00010599948430308055
23757,-0.00010634194393721754
23758,-0.00010668201701380747
23759,-0.00010701970563098868
23760,-0.0001073550119139226
23761,-0.00010768793801469164
23762,-0.00010801848611219651
23763,-0.00010834665841204916
23764,-0.00010867245714647041
23765,-0.00010899588457418713
23766,-0.00010931694298032477
23767,-0.00010963563467630453
23768,-0.00010995196199974045
23769,-0.00011026592731433165
23770,-0.00011057753300975854
23771,-0.0001108867815015812
23772,-0.00011119367523112967
23773,-0.00011149821666540158
23774,-0.00011180040829695848
23775,-0.00011210025264381724
23776,-0.00011239775224934706
23777,-0.00011269290968216465
23778,-0.00011298572753602668
23779,-0.00011327620842972768
23780,-0.00011356435500699075
23781,-0.00011385016993636431
23782,-0.00011413365591111713
23783,-0.00011441481564913036
23784,-0.00011469365189279251
23785,-0.00011497016740889572
23786,-0.00011524436498852697
23787,-0.00011551624744696314
23788,-0.00011578581762356673
23789,-0.00011605307838167708
23790,-0.00011631803260850496
23791,-0.00011658068321502898
23792,-0.00011684103313588558
23793,-0.00011709908532926468
23794,-0.0001173548427768045
23795,-0.00011760830848348216
23796,-0.0001178594854775111
23797,-0.00011810837681023062
23798,-0.0001183549855560018
23799,-0.00011859931481210182
23800,-0.00011884136769861473
23801,-0.00011908114735832625
23802,-0.00011931865695661851
23803,-0.00011955389968136067
23804,-0.00011978687874280326
23805,-0.0001200175973734734
23806,-0.000120246058828065
23807,-0.00012047226638333335
23808,-0.00012069622333798984
23809,-0.000120917933012592
23810,-0.00012113739874943862
23811,-0.00012135462391246349
23812,-0.00012156961188712631
23813,-0.0001217823660803083
23814,-0.00012199288992020329
23815,-0.00012220118685621104
23816,-0.00012240726035883255
23817,-0.00012261111391956
23818,-0.00012281275105077062
23819,-0.00012301217528562223
23820,-0.0001232093901779426
23821,-0.0001234043993021246
23822,-0.0001235972062530196
23823,-0.00012378781464582875
23824,-0.00012397622811599705
23825,-0.00012416245031910696
23826,-0.0001243464849307699
23827,-0.00012452833564652037
23828,-0.0001247080061817095
23829,-0.00012488550027139642
23830,-0.00012506082167024245
23831,-0.0001252339741524045
23832,-0.00012540496151142668
23833,-0.00012557378756013562
23834,-0.00012574045613053135
23835,-0.0001259049710736813
23836,-0.00012606733625961471
23837,-0.00012622755557721392
23838,-0.00012638563293410732
23839,-0.0001265415722565657
23840,-0.0001266953774893918
23841,-0.00012684705259581518
23842,-0.00012699660155738674
23843,-0.00012714402837386943
23844,-0.00012728933706313337
23845,-0.00012743253166104936
23846,-0.00012757361622138123
23847,-0.00012771259481567972
23848,-0.00012784947153317741
23849,-0.00012798425048067915
23850,-0.00012811693578245934
23851,-0.0001282475315801526
23852,-0.00012837604203264804
23853,-0.0001285024713159851
23854,-0.0001286268236232443
23855,-0.00012874910316444275
23856,-0.00012886931416642827
23857,-0.00012898746087277202
23858,-0.00012910354754366312
23859,-0.00012921757845580332
23860,-0.00012932955790229958
23861,-0.0001294394901925593
23862,-0.00012954737965218478
23863,-0.00012965323062286607
23864,-0.0001297570474622763
23865,-0.000129858834543966
23866,-0.00012995859625725717
23867,-0.0001300563370071375
23868,-0.0001301520612141563
23869,-0.00013024577331431693
23870,-0.0001303374777589738
23871,-0.00013042717901472542
23872,-0.00013051488156330912
23873,-0.00013060058990149796
23874,-0.00013068430854099342
23875,-0.00013076604200832126
23876,-0.0001308457948447276
23877,-0.00013092357160607255
23878,-0.00013099937686272597
23879,-0.0001310732151994638
23880,-0.00013114509121536194
23881,-0.0001312150095236927
23882,-0.00013128297475182085
23883,-0.0001313489915410981
23884,-0.00013141306454675914
23885,-0.00013147519843781892
23886,-0.00013153539789696603
23887,-0.00013159366762046157
23888,-0.00013165001231803315
23889,-0.0001317044367127715
23890,-0.00013175694554102836
23891,-0.00013180754355231056
23892,-0.00013185623550917804
23893,-0.00013190302618714008
23894,-0.00013194792037455198
23895,-0.00013199092287251134
23896,-0.00013203203849475667
23897,-0.0001320712720675622
23898,-0.00013210862842963597
23899,-0.00013214411243201818
23900,-0.00013217772893797604
23901,-0.00013220948282290294
23902,-0.0001322393789742166
23903,-0.0001322674222912544
23904,-0.0001322936176851736
23905,-0.00013231797007884753
23906,-0.00013234048440676378
23907,-0.00013236116561492344
23908,-0.0001323800186607383
23909,-0.00013239704851292897
23910,-0.00013241226015142467
23911,-0.0001324256585672603
23912,-0.0001324372487624757
23913,-0.00013244703575001496
23914,-0.00013245502455362453
23915,-0.0001324612202077527
23916,-0.0001324656277574493
23917,-0.0001324682522582639
23918,-0.00013246909877614587
23919,-0.00013246817238734467
23920,-0.00013246547817830735
23921,-0.000132461021245581
23922,-0.00013245480669571126
23923,-0.0001324468396451423
23924,-0.00013243712522011822
23925,-0.00013242566855658185
23926,-0.00013241247480007623
23927,-0.00013239754910564537
23928,-0.00013238089663773414
23929,-0.00013236252257009003
23930,-0.00013234243208566442
23931,-0.00013232063037651247
23932,-0.00013229712264369546
23933,-0.0001322719140971828
23934,-0.0001322450099557517
23935,-0.00013221641544689105
23936,-0.00013218613580670238
23937,-0.00013215417627980198
23938,-0.00013212054211922275
23939,-0.00013208523858631796
23940,-0.0001320482709506614
23941,-0.00013200964448995258
23942,-0.00013196936448991805
23943,-0.0001319274362442144
23944,-0.00013188386505433232
23945,-0.00013183865622949894
23946,-0.0001317918150865817
23947,-0.00013174334694999185
23948,-0.00013169325715158825
23949,-0.00013164155103058113
23950,-0.00013158823393343683
23951,-0.0001315333112137811
23952,-0.00013147678823230397
23953,-0.00013141867035666472
23954,-0.0001313589629613955
23955,-0.00013129767142780726
23956,-0.00013123480114389483
23957,-0.00013117035750424117
23958,-0.0001311043459099241
23959,-0.0001310367717684206
23960,-0.00013096764049351327
23961,-0.00013089695750519625
23962,-0.00013082472822958103
23963,-0.00013075095809880283
23964,-0.00013067565255092718
23965,-0.0001305988170298563
23966,-0.00013052045698523583
23967,-0.0001304405778723624
23968,-0.0001303591851520894
23969,-0.0001302762842907359
23970,-0.00013019188075999344
23971,-0.00013010598003683333
23972,-0.00013001858760341485
23973,-0.00012992970894699373
23974,-0.00012983934955982976
23975,-0.00012974751493909466
23976,-0.00012965421058678254
23977,-0.00012955944200961655
23978,-0.00012946321471895937
23979,-0.00012936553423072142
23980,-0.00012926640606527082
23981,-0.00012916583574734211
23982,-0.0001290638288059471
23983,-0.00012896039077428358
23984,-0.00012885552718964636
23985,-0.00012874924359333699
23986,-0.00012864154553057422
23987,-0.00012853243855040554
23988,-0.000128421928205616
23989,-0.00012831002005264173
23990,-0.00012819671965147978
23991,-0.00012808203256559972
23992,-0.00012796596436185509
23993,-0.00012784852061039625
23994,-0.00012772970688458113
23995,-0.0001276095287608881
23996,-0.0001274879918188285
23997,-0.00012736510164085895
23998,-0.00012724086381229473
23999,-0.00012711528392122184
24000,-0.00012698836755841128
24001,-0.00012686012031723224
24002,-0.00012673054779356472
24003,-0.00012659965558571484
24004,-0.00012646744929432847
24005,-0.00012633393452230474
24006,-0.00012619911687471148
24007,-0.0001260630019586994
24008,-0.00012592559538341728
24009,-0.000125786902759926
24010,-0.00012564692970111583
24011,-0.0001255056818216201
24012,-0.00012536316473773186
24013,-0.00012521938406731962
24014,-0.00012507434542974368
24015,-0.0001249280544457716
24016,-0.00012478051673749622
24017,-0.00012463173792825143
24018,-0.0001244817236425294
24019,-0.0001243304795058979
24020,-0.00012417801114491755
24021,-0.00012402432418706012
24022,-0.00012386942426062482
24023,-0.00012371331699465848
24024,-0.00012355600801887244
24025,-0.00012339750296356137
24026,-0.00012323780745952226
24027,-0.00012307692713797326
24028,-0.00012291486763047277
24029,-0.0001227516345688386
24030,-0.0001225872335850684
24031,-0.00012242167031125876
24032,-0.0001222549503795255
24033,-0.0001220870794219244
24034,-0.00012191806307037062
24035,-0.00012174790695656108
24036,-0.0001215766167118934
24037,-0.00012140419796738899
24038,-0.0001212306563536136
24039,-0.0001210559975005987
24040,-0.00012088022703776409
24041,-0.00012070335059383939
24042,-0.00012052537379678682
24043,-0.000120346302273723
24044,-0.00012016614165084284
24045,-0.00011998489755334195
24046,-0.0001198025756053397
24047,-0.00011961918142980292
24048,-0.00011943472064847012
24049,-0.00011924919888177445
24050,-0.00011906262174876824
24051,-0.00011887499486704808
24052,-0.00011868632385267845
24053,-0.00011849661432011747
24054,-0.00011830587188214134
24055,-0.00011811410214977027
24056,-0.00011792131073219285
24057,-0.00011772750323669382
24058,-0.00011753268526857844
24059,-0.00011733686243109959
24060,-0.00011714004032538402
24061,-0.00011694222455035913
24062,-0.00011674342070268032
24063,-0.00011654363437665738
24064,-0.00011634287116418276
24065,-0.0001161411366546591
24066,-0.00011593843643492704
24067,-0.00011573477608919337
24068,-0.00011553016119895982
24069,-0.00011532459734295126
24070,-0.00011511809009704437
24071,-0.00011491064503419812
24072,-0.00011470226772438177
24073,-0.0001144929637345049
24074,-0.00011428273862834782
24075,-0.00011407159796649083
24076,-0.00011385954730624535
24077,-0.00011364659220158388
24078,-0.00011343273820307139
24079,-0.00011321799085779594
24080,-0.0001130023557093007
24081,-0.00011278583829751456
24082,-0.00011256844415868467
24083,-0.00011235017882530875
24084,-0.0001121310478260661
24085,-0.0001119110566857516
24086,-0.00011169021092520792
24087,-0.00011146851606125848
24088,-0.00011124597760664097
24089,-0.00011102260106994079
24090,-0.00011079839195552447
24091,-0.00011057335576347475
24092,-0.00011034749798952357
24093,-0.00011012082412498774
24094,-0.00010989333965670307
24095,-0.00010966505006695942
24096,-0.00010943596083343629
24097,-0.00010920607742913791
24098,-0.00010897540532232962
24099,-0.00010874394997647342
24100,-0.00010851171685016453
24101,-0.00010827871139706751
24102,-0.00010804493906585368
24103,-0.00010781040530013774
24104,-0.00010757511553841458
24105,-0.00010733907521399802
24106,-0.00010710228975495743
24107,-0.00010686476458405656
24108,-0.00010662650511869155
24109,-0.00010638751677082887
24110,-0.00010614780494694558
24111,-0.00010590737504796651
24112,-0.00010566623246920494
24113,-0.00010542438260030188
24114,-0.00010518183082516541
24115,-0.00010493858252191114
24116,-0.00010469464306280235
24117,-0.00010445001781419083
24118,-0.00010420471213645692
24119,-0.00010395873138395149
24120,-0.00010371208090493703
24121,-0.00010346476604152855
24122,-0.00010321679212963655
24123,-0.00010296816449890792
24124,-0.00010271888847266935
24125,-0.00010246896936786896
24126,-0.00010221841249501958
24127,-0.00010196722315814228
24128,-0.0001017154066547091
24129,-0.0001014629682755866
24130,-0.00010120991330498047
24131,-0.00010095624702037875
24132,-0.00010070197469249652
24133,-0.00010044710158522115
24134,-0.00010019163295555638
24135,-9.99355740535675e-05
24136,-9.96789301223274e-05
24137,-9.942170639786176e-05
24138,-9.916390810909442e-05
24139,-9.890554047779476e-05
24140,-9.86466087185233e-05
24141,-9.838711803857859e-05
24142,-9.812707363794404e-05
24143,-9.786648070923514e-05
24144,-9.76053444376471e-05
24145,-9.734367000090229e-05
24146,-9.708146256919806e-05
24147,-9.681872730515559e-05
24148,-9.655546936376804e-05
24149,-9.629169389234846e-05
24150,-9.602740603048034e-05
24151,-9.576261090996584e-05
24152,-9.549731365477469e-05
24153,-9.523151938099559e-05
24154,-9.496523319678516e-05
24155,-9.469846020231809e-05
24156,-9.443120548973813e-05
24157,-9.416347414310882e-05
24158,-9.389527123836415e-05
24159,-9.362660184326006e-05
24160,-9.335747101732617e-05
24161,-9.308788381181731e-05
24162,-9.281784526966609e-05
24163,-9.254736042543416e-05
24164,-9.22764343052661e-05
24165,-9.200507192684112e-05
24166,-9.173327829932674e-05
24167,-9.146105842333213e-05
24168,-9.118841729086162e-05
24169,-9.091535988526831e-05
24170,-9.064189118120869e-05
24171,-9.036801614459667e-05
24172,-9.009373973255764e-05
24173,-8.981906689338485e-05
24174,-8.954400256649329e-05
24175,-8.926855168237516e-05
24176,-8.899271916255635e-05
24177,-8.871650991955132e-05
24178,-8.843992885682006e-05
24179,-8.816298086872405e-05
24180,-8.788567084048287e-05
24181,-8.760800364813165e-05
24182,-8.732998415847797e-05
24183,-8.705161722905879e-05
24184,-8.677290770809894e-05
24185,-8.649386043446913e-05
24186,-8.621448023764257e-05
24187,-8.593477193765566e-05
24188,-8.565474034506552e-05
24189,-8.537439026090862e-05
24190,-8.509372647666086e-05
24191,-8.481275377419663e-05
24192,-8.453147692574847e-05
24193,-8.424990069386698e-05
24194,-8.396802983138184e-05
24195,-8.368586908136077e-05
24196,-8.340342317707226e-05
24197,-8.312069684194456e-05
24198,-8.283769478952849e-05
24199,-8.25544217234585e-05
24200,-8.227088233741344e-05
24201,-8.198708131508009e-05
24202,-8.170302333011493e-05
24203,-8.141871304610576e-05
24204,-8.113415511653577e-05
24205,-8.084935418474617e-05
24206,-8.05643148838983e-05
24207,-8.027904183693922e-05
24208,-7.999353965656412e-05
24209,-7.970781294518021e-05
24210,-7.942186629487198e-05
24211,-7.913570428736518e-05
24212,-7.884933149399135e-05
24213,-7.856275247565341e-05
24214,-7.827597178279031e-05
24215,-7.79889939553434e-05
24216,-7.770182352272181e-05
24217,-7.741446500376787e-05
24218,-7.712692290672461e-05
24219,-7.683920172920174e-05
24220,-7.655130595814133e-05
24221,-7.626324006978713e-05
24222,-7.597500852965034e-05
24223,-7.568661579247676e-05
24224,-7.53980663022161e-05
24225,-7.510936449198888e-05
24226,-7.482051478405484e-05
24227,-7.453152158978164e-05
24228,-7.42423893096141e-05
24229,-7.395312233304212e-05
24230,-7.36637250385712e-05
24231,-7.337420179369084e-05
24232,-7.30845569548452e-05
24233,-7.279479486740301e-05
24234,-7.250491986562655e-05
24235,-7.221493627264422e-05
24236,-7.192484840041998e-05
24237,-7.163466054972427e-05
24238,-7.134437701010595e-05
24239,-7.105400205986374e-05
24240,-7.07635399660167e-05
24241,-7.047299498427795e-05
24242,-7.018237135902627e-05
24243,-6.989167332327757e-05
24244,-6.96009050986592e-05
24245,-6.931007089538204e-05
24246,-6.901917491221336e-05
24247,-6.872822133645106e-05
24248,-6.843721434389704e-05
24249,-6.814615809883073e-05
24250,-6.785505675398413e-05
24251,-6.756391445051497e-05
24252,-6.727273531798275e-05
24253,-6.698152347432286e-05
24254,-6.669028302582115e-05
24255,-6.639901806709063e-05
24256,-6.610773268104642e-05
24257,-6.581643093888093e-05
24258,-6.552511690004128e-05
24259,-6.523379461220479e-05
24260,-6.494246811125538e-05
24261,-6.465114142126087e-05
24262,-6.435981855445014e-05
24263,-6.406850351118949e-05
24264,-6.37772002799614e-05
24265,-6.348591283734153e-05
24266,-6.319464514797628e-05
24267,-6.290340116456266e-05
24268,-6.261218482782434e-05
24269,-6.232100006649277e-05
24270,-6.202985079728469e-05
24271,-6.17387409248813e-05
24272,-6.144767434190841e-05
24273,-6.115665492891573e-05
24274,-6.086568655435612e-05
24275,-6.057477307456658e-05
24276,-6.028391833374862e-05
24277,-5.999312616394758e-05
24278,-5.970240038503497e-05
24279,-5.941174480468905e-05
24280,-5.9121163218375005e-05
24281,-5.883065940932789e-05
24282,-5.854023714853408e-05
24283,-5.8249900194712e-05
24284,-5.795965229429636e-05
24285,-5.766949718141838e-05
24286,-5.73794385778903e-05
24287,-5.708948019318737e-05
24288,-5.679962572443033e-05
24289,-5.650987885637019e-05
24290,-5.622024326137104e-05
24291,-5.59307225993932e-05
24292,-5.5641320517978455e-05
24293,-5.535204065223384e-05
24294,-5.506288662481519e-05
24295,-5.4773862045913214e-05
24296,-5.448497051323793e-05
24297,-5.419621561200297e-05
24298,-5.390760091491229e-05
24299,-5.361912998214519e-05
24300,-5.3330806361341244e-05
24301,-5.304263358758793e-05
24302,-5.2754615183405976e-05
24303,-5.2466754658735265e-05
24304,-5.217905551092322e-05
24305,-5.189152122470983e-05
24306,-5.1604155272216216e-05
24307,-5.131696111293149e-05
24308,-5.102994219369984e-05
24309,-5.0743101948709096e-05
24310,-5.045644379947862e-05
24311,-5.016997115484678e-05
24312,-4.98836874109605e-05
24313,-4.959759595126346e-05
24314,-4.931170014648446e-05
24315,-4.902600335462735e-05
24316,-4.8740508920960154e-05
24317,-4.8455220178003924e-05
24318,-4.8170140445523546e-05
24319,-4.7885273030517255e-05
24320,-4.760062122720608e-05
24321,-4.731618831702591e-05
24322,-4.703197756861599e-05
24323,-4.674799223781168e-05
24324,-4.646423556763475e-05
24325,-4.6180710788283776e-05
24326,-4.589742111712708e-05
24327,-4.561436975869372e-05
24328,-4.5331559904664675e-05
24329,-4.5048994733866166e-05
24330,-4.476667741226152e-05
24331,-4.4484611092942866e-05
24332,-4.42027989161252e-05
24333,-4.392124400913869e-05
24334,-4.3639949486421e-05
24335,-4.335891844951227e-05
24336,-4.3078153987047516e-05
24337,-4.279765917475019e-05
24338,-4.251743707542725e-05
24339,-4.223749073896273e-05
24340,-4.195782320231125e-05
24341,-4.167843748949446e-05
24342,-4.139933661159383e-05
24343,-4.1120523566747065e-05
24344,-4.084200134014301e-05
24345,-4.056377290401597e-05
24346,-4.028584121764292e-05
24347,-4.000820922733843e-05
24348,-3.9730879866450085e-05
24349,-3.945385605535602e-05
24350,-3.9177140701460446e-05
24351,-3.8900736699189896e-05
24352,-3.862464692999106e-05
24353,-3.8348874262327314e-05
24354,-3.807342155167501e-05
24355,-3.779829164052245e-05
24356,-3.752348735836646e-05
24357,-3.724901152170975e-05
24358,-3.6974866934060484e-05
24359,-3.670105638592838e-05
24360,-3.642758265482486e-05
24361,-3.615444850526084e-05
24362,-3.5881656688744857e-05
24363,-3.560920994378308e-05
24364,-3.533711099587823e-05
24365,-3.5065362557527854e-05
24366,-3.47939673282253e-05
24367,-3.45229279944588e-05
24368,-3.425224722971049e-05
24369,-3.398192769445816e-05
24370,-3.371197203617437e-05
24371,-3.344238288932676e-05
24372,-3.317316287537973e-05
24373,-3.2904314602794576e-05
24374,-3.2635840667029975e-05
24375,-3.236774365054472e-05
24376,-3.210002612279727e-05
24377,-3.1832690640248776e-05
24378,-3.1565739746364486e-05
24379,-3.1299175971614755e-05
24380,-3.103300183347853e-05
24381,-3.076721983644516e-05
24382,-3.050183247201595e-05
24383,-3.0236842218708464e-05
24384,-2.997225154205837e-05
24385,-2.9708062894622115e-05
24386,-2.9444278715981373e-05
24387,-2.918090143274567e-05
24388,-2.8917933458555364e-05
24389,-2.8655377194086806e-05
24390,-2.8393235027055357e-05
24391,-2.8131509332219107e-05
24392,-2.7870202471384364e-05
24393,-2.76093167934094e-05
24394,-2.7348854634208448e-05
24395,-2.7088818316758108e-05
24396,-2.682921015110052e-05
24397,-2.6570032434349987e-05
24398,-2.6311287450697765e-05
24399,-2.6052977471416885e-05
24400,-2.5795104754869048e-05
24401,-2.5537671546509935e-05
24402,-2.5280680078894365e-05
24403,-2.5024132571684096e-05
24404,-2.4768031231653203e-05
24405,-2.4512378252694125e-05
24406,-2.4257175815825662e-05
24407,-2.4002426089199132e-05
24408,-2.3748131228104735e-05
24409,-2.3494293374980043e-05
24410,-2.324091465941687e-05
24411,-2.2987997198167748e-05
24412,-2.273554309515561e-05
24413,-2.2483554441479596e-05
24414,-2.2232033315424712e-05
24415,-2.1980981782469284e-05
24416,-2.173040189529271e-05
24417,-2.1480295693785285e-05
24418,-2.1230665205056056e-05
24419,-2.0981512443441187e-05
24420,-2.07328394105142e-05
24421,-2.0484648095094402e-05
24422,-2.0236940473255524e-05
24423,-1.9989718508336647e-05
24424,-1.9742984150951033e-05
24425,-1.9496739338995165e-05
24426,-1.9250985997660194e-05
24427,-1.9005726039441304e-05
24428,-1.87609613641472e-05
24429,-1.8516693858911936e-05
24430,-1.827292539820481e-05
24431,-1.8029657843840247e-05
24432,-1.7786893044990455e-05
24433,-1.754463283819447e-05
24434,-1.7302879047370957e-05
24435,-1.7061633483828865e-05
24436,-1.682089794627816e-05
24437,-1.658067422084289e-05
24438,-1.634096408107211e-05
24439,-1.6101769287951294e-05
24440,-1.5863091589915645e-05
24441,-1.562493272286168e-05
24442,-1.5387294410158857e-05
24443,-1.5150178362663486e-05
24444,-1.4913586278730664e-05
24445,-1.4677519844226351e-05
24446,-1.4441980732541767e-05
24447,-1.4206970604605715e-05
24448,-1.3972491108897147e-05
24449,-1.3738543881460129e-05
24450,-1.350513054591549e-05
24451,-1.327225271347613e-05
24452,-1.303991198296004e-05
24453,-1.2808109940803658e-05
24454,-1.2576848161077197e-05
24455,-1.2346128205498252e-05
24456,-1.2115951623445436e-05
24457,-1.1886319951974206e-05
24458,-1.1657234715830843e-05
24459,-1.1428697427466462e-05
24460,-1.1200709587053378e-05
24461,-1.0973272682499334e-05
24462,-1.0746388189462093e-05
24463,-1.0520057571366007e-05
24464,-1.0294282279416828e-05
24465,-1.0069063752616526e-05
24466,-9.844403417780665e-06
24467,-9.620302689552323e-06
24468,-9.396762970419719e-06
24469,-9.173785650731543e-06
24470,-8.951372108712561e-06
24471,-8.729523710481288e-06
24472,-8.508241810065753e-06
24473,-8.2875277494195e-06
24474,-8.067382858439612e-06
24475,-7.847808454982926e-06
24476,-7.628805844882321e-06
24477,-7.410376321965163e-06
24478,-7.192521168069906e-06
24479,-6.975241653062727e-06
24480,-6.758539034856389e-06
24481,-6.542414559427145e-06
24482,-6.326869460831825e-06
24483,-6.111904961226986e-06
24484,-5.897522270886222e-06
24485,-5.683722588217624e-06
24486,-5.470507099783447e-06
24487,-5.25787698031678e-06
24488,-5.045833392741461e-06
24489,-4.834377488190007e-06
24490,-4.623510406021619e-06
24491,-4.413233273842324e-06
24492,-4.203547207523201e-06
24493,-3.994453311218755e-06
24494,-3.7859526773873994e-06
24495,-3.5780463868100335e-06
24496,-3.3707355086087632e-06
24497,-3.164021100267703e-06
24498,-2.957904207651899e-06
24499,-2.752385865026412e-06
24500,-2.5474670950774056e-06
24501,-2.3431489089314487e-06
24502,-2.1394323061749113e-06
24503,-1.9363182748755983e-06
24504,-1.7338077916013053e-06
24505,-1.53190182144168e-06
24506,-1.3306013180280395e-06
24507,-1.1299072235533338e-06
24508,-9.298204687940869e-07
24509,-7.303419731305604e-07
24510,-5.314726445670085e-07
24511,-3.332133797539502e-07
24512,-1.3556506400863476e-07
24513,6.147142866438073e-08
24514,2.5789523555066017e-07
24515,4.537055052051116e-07
24516,6.489013974311021e-07
24517,8.434820832575896e-07
24518,1.0374467449180384e-06
24519,1.2307945758292385e-06
24520,1.4235247805679224e-06
24521,1.6156365748504413e-06
24522,1.80712918550919e-06
24523,1.9980018504710358e-06
24524,2.1882538187356323e-06
24525,2.3778843503517947e-06
24526,2.5668927163956264e-06
24527,2.7552781989485367e-06
24528,2.9430400910733597e-06
24529,3.130177696792177e-06
24530,3.3166903310640803e-06
24531,3.502577319760973e-06
24532,3.6878379996451612e-06
24533,3.872471718346812e-06
24534,4.056477834339488e-06
24535,4.239855716917474e-06
24536,4.422604746172968e-06
24537,4.604724312971354e-06
24538,4.786213818928256e-06
24539,4.967072676386454e-06
24540,5.147300308390702e-06
24541,5.326896148665547e-06
24542,5.505859641589941e-06
24543,5.684190242173879e-06
24544,5.861887416034861e-06
24545,6.038950639372546e-06
24546,6.2153793989450896e-06
24547,6.391173192045335e-06
24548,6.566331526475299e-06
24549,6.740853920522178e-06
24550,6.914739902934399e-06
24551,7.0879890128957425e-06
24552,7.2606008000011875e-06
24553,7.432574824232711e-06
24554,7.603910655933151e-06
24555,7.774607875781866e-06
24556,7.944666074770238e-06
24557,8.114084854175184e-06
24558,8.282863825535499e-06
24559,8.451002610625194e-06
24560,8.61850084142879e-06
24561,8.785358160116338e-06
24562,8.951574219016885e-06
24563,9.117148680593413e-06
24564,9.282081217417766e-06
24565,9.44637151214379e-06
24566,9.610019257482103e-06
24567,9.773024156174827e-06
24568,9.935385920968446e-06
24569,1.0097104274588486e-05
24570,1.0258178949713921e-05
24571,1.0418609688949952e-05
24572,1.0578396244802325e-05
24573,1.0737538379651655e-05
24574,1.0896035865725976e-05
24575,1.1053888485074811e-05
24576,1.1211096029543404e-05
24577,1.136765830074475e-05
24578,1.1523575110034583e-05
24579,1.167884627848335e-05
24580,1.1833471636850099e-05
24581,1.1987451025556166e-05
24582,1.2140784294657304e-05
24583,1.2293471303817322e-05
24584,1.244551192228162e-05
24585,1.2596906028849088e-05
24586,1.2747653511845569e-05
24587,1.289775426909729e-05
24588,1.3047208207902473e-05
24589,1.3196015245004732e-05
24590,1.3344175306566237e-05
24591,1.3491688328139265e-05
24592,1.363855425463932e-05
24593,1.37847730403182e-05
24594,1.3930344648735162e-05
24595,1.4075269052730766e-05
24596,1.421954623439804e-05
24597,1.4363176185055243e-05
24598,1.4506158905218697e-05
24599,1.464849440457389e-05
24600,1.4790182701948137e-05
24601,1.4931223825283298e-05
24602,1.5071617811606583e-05
24603,1.5211364707003281e-05
24604,1.5350464566589124e-05
24605,1.5488917454481108e-05
24606,1.5626723443769967e-05
24607,1.5763882616492406e-05
24608,1.5900395063601885e-05
24609,1.6036260884940736e-05
24610,1.6171480189212508e-05
24611,1.6306053093952292e-05
24612,1.6439979725499645e-05
24613,1.6573260218968947e-05
24614,1.670589471822149e-05
24615,1.6837883375837257e-05
24616,1.6969226353085428e-05
24617,1.7099923819896283e-05
24618,1.72299759548329e-05
24619,1.7359382945061564e-05
24620,1.74881449863234e-05
24621,1.7616262282906184e-05
24622,1.7743735047614287e-05
24623,1.7870563501740624e-05
24624,1.7996747875037976e-05
24625,1.812228840568915e-05
24626,1.8247185340278464e-05
24627,1.837143893376324e-05
24628,1.8495049449443755e-05
24629,1.861801715893454e-05
24630,1.87403423421359e-05
24631,1.8862025287203504e-05
24632,1.898306629052052e-05
24633,1.9103465656667258e-05
24634,1.9223223698392328e-05
24635,1.9342340736583987e-05
24636,1.946081710023958e-05
24637,1.957865312643695e-05
24638,1.969584916030537e-05
24639,1.981240555499519e-05
24640,1.992832267164892e-05
24641,2.0043600879372146e-05
24642,2.0158240555203153e-05
24643,2.027224208408381e-05
24644,2.0385605858830507e-05
24645,2.049833228010367e-05
24646,2.061042175637858e-05
24647,2.0721874703916178e-05
24648,2.0832691546732347e-05
24649,2.0942872716569503e-05
24650,2.105241865286565e-05
24651,2.116132980272534e-05
24652,2.1269606620890228e-05
24653,2.137724956970836e-05
24654,2.1484259119104906e-05
24655,2.159063574655277e-05
24656,2.169637993704174e-05
24657,2.1801492183049278e-05
24658,2.1905972984510894e-05
24659,2.2009822848789437e-05
24660,2.211304229064561e-05
24661,2.2215631832208467e-05
24662,2.2317592002944584e-05
24663,2.2418923339628427e-05
24664,2.251962638631293e-05
24665,2.2619701694298594e-05
24666,2.271914982210379e-05
24667,2.281797133543527e-05
24668,2.291616680715698e-05
24669,2.301373681726134e-05
24670,2.3110681952837815e-05
24671,2.3207002808043653e-05
24672,2.3302699984073907e-05
24673,2.3397774089130584e-05
24674,2.3492225738392854e-05
24675,2.3586055553987447e-05
24676,2.3679264164957536e-05
24677,2.3771852207232994e-05
24678,2.3863820323600743e-05
24679,2.3955169163673575e-05
24680,2.404589938386052e-05
24681,2.4136011647336965e-05
24682,2.4225506624013604e-05
24683,2.4314384990506703e-05
24684,2.440264743010812e-05
24685,2.4490294632754342e-05
24686,2.4577327294997184e-05
24687,2.466374611997257e-05
24688,2.4749551817370775e-05
24689,2.483474510340656e-05
24690,2.4919326700787923e-05
24691,2.5003297338686524e-05
24692,2.5086657752707643e-05
24693,2.516940868485909e-05
24694,2.5251550883521392e-05
24695,2.5333085103417877e-05
24696,2.5414012105583664e-05
24697,2.5494332657335597e-05
24698,2.5574047532242627e-05
24699,2.5653157510094506e-05
24700,2.5731663376872035e-05
24701,2.5809565924717095e-05
24702,2.588686595190151e-05
24703,2.5963564262797828e-05
24704,2.6039661667847953e-05
24705,2.611515898353353e-05
24706,2.619005703234585e-05
24707,2.6264356642754935e-05
24708,2.63380586491796e-05
24709,2.641116389195751e-05
24710,2.648367321731438e-05
24711,2.6555587477333757e-05
24712,2.6626907529927495e-05
24713,2.669763423880457e-05
24714,2.676776847344128e-05
24715,2.68373111090514e-05
24716,2.690626302655514e-05
24717,2.6974625112549414e-05
24718,2.7042398259277888e-05
24719,2.710958336460019e-05
24720,2.7176181331961943e-05
24721,2.724219307036509e-05
24722,2.7307619494336737e-05
24723,2.7372461523900106e-05
24724,2.7436720084543476e-05
24725,2.7500396107190292e-05
24726,2.7563490528169597e-05
24727,2.7626004289185163e-05
24728,2.7687938337285637e-05
24729,2.7749293624834883e-05
24730,2.7810071109481272e-05
24731,2.787027175412773e-05
24732,2.792989652690238e-05
24733,2.7988946401127514e-05
24734,2.8047422355290167e-05
24735,2.8105325373012227e-05
24736,2.8162656443019936e-05
24737,2.8219416559114258e-05
24738,2.8275606720140975e-05
24739,2.833122792996045e-05
24740,2.8386281197418204e-05
24741,2.84407675363144e-05
24742,2.8494687965374283e-05
24743,2.8548043508218612e-05
24744,2.8600835193333164e-05
24745,2.8653064054039167e-05
24746,2.870473112846396e-05
24747,2.8755837459510452e-05
24748,2.8806384094827695e-05
24749,2.8856372086781487e-05
24750,2.8905802492423897e-05
24751,2.8954676373464114e-05
24752,2.900299479623869e-05
24753,2.9050758831681652e-05
24754,2.9097969555294973e-05
24755,2.9144628047119283e-05
24756,2.9190735391703628e-05
24757,2.9236292678076334e-05
24758,2.9281300999715654e-05
24759,2.9325761454519455e-05
24760,2.9369675144776775e-05
24761,2.941304317713742e-05
24762,2.945586666258301e-05
24763,2.949814671639765e-05
24764,2.9539884458138154e-05
24765,2.9581081011604692e-05
24766,2.9621737504812076e-05
24767,2.9661855069959678e-05
24768,2.9701434843402425e-05
24769,2.974047796562186e-05
24770,2.9778985581196373e-05
24771,2.98169588387723e-05
24772,2.9854398891034833e-05
24773,2.9891306894678658e-05
24774,2.9927684010378838e-05
24775,2.996353140276213e-05
24776,2.999885024037728e-05
24777,3.0033641695666715e-05
24778,3.0067906944937003e-05
24779,3.0101647168329857e-05
24780,3.013486354979397e-05
24781,3.0167557277055185e-05
24782,3.0199729541588087e-05
24783,3.02313815385874e-05
24784,3.026251446693857e-05
24785,3.029312952918953e-05
24786,3.032322793152179e-05
24787,3.0352810883721748e-05
24788,3.038187959915185e-05
24789,3.0410435294722487e-05
24790,3.043847919086281e-05
24791,3.0466012511492357e-05
24792,3.0493036483993006e-05
24793,3.0519552339179524e-05
24794,3.0545561311272195e-05
24795,3.057106463786766e-05
24796,3.059606355991067e-05
24797,3.062055932166625e-05
24798,3.064455317069069e-05
24799,3.06680463578037e-05
24800,3.069104013706021e-05
24801,3.0713535765721924e-05
24802,3.07355345042294e-05
24803,3.0757037616174e-05
24804,3.077804636826959e-05
24805,3.0798562030324616e-05
24806,3.081858587521423e-05
24807,3.083811917885212e-05
24808,3.08571632201628e-05
24809,3.087571928105382e-05
24810,3.08937886463876e-05
24811,3.09113726039539e-05
24812,3.092847244444227e-05
24813,3.094508946141372e-05
24814,3.096122495127385e-05
24815,3.0976880213244675e-05
24816,3.099205654933719e-05
24817,3.100675526432415e-05
24818,3.1020977665712044e-05
24819,3.103472506371412e-05
24820,3.104799877122275e-05
24821,3.1060800103782243e-05
24822,3.10731303795613e-05
24823,3.108499091932616e-05
24824,3.1096383046412875e-05
24825,3.110730808670049e-05
24826,3.111776736858399e-05
24827,3.112776222294678e-05
24828,3.113729398313409e-05
24829,3.114636398492596e-05
24830,3.115497356650991e-05
24831,3.1163124068454633e-05
24832,3.117081683368262e-05
24833,3.117805320744365e-05
24834,3.1184834537288014e-05
24835,3.119116217303977e-05
24836,3.1197037466770056e-05
24837,3.1202461772770673e-05
24838,3.120743644752731e-05
24839,3.121196284969312e-05
24840,3.12160423400623e-05
24841,3.121967628154367e-05
24842,3.122286603913421e-05
24843,3.1225612979893115e-05
24844,3.122791847291502e-05
24845,3.12297838893041e-05
24846,3.12312106021481e-05
24847,3.1232199986491636e-05
24848,3.123275341931084e-05
24849,3.1232872279486904e-05
24850,3.123255794778019e-05
24851,3.123181180680462e-05
24852,3.123063524100145e-05
24853,3.122902963661372e-05
24854,3.1226996381660395e-05
24855,3.1224536865910815e-05
24856,3.1221652480858885e-05
24857,3.121834461969774e-05
24858,3.121461467729395e-05
24859,3.121046405016218e-05
24860,3.1205894136439934e-05
24861,3.12009063358617e-05
24862,3.119550204973422e-05
24863,3.118968268091101e-05
24864,3.1183449633766956e-05
24865,3.117680431417343e-05
24866,3.116974812947318e-05
24867,3.1162282488455185e-05
24868,3.1154408801329695e-05
24869,3.114612847970338e-05
24870,3.113744293655443e-05
24871,3.112835358620775e-05
24872,3.1118861844310236e-05
24873,3.1108969127805927e-05
24874,3.109867685491172e-05
24875,3.108798644509224e-05
24876,3.1076899319035845e-05
24877,3.106541689862991e-05
24878,3.105354060693648e-05
24879,3.104127186816776e-05
24880,3.102861210766219e-05
24881,3.101556275185968e-05
24882,3.100212522827792e-05
24883,3.098830096548809e-05
24884,3.0974091393090604e-05
24885,3.095949794169153e-05
24886,3.094452204287825e-05
24887,3.0929165129195746e-05
24888,3.091342863412277e-05
24889,3.089731399204814e-05
24890,3.088082263824688e-05
24891,3.08639560088568e-05
24892,3.08467155408547e-05
24893,3.082910267203295e-05
24894,3.0811118840976096e-05
24895,3.0792765487037235e-05
24896,3.077404405031489e-05
24897,3.075495597162974e-05
24898,3.0735502692501255e-05
24899,3.071568565512456e-05
24900,3.0695506302347564e-05
24901,3.0674966077647646e-05
24902,3.0654066425108654e-05
24903,3.0632808789398404e-05
24904,3.061119461574538e-05
24905,3.058922534991628e-05
24906,3.056690243819307e-05
24907,3.054422732735035e-05
24908,3.052120146463301e-05
24909,3.049782629773324e-05
24910,3.047410327476848e-05
24911,3.0450033844258926e-05
24912,3.0425619455104972e-05
24913,3.0400861556565077e-05
24914,3.0375761598233758e-05
24915,3.0350321030018936e-05
24916,3.0324541302120253e-05
24917,3.0298423865007018e-05
24918,3.0271970169396092e-05
24919,3.0245181666230025e-05
24920,3.021805980665534e-05
24921,3.0190606042000645e-05
24922,3.016282182375494e-05
24923,3.0134708603546025e-05
24924,3.0106267833118954e-05
24925,3.0077500964314496e-05
24926,3.0048409449047622e-05
24927,3.0018994739286215e-05
24928,2.9989258287029846e-05
24929,2.9959201544288165e-05
24930,2.9928825963060193e-05
24931,2.9898132995312938e-05
24932,2.986712409296035e-05
24933,2.983580070784241e-05
24934,2.9804164291704245e-05
24935,2.9772216296175183e-05
24936,2.973995817274785e-05
24937,2.9707391372757894e-05
24938,2.967451734736289e-05
24939,2.964133754752193e-05
24940,2.9607853423975118e-05
24941,2.957406642722311e-05
24942,2.953997800750675e-05
24943,2.950558961478657e-05
24944,2.9470902698722826e-05
24945,2.9435918708655217e-05
24946,2.9400639093582613e-05
24947,2.9365065302143248e-05
24948,2.9329198782594582e-05
24949,2.929304098279348e-05
24950,2.9256593350176154e-05
24951,2.921985733173878e-05
24952,2.9182834374017482e-05
24953,2.9145525923068743e-05
24954,2.9107933424449914e-05
24955,2.9070058323199705e-05
24956,2.9031902063818547e-05
24957,2.8993466090249605e-05
24958,2.8954751845859094e-05
24959,2.891576077341737e-05
24960,2.887649431507952e-05
24961,2.883695391236638e-05
24962,2.879714100614559e-05
24963,2.8757057036612415e-05
24964,2.8716703443271068e-05
24965,2.867608166491582e-05
24966,2.8635193139612298e-05
24967,2.859403930467872e-05
24968,2.8552621596667293e-05
24969,2.8510941451345843e-05
24970,2.846900030367897e-05
24971,2.8426799587810136e-05
24972,2.8384340737042966e-05
24973,2.8341625183823122e-05
24974,2.8298654359720135e-05
24975,2.825542969540914e-05
24976,2.8211952620653108e-05
24977,2.8168224564284433e-05
24978,2.8124246954187433e-05
24979,2.8080021217280305e-05
24980,2.8035548779497405e-05
24981,2.7990831065771442e-05
24982,2.7945869500016025e-05
24983,2.7900665505107986e-05
24984,2.7855220502869765e-05
24985,2.78095359140523e-05
24986,2.7763613158317365e-05
24987,2.771745365422053e-05
24988,2.767105881919375e-05
24989,2.762443006952839e-05
24990,2.7577568820357912e-05
24991,2.7530476485641205e-05
24992,2.7483154478145436e-05
24993,2.7435604209429167e-05
24994,2.738782708982574e-05
24995,2.7339824528426374e-05
24996,2.7291597933063658e-05
24997,2.7243148710294804e-05
24998,2.719447826538531e-05
24999,2.71455880022925e-05
25000,2.7096479323649043e-05
25001,2.704715363074678e-05
25002,2.6997612323520406e-05
25003,2.6947856800531468e-05
25004,2.6897888458951954e-05
25005,2.6847708694548723e-05
25006,2.679731890166723e-05
25007,2.6746720473215817e-05
25008,2.6695914800649824e-05
25009,2.664490327395595e-05
25010,2.6593687281636534e-05
25011,2.6542268210693897e-05
25012,2.649064744661503e-05
25013,2.6438826373355968e-05
25014,2.638680637332652e-05
25015,2.6334588827374875e-05
25016,2.628217511477247e-05
25017,2.62295666131988e-05
25018,2.617676469872619e-05
25019,2.6123770745805005e-05
25020,2.6070586127248586e-05
25021,2.6017212214218405e-05
25022,2.5963650376209162e-05
25023,2.5909901981034146e-05
25024,2.5855968394810727e-05
25025,2.580185098194524e-05
25026,2.574755110511911e-05
25027,2.5693070125274063e-05
25028,2.5638409401597663e-05
25029,2.5583570291509307e-05
25030,2.552855415064573e-05
25031,2.547336233284687e-05
25032,2.5417996190141907e-05
25033,2.5362457072735162e-05
25034,2.5306746328992132e-05
25035,2.5250865305425634e-05
25036,2.5194815346681945e-05
25037,2.51385977955272e-05
25038,2.508221399283351e-05
25039,2.50256652775655e-05
25040,2.4968952986766858e-05
25041,2.4912078455546724e-05
25042,2.4855043017066344e-05
25043,2.4797848002525852e-05
25044,2.4740494741150937e-05
25045,2.4682984560179582e-05
25046,2.462531878484922e-05
25047,2.4567498738383522e-05
25048,2.4509525741979413e-05
25049,2.445140111479433e-05
25050,2.439312617393327e-05
25051,2.433470223443613e-05
25052,2.4276130609264892e-05
25053,2.4217412609291256e-05
25054,2.415854954328387e-05
25055,2.409954271789605e-05
25056,2.4040393437653232e-05
25057,2.398110300494075e-05
25058,2.3921672719991593e-05
25059,2.3862103880874076e-05
25060,2.3802397783479905e-05
25061,2.3742555721512096e-05
25062,2.3682578986472933e-05
25063,2.3622468867652113e-05
25064,2.356222665211499e-05
25065,2.350185362469054e-05
25066,2.3441351067960087e-05
25067,2.3380720262245367e-05
25068,2.3319962485597063e-05
25069,2.3259079013783447e-05
25070,2.3198071120278717e-05
25071,2.3136940076251974e-05
25072,2.3075687150555598e-05
25073,2.301431360971434e-05
25074,2.295282071791413e-05
25075,2.2891209736990943e-05
25076,2.2829481926419776e-05
25077,2.276763854330387e-05
25078,2.2705680842363865e-05
25079,2.264361007592666e-05
25080,2.2581427493915263e-05
25081,2.2519134343837787e-05
25082,2.245673187077687e-05
25083,2.239422131737936e-05
25084,2.2331603923845794e-05
25085,2.2268880927919923e-05
25086,2.220605356487858e-05
25087,2.2143123067521348e-05
25088,2.2080090666160488e-05
25089,2.201695758861085e-05
25090,2.1953725060179653e-05
25091,2.1890394303656853e-05
25092,2.1826966539305098e-05
25093,2.1763442984849725e-05
25094,2.1699824855469417e-05
25095,2.163611336378628e-05
25096,2.1572309719856203e-05
25097,2.1508415131159447e-05
25098,2.1444430802591175e-05
25099,2.1380357936451893e-05
25100,2.1316197732438252e-05
25101,2.1251951387633798e-05
25102,2.1187620096499667e-05
25103,2.112320505086562e-05
25104,2.1058707439920755e-05
25105,2.0994128450204767e-05
25106,2.0929469265598787e-05
25107,2.0864731067316678e-05
25108,2.0799915033896207e-05
25109,2.0735022341190378e-05
25110,2.067005416235859e-05
25111,2.0605011667858266e-05
25112,2.053989602543632e-05
25113,2.0474708400120364e-05
25114,2.040944995421086e-05
25115,2.0344121847272462e-05
25116,2.0278725236125723e-05
25117,2.021326127483914e-05
25118,2.0147731114720924e-05
25119,2.008213590431087e-05
25120,2.001647678937246e-05
25121,1.9950754912884944e-05
25122,1.98849714150355e-05
25123,1.981912743321145e-05
25124,1.9753224101992428e-05
25125,1.9687262553142882e-05
25126,1.9621243915604515e-05
25127,1.9555169315488437e-05
25128,1.9489039876068152e-05
25129,1.9422856717771955e-05
25130,1.9356620958175533e-05
25131,1.929033371199484e-05
25132,1.922399609107896e-05
25133,1.9157609204402737e-05
25134,1.909117415805991e-05
25135,1.902469205525616e-05
25136,1.8958163996301985e-05
25137,1.8891591078605995e-05
25138,1.8824974396668134e-05
25139,1.875831504207274e-05
25140,1.869161410348209e-05
25141,1.8624872666629653e-05
25142,1.8558091814313714e-05
25143,1.8491272626390758e-05
25144,1.842441617976899e-05
25145,1.8357523548402254e-05
25146,1.829059580328358e-05
25147,1.8223634012438742e-05
25148,1.8156639240920614e-05
25149,1.808961255080269e-05
25150,1.8022555001173123e-05
25151,1.7955467648128877e-05
25152,1.788835154476976e-05
25153,1.7821207741192515e-05
25154,1.775403728448509e-05
25155,1.7686841218721105e-05
25156,1.761962058495385e-05
25157,1.7552376421211113e-05
25158,1.748510976248912e-05
25159,1.741782164074782e-05
25160,1.7350513084904744e-05
25161,1.7283185120830148e-05
25162,1.7215838771341462e-05
25163,1.7148475056198415e-05
25164,1.7081094992097502e-05
25165,1.701369959266715e-05
25166,1.6946289868462563e-05
25167,1.687886682696085e-05
25168,1.6811431472556166e-05
25169,1.6743984806554683e-05
25170,1.667652782717014e-05
25171,1.66090615295186e-05
25172,1.654158690561429e-05
25173,1.647410494436494e-05
25174,1.6406616631566926e-05
25175,1.633912294990124e-05
25176,1.6271624878928716e-05
25177,1.6204123395085815e-05
25178,1.6136619471680345e-05
25179,1.6069114078887228e-05
25180,1.6001608183744494e-05
25181,1.5934102750148725e-05
25182,1.586659873885161e-05
25183,1.5799097107455214e-05
25184,1.5731598810408884e-05
25185,1.566410479900473e-05
25186,1.5596616021374056e-05
25187,1.5529133422483836e-05
25188,1.5461657944132312e-05
25189,1.539419052494635e-05
25190,1.5326732100376946e-05
25191,1.525928360269645e-05
25192,1.5191845960994505e-05
25193,1.5124420101175107e-05
25194,1.505700694595289e-05
25195,1.4989607414850084e-05
25196,1.492222242419344e-05
25197,1.4854852887110617e-05
25198,1.4787499713527352e-05
25199,1.4720163810164641e-05
25200,1.4652846080534933e-05
25201,1.4585547424940285e-05
25202,1.4518268740468663e-05
25203,1.4451010920991512e-05
25204,1.4383774857160932e-05
25205,1.4316561436406543e-05
25206,1.4249371542933728e-05
25207,1.4182206057720172e-05
25208,1.4115065858513888e-05
25209,1.4047951819830331e-05
25210,1.3980864812950457e-05
25211,1.3913805705917642e-05
25212,1.3846775363536093e-05
25213,1.3779774647368266e-05
25214,1.37128044157326e-05
25215,1.3645865523701556e-05
25216,1.3578958823099423e-05
25217,1.351208516250014e-05
25218,1.34452453872256e-05
25219,1.3378440339343562e-05
25220,1.3311670857665897e-05
25221,1.3244937777746605e-05
25222,1.3178241931880066e-05
25223,1.3111584149099428e-05
25224,1.3044965255175085e-05
25225,1.2978386072612786e-05
25226,1.2911847420652158e-05
25227,1.2845350115265601e-05
25228,1.2778894969155978e-05
25229,1.2712482791756332e-05
25230,1.2646114389227678e-05
25231,1.257979056445824e-05
25232,1.2513512117061923e-05
25233,1.2447279843377344e-05
25234,1.2381094536466478e-05
25235,1.2314956986113871e-05
25236,1.2248867978825511e-05
25237,1.2182828297827763e-05
25238,1.2116838723066737e-05
25239,1.2050900031206894e-05
25240,1.1985012995630803e-05
25241,1.1919178386438276e-05
25242,1.1853396970445332e-05
25243,1.1787669511183958e-05
25244,1.1721996768901252e-05
25245,1.1656379500558821e-05
25246,1.1590818459832586e-05
25247,1.1525314397112e-05
25248,1.1459868059499993e-05
25249,1.1394480190812262e-05
25250,1.1329151531577372e-05
25251,1.1263882819035835e-05
25252,1.1198674787140868e-05
25253,1.1133528166557482e-05
25254,1.106844368466264e-05
25255,1.100342206554536e-05
25256,1.0938464030006491e-05
25257,1.0873570295558716e-05
25258,1.0808741576426914e-05
25259,1.0743978583548257e-05
25260,1.0679282024572138e-05
25261,1.0614652603860797e-05
25262,1.0550091022489143e-05
25263,1.0485597978245612e-05
25264,1.042117416563231e-05
25265,1.0356820275865331e-05
25266,1.0292536996875524e-05
25267,1.0228325013308861e-05
25268,1.0164185006526747e-05
25269,1.010011765460733e-05
25270,1.0036123632345567e-05
25271,9.972203611254246e-06
25272,9.908358259564637e-06
25273,9.844588242227372e-06
25274,9.780894220913155e-06
25275,9.717276854013897e-06
25276,9.65373679664361e-06
25277,9.590274700639275e-06
25278,9.526891214562169e-06
25279,9.463586983698375e-06
25280,9.400362650060634e-06
25281,9.33721885238916e-06
25282,9.27415622615282e-06
25283,9.211175403550644e-06
25284,9.14827701351292e-06
25285,9.08546168170252e-06
25286,9.022730030516598e-06
25287,8.960082679087752e-06
25288,8.897520243285791e-06
25289,8.835043335718949e-06
25290,8.77265256573587e-06
25291,8.71034853942659e-06
25292,8.64813185962506e-06
25293,8.58600312591019e-06
25294,8.52396293460788e-06
25295,8.462011878792983e-06
25296,8.400150548290474e-06
25297,8.33837952967829e-06
25298,8.27669940628852e-06
25299,8.215110758209763e-06
25300,8.153614162288929e-06
25301,8.092210192133475e-06
25302,8.030899418113195e-06
25303,7.96968240736276e-06
25304,7.908559723783716e-06
25305,7.847531928046603e-06
25306,7.786599577593388e-06
25307,7.725763226639767e-06
25308,7.665023426177075e-06
25309,7.604380723975489e-06
25310,7.5438356645857405e-06
25311,7.48338878934197e-06
25312,7.423040636364089e-06
25313,7.362791740560199e-06
25314,7.302642633629472e-06
25315,7.242593844064588e-06
25316,7.1826458971545035e-06
25317,7.122799314987009e-06
25318,7.0630546164517336e-06
25319,7.003412317242398e-06
25320,6.9438729298603585e-06
25321,6.8844369636169805e-06
25322,6.825104924636633e-06
25323,6.765877315859741e-06
25324,6.706754637045693e-06
25325,6.647737384775638e-06
25326,6.588826052455953e-06
25327,6.5300211303211216e-06
25328,6.471323105436808e-06
25329,6.412732461703151e-06
25330,6.354249679857706e-06
25331,6.2958752374790446e-06
25332,6.237609608989902e-06
25333,6.179453265660322e-06
25334,6.121406675611241e-06
25335,6.063470303817808e-06
25336,6.0056446121124565e-06
25337,5.947930059189054e-06
25338,5.890327100605827e-06
25339,5.832836188789168e-06
25340,5.775457773037043e-06
25341,5.718192299522818e-06
25342,5.661040211298419e-06
25343,5.604001948298586e-06
25344,5.547077947344328e-06
25345,5.490268642146537e-06
25346,5.43357446330998e-06
25347,5.376995838337047e-06
25348,5.320533191631259e-06
25349,5.264186944501807e-06
25350,5.207957515166926e-06
25351,5.1518453187581e-06
25352,5.095850767323961e-06
25353,5.0399742698341044e-06
25354,4.984216232183539e-06
25355,4.928577057196496e-06
25356,4.873057144630623e-06
25357,4.817656891181037e-06
25358,4.762376690484764e-06
25359,4.707216933124361e-06
25360,4.652178006632932e-06
25361,4.597260295497844e-06
25362,4.542464181165232e-06
25363,4.487790042044355e-06
25364,4.433238253511957e-06
25365,4.3788091879163735e-06
25366,4.324503214582485e-06
25367,4.270320699815851e-06
25368,4.216262006907223e-06
25369,4.162327496137206e-06
25370,4.108517524780475e-06
25371,4.054832447110828e-06
25372,4.001272614405512e-06
25373,3.947838374949893e-06
25374,3.894530074042209e-06
25375,3.8413480539982915e-06
25376,3.788292654155919e-06
25377,3.7353642108802593e-06
25378,3.6825630575681175e-06
25379,3.6298895246530144e-06
25380,3.577343939609887e-06
25381,3.5249266269601925e-06
25382,3.4726379082763274e-06
25383,3.4204781021871906e-06
25384,3.3684475243827893e-06
25385,3.3165464876192473e-06
25386,3.2647753017239994e-06
25387,3.2131342736003807e-06
25388,3.161623707233369e-06
25389,3.1102439036941994e-06
25390,3.05899516114564e-06
25391,3.0078777748471935e-06
25392,2.95689203716027e-06
25393,2.9060382375531116e-06
25394,2.855316662606526e-06
25395,2.80472759601884e-06
25396,2.754271318611215e-06
25397,2.7039481083329933e-06
25398,2.6537582402671483e-06
25399,2.6037019866352255e-06
25400,2.553779616803357e-06
25401,2.5039913972872497e-06
25402,2.454337591757766e-06
25403,2.404818461046443e-06
25404,2.3554342631506154e-06
25405,2.306185253239554e-06
25406,2.2570716836595382e-06
25407,2.2080938039395884e-06
25408,2.1592518607970056e-06
25409,2.110546098143132e-06
25410,2.0619767570885575e-06
25411,2.013544075949362e-06
25412,1.9652482902524674e-06
25413,1.9170896327413617e-06
25414,1.8690683333819011e-06
25415,1.8211846193681127e-06
25416,1.773438715127624e-06
25417,1.7258308423280014e-06
25418,1.6783612198822137e-06
25419,1.6310300639545744e-06
25420,1.5838375879666821e-06
25421,1.5367840026029647e-06
25422,1.489869515817125e-06
25423,1.4430943328377033e-06
25424,1.3964586561741485e-06
25425,1.3499626856227643e-06
25426,1.303606618272826e-06
25427,1.2573906485121942e-06
25428,1.2113149680339536e-06
25429,1.165379765842064e-06
25430,1.1195852282575489e-06
25431,1.0739315389246115e-06
25432,1.0284188788168191e-06
25433,9.830474262428988e-07
25434,9.378173568534399e-07
25435,8.927288436467185e-07
25436,8.477820569749793e-07
25437,8.029771645506581e-07
25438,7.583143314527273e-07
25439,7.137937201325637e-07
25440,6.694154904208099e-07
25441,6.251797995332675e-07
25442,5.810868020773394e-07
25443,5.371366500584325e-07
25444,4.93329492885954e-07
25445,4.4966547738023423e-07
25446,4.061447477785434e-07
25447,3.627674457415974e-07
25448,3.195337103599768e-07
25449,2.7644367816066665e-07
25450,2.3349748311314814e-07
25451,1.9069525663642438e-07
25452,1.4803712760515366e-07
25453,1.0552322235624767e-07
25454,6.315366469540498e-08
25455,2.092857590374296e-08
25456,-2.1151925255997304e-08
25457,-6.308772253233417e-08
25458,-1.0487870217880928e-07
25459,-1.465247529472887e-07
25460,-1.8802576608124384e-07
25461,-2.2938163530946863e-07
25462,-2.705922568388833e-07
25463,-3.1165752934822087e-07
25464,-3.52577353981245e-07
25465,-3.933516343400448e-07
25466,-4.3398027647823583e-07
25467,-4.744631888945661e-07
25468,-5.148002825256513e-07
25469,-5.549914707395481e-07
25470,-5.950366693289075e-07
25471,-6.349357965041642e-07
25472,-6.746887728866501e-07
25473,-7.142955215021314e-07
25474,-7.537559677734333e-07
25475,-7.930700395139606e-07
25476,-8.322376669207289e-07
25477,-8.712587825674254e-07
25478,-9.101333213978454e-07
25479,-9.488612207184838e-07
25480,-9.874424201919699e-07
25481,-1.0258768618300423e-06
25482,-1.064164489986626e-06
25483,-1.10230525135077e-06
25484,-1.1402990949400607e-06
25485,-1.1781459720930952e-06
25486,-1.2158458364628522e-06
25487,-1.2533986440096188e-06
25488,-1.2908043529939471e-06
25489,-1.328062923969583e-06
25490,-1.3651743197767245e-06
25491,-1.40213850553452e-06
25492,-1.4389554486342977e-06
25493,-1.4756251187324457e-06
25494,-1.512147487743245e-06
25495,-1.548522529832087e-06
25496,-1.584750221407919e-06
25497,-1.6208305411164155e-06
25498,-1.6567634698327963e-06
25499,-1.692548990654713e-06
25500,-1.7281870888949835e-06
25501,-1.7636777520748065e-06
25502,-1.7990209699160748e-06
25503,-1.8342167343345728e-06
25504,-1.8692650394326625e-06
25505,-1.9041658814921305e-06
25506,-1.9389192589669092e-06
25507,-1.973525172476154e-06
25508,-2.007983624796596e-06
25509,-2.04229462085558e-06
25510,-2.0764581677238078e-06
25511,-2.1104742746079643e-06
25512,-2.144342952843808e-06
25513,-2.178064215888456e-06
25514,-2.2116380793133678e-06
25515,-2.2450645607970797e-06
25516,-2.2783436801178273e-06
25517,-2.311475459146268e-06
25518,-2.3444599218384177e-06
25519,-2.3772970942279064e-06
25520,-2.4099870044190044e-06
25521,-2.442529682579164e-06
25522,-2.47492516093176e-06
25523,-2.507173473748607e-06
25524,-2.5392746573430008e-06
25525,-2.5712287500618456e-06
25526,-2.6030357922786206e-06
25527,-2.6346958263859995e-06
25528,-2.6662088967883845e-06
25529,-2.6975750498945657e-06
25530,-2.728794334110546e-06
25531,-2.759866799831785e-06
25532,-2.790792499436051e-06
25533,-2.821571487275969e-06
25534,-2.852203819671584e-06
25535,-2.8826895549031823e-06
25536,-2.9130287532034953e-06
25537,-2.9432214767505297e-06
25538,-2.973267789660138e-06
25539,-3.003167757978513e-06
25540,-3.0329214496747198e-06
25541,-3.0625289346336086e-06
25542,-3.0919902846478236e-06
25543,-3.1213055734107613e-06
25544,-3.150474876508958e-06
25545,-3.1794982714147264e-06
25546,-3.208375837478549e-06
25547,-3.237107655921949e-06
25548,-3.265693809829602e-06
25549,-3.2941343841421153e-06
25550,-3.322429465648562e-06
25551,-3.3505791429788284e-06
25552,-3.378583506596536e-06
25553,-3.4064426487910596e-06
25554,-3.4341566636703416e-06
25555,-3.4617256471533864e-06
25556,-3.489149696962693e-06
25557,-3.5164289126167808e-06
25558,-3.5435633954228996e-06
25559,-3.5705532484691796e-06
25560,-3.597398576617367e-06
25561,-3.6240994864952807e-06
25562,-3.6506560864893286e-06
25563,-3.677068486736868e-06
25564,-3.7033367991190987e-06
25565,-3.7294611372530003e-06
25566,-3.7554416164842316e-06
25567,-3.7812783538794585e-06
25568,-3.8069714682188157e-06
25569,-3.83252107998871e-06
25570,-3.857927311373814e-06
25571,-3.883190286249907e-06
25572,-3.9083101301762434e-06
25573,-3.93328697038806e-06
25574,-3.958120935789019e-06
25575,-3.982812156943891e-06
25576,-4.007360766070758e-06
25577,-4.031766897033625e-06
25578,-4.056030685334977e-06
25579,-4.0801522681081555e-06
25580,-4.104131784109828e-06
25581,-4.127969373712791e-06
25582,-4.151665178897923e-06
25583,-4.175219343247106e-06
25584,-4.198632011935505e-06
25585,-4.2219033317240926e-06
25586,-4.2450334509523446e-06
25587,-4.268022519530336e-06
25588,-4.290870688931571e-06
25589,-4.313578112185298e-06
25590,-4.3361449438691235e-06
25591,-4.358571340101334e-06
25592,-4.38085745853376e-06
25593,-4.403003458343797e-06
25594,-4.4250095002272125e-06
25595,-4.446875746390601e-06
25596,-4.468602360543841e-06
25597,-4.490189507892601e-06
25598,-4.511637355131038e-06
25599,-4.532946070434007e-06
25600,-4.554115823449748e-06
25601,-4.5751467852923825e-06
25602,-4.59603912853442e-06
25603,-4.6167930271994185e-06
25604,-4.637408656754269e-06
25605,-4.6578861941018485e-06
25606,-4.678225817573593e-06
25607,-4.698427706921977e-06
25608,-4.718492043312973e-06
25609,-4.73841900931895e-06
25610,-4.758208788910693e-06
25611,-4.777861567450347e-06
25612,-4.797377531683795e-06
25613,-4.816756869733314e-06
25614,-4.835999771089987e-06
25615,-4.855106426606551e-06
25616,-4.874077028489638e-06
25617,-4.892911770292509e-06
25618,-4.911610846907695e-06
25619,-4.9301744545593515e-06
25620,-4.948602790796277e-06
25621,-4.966896054483974e-06
25622,-4.985054445797567e-06
25623,-5.003078166214409e-06
25624,-5.020967418506526e-06
25625,-5.038722406733341e-06
25626,-5.05634333623437e-06
25627,-5.073830413621654e-06
25628,-5.091183846772456e-06
25629,-5.108403844821937e-06
25630,-5.125490618155833e-06
25631,-5.1424443784028895e-06
25632,-5.159265338427897e-06
25633,-5.175953712323902e-06
25634,-5.192509715405178e-06
25635,-5.208933564199742e-06
25636,-5.225225476442078e-06
25637,-5.241385671065824e-06
25638,-5.257414368196531e-06
25639,-5.273311789144191e-06
25640,-5.289078156396004e-06
25641,-5.30471369360915e-06
25642,-5.320218625603376e-06
25643,-5.33559317835391e-06
25644,-5.350837578983999e-06
25645,-5.36595205575766e-06
25646,-5.380936838072547e-06
25647,-5.395792156452564e-06
25648,-5.410518242540618e-06
25649,-5.4251153290916455e-06
25650,-5.43958364996494e-06
25651,-5.453923440117282e-06
25652,-5.46813493559553e-06
25653,-5.482218373529527e-06
25654,-5.4961739921247795e-06
25655,-5.510002030655446e-06
25656,-5.523702729456984e-06
25657,-5.5372763299189735e-06
25658,-5.550723074478084e-06
25659,-5.564043206610707e-06
25660,-5.577236970826145e-06
25661,-5.590304612659042e-06
25662,-5.603246378662509e-06
25663,-5.616062516400966e-06
25664,-5.628753274442942e-06
25665,-5.641318902354043e-06
25666,-5.653759650689858e-06
25667,-5.666075770988804e-06
25668,-5.678267515765017e-06
25669,-5.690335138501334e-06
25670,-5.702278893642275e-06
25671,-5.714099036586797e-06
25672,-5.725795823681592e-06
25673,-5.737369512213608e-06
25674,-5.7488203604033606e-06
25675,-5.76014862739774e-06
25676,-5.771354573262976e-06
25677,-5.782438458977944e-06
25678,-5.793400546426673e-06
25679,-5.804241098391803e-06
25680,-5.814960378547314e-06
25681,-5.825558651451786e-06
25682,-5.836036182541229e-06
25683,-5.8463932381223944e-06
25684,-5.856630085365627e-06
25685,-5.866746992297983e-06
25686,-5.87674422779644e-06
25687,-5.8866220615807935e-06
25688,-5.896380764206961e-06
25689,-5.906020607060038e-06
25690,-5.91554186234732e-06
25691,-5.924944803091601e-06
25692,-5.934229703124177e-06
25693,-5.9433968370781185e-06
25694,-5.952446480381448e-06
25695,-5.961378909250231e-06
25696,-5.970194400681799e-06
25697,-5.978893232447968e-06
25698,-5.987475683088328e-06
25699,-5.995942031903246e-06
25700,-6.004292558947495e-06
25701,-6.012527545023023e-06
25702,-6.0206472716726175e-06
25703,-6.0286520211729174e-06
25704,-6.0365420765277975e-06
25705,-6.044317721461691e-06
25706,-6.051979240412887e-06
25707,-6.059526918526793e-06
25708,-6.066961041649251e-06
25709,-6.074281896320015e-06
25710,-6.08148976976588e-06
25711,-6.088584949894335e-06
25712,-6.0955677252866904e-06
25713,-6.102438385191557e-06
25714,-6.1091972195183055e-06
25715,-6.115844518830335e-06
25716,-6.122380574338678e-06
25717,-6.128805677895356e-06
25718,-6.135120121986737e-06
25719,-6.1413241997271526e-06
25720,-6.147418204852251e-06
25721,-6.1534024317126125e-06
25722,-6.15927717526709e-06
25723,-6.165042731076474e-06
25724,-6.170699395296958e-06
25725,-6.176247464673585e-06
25726,-6.181687236533983e-06
25727,-6.187019008781726e-06
25728,-6.192243079890109e-06
25729,-6.197359748895648e-06
25730,-6.202369315391562e-06
25731,-6.207272079521633e-06
25732,-6.212068341973611e-06
25733,-6.216758403973012e-06
25734,-6.221342567276699e-06
25735,-6.225821134166597e-06
25736,-6.230194407443265e-06
25737,-6.2344626904197135e-06
25738,-6.238626286915106e-06
25739,-6.242685501248334e-06
25740,-6.246640638232051e-06
25741,-6.250492003166055e-06
25742,-6.254239901831349e-06
25743,-6.257884640483748e-06
25744,-6.2614265258476905e-06
25745,-6.26486586511015e-06
25746,-6.26820296591438e-06
25747,-6.271438136353723e-06
25748,-6.274571684965424e-06
25749,-6.277603920724667e-06
25750,-6.280535153038206e-06
25751,-6.283365691738474e-06
25752,-6.286095847077371e-06
25753,-6.288725929720138e-06
25754,-6.2912562507394425e-06
25755,-6.293687121609152e-06
25756,-6.296018854198401e-06
25757,-6.298251760765604e-06
25758,-6.3003861539522445e-06
25759,-6.302422346777156e-06
25760,-6.3043606526302596e-06
25761,-6.306201385266868e-06
25762,-6.307944858801446e-06
25763,-6.309591387702005e-06
25764,-6.311141286783849e-06
25765,-6.312594871203855e-06
25766,-6.313952456454566e-06
25767,-6.315214358358203e-06
25768,-6.316380893061053e-06
25769,-6.31745237702724e-06
25770,-6.31842912703326e-06
25771,-6.319311460161886e-06
25772,-6.320099693796521e-06
25773,-6.320794145615371e-06
25774,-6.321395133585662e-06
25775,-6.321902975957892e-06
25776,-6.322317991260012e-06
25777,-6.322640498291853e-06
25778,-6.322870816119264e-06
25779,-6.323009264068408e-06
25780,-6.32305616172033e-06
25781,-6.3230118289048866e-06
25782,-6.3228765856954735e-06
25783,-6.322650752403091e-06
25784,-6.3223346495709225e-06
25785,-6.321928597968696e-06
25786,-6.321432918586955e-06
25787,-6.320847932631682e-06
25788,-6.320173961518568e-06
25789,-6.319411326867599e-06
25790,-6.318560350497393e-06
25791,-6.317621354419929e-06
25792,-6.3165946608347115e-06
25793,-6.315480592123542e-06
25794,-6.314279470845011e-06
25795,-6.312991619728925e-06
25796,-6.311617361671071e-06
25797,-6.310157019727652e-06
25798,-6.308610917109876e-06
25799,-6.306979377178713e-06
25800,-6.305262723439339e-06
25801,-6.303461279535963e-06
25802,-6.301575369246338e-06
25803,-6.299605316476582e-06
25804,-6.297551445255703e-06
25805,-6.295414079730447e-06
25806,-6.293193544160019e-06
25807,-6.290890162910676e-06
25808,-6.288504260450783e-06
25809,-6.286036161345219e-06
25810,-6.2834861902504805e-06
25811,-6.2808546719093024e-06
25812,-6.278141931145516e-06
25813,-6.275348292858995e-06
25814,-6.272474082020392e-06
25815,-6.269519623666101e-06
25816,-6.2664852428930096e-06
25817,-6.2633712648535856e-06
25818,-6.260178014750681e-06
25819,-6.256905817832451e-06
25820,-6.25355499938749e-06
25821,-6.250125884739535e-06
25822,-6.246618799242706e-06
25823,-6.243034068276304e-06
25824,-6.239372017240021e-06
25825,-6.235632971548833e-06
25826,-6.231817256628095e-06
25827,-6.227925197908712e-06
25828,-6.223957120822032e-06
25829,-6.219913350795155e-06
25830,-6.2157942132458885e-06
25831,-6.211600033578066e-06
25832,-6.207331137176494e-06
25833,-6.20298784940225e-06
25834,-6.19857049558791e-06
25835,-6.194079401032609e-06
25836,-6.189514890997436e-06
25837,-6.184877290700507e-06
25838,-6.180166925312392e-06
25839,-6.175384119951203e-06
25840,-6.170529199678024e-06
25841,-6.165602489492191e-06
25842,-6.160604314326568e-06
25843,-6.155534999042959e-06
25844,-6.150394868427349e-06
25845,-6.145184247185482e-06
25846,-6.139903459937997e-06
25847,-6.134552831216002e-06
25848,-6.129132685456562e-06
25849,-6.123643346997895e-06
25850,-6.118085140075119e-06
25851,-6.112458388815469e-06
25852,-6.106763417234037e-06
25853,-6.1010005492290605e-06
25854,-6.095170108577579e-06
25855,-6.089272418931027e-06
25856,-6.083307803810585e-06
25857,-6.07727658660302e-06
25858,-6.071179090556058e-06
25859,-6.065015638774205e-06
25860,-6.058786554214194e-06
25861,-6.052492159680686e-06
25862,-6.046132777822065e-06
25863,-6.03970873112589e-06
25864,-6.033220341914836e-06
25865,-6.026667932342209e-06
25866,-6.020051824387832e-06
25867,-6.013372339853675e-06
25868,-6.006629800359682e-06
25869,-5.999824527339619e-06
25870,-5.9929568420367155e-06
25871,-5.986027065499704e-06
25872,-5.979035518578415e-06
25873,-5.971982521919804e-06
25874,-5.964868395963802e-06
25875,-5.957693460939082e-06
25876,-5.950458036859201e-06
25877,-5.943162443518237e-06
25878,-5.935807000486981e-06
25879,-5.9283920271087275e-06
25880,-5.920917842495306e-06
25881,-5.913384765523142e-06
25882,-5.905793114829137e-06
25883,-5.8981432088068424e-06
25884,-5.890435365602316e-06
25885,-5.88266990311042e-06
25886,-5.874847138970683e-06
25887,-5.8669673905634865e-06
25888,-5.859030975006285e-06
25889,-5.851038209149511e-06
25890,-5.8429894095729405e-06
25891,-5.834884892581689e-06
25892,-5.826724974202546e-06
25893,-5.818509970180066e-06
25894,-5.810240195972776e-06
25895,-5.801915966749568e-06
25896,-5.793537597385716e-06
25897,-5.785105402459396e-06
25898,-5.7766196962477175e-06
25899,-5.7680807927233e-06
25900,-5.759489005550347e-06
25901,-5.750844648081109e-06
25902,-5.742148033352283e-06
25903,-5.733399474081249e-06
25904,-5.7245992826626135e-06
25905,-5.715747771164487e-06
25906,-5.706845251325006e-06
25907,-5.69789203454872e-06
25908,-5.68888843190303e-06
25909,-5.679834754114808e-06
25910,-5.670731311566662e-06
25911,-5.661578414293706e-06
25912,-5.652376371979843e-06
25913,-5.6431254939545175e-06
25914,-5.633826089189133e-06
25915,-5.62447846629369e-06
25916,-5.6150829335134575e-06
25917,-5.605639798725402e-06
25918,-5.596149369435051e-06
25919,-5.586611952772943e-06
25920,-5.577027855491442e-06
25921,-5.567397383961299e-06
25922,-5.557720844168448e-06
25923,-5.54799854171072e-06
25924,-5.5382307817944825e-06
25925,-5.528417869231542e-06
25926,-5.518560108435758e-06
25927,-5.508657803419984e-06
25928,-5.49871125779275e-06
25929,-5.488720774755103e-06
25930,-5.478686657097562e-06
25931,-5.46860920719681e-06
25932,-5.458488727012707e-06
25933,-5.448325518085037e-06
25934,-5.438119881530608e-06
25935,-5.427872118039981e-06
25936,-5.417582527874508e-06
25937,-5.40725141086334e-06
25938,-5.39687906640027e-06
25939,-5.386465793440874e-06
25940,-5.376011890499388e-06
25941,-5.365517655645841e-06
25942,-5.354983386503039e-06
25943,-5.344409380243601e-06
25944,-5.333795933587181e-06
25945,-5.3231433427973475e-06
25946,-5.312451903678903e-06
25947,-5.3017219115748634e-06
25948,-5.2909536613636585e-06
25949,-5.280147447456362e-06
25950,-5.2693035637937215e-06
25951,-5.2584223038435275e-06
25952,-5.247503960597664e-06
25953,-5.236548826569502e-06
25954,-5.22555719379099e-06
25955,-5.214529353809992e-06
25956,-5.203465597687645e-06
25957,-5.192366215995489e-06
25958,-5.18123149881295e-06
25959,-5.17006173572453e-06
25960,-5.158857215817287e-06
25961,-5.1476182276780895e-06
25962,-5.136345059391028e-06
25963,-5.125037998534902e-06
25964,-5.1136973321804925e-06
25965,-5.10232334688811e-06
25966,-5.090916328704969e-06
25967,-5.079476563162715e-06
25968,-5.068004335274834e-06
25969,-5.056499929534217e-06
25970,-5.044963629910674e-06
25971,-5.033395719848385e-06
25972,-5.021796482263579e-06
25973,-5.010166199541945e-06
25974,-4.998505153536387e-06
25975,-4.986813625564447e-06
25976,-4.97509189640603e-06
25977,-4.963340246301063e-06
25978,-4.951558954947005e-06
25979,-4.939748301496645e-06
25980,-4.9279085645557095e-06
25981,-4.916040022180619e-06
25982,-4.904142951876116e-06
25983,-4.892217630593054e-06
25984,-4.880264334726161e-06
25985,-4.868283340111726e-06
25986,-4.856274922025492e-06
25987,-4.8442393551802925e-06
25988,-4.832176913724052e-06
25989,-4.820087871237438e-06
25990,-4.807972500731794e-06
25991,-4.79583107464703e-06
25992,-4.7836638648493824e-06
25993,-4.77147114262947e-06
25994,-4.759253178700015e-06
25995,-4.747010243193949e-06
25996,-4.734742605662199e-06
25997,-4.72245053507171e-06
25998,-4.710134299803484e-06
25999,-4.697794167650436e-06
26000,-4.685430405815509e-06
26001,-4.673043280909625e-06
26002,-4.66063305894976e-06
26003,-4.648200005356958e-06
26004,-4.635744384954443e-06
26005,-4.623266461965705e-06
26006,-4.61076650001253e-06
26007,-4.598244762113202e-06
26008,-4.585701510680559e-06
26009,-4.573137007520236e-06
26010,-4.560551513828699e-06
26011,-4.547945290191524e-06
26012,-4.535318596581587e-06
26013,-4.522671692357181e-06
26014,-4.510004836260383e-06
26015,-4.49731828641514e-06
26016,-4.484612300325692e-06
26017,-4.471887134874698e-06
26018,-4.4591430463215725e-06
26019,-4.446380290300841e-06
26020,-4.433599121820375e-06
26021,-4.420799795259821e-06
26022,-4.407982564368857e-06
26023,-4.395147682265583e-06
26024,-4.3822954014349625e-06
26025,-4.369425973727115e-06
26026,-4.356539650355839e-06
26027,-4.343636681896936e-06
26028,-4.330717318286741e-06
26029,-4.317781808820508e-06
26030,-4.304830402150877e-06
26031,-4.291863346286476e-06
26032,-4.278880888590253e-06
26033,-4.26588327577816e-06
26034,-4.252870753917549e-06
26035,-4.239843568425825e-06
26036,-4.226801964068909e-06
26037,-4.213746184959885e-06
26038,-4.200676474557608e-06
26039,-4.187593075665216e-06
26040,-4.174496230428907e-06
26041,-4.161386180336364e-06
26042,-4.148263166215636e-06
26043,-4.135127428233619e-06
26044,-4.121979205894833e-06
26045,-4.1088187380401455e-06
26046,-4.095646262845366e-06
26047,-4.082462017820093e-06
26048,-4.069266239806353e-06
26049,-4.056059164977481e-06
26050,-4.042841028836748e-06
26051,-4.029612066216222e-06
26052,-4.016372511275611e-06
26053,-4.003122597500927e-06
26054,-3.989862557703506e-06
26055,-3.976592624018688e-06
26056,-3.963313027904776e-06
26057,-3.950024000141869e-06
26058,-3.936725770830681e-06
26059,-3.923418569391616e-06
26060,-3.910102624563479e-06
26061,-3.896778164402582e-06
26062,-3.883445416281525e-06
26063,-3.870104606888311e-06
26064,-3.856755962225152e-06
26065,-3.84339970760758e-06
26066,-3.830036067663443e-06
26067,-3.8166652663318e-06
26068,-3.803287526862106e-06
26069,-3.7899030718131327e-06
26070,-3.7765121230520614e-06
26071,-3.763114901753581e-06
26072,-3.7497116283989166e-06
26073,-3.736302522775e-06
26074,-3.7228878039734982e-06
26075,-3.709467690389987e-06
26076,-3.6960423997230667e-06
26077,-3.6826121489735654e-06
26078,-3.669177154443623e-06
26079,-3.6557376317359203e-06
26080,-3.6422937957528957e-06
26081,-3.628845860695844e-06
26082,-3.615394040064307e-06
26083,-3.601938546655131e-06
26084,-3.588479592561853e-06
26085,-3.5750173891738645e-06
26086,-3.5615521471757365e-06
26087,-3.548084076546487e-06
26088,-3.5346133865588813e-06
26089,-3.521140285778789e-06
26090,-3.5076649820644225e-06
26091,-3.494187682565786e-06
26092,-3.4807085937239317e-06
26093,-3.4672279212703445e-06
26094,-3.4537458702264096e-06
26095,-3.4402626449026766e-06
26096,-3.4267784488983933e-06
26097,-3.4132934851008236e-06
26098,-3.3998079556846735e-06
26099,-3.386322062111663e-06
26100,-3.3728360051298355e-06
26101,-3.359349984773147e-06
26102,-3.3458642003608286e-06
26103,-3.332378850497031e-06
26104,-3.3188941330701706e-06
26105,-3.3054102452525614e-06
26106,-3.291927383499964e-06
26107,-3.278445743551027e-06
26108,-3.264965520426961e-06
26109,-3.2514869084310285e-06
26110,-3.238010101148162e-06
26111,-3.22453529144457e-06
26112,-3.211062671467322e-06
26113,-3.1975924326440264e-06
26114,-3.184124765682376e-06
26115,-3.1706598605698665e-06
26116,-3.157197906573411e-06
26117,-3.1437390922390865e-06
26118,-3.130283605391717e-06
26119,-3.116831633134615e-06
26120,-3.103383361849362e-06
26121,-3.0899389771953496e-06
26122,-3.0764986641097216e-06
26123,-3.0630626068069607e-06
26124,-3.049630988778752e-06
26125,-3.036203992793657e-06
26126,-3.022781800896975e-06
26127,-3.009364594410483e-06
26128,-2.995952553932257e-06
26129,-2.982545859336517e-06
26130,-2.9691446897734036e-06
26131,-2.955749223668885e-06
26132,-2.9423596387244905e-06
26133,-2.9289761119173016e-06
26134,-2.91559881949979e-06
26135,-2.902227936999647e-06
26136,-2.888863639219773e-06
26137,-2.875506100238098e-06
26138,-2.862155493407553e-06
26139,-2.8488119913559937e-06
26140,-2.835475765986147e-06
26141,-2.8221469884755775e-06
26142,-2.808825829276601e-06
26143,-2.795512458116372e-06
26144,-2.782207043996697e-06
26145,-2.768909755194236e-06
26146,-2.7556207592603758e-06
26147,-2.742340223021281e-06
26148,-2.729068312578005e-06
26149,-2.7158051933063756e-06
26150,-2.702551029857242e-06
26151,-2.689305986156378e-06
26152,-2.6760702254046886e-06
26153,-2.662843910078194e-06
26154,-2.649627201928198e-06
26155,-2.6364202619813525e-06
26156,-2.623223250539815e-06
26157,-2.610036327181388e-06
26158,-2.5968596507596044e-06
26159,-2.5836933794039582e-06
26160,-2.5705376705200057e-06
26161,-2.5573926807895224e-06
26162,-2.544258566170808e-06
26163,-2.531135481898737e-06
26164,-2.5180235824850827e-06
26165,-2.504923021718651e-06
26166,-2.4918339526655235e-06
26167,-2.478756527669337e-06
26168,-2.4656908983514867e-06
26169,-2.452637215611425e-06
26170,-2.4395956296268718e-06
26171,-2.426566289854185e-06
26172,-2.413549345028496e-06
26173,-2.4005449431641743e-06
26174,-2.3875532315550582e-06
26175,-2.374574356774761e-06
26176,-2.3616084646770417e-06
26177,-2.348655700396108e-06
26178,-2.3357162083469602e-06
26179,-2.3227901322257946e-06
26180,-2.3098776150103278e-06
26181,-2.296978798960217e-06
26182,-2.284093825617407e-06
26183,-2.2712228358065273e-06
26184,-2.2583659696353242e-06
26185,-2.245523366495101e-06
26186,-2.232695165061072e-06
26187,-2.219881503292854e-06
26188,-2.2070825184349297e-06
26189,-2.1942983470169863e-06
26190,-2.18152912485455e-06
26191,-2.168774987049325e-06
26192,-2.156036067989756e-06
26193,-2.143312501351468e-06
26194,-2.1306044200978085e-06
26195,-2.1179119564803107e-06
26196,-2.1052352420392586e-06
26197,-2.0925744076042272e-06
26198,-2.0799295832945507e-06
26199,-2.067300898519958e-06
26200,-2.0546884819810726e-06
26201,-2.0420924616699382e-06
26202,-2.029512964870725e-06
26203,-2.0169501181601854e-06
26204,-2.004404047408326e-06
26205,-1.991874877778972e-06
26206,-1.979362733730343e-06
26207,-1.966867739015763e-06
26208,-1.9543900166842036e-06
26209,-1.9419296890809895e-06
26210,-1.929486877848363e-06
26211,-1.9170617039262444e-06
26212,-1.9046542875527348e-06
26213,-1.8922647482649704e-06
26214,-1.8798932048996747e-06
26215,-1.8675397755938833e-06
26216,-1.855204577785662e-06
26217,-1.842887728214785e-06
26218,-1.8305893429234116e-06
26219,-1.8183095372568894e-06
26220,-1.806048425864436e-06
26221,-1.7938061226998737e-06
26222,-1.781582741022391e-06
26223,-1.7693783933972483e-06
26224,-1.7571931916966184e-06
26225,-1.745027247100311e-06
26226,-1.732880670096532e-06
26227,-1.7207535704827192e-06
26228,-1.7086460573662966e-06
26229,-1.6965582391654385e-06
26230,-1.6844902236099996e-06
26231,-1.6724421177422065e-06
26232,-1.6604140279175683e-06
26233,-1.6484060598056372e-06
26234,-1.636418318390939e-06
26235,-1.624450907973683e-06
26236,-1.6125039321707588e-06
26237,-1.6005774939165387e-06
26238,-1.588671695463726e-06
26239,-1.5767866383843004e-06
26240,-1.5649224235702672e-06
26241,-1.5530791512347313e-06
26242,-1.5412569209126678e-06
26243,-1.5294558314618594e-06
26244,-1.5176759810638456e-06
26245,-1.5059174672248049e-06
26246,-1.494180386776463e-06
26247,-1.4824648358771014e-06
26248,-1.4707709100124373e-06
26249,-1.4590987039966234e-06
26250,-1.4474483119731396e-06
26251,-1.4358198274158446e-06
26252,-1.4242133431298174e-06
26253,-1.4126289512524935e-06
26254,-1.4010667432545294e-06
26255,-1.3895268099408448e-06
26256,-1.3780092414516383e-06
26257,-1.3665141272632886e-06
26258,-1.3550415561895271e-06
26259,-1.3435916163823261e-06
26260,-1.3321643953329928e-06
26261,-1.3207599798731628e-06
26262,-1.3093784561758761e-06
26263,-1.2980199097565489e-06
26264,-1.2866844254741214e-06
26265,-1.2753720875320686e-06
26266,-1.26408297947944e-06
26267,-1.2528171842119818e-06
26268,-1.2415747839731869e-06
26269,-1.2303558603553196e-06
26270,-1.2191604943006412e-06
26271,-1.2079887661023837e-06
26272,-1.1968407554059145e-06
26273,-1.1857165412098267e-06
26274,-1.174616201867013e-06
26275,-1.163539815085861e-06
26276,-1.1524874579313317e-06
26277,-1.1414592068261045e-06
26278,-1.130455137551703e-06
26279,-1.1194753252496752e-06
26280,-1.1085198444226492e-06
26281,-1.0975887689356207e-06
26282,-1.0866821720170199e-06
26283,-1.0758001262599048e-06
26284,-1.0649427036231473e-06
26285,-1.0541099754326018e-06
26286,-1.043302012382247e-06
26287,-1.0325188845354506e-06
26288,-1.0217606613261285e-06
26289,-1.0110274115599343e-06
26290,-1.0003192034154716e-06
26291,-9.896361044455399e-07
26292,-9.78978181578254e-07
26293,-9.683455011183988e-07
26294,-9.577381287485586e-07
26295,-9.471561295303965e-07
26296,-9.365995679058856e-07
26297,-9.260685076984877e-07
26298,-9.155630121145256e-07
26299,-9.05083143744332e-07
26300,-8.946289645635642e-07
26301,-8.842005359344281e-07
26302,-8.737979186070056e-07
26303,-8.634211727204178e-07
26304,-8.530703578042329e-07
26305,-8.427455327796819e-07
26306,-8.324467559609426e-07
26307,-8.22174085056464e-07
26308,-8.119275771702448e-07
26309,-8.017072888030987e-07
26310,-7.91513275854048e-07
26311,-7.81345593621565e-07
26312,-7.71204296804926e-07
26313,-7.610894395055196e-07
26314,-7.510010752281316e-07
26315,-7.409392568823562e-07
26316,-7.309040367838818e-07
26317,-7.208954666558299e-07
26318,-7.109135976301065e-07
26319,-7.009584802487763e-07
26320,-6.91030164465323e-07
26321,-6.811286996461373e-07
26322,-6.712541345717875e-07
26323,-6.614065174384058e-07
26324,-6.515858958590734e-07
26325,-6.41792316865186e-07
26326,-6.320258269077864e-07
26327,-6.222864718590296e-07
26328,-6.125742970135176e-07
26329,-6.028893470896918e-07
26330,-5.932316662312504e-07
26331,-5.836012980084808e-07
26332,-5.739982854197549e-07
26333,-5.644226708928798e-07
26334,-5.548744962865048e-07
26335,-5.453538028915577e-07
26336,-5.358606314326591e-07
26337,-5.263950220694795e-07
26338,-5.169570143982804e-07
26339,-5.075466474532518e-07
26340,-4.981639597079795e-07
26341,-4.888089890768661e-07
26342,-4.794817729166003e-07
26343,-4.701823480275167e-07
26344,-4.6091075065515376e-07
26345,-4.5166701649163687e-07
26346,-4.4245118067713443e-07
26347,-4.3326327780135016e-07
26348,-4.241033419048927e-07
26349,-4.1497140648086064e-07
26350,-4.058675044762276e-07
26351,-3.9679166829333054e-07
26352,-3.8774392979134854e-07
26353,-3.787243202877853e-07
26354,-3.697328705598889e-07
26355,-3.607696108462285e-07
26356,-3.518345708481174e-07
26357,-3.4292777973111316e-07
26358,-3.3404926612650806e-07
26359,-3.251990581328483e-07
26360,-3.163771833173477e-07
26361,-3.075836687175069e-07
26362,-2.9881854084253205e-07
26363,-2.900818256748693e-07
26364,-2.813735486717217e-07
26365,-2.726937347664942e-07
26366,-2.640424083704145e-07
26367,-2.554195933739727e-07
26368,-2.468253131484658e-07
26369,-2.3825959054751038e-07
26370,-2.2972244790859396e-07
26371,-2.2121390705452358e-07
26372,-2.1273398929506307e-07
26373,-2.0428271542839861e-07
26374,-1.958601057426829e-07
26375,-1.87466180017579e-07
26376,-1.7910095752581072e-07
26377,-1.7076445703464084e-07
26378,-1.6245669680751332e-07
26379,-1.5417769460553165e-07
26380,-1.459274676890277e-07
26381,-1.3770603281910753e-07
26382,-1.295134062592246e-07
26383,-1.2134960377666378e-07
26384,-1.1321464064420428e-07
26385,-1.051085316416064e-07
26386,-9.703129105719233e-08
26387,-8.898293268942659e-08
26388,-8.0963469848412e-08
26389,-7.297291535756008e-08
26390,-6.501128155509079e-08
26391,-5.707858029562259e-08
26392,-4.917482295174331e-08
26393,-4.1300020415603114e-08
26394,-3.345418310042436e-08
26395,-2.5637320942179013e-08
26396,-1.7849443401103537e-08
26397,-1.009055946329627e-08
26398,-2.3606776423016888e-09
26399,5.340194019288015e-09
26400,1.3012047948311818e-08
26401,2.0654877039352845e-08
26402,2.826867465321385e-08
26403,3.5853434615309445e-08
26404,4.340915121405653e-08
26405,5.093581919934447e-08
26406,5.8433433780842584e-08
26407,6.590199062646605e-08
26408,7.334148586076266e-08
26409,8.075191606331053e-08
26410,8.813327826710329e-08
26411,9.548556995700872e-08
26412,1.0280878906806912e-07
26413,1.1010293398396207e-07
26414,1.1736800353537476e-07
26415,1.2460399699839975e-07
26416,1.318109140929059e-07
26417,1.3898875498099728e-07
26418,1.4613752026530164e-07
26419,1.5325721098742448e-07
26420,1.6034782862632106e-07
26421,1.674093750966627e-07
26422,1.7444185274729052e-07
26423,1.8144526435949714e-07
26424,1.884196131454806e-07
26425,1.9536490274670504e-07
26426,2.0228113723228418e-07
26427,2.091683210973471e-07
26428,2.1602645926147762e-07
26429,2.2285555706700266e-07
26430,2.2965562027742997e-07
26431,2.364266550758128e-07
26432,2.431686680631234e-07
26433,2.4988166625661506e-07
26434,2.5656565708826194e-07
26435,2.632206484030356e-07
26436,2.6984664845734847e-07
26437,2.764436659174025e-07
26438,2.830117098575582e-07
26439,2.895507897587591e-07
26440,2.9606091550681523e-07
26441,3.025420973908415e-07
26442,3.0899434610160346e-07
26443,3.154176727298987e-07
26444,3.2181208876490357e-07
26445,3.281776060926117e-07
26446,3.34514236994107e-07
26447,3.40821994143996e-07
26448,3.471008906087674e-07
26449,3.533509398451494e-07
26450,3.595721556984793e-07
26451,3.657645524011155e-07
26452,3.719281445707333e-07
26453,3.7806294720873945e-07
26454,3.8416897569863115e-07
26455,3.902462458043564e-07
26456,3.9629477366872707e-07
26457,4.023145758117136e-07
26458,4.0830566912886023e-07
26459,4.1426807088965067e-07
26460,4.202017987358636e-07
26461,4.2610687067993693e-07
26462,4.319833051033917e-07
26463,4.3783112075511133e-07
26464,4.4365033674977375e-07
26465,4.494409725661998e-07
26466,4.552030480457305e-07
26467,4.6093658339057435e-07
26468,4.6664159916223744e-07
26469,4.723181162798146e-07
26470,4.779661560184043e-07
26471,4.835857400074805e-07
26472,4.891768902292481e-07
26473,4.94739629017012e-07
26474,5.002739790536025e-07
26475,5.057799633696608e-07
26476,5.112576053420739e-07
26477,5.167069286923238e-07
26478,5.22127957484864e-07
26479,5.275207161255312e-07
26480,5.328852293598477e-07
26481,5.382215222714563e-07
26482,5.435296202804674e-07
26483,5.488095491418558e-07
26484,5.540613349438064e-07
26485,5.592850041061629e-07
26486,5.644805833787102e-07
26487,5.696480998396149e-07
26488,5.747875808938022e-07
26489,5.798990542713167e-07
26490,5.849825480257109e-07
26491,5.900380905324639e-07
26492,5.950657104873023e-07
26493,6.000654369046243e-07
26494,6.050372991158729e-07
26495,6.099813267679231e-07
26496,6.148975498215011e-07
26497,6.197859985495145e-07
26498,6.246467035354719e-07
26499,6.294796956718806e-07
26500,6.342850061586249e-07
26501,6.390626665013461e-07
26502,6.43812708509898e-07
26503,6.485351642966463e-07
26504,6.532300662749354e-07
26505,6.578974471574537e-07
26506,6.625373399546451e-07
26507,6.671497779730878e-07
26508,6.717347948139411e-07
26509,6.762924243712894e-07
26510,6.808227008305672e-07
26511,6.853256586669798e-07
26512,6.898013326438685e-07
26513,6.942497578111893e-07
26514,6.986709695038296e-07
26515,7.030650033400724e-07
26516,7.07431895220003e-07
26517,7.117716813239022e-07
26518,7.160843981106692e-07
26519,7.203700823162586e-07
26520,7.246287709520536e-07
26521,7.28860501303304e-07
26522,7.330653109275454e-07
26523,7.372432376530305e-07
26524,7.413943195771133e-07
26525,7.455185950647459e-07
26526,7.496161027468102e-07
26527,7.53686881518612e-07
26528,7.577309705382803e-07
26529,7.617484092251927e-07
26530,7.657392372584576e-07
26531,7.69703494575265e-07
26532,7.736412213693867e-07
26533,7.775524580895754e-07
26534,7.814372454380295e-07
26535,7.852956243687998e-07
26536,7.891276360862844e-07
26537,7.929333220436163e-07
26538,7.967127239411276e-07
26539,8.004658837248132e-07
26540,8.041928435847497e-07
26541,8.078936459535666e-07
26542,8.115683335049186e-07
26543,8.152169491518766e-07
26544,8.188395360454481e-07
26545,8.22436137572993e-07
26546,8.260067973566997e-07
26547,8.295515592520752e-07
26548,8.330704673463434e-07
26549,8.365635659569685e-07
26550,8.400308996300903e-07
26551,8.434725131390186e-07
26552,8.468884514826649e-07
26553,8.502787598840931e-07
26554,8.536434837888982e-07
26555,8.569826688637477e-07
26556,8.602963609948486e-07
26557,8.635846062864201e-07
26558,8.66847451059181e-07
26559,8.70084941848859e-07
26560,8.732971254046406e-07
26561,8.764840486876811e-07
26562,8.796457588695973e-07
26563,8.827823033309707e-07
26564,8.858937296598155e-07
26565,8.889800856501364e-07
26566,8.920414193003567e-07
26567,8.950777788118742e-07
26568,8.980892125875492e-07
26569,9.010757692302008e-07
26570,9.040374975411731e-07
26571,9.069744465187665e-07
26572,9.098866653568172e-07
26573,9.127742034431802e-07
26574,9.156371103582753e-07
26575,9.184754358735777e-07
26576,9.212892299501931e-07
26577,9.240785427373306e-07
26578,9.268434245708595e-07
26579,9.295839259718461e-07
26580,9.323000976450749e-07
26581,9.349919904775907e-07
26582,9.376596555372618e-07
26583,9.403031440712716e-07
26584,9.429225075047128e-07
26585,9.455177974391015e-07
26586,9.480890656509453e-07
26587,9.506363640903068e-07
26588,9.531597448793241e-07
26589,9.556592603107932e-07
26590,9.581349628467163e-07
26591,9.605869051168882e-07
26592,9.630151399174166e-07
26593,9.654197202093614e-07
26594,9.678006991172223e-07
26595,9.701581299275744e-07
26596,9.724920660876133e-07
26597,9.748025612037437e-07
26598,9.770896690401613e-07
26599,9.793534435174519e-07
26600,9.81593938711145e-07
26601,9.838112088503239e-07
26602,9.860053083162223e-07
26603,9.881762916408024e-07
26604,9.903242135053842e-07
26605,9.92449128739213e-07
26606,9.945510923180704e-07
26607,9.966301593629015e-07
26608,9.986863851383954e-07
26609,1.0007198250516172e-06
26610,1.002730534650634e-06
26611,1.0047185696230853e-06
26612,1.0066839857948621e-06
26613,1.0086268391286804e-06
26614,1.0105471857227534e-06
26615,1.0124450818093696e-06
26616,1.014320583753595e-06
26617,1.0161737480518318e-06
26618,1.0180046313305004e-06
26619,1.0198132903446834e-06
26620,1.0215997819767366e-06
26621,1.0233641632349963e-06
26622,1.0251064912523596e-06
26623,1.0268268232849716e-06
26624,1.0285252167108976e-06
26625,1.030201729028743e-06
26626,1.0318564178563505e-06
26627,1.0334893409294556e-06
26628,1.0351005561003437e-06
26629,1.0366901213365256e-06
26630,1.0382580947194155e-06
26631,1.039804534443019e-06
26632,1.0413294988125809e-06
26633,1.0428330462433301e-06
26634,1.0443152352590843e-06
26635,1.0457761244910104e-06
26636,1.0472157726762801e-06
26637,1.048634238656764e-06
26638,1.0500315813777786e-06
26639,1.0514078598867146e-06
26640,1.0527631333318083e-06
26641,1.0540974609608042e-06
26642,1.055410902119702e-06
26643,1.0567035162514405e-06
26644,1.057975362894646e-06
26645,1.0592265016823368e-06
26646,1.0604569923406416e-06
26647,1.0616668946875463e-06
26648,1.062856268631609e-06
26649,1.0640251741707033e-06
26650,1.0651736713907635e-06
26651,1.0663018204645013e-06
26652,1.0674096816501783e-06
26653,1.0684973152903266e-06
26654,1.0695647818105287e-06
26655,1.0706121417181377e-06
26656,1.0716394556010816e-06
26657,1.0726467841265732e-06
26658,1.0736341880398964e-06
26659,1.0746017281631931e-06
26660,1.075549465394186e-06
26661,1.0764774607050244e-06
26662,1.0773857751409791e-06
26663,1.0782744698192862e-06
26664,1.0791436059278973e-06
26665,1.0799932447242787e-06
26666,1.0808234475342062e-06
26667,1.0816342757505587e-06
26668,1.0824257908321105e-06
26669,1.0831980543023192e-06
26670,1.0839511277481679e-06
26671,1.0846850728189307e-06
26672,1.0853999512250054e-06
26673,1.0860958247367498e-06
26674,1.0867727551832446e-06
26675,1.0874308044511682e-06
26676,1.0880700344835846e-06
26677,1.088690507278797e-06
26678,1.0892922848891757e-06
26679,1.0898754294199709e-06
26680,1.090440003028187e-06
26681,1.0909860679213861e-06
26682,1.0915136863565762e-06
26683,1.09202292063901e-06
26684,1.0925138331211056e-06
26685,1.0929864862012295e-06
26686,1.0934409423225966e-06
26687,1.0938772639721387e-06
26688,1.0942955136793437e-06
26689,1.0946957540151514e-06
26690,1.095078047590818e-06
26691,1.095442457056794e-06
26692,1.0957890451015914e-06
26693,1.0961178744506885e-06
26694,1.0964290078654094e-06
26695,1.0967225081418167e-06
26696,1.0969984381096108e-06
26697,1.0972568606310108e-06
26698,1.0974978385996708e-06
26699,1.0977214349395954e-06
26700,1.0979277126040167e-06
26701,1.0981167345743576e-06
26702,1.0982885638590884e-06
26703,1.0984432634926986e-06
26704,1.0985808965345802e-06
26705,1.098701526067982e-06
26706,1.0988052151989313e-06
26707,1.098892027055167e-06
26708,1.0989620247850863e-06
26709,1.0990152715566612e-06
26710,1.0990518305564193e-06
26711,1.0990717649883568e-06
26712,1.099075138072923e-06
26713,1.0990620130459606e-06
26714,1.0990324531576503e-06
26715,1.0989865216715098e-06
26716,1.0989242818633265e-06
26717,1.0988457970201462e-06
26718,1.0987511304392534e-06
26719,1.0986403454271192e-06
26720,1.09851350529842e-06
26721,1.0983706733749895e-06
26722,1.0982119129848377e-06
26723,1.0980372874611086e-06
26724,1.0978468601411236e-06
26725,1.0976406943653303e-06
26726,1.097418853476327e-06
26727,1.0971814008178892e-06
26728,1.096928399733942e-06
26729,1.0966599135676177e-06
26730,1.0963760056602235e-06
26731,1.0960767393503152e-06
26732,1.0957621779726793e-06
26733,1.095432384857382e-06
26734,1.0950874233288075e-06
26735,1.0947273567046819e-06
26736,1.094352248295122e-06
26737,1.0939621614016642e-06
26738,1.0935571593163326e-06
26739,1.0931373053206745e-06
26740,1.0927026626848093e-06
26741,1.0922532946665271e-06
26742,1.0917892645102902e-06
26743,1.0913106354463493e-06
26744,1.0908174706897767e-06
26745,1.0903098334395796e-06
26746,1.0897877868777257e-06
26747,1.089251394168271e-06
26748,1.0887007184564215e-06
26749,1.088135822867614e-06
26750,1.0875567705066336e-06
26751,1.0869636244566688e-06
26752,1.086356447778468e-06
26753,1.0857353035093805e-06
26754,1.0851002546624976e-06
26755,1.0844513642257668e-06
26756,1.0837886951610786e-06
26757,1.0831123104034194e-06
26758,1.0824222728599565e-06
26759,1.0817186454091937e-06
26760,1.081001490900076e-06
26761,1.0802708721511342e-06
26762,1.0795268519496246e-06
26763,1.078769493050652e-06
26764,1.0779988581763427e-06
26765,1.0772150100149487e-06
26766,1.0764180112200467e-06
26767,1.0756079244096515e-06
26768,1.0747848121653908e-06
26769,1.073948737031687e-06
26770,1.0730997615148798e-06
26771,1.0722379480824395e-06
26772,1.0713633591621026e-06
26773,1.0704760571410708e-06
26774,1.069576104365196e-06
26775,1.0686635631381425e-06
26776,1.067738495720595e-06
26777,1.0668009643294355e-06
26778,1.065851031136954e-06
26779,1.0648887582700295e-06
26780,1.0639142078093394e-06
26781,1.0629274417885868e-06
26782,1.0619285221936689e-06
26783,1.0609175109619337e-06
26784,1.0598944699813567e-06
26785,1.0588594610898026e-06
26786,1.0578125460742183e-06
26787,1.056753786669874e-06
26788,1.0556832445596028e-06
26789,1.0546009813730124e-06
26790,1.0535070586857629e-06
26791,1.0524015380187632e-06
26792,1.0512844808374685e-06
26793,1.0501559485510817e-06
26794,1.0490160025118384e-06
26795,1.047864704014266e-06
26796,1.0467021142944245e-06
26797,1.0455282945291907e-06
26798,1.0443433058355188e-06
26799,1.043147209269718e-06
26800,1.0419400658267187e-06
26801,1.040721936439356e-06
26802,1.0394928819776732e-06
26803,1.0382529632481758e-06
26804,1.0370022409931534e-06
26805,1.0357407758899412e-06
26806,1.0344686285502573e-06
26807,1.0331858595194736e-06
26808,1.031892529275925e-06
26809,1.0305886982302492e-06
26810,1.0292744267246498e-06
26811,1.0279497750322628e-06
26812,1.0266148033564328e-06
26813,1.0252695718300743e-06
26814,1.0239141405149697e-06
26815,1.022548569401117e-06
26816,1.0211729184060677e-06
26817,1.0197872473742441e-06
26818,1.0183916160763115e-06
26819,1.0169860842084862e-06
26820,1.0155707113919302e-06
26821,1.0141455571720643e-06
26822,1.012710681017938e-06
26823,1.0112661423216035e-06
26824,1.0098120003974526e-06
26825,1.0083483144816162e-06
26826,1.0068751437313018e-06
26827,1.0053925472241966e-06
26828,1.0039005839578254e-06
26829,1.0023993128489339e-06
26830,1.0008887927328966e-06
26831,9.99369082363073e-07
26832,9.978402404102274e-07
26833,9.963023254619048e-07
26834,9.94755396021847e-07
26835,9.931995105093804e-07
26836,9.91634727258827e-07
26837,9.900611045189377e-07
26838,9.884787004522592e-07
26839,9.868875731346003e-07
26840,9.852877805544149e-07
26841,9.836793806122572e-07
26842,9.82062431120185e-07
26843,9.80436989801198e-07
26844,9.788031142886923e-07
26845,9.77160862125862e-07
26846,9.755102907651834e-07
26847,9.73851457567824e-07
26848,9.72184419803109e-07
26849,9.705092346479837e-07
26850,9.688259591864432e-07
26851,9.67134650409023e-07
26852,9.654353652122283e-07
26853,9.637281603980376e-07
26854,9.62013092673343e-07
26855,9.602902186494327e-07
26856,9.585595948414855e-07
26857,9.56821277668019e-07
26858,9.550753234504048e-07
26859,9.533217884123346e-07
26860,9.51560728679328e-07
26861,9.497922002782122e-07
26862,9.480162591366207e-07
26863,9.462329610825161e-07
26864,9.444423618436647e-07
26865,9.426445170471737e-07
26866,9.408394822189717e-07
26867,9.390273127833603e-07
26868,9.372080640624976e-07
26869,9.353817912759425e-07
26870,9.335485495401788e-07
26871,9.317083938681283e-07
26872,9.298613791687071e-07
26873,9.28007560246335e-07
26874,9.261469918005012e-07
26875,9.242797284252855e-07
26876,9.224058246089073e-07
26877,9.205253347332943e-07
26878,9.186383130736081e-07
26879,9.16744813797822e-07
26880,9.148448909662588e-07
26881,9.129385985311836e-07
26882,9.110259903363376e-07
26883,9.091071201165237e-07
26884,9.071820414971874e-07
26885,9.05250807993971e-07
26886,9.033134730123178e-07
26887,9.013700898470295e-07
26888,8.994207116818807e-07
26889,8.97465391589178e-07
26890,8.955041825293696e-07
26891,8.935371373506531e-07
26892,8.915643087885418e-07
26893,8.89585749465506e-07
26894,8.876015118905413e-07
26895,8.856116484588109e-07
26896,8.836162114512355e-07
26897,8.816152530341113e-07
26898,8.796088252587491e-07
26899,8.775969800610677e-07
26900,8.755797692612466e-07
26901,8.735572445633254e-07
26902,8.715294575548709e-07
26903,8.694964597065789e-07
26904,8.674583023719273e-07
26905,8.654150367868323e-07
26906,8.633667140692598e-07
26907,8.613133852189076e-07
26908,8.592551011168288e-07
26909,8.571919125251125e-07
26910,8.551238700865145e-07
26911,8.530510243241338e-07
26912,8.509734256410858e-07
26913,8.4889112432014e-07
26914,8.468041705234267e-07
26915,8.447126142920751e-07
26916,8.426165055459213e-07
26917,8.405158940831621e-07
26918,8.384108295800518e-07
26919,8.363013615905938e-07
26920,8.341875395462107e-07
26921,8.320694127554586e-07
26922,8.299470304037058e-07
26923,8.278204415528294e-07
26924,8.256896951409422e-07
26925,8.235548399820616e-07
26926,8.214159247658525e-07
26927,8.192729980573052e-07
26928,8.17126108296479e-07
26929,8.149753037981974e-07
26930,8.128206327517705e-07
26931,8.106621432207425e-07
26932,8.084998831425775e-07
26933,8.063339003284286e-07
26934,8.041642424628348e-07
26935,8.0199095710349e-07
26936,7.998140916809508e-07
26937,7.976336934983917e-07
26938,7.954498097313614e-07
26939,7.932624874275028e-07
26940,7.910717735063266e-07
26941,7.888777147589468e-07
26942,7.86680357847861e-07
26943,7.84479749306677e-07
26944,7.822759355398981e-07
26945,7.80068962822691e-07
26946,7.778588773006254e-07
26947,7.756457249894848e-07
26948,7.734295517750018e-07
26949,7.712104034126687e-07
26950,7.689883255274905e-07
26951,7.667633636137732e-07
26952,7.645355630349308e-07
26953,7.623049690232404e-07
26954,7.600716266796631e-07
26955,7.578355809736101e-07
26956,7.555968767427706e-07
26957,7.533555586928824e-07
26958,7.511116713975481e-07
26959,7.488652592980521e-07
26960,7.4661636670314e-07
26961,7.443650377888633e-07
26962,7.421113165983619e-07
26963,7.398552470417067e-07
26964,7.375968728957021e-07
26965,7.353362378037108e-07
26966,7.33073385275494e-07
26967,7.308083586870182e-07
26968,7.285412012803007e-07
26969,7.262719561632346e-07
26970,7.240006663094334e-07
26971,7.217273745580625e-07
26972,7.194521236136793e-07
26973,7.171749560460959e-07
26974,7.148959142901943e-07
26975,7.126150406458108e-07
26976,7.103323772775615e-07
26977,7.080479662147183e-07
26978,7.057618493510519e-07
26979,7.03474068444696e-07
26980,7.011846651180189e-07
26981,6.988936808574781e-07
26982,6.966011570135043e-07
26983,6.943071348003509e-07
26984,6.920116552959924e-07
26985,6.897147594419803e-07
26986,6.874164880433332e-07
26987,6.851168817684243e-07
26988,6.828159811488493e-07
26989,6.805138265793327e-07
26990,6.782104583176012e-07
26991,6.759059164842878e-07
26992,6.736002410628179e-07
26993,6.712934718993141e-07
26994,6.689856487024972e-07
26995,6.666768110435761e-07
26996,6.64366998356178e-07
26997,6.620562499362233e-07
26998,6.597446049418615e-07
26999,6.574321023933809e-07
27000,6.551187811731102e-07
27001,6.528046800253569e-07
27002,6.504898375563012e-07
27003,6.481742922339506e-07
27004,6.458580823880371e-07
27005,6.435412462099618e-07
27006,6.412238217527226e-07
27007,6.389058469308432e-07
27008,6.365873595203096e-07
27009,6.342683971585065e-07
27010,6.319489973441706e-07
27011,6.296291974373097e-07
27012,6.27309034659165e-07
27013,6.249885460921622e-07
27014,6.226677686798376e-07
27015,6.203467392268235e-07
27016,6.180254943987715e-07
27017,6.157040707223368e-07
27018,6.133825045851174e-07
27019,6.110608322356167e-07
27020,6.087390897832308e-07
27021,6.064173131981851e-07
27022,6.040955383115258e-07
27023,6.01773800815074e-07
27024,5.994521362614182e-07
27025,5.971305800638672e-07
27026,5.948091674964443e-07
27027,5.924879336938711e-07
27028,5.90166913651535e-07
27029,5.878461422254887e-07
27030,5.855256541324255e-07
27031,5.832054839496789e-07
27032,5.80885666115208e-07
27033,5.785662349275933e-07
27034,5.762472245460393e-07
27035,5.739286689903599e-07
27036,5.716106021409969e-07
27037,5.69293057738998e-07
27038,5.669760693860536e-07
27039,5.646596705444768e-07
27040,5.623438945372247e-07
27041,5.600287745479206e-07
27042,5.577143436208374e-07
27043,5.55400634660953e-07
27044,5.530876804339357e-07
27045,5.507755135661864e-07
27046,5.484641665448469e-07
27047,5.461536717178338e-07
27048,5.438440612938602e-07
27049,5.415353673424645e-07
27050,5.39227621794052e-07
27051,5.369208564399085e-07
27052,5.346151029322582e-07
27053,5.323103927842826e-07
27054,5.300067573701633e-07
27055,5.277042279251376e-07
27056,5.254028355455225e-07
27057,5.231026111887773e-07
27058,5.208035856735384e-07
27059,5.185057896796737e-07
27060,5.162092537483377e-07
27061,5.139140082820171e-07
27062,5.116200835446008e-07
27063,5.093275096614171e-07
27064,5.070363166193189e-07
27065,5.04746534266712e-07
27066,5.02458192313657e-07
27067,5.00171320331905e-07
27068,4.978859477549776e-07
27069,4.956021038782397e-07
27070,4.933198178589625e-07
27071,4.910391187163999e-07
27072,4.887600353318649e-07
27073,4.864825964488068e-07
27074,4.84206830672895e-07
27075,4.819327664720883e-07
27076,4.796604321767268e-07
27077,4.773898559796132e-07
27078,4.7512106593610575e-07
27079,4.7285408996419694e-07
27080,4.705889558446083e-07
27081,4.683256912208913e-07
27082,4.66064323599498e-07
27083,4.63804880349907e-07
27084,4.61547388704698e-07
27085,4.5929187575966346e-07
27086,4.5703836847390454e-07
27087,4.5478689366993526e-07
27088,4.525374780337876e-07
27089,4.5029014811511813e-07
27090,4.4804493032732103e-07
27091,4.4580185094762766e-07
27092,4.4356093611723443e-07
27093,4.4132221184139325e-07
27094,4.390857039895496e-07
27095,4.368514382954533e-07
27096,4.3461944035726647e-07
27097,4.323897356377018e-07
27098,4.30162349464129e-07
27099,4.279373070287062e-07
27100,4.257146333885065e-07
27101,4.234943534656407e-07
27102,4.212764920473968e-07
27103,4.1906107378635174e-07
27104,4.168481232005301e-07
27105,4.1463766467350306e-07
27106,4.124297224545615e-07
27107,4.102243206588284e-07
27108,4.0802148326740285e-07
27109,4.058212341275121e-07
27110,4.0362359695262935e-07
27111,4.014285953226455e-07
27112,3.9923625268399216e-07
27113,3.9704659234980533e-07
27114,3.9485963750005997e-07
27115,3.9267541118172665e-07
27116,3.9049393630892227e-07
27117,3.88315235663061e-07
27118,3.8613933189301656e-07
27119,3.839662475152659e-07
27120,3.8179600491405967e-07
27121,3.796286263415723e-07
27122,3.774641339180563e-07
27123,3.7530254963202863e-07
27124,3.7314389534040826e-07
27125,3.709881927686982e-07
27126,3.6883546351114004e-07
27127,3.666857290308963e-07
27128,3.645390106601978e-07
27129,3.623953296005372e-07
27130,3.602547069228335e-07
27131,3.5811716356759684e-07
27132,3.559827203451222e-07
27133,3.5385139793563767e-07
27134,3.517232168895165e-07
27135,3.4959819762743053e-07
27136,3.4747636044054074e-07
27137,3.453577254906819e-07
27138,3.43242312810541e-07
27139,3.4113014230383937e-07
27140,3.3902123374552743e-07
27141,3.3691560678196967e-07
27142,3.3481328093112914e-07
27143,3.327142755827582e-07
27144,3.3061860999860125e-07
27145,3.285263033125624e-07
27146,3.2643737453093153e-07
27147,3.243518425325559e-07
27148,3.22269726069045e-07
27149,3.2019104376497513e-07
27150,3.1811581411806803e-07
27151,3.1604405549941884e-07
27152,3.139757861536768e-07
27153,3.119110241992607e-07
27154,3.0984978762855367e-07
27155,3.077920943081164e-07
27156,3.0573796197888617e-07
27157,3.03687408256392e-07
27158,3.0164045063096446e-07
27159,2.9959710646793636e-07
27160,2.975573930078656e-07
27161,2.955213273667424e-07
27162,2.9348892653619434e-07
27163,2.914602073837229e-07
27164,2.894351866529003e-07
27165,2.874138809635981e-07
27166,2.8539630681219945e-07
27167,2.8338248057181716e-07
27168,2.813724184925229e-07
27169,2.7936613670156134e-07
27170,2.773636512035803e-07
27171,2.7536497788084507e-07
27172,2.733701324934768e-07
27173,2.7137913067965776e-07
27174,2.693919879558853e-07
27175,2.674087197171813e-07
27176,2.6542934123732604e-07
27177,2.6345386766909477e-07
27178,2.6148231404448205e-07
27179,2.5951469527493325e-07
27180,2.5755102615158564e-07
27181,2.555913213455018e-07
27182,2.5363559540789856e-07
27183,2.516838627703919e-07
27184,2.497361377452242e-07
27185,2.477924345255152e-07
27186,2.458527671854965e-07
27187,2.4391714968074864e-07
27188,2.419855958484494e-07
27189,2.400581194076132e-07
27190,2.3813473395932479e-07
27191,2.3621545298700676e-07
27192,2.343002898566435e-07
27193,2.3238925781704092e-07
27194,2.3048237000006406e-07
27195,2.2857963942089683e-07
27196,2.2668107897827256e-07
27197,2.2478670145474506e-07
27198,2.2289651951693017e-07
27199,2.2101054571575339e-07
27200,2.191287924867142e-07
27201,2.1725127215012036e-07
27202,2.1537799691136568e-07
27203,2.1350897886117007e-07
27204,2.1164422997583891e-07
27205,2.0978376211752347e-07
27206,2.0792758703447603e-07
27207,2.0607571636130407e-07
27208,2.0422816161923825e-07
27209,2.023849342163917e-07
27210,2.0054604544801384e-07
27211,1.9871150649675837e-07
27212,1.9688132843294967e-07
27213,1.9505552221482834e-07
27214,1.9323409868884156e-07
27215,1.9141706858988813e-07
27216,1.8960444254159421e-07
27217,1.8779623105657477e-07
27218,1.8599244453670597e-07
27219,1.8419309327338315e-07
27220,1.82398187447803e-07
27221,1.8060773713122658e-07
27222,1.7882175228524797e-07
27223,1.7704024276206914e-07
27224,1.752632183047634e-07
27225,1.734906885475603e-07
27226,1.717226630161112e-07
27227,1.699591511277616e-07
27228,1.682001621918314e-07
27229,1.6644570540988697e-07
27230,1.6469578987600776e-07
27231,1.6295042457708235e-07
27232,1.6120961839306947e-07
27233,1.594733800972834e-07
27234,1.5774171835666667e-07
27235,1.5601464173207867e-07
27236,1.5429215867855686e-07
27237,1.525742775456191e-07
27238,1.5086100657753193e-07
27239,1.4915235391359226e-07
27240,1.4744832758841717e-07
27241,1.4574893553220898e-07
27242,1.4405418557106144e-07
27243,1.423640854272277e-07
27244,1.4067864271940907e-07
27245,1.389978649630418e-07
27246,1.3732175957058086e-07
27247,1.356503338517797e-07
27248,1.3398359501398889e-07
27249,1.3232155016243688e-07
27250,1.3066420630051553e-07
27251,1.2901157033007055e-07
27252,1.273636490516952e-07
27253,1.2572044916500168e-07
27254,1.24081977268936e-07
27255,1.2244823986204873e-07
27256,1.208192433427949e-07
27257,1.1919499400982388e-07
27258,1.1757549806225999e-07
27259,1.1596076160001456e-07
27260,1.14350790624063e-07
27261,1.1274559103674374e-07
27262,1.111451686420486e-07
27263,1.0954952914592345e-07
27264,1.0795867815654663e-07
27265,1.063726211846433e-07
27266,1.0479136364376982e-07
27267,1.0321491085060891e-07
27268,1.0164326802526955e-07
27269,1.0007644029158255e-07
27270,9.851443267738897e-08
27271,9.695725011485148e-08
27272,9.540489744074173e-08
27273,9.385737939674267e-08
27274,9.231470062974615e-08
27275,9.077686569214345e-08
27276,8.924387904213851e-08
27277,8.771574504403903e-08
27278,8.619246796855525e-08
27279,8.467405199310248e-08
27280,8.316050120210449e-08
27281,8.165181958728014e-08
27282,8.014801104796489e-08
27283,7.864907939139767e-08
27284,7.715502833302755e-08
27285,7.566586149681386e-08
27286,7.418158241553198e-08
27287,7.270219453106562e-08
27288,7.122770119472407e-08
27289,6.97581056675366e-08
27290,6.829341112055572e-08
27291,6.683362063516704e-08
27292,6.537873720337848e-08
27293,6.392876372814282e-08
27294,6.248370302365174e-08
27295,6.104355781564074e-08
27296,5.960833074169666e-08
27297,5.8178024351563295e-08
27298,5.675264110743634e-08
27299,5.533218338428673e-08
27300,5.3916653470152636e-08
27301,5.250605356645123e-08
27302,5.110038578828178e-08
27303,4.969965216473725e-08
27304,4.830385463919812e-08
27305,4.69129950696559e-08
27306,4.5527075229010077e-08
27307,4.4146096805376e-08
27308,4.277006140239408e-08
27309,4.139897053953807e-08
27310,4.003282565241311e-08
27311,3.867162809307873e-08
27312,3.7315379130346173e-08
27313,3.596407995008953e-08
27314,3.4617731655555316e-08
27315,3.3276335267661244e-08
27316,3.193989172531962e-08
27317,3.060840188573601e-08
27318,2.928186652471947e-08
27319,2.796028633699176e-08
27320,2.664366193649924e-08
27321,2.533199385670974e-08
27322,2.4025282550939093e-08
27323,2.2723528392648165e-08
27324,2.1426731675755574e-08
27325,2.013489261494628e-08
27326,1.8848011345983625e-08
27327,1.7566087926008448e-08
27328,1.6289122333863675e-08
27329,1.5017114470393876e-08
27330,1.3750064158756685e-08
27331,1.2487971144735606e-08
27332,1.123083509703849e-08
27333,9.978655607623203e-09
27334,8.73143219199675e-09
27335,7.489164289527314e-09
27336,6.251851263754151e-09
27337,5.01949240269963e-09
27338,3.792086919168687e-09
27339,2.5696339510739397e-09
27340,1.3521325617350552e-09
27341,1.3958174019096456e-10
27342,-1.0680195984905053e-09
27343,-2.270672612900435e-09
27344,-3.4683785349894826e-09
27345,-4.661138669742931e-09
27346,-5.848954394881387e-09
27347,-7.031827160548733e-09
27348,-8.20975848900021e-09
27349,-9.38274997430303e-09
27350,-1.0550803282011991e-08
27351,-1.1713920148870047e-08
27352,-1.2872102382496953e-08
27353,-1.4025351861079707e-08
27354,-1.51736705330611e-08
27355,-1.6317060416841016e-08
27356,-1.745552360045191e-08
27357,-1.8589062241260568e-08
27358,-1.971767856565635e-08
27359,-2.0841374868743065e-08
27360,-2.196015351402737e-08
27361,-2.3074016933120612e-08
27362,-2.4182967625415798e-08
27363,-2.528700815778858e-08
27364,-2.6386141164287652e-08
27365,-2.748036934582328e-08
27366,-2.8569695469870344e-08
27367,-2.9654122370144945e-08
27368,-3.0733652946307085e-08
27369,-3.1808290163651076e-08
27370,-3.28780370527975e-08
27371,-3.3942896709384635e-08
27372,-3.5002872293770036e-08
27373,-3.6057967030709964e-08
27374,-3.710818420906259e-08
27375,-3.8153527181478023e-08
27376,-3.919399936409349e-08
27377,-4.022960423622325e-08
27378,-4.12603453400636e-08
27379,-4.2286226280371676e-08
27380,-4.3307250724169864e-08
27381,-4.432342240043876e-08
27382,-4.533474509980785e-08
27383,-4.6341222674261985e-08
27384,-4.734285903682076e-08
27385,-4.8339658161244896e-08
27386,-4.933162408172807e-08
27387,-5.031876089259349e-08
27388,-5.130107274798843e-08
27389,-5.2278563861588015e-08
27390,-5.325123850627997e-08
27391,-5.421910101386863e-08
27392,-5.51821557747715e-08
27393,-5.614040723771515e-08
27394,-5.709385990943076e-08
27395,-5.804251835436208e-08
27396,-5.898638719434803e-08
27397,-5.992547110833196e-08
27398,-6.085977483205582e-08
27399,-6.17893031577592e-08
27400,-6.271406093388509e-08
27401,-6.363405306476694e-08
27402,-6.454928451033778e-08
27403,-6.54597602858262e-08
27404,-6.63654854614591e-08
27405,-6.726646516215684e-08
27406,-6.816270456724596e-08
27407,-6.905420891014493e-08
27408,-6.994098347807471e-08
27409,-7.082303361175969e-08
27410,-7.17003647051277e-08
27411,-7.257298220501183e-08
27412,-7.344089161086004e-08
27413,-7.430409847442743e-08
27414,-7.516260839948583e-08
27415,-7.601642704152636e-08
27416,-7.68655601074641e-08
27417,-7.771001335533839e-08
27418,-7.854979259402831e-08
27419,-7.938490368294203e-08
27420,-8.021535253173388e-08
27421,-8.104114510000476e-08
27422,-8.186228739700812e-08
27423,-8.267878548136444e-08
27424,-8.34906454607539e-08
27425,-8.42978734916345e-08
27426,-8.51004757789443e-08
27427,-8.589845857581212e-08
27428,-8.669182818326167e-08
27429,-8.74805909499285e-08
27430,-8.826475327175855e-08
27431,-8.904432159172294e-08
27432,-8.98193023995283e-08
27433,-9.058970223132394e-08
27434,-9.13555276694137e-08
27435,-9.211678534197184e-08
27436,-9.287348192274361e-08
27437,-9.362562413076592e-08
27438,-9.437321873007513e-08
27439,-9.51162725294201e-08
27440,-9.585479238198058e-08
27441,-9.65887851850711e-08
27442,-9.73182578798606e-08
27443,-9.804321745108483e-08
27444,-9.876367092676328e-08
27445,-9.947962537790836e-08
27446,-1.0019108791825284e-07
27447,-1.0089806570395039e-07
27448,-1.0160056593330136e-07
27449,-1.0229859584646851e-07
27450,-1.0299216272519168e-07
27451,-1.0368127389250649e-07
27452,-1.0436593671246701e-07
27453,-1.0504615858985599e-07
27454,-1.0572194696990815e-07
27455,-1.0639330933803018e-07
27456,-1.0706025321951827e-07
27457,-1.0772278617928504e-07
27458,-1.083809158215705e-07
27459,-1.0903464978966863e-07
27460,-1.0968399576565074e-07
27461,-1.1032896147008417e-07
27462,-1.1096955466175413e-07
27463,-1.116057831373966e-07
27464,-1.1223765473140713e-07
27465,-1.1286517731557601e-07
27466,-1.1348835879880786e-07
27467,-1.1410720712684919e-07
27468,-1.1472173028201083e-07
27469,-1.1533193628290102e-07
27470,-1.1593783318414318e-07
27471,-1.1653942907610692e-07
27472,-1.1713673208463807e-07
27473,-1.1772975037078023e-07
27474,-1.1831849213051514e-07
27475,-1.1890296559447685e-07
27476,-1.194831790276911e-07
27477,-1.2005914072930435e-07
27478,-1.2063085903231074e-07
27479,-1.2119834230328636e-07
27480,-1.2176159894212304e-07
27481,-1.2232063738175484e-07
27482,-1.2287546608789355e-07
27483,-1.2342609355876223e-07
27484,-1.2397252832483012e-07
27485,-1.2451477894854219e-07
27486,-1.2505285402406423e-07
27487,-1.255867621770047e-07
27488,-1.2611651206416097e-07
27489,-1.2664211237325035e-07
27490,-1.2716357182264805e-07
27491,-1.276808991611312e-07
27492,-1.2819410316760547e-07
27493,-1.2870319265085243e-07
27494,-1.2920817644926424e-07
27495,-1.2970906343058775e-07
27496,-1.3020586249165794e-07
27497,-1.3069858255814878e-07
27498,-1.3118723258430526e-07
27499,-1.3167182155268876e-07
27500,-1.3215235847392206e-07
27501,-1.3262885238642764e-07
27502,-1.3310131235617538e-07
27503,-1.3356974747642798e-07
27504,-1.3403416686747862e-07
27505,-1.3449457967640461e-07
27506,-1.3495099507680724e-07
27507,-1.3540342226856308e-07
27508,-1.3585187047756532e-07
27509,-1.3629634895548174e-07
27510,-1.3673686697949046e-07
27511,-1.3717343385203557e-07
27512,-1.3760605890057786e-07
27513,-1.3803475147733938e-07
27514,-1.3845952095906326e-07
27515,-1.3888037674675361e-07
27516,-1.3929732826543565e-07
27517,-1.3971038496390424e-07
27518,-1.4011955631447807e-07
27519,-1.405248518127533e-07
27520,-1.409262809773603e-07
27521,-1.4132385334971346e-07
27522,-1.4171757849376952e-07
27523,-1.4210746599578234e-07
27524,-1.424935254640628e-07
27525,-1.4287576652873031e-07
27526,-1.4325419884147958e-07
27527,-1.436288320753283e-07
27528,-1.4399967592438432e-07
27529,-1.4436674010360126e-07
27530,-1.4473003434853878e-07
27531,-1.4508956841513067e-07
27532,-1.4544535207943435e-07
27533,-1.4579739513740295e-07
27534,-1.4614570740464237e-07
27535,-1.464902987161792e-07
27536,-1.4683117892621913e-07
27537,-1.4716835790791903e-07
27538,-1.4750184555314638e-07
27539,-1.478316517722456e-07
27540,-1.4815778649380842e-07
27541,-1.4848025966443644e-07
27542,-1.4879908124851265e-07
27543,-1.4911426122797065e-07
27544,-1.4942580960205694e-07
27545,-1.4973373638710915e-07
27546,-1.500380516163203e-07
27547,-1.5033876533951325e-07
27548,-1.5063588762291225e-07
27549,-1.5092942854891367e-07
27550,-1.5121939821585845e-07
27551,-1.5150580673780722e-07
27552,-1.517886642443156e-07
27553,-1.5206798088020423e-07
27554,-1.5234376680534466e-07
27555,-1.5261603219442115e-07
27556,-1.528847872367194e-07
27557,-1.531500421358983e-07
27558,-1.5341180710976836e-07
27559,-1.53670092390073e-07
27560,-1.5392490822226812e-07
27561,-1.5417626486529863e-07
27562,-1.5442417259138032e-07
27563,-1.5466864168578534e-07
27564,-1.5490968244661754e-07
27565,-1.551473051846029e-07
27566,-1.5538152022286682e-07
27567,-1.5561233789671946e-07
27568,-1.5583976855344381e-07
27569,-1.560638225520756e-07
27570,-1.5628451026319423e-07
27571,-1.5650184206870958e-07
27572,-1.567158283616434e-07
27573,-1.5692647954592454e-07
27574,-1.5713380603617222e-07
27575,-1.5733781825749087e-07
27576,-1.575385266452529e-07
27577,-1.5773594164489968e-07
27578,-1.579300737117219e-07
27579,-1.5812093331065792e-07
27580,-1.5830853091608724e-07
27581,-1.5849287701161787e-07
27582,-1.5867398208989142e-07
27583,-1.5885185665236424e-07
27584,-1.5902651120911426e-07
27585,-1.591979562786302e-07
27586,-1.5936620238761055e-07
27587,-1.5953126007076324e-07
27588,-1.5969313987060069e-07
27589,-1.5985185233724123e-07
27590,-1.6000740802820406e-07
27591,-1.6015981750821603e-07
27592,-1.603090913490074e-07
27593,-1.6045524012911335e-07
27594,-1.6059827443368387e-07
27595,-1.6073820485427446e-07
27596,-1.6087504198866054e-07
27597,-1.6100879644063483e-07
27598,-1.6113947881981496e-07
27599,-1.612670997414509e-07
27600,-1.613916698262281e-07
27601,-1.615131997000776e-07
27602,-1.616316999939789e-07
27603,-1.6174718134377483e-07
27604,-1.6185965438997483e-07
27605,-1.6196912977756934e-07
27606,-1.6207561815583823e-07
27607,-1.6217913017815954e-07
27608,-1.6227967650182722e-07
27609,-1.6237726778785715e-07
27610,-1.624719147008051e-07
27611,-1.6256362790858016e-07
27612,-1.6265241808225542e-07
27613,-1.6273829589588885e-07
27614,-1.6282127202633416e-07
27615,-1.6290135715306251e-07
27616,-1.6297856195797331e-07
27617,-1.6305289712522228e-07
27618,-1.6312437334102867e-07
27619,-1.6319300129350234e-07
27620,-1.6325879167246266e-07
27621,-1.6332175516925526e-07
27622,-1.6338190247658302e-07
27623,-1.6343924428831506e-07
27624,-1.6349379129932226e-07
27625,-1.6354555420529146e-07
27626,-1.6359454370255492e-07
27627,-1.6364077048791484e-07
27628,-1.6368424525846756e-07
27629,-1.6372497871143165e-07
27630,-1.6376298154397135e-07
27631,-1.6379826445303038e-07
27632,-1.6383083813515448e-07
27633,-1.638607132863226e-07
27634,-1.6388790060178139e-07
27635,-1.639124107758669e-07
27636,-1.639342545018437e-07
27637,-1.639534424717314e-07
27638,-1.639699853761414e-07
27639,-1.639838939041081e-07
27640,-1.6399517874292184e-07
27641,-1.6400385057796748e-07
27642,-1.6400992009255442e-07
27643,-1.6401339796775834e-07
27644,-1.6401429488225193e-07
27645,-1.640126215121511e-07
27646,-1.640083885308434e-07
27647,-1.6400160660883123e-07
27648,-1.6399228641357523e-07
27649,-1.6398043860932648e-07
27650,-1.639660738569751e-07
27651,-1.6394920281388712e-07
27652,-1.6392983613374952e-07
27653,-1.6390798446641118e-07
27654,-1.6388365845772685e-07
27655,-1.6385686874940383e-07
27656,-1.6382762597884487e-07
27657,-1.6379594077899626e-07
27658,-1.63761823778189e-07
27659,-1.6372528559999448e-07
27660,-1.6368633686306403e-07
27661,-1.636449881809815e-07
27662,-1.63601250162116e-07
27663,-1.6355513340946286e-07
27664,-1.6350664852050368e-07
27665,-1.6345580608705004e-07
27666,-1.6340261669510245e-07
27667,-1.6334709092469641e-07
27668,-1.6328923934976115e-07
27669,-1.6322907253797168e-07
27670,-1.6316660105060172e-07
27671,-1.631018354423834e-07
27672,-1.6303478626135895e-07
27673,-1.6296546404874073e-07
27674,-1.628938793387686e-07
27675,-1.6282004265856467e-07
27676,-1.6274396452799806e-07
27677,-1.62665655459538e-07
27678,-1.6258512595812026e-07
27679,-1.625023865210043e-07
27680,-1.624174476376346e-07
27681,-1.623303197895066e-07
27682,-1.6224101345002513e-07
27683,-1.621495390843731e-07
27684,-1.6205590714936964e-07
27685,-1.6196012809334337e-07
27686,-1.6186221235599045e-07
27687,-1.6176217036824384e-07
27688,-1.6166001255214356e-07
27689,-1.6155574932069865e-07
27690,-1.6144939107776082e-07
27691,-1.6134094821789034e-07
27692,-1.612304311262291e-07
27693,-1.6111785017836617e-07
27694,-1.6100321574021305e-07
27695,-1.6088653816787544e-07
27696,-1.6076782780752392e-07
27697,-1.6064709499526926e-07
27698,-1.6052435005703244e-07
27699,-1.6039960330842537e-07
27700,-1.6027286505462013e-07
27701,-1.601441455902274e-07
27702,-1.6001345519917612e-07
27703,-1.5988080415458394e-07
27704,-1.5974620271864292e-07
27705,-1.5960966114249026e-07
27706,-1.5947118966609494e-07
27707,-1.5933079851813238e-07
27708,-1.5918849791586725e-07
27709,-1.59044298065036e-07
27710,-1.5889820915972536e-07
27711,-1.587502413822588e-07
27712,-1.5860040490307536e-07
27713,-1.584487098806205e-07
27714,-1.5829516646122275e-07
27715,-1.5813978477898343e-07
27716,-1.5798257495566374e-07
27717,-1.5782354710056713e-07
27718,-1.5766271131043126e-07
27719,-1.5750007766931169e-07
27720,-1.573356562484744e-07
27721,-1.57169457106282e-07
27722,-1.5700149028808366e-07
27723,-1.5683176582610978e-07
27724,-1.5666029373935683e-07
27725,-1.5648708403348605e-07
27726,-1.5631214670070947e-07
27727,-1.5613549171968869e-07
27728,-1.5595712905542472e-07
27729,-1.557770686591536e-07
27730,-1.5559532046824493e-07
27731,-1.5541189440609076e-07
27732,-1.552268003820093e-07
27733,-1.5504004829113653e-07
27734,-1.5485164801432792e-07
27735,-1.5466160941805335e-07
27736,-1.544699423542984e-07
27737,-1.5427665666046517e-07
27738,-1.5408176215926832e-07
27739,-1.53885268658641e-07
27740,-1.536871859516321e-07
27741,-1.534875238163127e-07
27742,-1.532862920156752e-07
27743,-1.5308350029753862e-07
27744,-1.5287915839445442e-07
27745,-1.5267327602360673e-07
27746,-1.524658628867236e-07
27747,-1.522569286699784e-07
27748,-1.520464830438979e-07
27749,-1.518345356632719e-07
27750,-1.5162109616705714e-07
27751,-1.514061741782903e-07
27752,-1.511897793039927e-07
27753,-1.509719211350857e-07
27754,-1.50752609246295e-07
27755,-1.5053185319606588e-07
27756,-1.5030966252647562e-07
27757,-1.5008604676314124e-07
27758,-1.4986101541513855e-07
27759,-1.4963457797491044e-07
27760,-1.4940674391818517e-07
27761,-1.4917752270388832e-07
27762,-1.489469237740594e-07
27763,-1.4871495655376954e-07
27764,-1.4848163045103525e-07
27765,-1.4824695485673916e-07
27766,-1.480109391445434e-07
27767,-1.477735926708142e-07
27768,-1.4753492477453534e-07
27769,-1.472949447772305e-07
27770,-1.4705366198288637e-07
27771,-1.4681108567786768e-07
27772,-1.465672251308446e-07
27773,-1.463220895927103e-07
27774,-1.4607568829650912e-07
27775,-1.458280304573537e-07
27776,-1.4557912527235382e-07
27777,-1.453289819205407e-07
27778,-1.4507760956278844e-07
27779,-1.448250173417458e-07
27780,-1.4457121438175628e-07
27781,-1.4431620978879146e-07
27782,-1.4406001265037363e-07
27783,-1.4380263203550598e-07
27784,-1.4354407699460318e-07
27785,-1.4328435655941716e-07
27786,-1.4302347974297115e-07
27787,-1.427614555394866e-07
27788,-1.4249829292431794e-07
27789,-1.4223400085388145e-07
27790,-1.419685882655881e-07
27791,-1.4170206407777983e-07
27792,-1.4143443718965784e-07
27793,-1.411657164812216e-07
27794,-1.4089591081320016e-07
27795,-1.4062502902699005e-07
27796,-1.403530799445888e-07
27797,-1.4008007236853256e-07
27798,-1.3980601508183487e-07
27799,-1.3953091684792002e-07
27800,-1.3925478641056653e-07
27801,-1.38977632493841e-07
27802,-1.38699463802042e-07
27803,-1.3842028901963571e-07
27804,-1.3814011681119865e-07
27805,-1.378589558213605e-07
27806,-1.375768146747413e-07
27807,-1.3729370197589825e-07
27808,-1.3700962630926436e-07
27809,-1.367245962390958e-07
27810,-1.364386203094126e-07
27811,-1.3615170704394344e-07
27812,-1.3586386494607377e-07
27813,-1.3557510249878712e-07
27814,-1.352854281646144e-07
27815,-1.3499485038557846e-07
27816,-1.3470337758314346e-07
27817,-1.3441101815816023e-07
27818,-1.3411778049081576e-07
27819,-1.3382367294058368e-07
27820,-1.3352870384617026e-07
27821,-1.3323288152546806e-07
27822,-1.3293621427550342e-07
27823,-1.3263871037238894e-07
27824,-1.323403780712757e-07
27825,-1.3204122560630352e-07
27826,-1.3174126119055664e-07
27827,-1.3144049301601277e-07
27828,-1.3113892925350132e-07
27829,-1.3083657805265422e-07
27830,-1.3053344754186188e-07
27831,-1.302295458282311e-07
27832,-1.2992488099753565e-07
27833,-1.2961946111417816e-07
27834,-1.293132942211429e-07
27835,-1.2900638833995703e-07
27836,-1.286987514706445e-07
27837,-1.2839039159168781e-07
27838,-1.2808131665998642e-07
27839,-1.2777153461081422e-07
27840,-1.2746105335778387e-07
27841,-1.271498807928023e-07
27842,-1.268380247860365e-07
27843,-1.2652549318587182e-07
27844,-1.2621229381887513e-07
27845,-1.258984344897597e-07
27846,-1.2558392298134397e-07
27847,-1.2526876705452008e-07
27848,-1.24952974448214e-07
27849,-1.24636552879354e-07
27850,-1.243195100428319e-07
27851,-1.240018536114713e-07
27852,-1.2368359123599466e-07
27853,-1.2336473054498663e-07
27854,-1.2304527914486617e-07
27855,-1.2272524461984804e-07
27856,-1.224046345319175e-07
27857,-1.2208345642079452e-07
27858,-1.217617178039039e-07
27859,-1.2143942617634743e-07
27860,-1.211165890108708e-07
27861,-1.2079321375783622e-07
27862,-1.204693078451928e-07
27863,-1.2014487867844936e-07
27864,-1.1981993364064479e-07
27865,-1.1949448009232147e-07
27866,-1.1916852537150015e-07
27867,-1.1884207679364973e-07
27868,-1.1851514165166572e-07
27869,-1.1818772721584079e-07
27870,-1.1785984073384358e-07
27871,-1.1753148943069047e-07
27872,-1.1720268050872363e-07
27873,-1.1687342114758855e-07
27874,-1.1654371850420777e-07
27875,-1.1621357971276185e-07
27876,-1.1588301188466353e-07
27877,-1.155520221085407e-07
27878,-1.1522061745020944e-07
27879,-1.148888049526576e-07
27880,-1.145565916360241e-07
27881,-1.1422398449757651e-07
27882,-1.1389099051169518e-07
27883,-1.1355761662985048e-07
27884,-1.1322386978058808e-07
27885,-1.1288975686950807e-07
27886,-1.1255528477924841e-07
27887,-1.1222046036946922e-07
27888,-1.1188529047683291e-07
27889,-1.1154978191499253e-07
27890,-1.1121394147456989e-07
27891,-1.1087777592314667e-07
27892,-1.1054129200524512e-07
27893,-1.1020449644231442e-07
27894,-1.098673959327195e-07
27895,-1.0952999715172217e-07
27896,-1.091923067514741e-07
27897,-1.0885433136099906e-07
27898,-1.0851607758618268e-07
27899,-1.0817755200976233e-07
27900,-1.078387611913121e-07
27901,-1.0749971166723473e-07
27902,-1.0716040995074918e-07
27903,-1.0682086253188287e-07
27904,-1.0648107587745867e-07
27905,-1.0614105643108822e-07
27906,-1.0580081061316291e-07
27907,-1.0546034482084323e-07
27908,-1.0511966542805398e-07
27909,-1.0477877878547328e-07
27910,-1.0443769122052904e-07
27911,-1.0409640903738906e-07
27912,-1.0375493851695447e-07
27913,-1.0341328591685822e-07
27914,-1.0307145747145347e-07
27915,-1.0272945939181354e-07
27916,-1.0238729786572335e-07
27917,-1.020449790576787e-07
27918,-1.0170250910887806e-07
27919,-1.0135989413722224e-07
27920,-1.0101714023731161e-07
27921,-1.0067425348044015e-07
27922,-1.0033123991459674e-07
27923,-9.998810556446027e-08
27924,-9.964485643139999e-08
27925,-9.930149849347343e-08
27926,-9.895803770542559e-08
27927,-9.861447999869003e-08
27928,-9.82708312813861e-08
27929,-9.792709743832201e-08
27930,-9.758328433099328e-08
27931,-9.723939779758684e-08
27932,-9.68954436529792e-08
27933,-9.655142768874008e-08
27934,-9.620735567313585e-08
27935,-9.586323335112864e-08
27936,-9.551906644438368e-08
27937,-9.51748606512691e-08
27938,-9.483062164686242e-08
27939,-9.448635508295263e-08
27940,-9.414206658804532e-08
27941,-9.379776176736846e-08
27942,-9.345344620287584e-08
27943,-9.310912545325541e-08
27944,-9.27648050539317e-08
27945,-9.242049051707581e-08
27946,-9.207618733160832e-08
27947,-9.173190096320915e-08
27948,-9.138763685432475e-08
27949,-9.104340042417378e-08
27950,-9.069919706875803e-08
27951,-9.03550321608679e-08
27952,-9.001091105009359e-08
27953,-8.966683906283283e-08
27954,-8.932282150230049e-08
27955,-8.897886364854013e-08
27956,-8.863497075843106e-08
27957,-8.82911480657022e-08
27958,-8.794740078093911e-08
27959,-8.760373409159946e-08
27960,-8.726015316202116e-08
27961,-8.691666313343549e-08
27962,-8.657326912398023e-08
27963,-8.622997622870987e-08
27964,-8.58867895196106e-08
27965,-8.554371404561174e-08
27966,-8.52007548326017e-08
27967,-8.48579168834388e-08
27968,-8.451520517796734e-08
27969,-8.41726246730315e-08
27970,-8.383018030248994e-08
27971,-8.348787697723205e-08
27972,-8.314571958519173e-08
27973,-8.280371299136341e-08
27974,-8.246186203782038e-08
27975,-8.212017154372656e-08
27976,-8.177864630535873e-08
27977,-8.143729109611861e-08
27978,-8.109611066655405e-08
27979,-8.075510974437348e-08
27980,-8.041429303446576e-08
27981,-8.007366521891754e-08
27982,-7.973323095703197e-08
27983,-7.939299488534834e-08
27984,-7.90529616176593e-08
27985,-7.871313574503293e-08
27986,-7.837352183582876e-08
27987,-7.803412443572089e-08
27988,-7.76949480677182e-08
27989,-7.735599723218229e-08
27990,-7.701727640685167e-08
27991,-7.667879004686022e-08
27992,-7.634054258475972e-08
27993,-7.600253843054184e-08
27994,-7.566478197165953e-08
27995,-7.532727757305053e-08
27996,-7.499002957715747e-08
27997,-7.465304230395426e-08
27998,-7.431632005096491e-08
27999,-7.39798670932911e-08
28000,-7.364368768363329e-08
28001,-7.330778605231502e-08
28002,-7.297216640730874e-08
28003,-7.263683293425674e-08
28004,-7.230178979650084e-08
28005,-7.19670411351026e-08
28006,-7.163259106887229e-08
28007,-7.129844369439214e-08
28008,-7.096460308604293e-08
28009,-7.063107329603001e-08
28010,-7.029785835440986e-08
28011,-6.996496226911666e-08
28012,-6.963238902598849e-08
28013,-6.930014258879549e-08
28014,-6.896822689926641e-08
28015,-6.863664587711522e-08
28016,-6.830540342007205e-08
28017,-6.797450340390804e-08
28018,-6.7643949682466e-08
28019,-6.731374608768744e-08
28020,-6.698389642964196e-08
28021,-6.665440449655651e-08
28022,-6.632527405484425e-08
28023,-6.599650884913548e-08
28024,-6.566811260230492e-08
28025,-6.534008901550508e-08
28026,-6.501244176819212e-08
28027,-6.468517451816118e-08
28028,-6.43582909015738e-08
28029,-6.403179453298948e-08
28030,-6.370568900539875e-08
28031,-6.337997789025186e-08
28032,-6.3054664737492e-08
28033,-6.272975307558669e-08
28034,-6.240524641156105e-08
28035,-6.208114823102811e-08
28036,-6.175746199822278e-08
28037,-6.143419115603401e-08
28038,-6.111133912603797e-08
28039,-6.078890930853174e-08
28040,-6.046690508256544e-08
28041,-6.014532980597753e-08
28042,-5.982418681542716e-08
28043,-5.9503479426427915e-08
28044,-5.918321093338478e-08
28045,-5.886338460962517e-08
28046,-5.854400370743644e-08
28047,-5.8225071458098565e-08
28048,-5.790659107192064e-08
28049,-5.7588565738275e-08
28050,-5.7270998625633824e-08
28051,-5.6953892881604697e-08
28052,-5.663725163296529e-08
28053,-5.632107798570152e-08
28054,-5.6005375025040744e-08
28055,-5.569014581549098e-08
28056,-5.5375393400877176e-08
28057,-5.5061120804376266e-08
28058,-5.474733102855656e-08
28059,-5.443402705541305e-08
28060,-5.4121211846405544e-08
28061,-5.380888834249637e-08
28062,-5.349705946418798e-08
28063,-5.318572811156145e-08
28064,-5.2874897164313346e-08
28065,-5.2564569481796006e-08
28066,-5.225474790305279e-08
28067,-5.1945435246860906e-08
28068,-5.163663431176695e-08
28069,-5.132834787612715e-08
28070,-5.10205786981473e-08
28071,-5.071332951592074e-08
28072,-5.040660304746804e-08
28073,-5.0100401990777705e-08
28074,-4.979472902384572e-08
28075,-4.948958680471479e-08
28076,-4.918497797151553e-08
28077,-4.888090514250568e-08
28078,-4.857737091611164e-08
28079,-4.827437787096941e-08
28080,-4.7971928565963815e-08
28081,-4.767002554027158e-08
28082,-4.736867131340103e-08
28083,-4.706786838523264e-08
28084,-4.6767619236063424e-08
28085,-4.646792632664559e-08
28086,-4.61687920982305e-08
28087,-4.5870218972608384e-08
28088,-4.5572209352153044e-08
28089,-4.527476561986082e-08
28090,-4.497789013939578e-08
28091,-4.4681585255131524e-08
28092,-4.438585329219258e-08
28093,-4.40906965564994e-08
28094,-4.3796117334807876e-08
28095,-4.3502117894756453e-08
28096,-4.3208700484906494e-08
28097,-4.2915867334786516e-08
28098,-4.2623620654936075e-08
28099,-4.233196263694882e-08
28100,-4.204089545351571e-08
28101,-4.1750421258470024e-08
28102,-4.146054218683134e-08
28103,-4.1171260354848454e-08
28104,-4.08825778600447e-08
28105,-4.0594496781262664e-08
28106,-4.030701917870618e-08
28107,-4.0020147093988994e-08
28108,-3.973388255017588e-08
28109,-3.94482275518301e-08
28110,-3.9163184085056855e-08
28111,-3.887875411754783e-08
28112,-3.859493959862916e-08
28113,-3.8311742459303863e-08
28114,-3.802916461229934e-08
28115,-3.774720795211134e-08
28116,-3.7465874355051647e-08
28117,-3.7185165679290786e-08
28118,-3.690508376490721e-08
28119,-3.662563043393185e-08
28120,-3.63468074903938e-08
28121,-3.606861672036785e-08
28122,-3.5791059892019696e-08
28123,-3.551413875565176e-08
28124,-3.5237855043752366e-08
28125,-3.496221047103966e-08
28126,-3.46872067345102e-08
28127,-3.441284551348475e-08
28128,-3.4139128469655e-08
28129,-3.386605724713193e-08
28130,-3.359363347249158e-08
28131,-3.3321858754823604e-08
28132,-3.3050734685777135e-08
28133,-3.278026283960998e-08
28134,-3.251044477323315e-08
28135,-3.2241282026262344e-08
28136,-3.1972776121062905e-08
28137,-3.1704928562798226e-08
28138,-3.1437740839478356e-08
28139,-3.1171214422007084e-08
28140,-3.0905350764229697e-08
28141,-3.064015130298228e-08
28142,-3.037561745813937e-08
28143,-3.011175063266186e-08
28144,-2.984855221264587e-08
28145,-2.958602356737038e-08
28146,-2.9324166049346775e-08
28147,-2.906298099436723e-08
28148,-2.8802469721552506e-08
28149,-2.854263353340184e-08
28150,-2.8283473715841332e-08
28151,-2.8024991538271338e-08
28152,-2.776718825361838e-08
28153,-2.7510065098381756e-08
28154,-2.7253623292683823e-08
28155,-2.6997864040318375e-08
28156,-2.6742788528801066e-08
28157,-2.6488397929416364e-08
28158,-2.6234693397269534e-08
28159,-2.598167607133495e-08
28160,-2.57293470745051e-08
28161,-2.5477707513640995e-08
28162,-2.522675847962129e-08
28163,-2.4976501047391112e-08
28164,-2.472693627601362e-08
28165,-2.447806520871837e-08
28166,-2.42298888729518e-08
28167,-2.3982408280426887e-08
28168,-2.3735624427172136e-08
28169,-2.348953829358337e-08
28170,-2.324415084447276e-08
28171,-2.2999463029118632e-08
28172,-2.2755475781316095e-08
28173,-2.251219001942757e-08
28174,-2.2269606646430952e-08
28175,-2.2027726549973105e-08
28176,-2.178655060241761e-08
28177,-2.1546079660896377e-08
28178,-2.1306314567359394e-08
28179,-2.106725614862586e-08
28180,-2.0828905216433247e-08
28181,-2.0591262567489635e-08
28182,-2.0354328983523426e-08
28183,-2.0118105231333634e-08
28184,-1.9882592062841433e-08
28185,-1.964779021513889e-08
28186,-1.9413700410542124e-08
28187,-1.9180323356640725e-08
28188,-1.8947659746348413e-08
28189,-1.8715710257954395e-08
28190,-1.848447555517403e-08
28191,-1.8253956287198613e-08
28192,-1.8024153088748263e-08
28193,-1.7795066580121284e-08
28194,-1.7566697367245908e-08
28195,-1.7339046041730566e-08
28196,-1.7112113180916048e-08
28197,-1.688589934792422e-08
28198,-1.6660405091711783e-08
28199,-1.643563094711997e-08
28200,-1.621157743492543e-08
28201,-1.5988245061892323e-08
28202,-1.5765634320821325e-08
28203,-1.5543745690603675e-08
28204,-1.5322579636270165e-08
28205,-1.5102136609043115e-08
28206,-1.488241704638756e-08
28207,-1.4663421372062435e-08
28208,-1.444514999617078e-08
28209,-1.4227603315212756e-08
28210,-1.4010781712135789e-08
28211,-1.3794685556385841e-08
28212,-1.3579315203958812e-08
28213,-1.3364670997452337e-08
28214,-1.3150753266115136e-08
28215,-1.2937562325901069e-08
28216,-1.2725098479518364e-08
28217,-1.2513362016481809e-08
28218,-1.2302353213164048e-08
28219,-1.2092072332845375e-08
28220,-1.1882519625767664e-08
28221,-1.1673695329183653e-08
28222,-1.1465599667409052e-08
28223,-1.1258232851873491e-08
28224,-1.1051595081172536e-08
28225,-1.084568654111714e-08
28226,-1.0640507404787405e-08
28227,-1.0436057832582426e-08
28228,-1.0232337972271644e-08
28229,-1.0029347959046553e-08
28230,-9.827087915571904e-09
28231,-9.625557952035879e-09
28232,-9.424758166203282e-09
28233,-9.224688643465428e-09
28234,-9.025349456891848e-09
28235,-8.826740667281654e-09
28236,-8.628862323213571e-09
28237,-8.431714461099032e-09
28238,-8.235297105232234e-09
28239,-8.039610267841437e-09
28240,-7.84465394914018e-09
28241,-7.650428137378988e-09
28242,-7.456932808894697e-09
28243,-7.264167928164159e-09
28244,-7.0721334478535225e-09
28245,-6.880829308870009e-09
28246,-6.6902554404126676e-09
28247,-6.5004117600239865e-09
28248,-6.311298173639439e-09
28249,-6.122914575640571e-09
28250,-5.935260848904682e-09
28251,-5.748336864855929e-09
28252,-5.562142483516511e-09
28253,-5.376677553557749e-09
28254,-5.19194191234954e-09
28255,-5.007935386013562e-09
28256,-4.824657789472378e-09
28257,-4.642108926500889e-09
28258,-4.4602885897772306e-09
28259,-4.279196560932236e-09
28260,-4.098832610602235e-09
28261,-3.919196498478295e-09
28262,-3.740287973357325e-09
28263,-3.5621067731925723e-09
28264,-3.3846526251446986e-09
28265,-3.207925245630757e-09
28266,-3.031924340377031e-09
28267,-2.8566496044679474e-09
28268,-2.682100722396954e-09
28269,-2.5082773681169535e-09
28270,-2.335179205090979e-09
28271,-2.162805886341174e-09
28272,-1.9911570545011863e-09
28273,-1.8202323418650147e-09
28274,-1.650031370437636e-09
28275,-1.4805537519854696e-09
28276,-1.3117990880851766e-09
28277,-1.143766970175833e-09
28278,-9.764569796076068e-10
28279,-8.098686876921062e-10
28280,-6.440016557523628e-10
28281,-4.788554351731219e-10
28282,-3.1442956744929875e-10
28283,-1.507235842379453e-10
28284,1.2262992593380678e-11
28285,1.7453065091650673e-10
28286,3.3607988829295545e-10
28287,4.969112119239451e-10
28288,6.570251386021789e-10
28289,8.164221946602092e-10
28290,9.751029159223365e-10
28291,1.1330678476547902e-09
28292,1.2903175445160241e-09
28293,1.446852570508699e-09
28294,1.6026734989283487e-09
28295,1.7577809123155368e-09
28296,1.9121754024062792e-09
28297,2.0658575700829673e-09
28298,2.2188280253248848e-09
28299,2.371087387160616e-09
28300,2.5226362836169852e-09
28301,2.6734753516715206e-09
28302,2.823605237203316e-09
28303,2.9730265949441424e-09
28304,3.1217400884294808e-09
28305,3.2697463899510806e-09
28306,3.4170461805064474e-09
28307,3.5636401497515393e-09
28308,3.7095289959519466e-09
28309,3.854713425934215e-09
28310,3.999194155038661e-09
28311,4.142971907069225e-09
28312,4.2860474142464015e-09
28313,4.428421417158864e-09
28314,4.570094664715243e-09
28315,4.711067914095781e-09
28316,4.851341930705728e-09
28317,4.990917488125279e-09
28318,5.1297953680632725e-09
28319,5.267976360308806e-09
28320,5.40546126268377e-09
28321,5.542250880994665e-09
28322,5.678346028986406e-09
28323,5.813747528292934e-09
28324,5.94845620839089e-09
28325,6.082472906552096e-09
28326,6.2157984677957655e-09
28327,6.34843374484274e-09
28328,6.480379598066185e-09
28329,6.611636895445931e-09
28330,6.742206512521149e-09
28331,6.872089332343265e-09
28332,7.001286245428969e-09
28333,7.129798149714422e-09
28334,7.2576259505069495e-09
28335,7.38477056043938e-09
28336,7.511232899423265e-09
28337,7.637013894602524e-09
28338,7.762114480306378e-09
28339,7.886535598004628e-09
28340,8.010278196259203e-09
28341,8.13334323067948e-09
28342,8.255731663875618e-09
28343,8.377444465412677e-09
28344,8.498482611764428e-09
28345,8.618847086268413e-09
28346,8.738538879078706e-09
28347,8.857558987121078e-09
28348,8.975908414047217e-09
28349,9.093588170188965e-09
28350,9.210599272513783e-09
28351,9.326942744577939e-09
28352,9.442619616481941e-09
28353,9.557630924825528e-09
28354,9.671977712662072e-09
28355,9.78566102945345e-09
28356,9.898681931026346e-09
28357,1.0011041479525357e-08
28358,1.0122740743369598e-08
28359,1.0233780797207445e-08
28360,1.0344162721872247e-08
28361,1.0453887604337142e-08
28362,1.0562956537671906e-08
28363,1.0671370620996981e-08
28364,1.0779130959440081e-08
28365,1.0886238664092003e-08
28366,1.0992694851961885e-08
28367,1.1098500645934746e-08
28368,1.1203657174725434e-08
28369,1.1308165572836213e-08
28370,1.1412026980512674e-08
28371,1.1515242543699891e-08
28372,1.1617813413998937e-08
28373,1.1719740748624062e-08
28374,1.182102571035807e-08
28375,1.1921669467509837e-08
28376,1.2021673193870835e-08
28377,1.2121038068672394e-08
28378,1.2219765276541817e-08
28379,1.2317856007461116e-08
28380,1.2415311456722037e-08
28381,1.2512132824884912e-08
28382,1.2608321317735281e-08
28383,1.2703878146241299e-08
28384,1.2798804526512444e-08
28385,1.2893101679755235e-08
28386,1.2986770832232491e-08
28387,1.3079813215220302e-08
28388,1.3172230064966548e-08
28389,1.3264022622648248e-08
28390,1.3355192134330771e-08
28391,1.3445739850924805e-08
28392,1.3535667028145179e-08
28393,1.3624974926469583e-08
28394,1.3713664811096496e-08
28395,1.3801737951904109e-08
28396,1.3889195623409553e-08
28397,1.3976039104726308e-08
28398,1.4062269679524483e-08
28399,1.4147888635988893e-08
28400,1.4232897266778555e-08
28401,1.431729686898636e-08
28402,1.4401088744097327e-08
28403,1.4484274197948565e-08
28404,1.4566854540688706e-08
28405,1.4648831086737749e-08
28406,1.4730205154745987e-08
28407,1.4810978067555294e-08
28408,1.4891151152157099e-08
28409,1.4970725739653903e-08
28410,1.5049703165218515e-08
28411,1.512808476805465e-08
28412,1.52058718913571e-08
28413,1.5283065882272585e-08
28414,1.5359668091859492e-08
28415,1.5435679875048777e-08
28416,1.55111025906051e-08
28417,1.558593760108683e-08
28418,1.5660186272808195e-08
28419,1.5733849975799034e-08
28420,1.5806930083766445e-08
28421,1.5879427974056387e-08
28422,1.5951345027614342e-08
28423,1.6022682628946976e-08
28424,1.6093442166084678e-08
28425,1.6163625030541342e-08
28426,1.623323261727772e-08
28427,1.6302266324662357e-08
28428,1.6370727554434264e-08
28429,1.643861771166416e-08
28430,1.650593820471786e-08
28431,1.6572690445217345e-08
28432,1.6638875848003664e-08
28433,1.6704495831099686e-08
28434,1.6769551815672227e-08
28435,1.6834045225995075e-08
28436,1.6897977489412166e-08
28437,1.6961350036299456e-08
28438,1.702416430002912e-08
28439,1.708642171693181e-08
28440,1.7148123726260487e-08
28441,1.7209271770153854e-08
28442,1.726986729359935e-08
28443,1.732991174439681e-08
28444,1.738940657312243e-08
28445,1.744835323309261e-08
28446,1.750675318032724e-08
28447,1.756460787351509e-08
28448,1.762191877397608e-08
28449,1.7678687345627028e-08
28450,1.7734915054945167e-08
28451,1.7790603370932876e-08
28452,1.7845753765082325e-08
28453,1.790036771134034e-08
28454,1.7954446686072586e-08
28455,1.8007992168028757e-08
28456,1.8061005638307886e-08
28457,1.8113488580322844e-08
28458,1.8165442479766396e-08
28459,1.8216868824575898e-08
28460,1.826776910489864e-08
28461,1.8318144813058123e-08
28462,1.83679974435189e-08
28463,1.841732849285299e-08
28464,1.8466139459705754e-08
28465,1.8514431844761183e-08
28466,1.856220715070904e-08
28467,1.860946688221006e-08
28468,1.8656212545863358e-08
28469,1.870244565017163e-08
28470,1.874816770550941e-08
28471,1.879338022408796e-08
28472,1.8838084719922974e-08
28473,1.8882282708801694e-08
28474,1.892597570824903e-08
28475,1.8969165237496116e-08
28476,1.901185281744584e-08
28477,1.9054039970641576e-08
28478,1.9095728221233852e-08
28479,1.9136919094948124e-08
28480,1.9177614119052655e-08
28481,1.9217814822326413e-08
28482,1.925752273502654e-08
28483,1.929673938885642e-08
28484,1.9335466316934408e-08
28485,1.937370505376137e-08
28486,1.9411457135189206e-08
28487,1.94487240983903e-08
28488,1.948550748182442e-08
28489,1.952180882520878e-08
28490,1.955762966948612e-08
28491,1.9592971556794017e-08
28492,1.9627836030434168e-08
28493,1.966222463484057e-08
28494,1.9696138915549986e-08
28495,1.9729580419170335e-08
28496,1.9762550693351073e-08
28497,1.97950512867519e-08
28498,1.9827083749013437e-08
28499,1.9858649630726448e-08
28500,1.9889750483401707e-08
28501,1.9920387859440627e-08
28502,1.9950563312104844e-08
28503,1.998027839548692e-08
28504,2.0009534664480925e-08
28505,2.003833367475211e-08
28506,2.0066676982708593e-08
28507,2.0094566145471205e-08
28508,2.012200272084506e-08
28509,2.014898826729029e-08
28510,2.0175524343893062e-08
28511,2.020161251033671e-08
28512,2.0227254326873063e-08
28513,2.025245135429447e-08
28514,2.0277205153904155e-08
28515,2.0301517287489633e-08
28516,2.032538931729247e-08
28517,2.0348822805981795e-08
28518,2.0371819316625347e-08
28519,2.0394380412661934e-08
28520,2.041650765787385e-08
28521,2.0438202616359034e-08
28522,2.045946685250353e-08
28523,2.0480301930953827e-08
28524,2.0500709416590112e-08
28525,2.052069087449858e-08
28526,2.054024786994422e-08
28527,2.055938196834507e-08
28528,2.0578094735243462e-08
28529,2.0596387736280887e-08
28530,2.0614262537170308e-08
28531,2.0631720703670373e-08
28532,2.0648763801558818e-08
28533,2.0665393396605674e-08
28534,2.068161105454801e-08
28535,2.069741834106282e-08
28536,2.0712816821742227e-08
28537,2.0727808062066313e-08
28538,2.0742393627379147e-08
28539,2.0756575082861318e-08
28540,2.0770353993505468e-08
28541,2.0783731924091084e-08
28542,2.0796710439158427e-08
28543,2.080929110298418e-08
28544,2.0821475479555996e-08
28545,2.0833265132547703e-08
28546,2.0844661625294277e-08
28547,2.085566652076717e-08
28548,2.0866281381550223e-08
28549,2.0876507769814582e-08
28550,2.08863472472948e-08
28551,2.0895801375263915e-08
28552,2.090487171451025e-08
28553,2.0913559825312554e-08
28554,2.0921867267416303e-08
28555,2.0929795600010724e-08
28556,2.093734638170361e-08
28557,2.094452117049914e-08
28558,2.095132152377326e-08
28559,2.095774899825149e-08
28560,2.0963805149984494e-08
28561,2.096949153432603e-08
28562,2.097480970590929e-08
28563,2.0979761218623975e-08
28564,2.098434762559402e-08
28565,2.098857047915405e-08
28566,2.099243133082813e-08
28567,2.0995931731305866e-08
28568,2.0999073230420724e-08
28569,2.100185737712821e-08
28570,2.100428571948287e-08
28571,2.1006359804616963e-08
28572,2.1008081178718424e-08
28573,2.1009451387008547e-08
28574,2.101047197372117e-08
28575,2.1011144482080303e-08
28576,2.101147045427937e-08
28577,2.1011451431459022e-08
28578,2.1011088953687045e-08
28579,2.1010384559936018e-08
28580,2.100933978806294e-08
28581,2.1007956174788532e-08
28582,2.1006235255675656e-08
28583,2.1004178565109748e-08
28584,2.1001787636276863e-08
28585,2.0999064001144585e-08
28586,2.099600919044057e-08
28587,2.099262473363277e-08
28588,2.098891215890951e-08
28589,2.0984872993159033e-08
28590,2.098050876194989e-08
28591,2.09758209895107e-08
28592,2.0970811198711013e-08
28593,2.096548091104123e-08
28594,2.0959831646593168e-08
28595,2.095386492404134e-08
28596,2.0947582260622554e-08
28597,2.0940985172117777e-08
28598,2.0934075172832217e-08
28599,2.0926853775577167e-08
28600,2.0919322491650692e-08
28601,2.091148283081874e-08
28602,2.0903336301297183e-08
28603,2.0894884409732444e-08
28604,2.0886128661183864e-08
28605,2.087707055910464e-08
28606,2.086771160532457e-08
28607,2.0858053300030982e-08
28608,2.0848097141751096e-08
28609,2.0837844627334697e-08
28610,2.0827297251935326e-08
28611,2.0816456508993562e-08
28612,2.0805323890218836e-08
28613,2.0793900885572416e-08
28614,2.0782188983249587e-08
28615,2.0770189669662555e-08
28616,2.0757904429423736e-08
28617,2.0745334745328165e-08
28618,2.073248209833691e-08
28619,2.071934796755977e-08
28620,2.0705933830239287e-08
28621,2.069224116173349e-08
28622,2.067827143549944e-08
28623,2.0664026123077557e-08
28624,2.0649506694074088e-08
28625,2.0634714616146067e-08
28626,2.0619651354984292e-08
28627,2.0604318374298075e-08
28628,2.0588717135798713e-08
28629,2.0572849099184193e-08
28630,2.0556715722123356e-08
28631,2.0540318460239917e-08
28632,2.052365876709773e-08
28633,2.0506738094184656e-08
28634,2.0489557890897893e-08
28635,2.047211960452842e-08
28636,2.045442468024589e-08
28637,2.043647456108405e-08
28638,2.041827068792531e-08
28639,2.0399814499486638e-08
28640,2.038110743230416e-08
28641,2.0362150920719346e-08
28642,2.034294639686376e-08
28643,2.03234952906452e-08
28644,2.0303799029733546e-08
28645,2.0283859039545887e-08
28646,2.026367674323353e-08
28647,2.024325356166692e-08
28648,2.0222590913422338e-08
28649,2.0201690214768415e-08
28650,2.0180552879651577e-08
28651,2.015918031968353e-08
28652,2.0137573944126833e-08
28653,2.011573515988239e-08
28654,2.009366537147531e-08
28655,2.00713659810423e-08
28656,2.0048838388318606e-08
28657,2.0026083990624623e-08
28658,2.0003104182853536e-08
28659,1.9979900357457895e-08
28660,1.9956473904437606e-08
28661,1.993282621132679e-08
28662,1.990895866318147e-08
28663,1.9884872642567546e-08
28664,1.9860569529547737e-08
28665,1.983605070167011e-08
28666,1.9811317533955375e-08
28667,1.978637139888545e-08
28668,1.9761213666390908e-08
28669,1.97358457038396e-08
28670,1.971026887602499e-08
28671,1.9684484545153957e-08
28672,1.9658494070836037e-08
28673,1.9632298810071145e-08
28674,1.9605900117239082e-08
28675,1.9579299344087553e-08
28676,1.9552497839721205e-08
28677,1.952549695059097e-08
28678,1.9498298020482457e-08
28679,1.947090239050563e-08
28680,1.944331139908349e-08
28681,1.9415526381941964e-08
28682,1.938754867209869e-08
28683,1.9359379599852815e-08
28684,1.9331020492774883e-08
28685,1.9302472675695637e-08
28686,1.9273737470696966e-08
28687,1.924481619710048e-08
28688,1.921571017145865e-08
28689,1.918642070754389e-08
28690,1.915694911633909e-08
28691,1.9127296706028165e-08
28692,1.9097464781985672e-08
28693,1.9067454646767783e-08
28694,1.9037267600102282e-08
28695,1.9006904938879772e-08
28696,1.8976367957143652e-08
28697,1.8945657946081317e-08
28698,1.8914776194014993e-08
28699,1.8883723986392323e-08
28700,1.885250260577794e-08
28701,1.8821113331843888e-08
28702,1.8789557441361545e-08
28703,1.8757836208192442e-08
28704,1.8725950903279607e-08
28705,1.869390279463945e-08
28706,1.8661693147352733e-08
28707,1.862932322355685e-08
28708,1.859679428243693e-08
28709,1.8564107580218146e-08
28710,1.8531264370157246e-08
28711,1.8498265902534562e-08
28712,1.8465113424646604e-08
28713,1.8431808180797307e-08
28714,1.8398351412291235e-08
28715,1.836474435742498e-08
28716,1.833098825148045e-08
28717,1.8297084326716614e-08
28718,1.8263033812362443e-08
28719,1.82288379346097e-08
28720,1.819449791660526e-08
28721,1.8160014978444517e-08
28722,1.812539033716361e-08
28723,1.8090625206732876e-08
28724,1.8055720798050024e-08
28725,1.802067831893273e-08
28726,1.798549897411265e-08
28727,1.7950183965227912e-08
28728,1.791473449081735e-08
28729,1.7879151746313288e-08
28730,1.7843436924035432e-08
28731,1.7807591213184705e-08
28732,1.7771615799836468e-08
28733,1.7735511866935016e-08
28734,1.7699280594286632e-08
28735,1.7662923158554403e-08
28736,1.7626440733251683e-08
28737,1.758983448873635e-08
28738,1.7553105592205393e-08
28739,1.751625520768852e-08
28740,1.7479284496043298e-08
28741,1.7442194614948865e-08
28742,1.7404986718901077e-08
28743,1.7367661959206687e-08
28744,1.7330221483978147e-08
28745,1.7292666438128617e-08
28746,1.7254997963366332e-08
28747,1.7217217198190054e-08
28748,1.717932527788347e-08
28749,1.714132333451093e-08
28750,1.710321249691198e-08
28751,1.7064993890696846e-08
28752,1.7026668638241993e-08
28753,1.6988237858684937e-08
28754,1.694970266792025e-08
28755,1.6911064178594603e-08
28756,1.6872323500102825e-08
28757,1.6833481738583217e-08
28758,1.6794539996913298e-08
28759,1.675549937470616e-08
28760,1.671636096830552e-08
28761,1.667712587078254e-08
28762,1.6637795171931096e-08
28763,1.6598369958264638e-08
28764,1.6558851313011786e-08
28765,1.651924031611272e-08
28766,1.6479538044215988e-08
28767,1.643974557067418e-08
28768,1.639986396554105e-08
28769,1.6359894295567546e-08
28770,1.6319837624198968e-08
28771,1.6279695011571108e-08
28772,1.62394675145073e-08
28773,1.619915618651551e-08
28774,1.6158762077784613e-08
28775,1.6118286235182077e-08
28776,1.6077729702250363e-08
28777,1.6037093519204565e-08
28778,1.5996378722929235e-08
28779,1.5955586346975772e-08
28780,1.591471742155991e-08
28781,1.5873772973558742e-08
28782,1.583275402650863e-08
28783,1.5791661600602192e-08
28784,1.5750496712686558e-08
28785,1.5709260376260415e-08
28786,1.5667953601472014e-08
28787,1.562657739511723e-08
28788,1.558513276063681e-08
28789,1.5543620698114955e-08
28790,1.5502042204276784e-08
28791,1.5460398272486868e-08
28792,1.5418689892746992e-08
28793,1.537691805169444e-08
28794,1.5335083732600518e-08
28795,1.529318791536842e-08
28796,1.525123157653218e-08
28797,1.5209215689254578e-08
28798,1.5167141223325936e-08
28799,1.5125009145162873e-08
28800,1.5082820417806518e-08
28801,1.5040576000921684e-08
28802,1.4998276850795228e-08
28803,1.495592392033529e-08
28804,1.4913518159069905e-08
28805,1.4871060513145894e-08
28806,1.4828551925328386e-08
28807,1.4785993334999324e-08
28808,1.474338567815705e-08
28809,1.4700729887415116e-08
28810,1.4658026892002101e-08
28811,1.461527761776033e-08
28812,1.4572482987145656e-08
28813,1.4529643919226965e-08
28814,1.4486761329685351e-08
28815,1.4443836130814105e-08
28816,1.4400869231517961e-08
28817,1.4357861537313149e-08
28818,1.4314813950326833e-08
28819,1.4271727369297055e-08
28820,1.4228602689572851e-08
28821,1.4185440803113676e-08
28822,1.4142242598489937e-08
28823,1.4099008960882466e-08
28824,1.4055740772083293e-08
28825,1.4012438910495234e-08
28826,1.3969104251132275e-08
28827,1.3925737665620154e-08
28828,1.3882340022196162e-08
28829,1.3838912185710105e-08
28830,1.3795455017624171e-08
28831,1.3751969376014022e-08
28832,1.3708456115568835e-08
28833,1.3664916087592167e-08
28834,1.3621350140002755e-08
28835,1.3577759117334797e-08
28836,1.3534143860739373e-08
28837,1.349050520798453e-08
28838,1.3446843993456973e-08
28839,1.3403161048162193e-08
28840,1.3359457199726042e-08
28841,1.331573327239571e-08
28842,1.3271990087040452e-08
28843,1.3228228461153293e-08
28844,1.3184449208851713e-08
28845,1.3140653140879271e-08
28846,1.3096841064606724e-08
28847,1.3053013784033431e-08
28848,1.3009172099788926e-08
28849,1.2965316809134063e-08
28850,1.2921448705962956e-08
28851,1.2877568580803945e-08
28852,1.2833677220822016e-08
28853,1.2789775409819726e-08
28854,1.2745863928239263e-08
28855,1.2701943553164414e-08
28856,1.2658015058321815e-08
28857,1.2614079214083456e-08
28858,1.257013678746807e-08
28859,1.2526188542143604e-08
28860,1.2482235238428693e-08
28861,1.2438277633295114e-08
28862,1.2394316480369818e-08
28863,1.2350352529936902e-08
28864,1.230638652894018e-08
28865,1.226241922098504e-08
28866,1.2218451346341069e-08
28867,1.217448364194418e-08
28868,1.2130516841398978e-08
28869,1.2086551674981602e-08
28870,1.204258886964166e-08
28871,1.1998629149005222e-08
28872,1.1954673233377138e-08
28873,1.1910721839743567e-08
28874,1.1866775681775113e-08
28875,1.1822835469829006e-08
28876,1.1778901910952306e-08
28877,1.1734975708884258e-08
28878,1.1691057564059678e-08
28879,1.1647148173611255e-08
28880,1.1603248231372919e-08
28881,1.155935842788277e-08
28882,1.1515479450385866e-08
28883,1.14716119828376e-08
28884,1.142775670590653e-08
28885,1.138391429697773e-08
28886,1.1340085430155837e-08
28887,1.1296270776268381e-08
28888,1.1252471002869165e-08
28889,1.1208686774241285e-08
28890,1.1164918751400806e-08
28891,1.1121167592099847e-08
28892,1.1077433950830462e-08
28893,1.103371847882769e-08
28894,1.0990021824073196e-08
28895,1.0946344631299181e-08
28896,1.0902687541991284e-08
28897,1.0859051194393057e-08
28898,1.0815436223508908e-08
28899,1.07718432611084e-08
28900,1.0728272935729585e-08
28901,1.0684725872683022e-08
28902,1.0641202694055623e-08
28903,1.0597704018714394e-08
28904,1.0554230462310561e-08
28905,1.0510782637283253e-08
28906,1.0467361152863784e-08
28907,1.042396661507948e-08
28908,1.03805996267576e-08
28909,1.0337260787529998e-08
28910,1.0293950693836583e-08
28911,1.025066993893004e-08
28912,1.0207419112879635e-08
28913,1.0164198802575728e-08
28914,1.0121009591733918e-08
28915,1.0077852060899386e-08
28916,1.0034726787451375e-08
28917,9.991634345607316e-09
28918,9.948575306427598e-09
28919,9.905550237819555e-09
28920,9.86255970454252e-09
28921,9.819604268211878e-09
28922,9.776684487303814e-09
28923,9.733800917160053e-09
28924,9.690954109992174e-09
28925,9.648144614886503e-09
28926,9.605372977808659e-09
28927,9.562639741608533e-09
28928,9.519945446024651e-09
28929,9.477290627689303e-09
28930,9.43467582013318e-09
28931,9.392101553790288e-09
28932,9.349568356002937e-09
28933,9.307076751026371e-09
28934,9.264627260034093e-09
28935,9.222220401122541e-09
28936,9.179856689316075e-09
28937,9.137536636572421e-09
28938,9.095260751787227e-09
28939,9.053029540799606e-09
28940,9.010843506396821e-09
28941,8.968703148319991e-09
28942,8.926608963268615e-09
28943,8.884561444906357e-09
28944,8.842561083866128e-09
28945,8.800608367755136e-09
28946,8.758703781160615e-09
28947,8.71684780565462e-09
28948,8.67504091979983e-09
28949,8.633283599154861e-09
28950,8.591576316279448e-09
28951,8.549919540740177e-09
28952,8.508313739115745e-09
28953,8.466759375002537e-09
28954,8.425256909020152e-09
28955,8.38380679881694e-09
28956,8.342409499075683e-09
28957,8.301065461518936e-09
28958,8.25977513491505e-09
28959,8.218538965083278e-09
28960,8.177357394900093e-09
28961,8.136230864304397e-09
28962,8.095159810303445e-09
28963,8.054144666978717e-09
28964,8.013185865491312e-09
28965,7.97228383408827e-09
28966,7.93143899810794e-09
28967,7.890651779986176e-09
28968,7.849922599261984e-09
28969,7.80925187258351e-09
28970,7.768640013713949e-09
28971,7.728087433537495e-09
28972,7.68759454006538e-09
28973,7.647161738441686e-09
28974,7.60678943094963e-09
28975,7.566478017017332e-09
28976,7.526227893223896e-09
28977,7.486039453305793e-09
28978,7.445913088162594e-09
28979,7.405849185863376e-09
28980,7.365848131652645e-09
28981,7.325910307956614e-09
28982,7.286036094389405e-09
28983,7.246225867759187e-09
28984,7.2064800020745765e-09
28985,7.166798868550563e-09
28986,7.127182835615223e-09
28987,7.087632268915456e-09
28988,7.048147531323876e-09
28989,7.008728982944701e-09
28990,6.969376981120304e-09
28991,6.930091880437611e-09
28992,6.8908740327343325e-09
28993,6.851723787105453e-09
28994,6.812641489909664e-09
28995,6.773627484775862e-09
28996,6.734682112609467e-09
28997,6.695805711598978e-09
28998,6.6569986172225894e-09
28999,6.6182611622543414e-09
29000,6.579593676771135e-09
29001,6.540996488158892e-09
29002,6.502469921119375e-09
29003,6.464014297676619e-09
29004,6.42562993718342e-09
29005,6.387317156328357e-09
29006,6.349076269141983e-09
29007,6.310907587003797e-09
29008,6.272811418648644e-09
29009,6.23478807017367e-09
29010,6.196837845044665e-09
29011,6.158961044103087e-09
29012,6.121157965572732e-09
29013,6.083428905066315e-09
29014,6.045774155592426e-09
29015,6.008194007562137e-09
29016,5.970688748795827e-09
29017,5.933258664530063e-09
29018,5.895904037424311e-09
29019,5.8586251475678725e-09
29020,5.821422272486612e-09
29021,5.7842956871498375e-09
29022,5.747245663977206e-09
29023,5.710272472845581e-09
29024,5.673376381095988e-09
29025,5.636557653540355e-09
29026,5.599816552468707e-09
29027,5.5631533376556595e-09
29028,5.526568266367898e-09
29029,5.490061593370732e-09
29030,5.453633570935195e-09
29031,5.417284448845116e-09
29032,5.381014474403963e-09
29033,5.3448238924418474e-09
29034,5.308712945322632e-09
29035,5.272681872951005e-09
29036,5.2367309127793195e-09
29037,5.200860299814802e-09
29038,5.165070266626492e-09
29039,5.129361043352406e-09
29040,5.09373285770665e-09
29041,5.058185934986317e-09
29042,5.022720498078823e-09
29043,4.98733676746887e-09
29044,4.952034961245414e-09
29045,4.916815295109229e-09
29046,4.881677982379601e-09
29047,4.846623234001752e-09
29048,4.811651258553814e-09
29049,4.776762262254199e-09
29050,4.741956448968415e-09
29051,4.707234020216624e-09
29052,4.672595175180699e-09
29053,4.6380401107113e-09
29054,4.603569021335298e-09
29055,4.5691820992626425e-09
29056,4.534879534394012e-09
29057,4.500661514327733e-09
29058,4.466528224367076e-09
29059,4.432479847527624e-09
29060,4.398516564544352e-09
29061,4.364638553878901e-09
29062,4.330845991726947e-09
29063,4.297139052025445e-09
29064,4.263517906459801e-09
29065,4.22998272447122e-09
29066,4.1965336732640855e-09
29067,4.163170917812942e-09
29068,4.129894620870214e-09
29069,4.09670494297319e-09
29070,4.0636020424515e-09
29071,4.03058607543436e-09
29072,3.997657195857765e-09
29073,3.9648155554721416e-09
29074,3.932061303849359e-09
29075,3.899394588390248e-09
29076,3.8668155543318124e-09
29077,3.834324344754758e-09
29078,3.80192110059051e-09
29079,3.769605960628895e-09
29080,3.7373790615254084e-09
29081,3.705240537808427e-09
29082,3.673190521886757e-09
29083,3.6412291440569066e-09
29084,3.609356532510373e-09
29085,3.577572813341202e-09
29086,3.545878110553221e-09
29087,3.5142725460675194e-09
29088,3.4827562397296806e-09
29089,3.4513293093173977e-09
29090,3.4199918705474936e-09
29091,3.388744037083734e-09
29092,3.3575859205439397e-09
29093,3.326517630507432e-09
29094,3.2955392745225606e-09
29095,3.2646509581137685e-09
29096,3.23385278478942e-09
29097,3.203144856048907e-09
29098,3.1725272713901168e-09
29099,3.1420001283168885e-09
29100,3.1115635223463755e-09
29101,3.081217547016366e-09
29102,3.0509622938928373e-09
29103,3.02079785257733e-09
29104,2.9907243107142508e-09
29105,2.960741753998366e-09
29106,2.9308502661822714e-09
29107,2.9010499290835078e-09
29108,2.8713408225923916e-09
29109,2.84172302467909e-09
29110,2.8121966114012136e-09
29111,2.782761656911142e-09
29112,2.753418233463309e-09
29113,2.7241664114219306e-09
29114,2.6950062592680974e-09
29115,2.6659378436073784e-09
29116,2.6369612291770714e-09
29117,2.6080764788537866e-09
29118,2.5792836536605647e-09
29119,2.5505828127745826e-09
29120,2.5219740135344174e-09
29121,2.493457311447394e-09
29122,2.4650327601970704e-09
29123,2.4367004116505997e-09
29124,2.408460315866018e-09
29125,2.3803125210998194e-09
29126,2.352257073814218e-09
29127,2.324294018684586e-09
29128,2.296423398606827e-09
29129,2.2686452547046333e-09
29130,2.240959626337071e-09
29131,2.2133665511058523e-09
29132,2.1858660648626725e-09
29133,2.158458201716612e-09
29134,2.1311429940415855e-09
29135,2.103920472483438e-09
29136,2.0767906659676497e-09
29137,2.049753601706457e-09
29138,2.0228093052063097e-09
29139,1.9959578002751512e-09
29140,1.969199109029833e-09
29141,1.942533251903308e-09
29142,1.9159602476521716e-09
29143,1.889480113363888e-09
29144,1.8630928644640824e-09
29145,1.8367985147239922e-09
29146,1.8105970762675327e-09
29147,1.784488559578909e-09
29148,1.7584729735097737e-09
29149,1.7325503252865315e-09
29150,1.7067206205176762e-09
29151,1.680983863201085e-09
29152,1.6553400557311862e-09
29153,1.6297891989064585e-09
29154,1.604331291936564e-09
29155,1.5789663324496643e-09
29156,1.5536943164996701e-09
29157,1.528515238573578e-09
29158,1.503429091598494e-09
29159,1.4784358669492424e-09
29160,1.4535355544553341e-09
29161,1.428728142408313e-09
29162,1.4040136175690204e-09
29163,1.3793919651746219e-09
29164,1.3548631689461447e-09
29165,1.330427211095436e-09
29166,1.3060840723325081e-09
29167,1.2818337318726535e-09
29168,1.2576761674437317e-09
29169,1.2336113552931838e-09
29170,1.2096392701954403e-09
29171,1.1857598854589701e-09
29172,1.1619731729334278e-09
29173,1.1382791030168692e-09
29174,1.1146776446629285e-09
29175,1.0911687653877627e-09
29176,1.0677524312774988e-09
29177,1.0444286069951395e-09
29178,1.0211972557877738e-09
29179,9.980583394936546e-10
29180,9.750118185493576e-10
29181,9.520576519967383e-10
29182,9.291957974902267e-10
29183,9.064262113037868e-10
29184,8.837488483380034e-10
29185,8.611636621272114e-10
29186,8.386706048463568e-10
29187,8.16269627318327e-10
29188,7.939606790208137e-10
29189,7.717437080933791e-10
29190,7.496186613444917e-10
29191,7.275854842585724e-10
29192,7.056441210028412e-10
29193,6.837945144345551e-10
29194,6.620366061078363e-10
29195,6.403703362807011e-10
29196,6.187956439220071e-10
29197,5.973124667184764e-10
29198,5.759207410814637e-10
29199,5.546204021541625e-10
29200,5.334113838183607e-10
29201,5.122936187014037e-10
29202,4.912670381831626e-10
29203,4.703315724027481e-10
29204,4.494871502656802e-10
29205,4.2873369945057606e-10
29206,4.0807114641609423e-10
29207,3.8749941640777634e-10
29208,3.6701843346494836e-10
29209,3.4662812042740523e-10
29210,3.2632839894247906e-10
29211,3.0611918947170904e-10
29212,2.860004112976861e-10
29213,2.6597198253085725e-10
29214,2.46033820116357e-10
29215,2.2618583984062463e-10
29216,2.064279563384213e-10
29217,1.8676008309942123e-10
29218,1.671821324750051e-10
29219,1.476940156850325e-10
29220,1.2829564282441206e-10
29221,1.089869228700548e-10
29222,8.976776368741904e-11
29223,7.063807203724312e-11
29224,5.159775358222619e-11
29225,3.264671289373982e-11
29226,1.3784853458325306e-11
29227,-4.987922315416931e-12
29228,-2.3671713090352823e-11
29229,-4.226661859414921e-11
29230,-6.077273961266223e-11
29231,-7.919017798329532e-11
29232,-9.751903658856955e-11
29233,-1.157594193493068e-10
29234,-1.3391143121822613e-10
29235,-1.519751781733454e-10
29236,-1.6995076721140353e-10
29237,-1.8783830634148977e-10
29238,-2.05637904578285e-10
29239,-2.2334967193572096e-10
29240,-2.4097371942044063e-10
29241,-2.5851015902532306e-10
29242,-2.759591037229739e-10
29243,-2.9332066745942193e-10
29244,-3.105949651474518e-10
29245,-3.277821126603149e-10
29246,-3.448822268252897e-10
29247,-3.618954254172587e-10
29248,-3.788218271522846e-10
29249,-3.95661551681388e-10
29250,-4.124147195839424e-10
29251,-4.290814523614807e-10
29252,-4.4566187243130204e-10
29253,-4.621561031201287e-10
29254,-4.785642686579137e-10
29255,-4.948864941713312e-10
29256,-5.111229056776338e-10
29257,-5.272736300783342e-10
29258,-5.433387951529486e-10
29259,-5.593185295527034e-10
29260,-5.752129627944539e-10
29261,-5.910222252542365e-10
29262,-6.067464481611959e-10
29263,-6.223857635913795e-10
29264,-6.379403044615231e-10
29265,-6.534102045228772e-10
29266,-6.687955983551591e-10
29267,-6.840966213602358e-10
29268,-6.993134097561098e-10
29269,-7.144461005707756e-10
29270,-7.294948316361003e-10
29271,-7.444597415818519e-10
29272,-7.593409698294429e-10
29273,-7.741386565859861e-10
29274,-7.888529428382358e-10
29275,-8.034839703465447e-10
29276,-8.180318816388091e-10
29277,-8.324968200046365e-10
29278,-8.468789294890971e-10
29279,-8.611783548869388e-10
29280,-8.753952417365517e-10
29281,-8.895297363140605e-10
29282,-9.035819856273262e-10
29283,-9.175521374101743e-10
29284,-9.314403401163172e-10
29285,-9.452467429135454e-10
29286,-9.589714956778855e-10
29287,-9.726147489876772e-10
29288,-9.861766541177493e-10
29289,-9.996573630336837e-10
29290,-1.0130570283858216e-09
29291,-1.0263758035035932e-09
29292,-1.0396138423896857e-09
29293,-1.0527712997142698e-09
29294,-1.0658483308093253e-09
29295,-1.0788450916627508e-09
29296,-1.091761738912741e-09
29297,-1.1045984298420444e-09
29298,-1.1173553223722777e-09
29299,-1.130032575058191e-09
29300,-1.142630347082164e-09
29301,-1.1551487982483153e-09
29302,-1.1675880889770308e-09
29303,-1.1799483802992903e-09
29304,-1.192229833851057e-09
29305,-1.2044326118676828e-09
29306,-1.2165568771784122e-09
29307,-1.2286027932006806e-09
29308,-1.2405705239346478e-09
29309,-1.2524602339576694e-09
29310,-1.2642720884187318e-09
29311,-1.2760062530330679e-09
29312,-1.2876628940765331e-09
29313,-1.2992421783801838e-09
29314,-1.3107442733248626e-09
29315,-1.322169346835702e-09
29316,-1.3335175673767225e-09
29317,-1.3447891039455022e-09
29318,-1.3559841260676075e-09
29319,-1.3671028037913867e-09
29320,-1.3781453076824951e-09
29321,-1.389111808818622e-09
29322,-1.4000024787840943e-09
29323,-1.4108174896646638e-09
29324,-1.4215570140420879e-09
29325,-1.432221224988899e-09
29326,-1.4428102960631511e-09
29327,-1.4533244013031092e-09
29328,-1.4637637152221553e-09
29329,-1.4741284128033698e-09
29330,-1.4844186694944425e-09
29331,-1.4946346612024918e-09
29332,-1.5047765642888155e-09
29333,-1.514844555563794e-09
29334,-1.5248388122817833e-09
29335,-1.5347595121358865e-09
29336,-1.5446068332528851e-09
29337,-1.5543809541881615e-09
29338,-1.5640820539206343e-09
29339,-1.5737103118476095e-09
29340,-1.5832659077799139e-09
29341,-1.5927490219366264e-09
29342,-1.6021598349402438e-09
29343,-1.6114985278115975e-09
29344,-1.6207652819648518e-09
29345,-1.6299602792027075e-09
29346,-1.6390837017111836e-09
29347,-1.6481357320548867e-09
29348,-1.6571165531719888e-09
29349,-1.6660263483693935e-09
29350,-1.6748653013177587e-09
29351,-1.6836335960467734e-09
29352,-1.6923314169401359e-09
29353,-1.7009589487308028e-09
29354,-1.7095163764961737e-09
29355,-1.7180038856532267e-09
29356,-1.7264216619537928e-09
29357,-1.7347698914797867e-09
29358,-1.7430487606383545e-09
29359,-1.7512584561572257e-09
29360,-1.7593991650799377e-09
29361,-1.7674710747611551e-09
29362,-1.775474372861988e-09
29363,-1.7834092473452752e-09
29364,-1.7912758864709182e-09
29365,-1.79907447879127e-09
29366,-1.8068052131465223e-09
29367,-1.8144682786600078e-09
29368,-1.8220638647337605e-09
29369,-1.8295921610437417e-09
29370,-1.8370533575354394e-09
29371,-1.8444476444192027e-09
29372,-1.8517752121657966e-09
29373,-1.8590362515018368e-09
29374,-1.8662309534053582e-09
29375,-1.8733595091012297e-09
29376,-1.880422110056747e-09
29377,-1.8874189479772143e-09
29378,-1.894350214801448e-09
29379,-1.9012161026973547e-09
29380,-1.908016804057687e-09
29381,-1.914752511495406e-09
29382,-1.921423417839517e-09
29383,-1.9280297161306046e-09
29384,-1.9345715996165554e-09
29385,-1.941049261748261e-09
29386,-1.9474628961752214e-09
29387,-1.953812696741343e-09
29388,-1.960098857480628e-09
29389,-1.9663215726129573e-09
29390,-1.9724810365397615e-09
29391,-1.978577443840005e-09
29392,-1.9846109892657175e-09
29393,-1.99058186773798e-09
29394,-1.9964902743427133e-09
29395,-2.0023364043265016e-09
29396,-2.0081204530924627e-09
29397,-2.0138426161961887e-09
29398,-2.0195030893415024e-09
29399,-2.0251020683765045e-09
29400,-2.0306397492894062e-09
29401,-2.036116328204507e-09
29402,-2.0415320013782003e-09
29403,-2.046886965194872e-09
29404,-2.052181416162916e-09
29405,-2.0574155509107436e-09
29406,-2.0625895661828476e-09
29407,-2.0677036588357445e-09
29408,-2.0727580258342025e-09
29409,-2.0777528642471e-09
29410,-2.0826883712436875e-09
29411,-2.0875647440895985e-09
29412,-2.092382180142986e-09
29413,-2.0971408768507152e-09
29414,-2.101841031744473e-09
29415,-2.1064828424369342e-09
29416,-2.1110665066179354e-09
29417,-2.1155922220507376e-09
29418,-2.1200601865681824e-09
29419,-2.124470598068978e-09
29420,-2.1288236545139346e-09
29421,-2.133119553922171e-09
29422,-2.1373584943675275e-09
29423,-2.1415406739747277e-09
29424,-2.1456662909157836e-09
29425,-2.1497355434063575e-09
29426,-2.1537486297019613e-09
29427,-2.157705748094499e-09
29428,-2.161607096908525e-09
29429,-2.1654528744977052e-09
29430,-2.1692432792411763e-09
29431,-2.1729785095400833e-09
29432,-2.1766587638138863e-09
29433,-2.1802842404968904e-09
29434,-2.1838551380347618e-09
29435,-2.187371654880915e-09
29436,-2.1908339894932003e-09
29437,-2.1942423403301933e-09
29438,-2.197596905847951e-09
29439,-2.200897884496444e-09
29440,-2.2041454747161624e-09
29441,-2.207339874934732e-09
29442,-2.21048128356351e-09
29443,-2.2135698989941908e-09
29444,-2.216605919595425e-09
29445,-2.219589543709547e-09
29446,-2.2225209696491678e-09
29447,-2.2254003956938594e-09
29448,-2.2282280200870063e-09
29449,-2.2310040410322826e-09
29450,-2.2337286566905837e-09
29451,-2.236402065176654e-09
29452,-2.2390244645559334e-09
29453,-2.2415960528413155e-09
29454,-2.244117027989894e-09
29455,-2.246587587899872e-09
29456,-2.249007930407274e-09
29457,-2.2513782532828987e-09
29458,-2.2536987542290926e-09
29459,-2.2559696308767405e-09
29460,-2.2581910807820003e-09
29461,-2.260363301423317e-09
29462,-2.2624864901983637e-09
29463,-2.2645608444208646e-09
29464,-2.2665865613176806e-09
29465,-2.2685638380257213e-09
29466,-2.2704928715889075e-09
29467,-2.2723738589552034e-09
29468,-2.27420699697362e-09
29469,-2.2759924823912695e-09
29470,-2.2777305118503564e-09
29471,-2.279421281885371e-09
29472,-2.281064988919999e-09
29473,-2.282661829264305e-09
29474,-2.2842119991118737e-09
29475,-2.2857156945368237e-09
29476,-2.2871731114911383e-09
29477,-2.2885844458015833e-09
29478,-2.2899498931670732e-09
29479,-2.2912696491557493e-09
29480,-2.2925439092022077e-09
29481,-2.2937728686047434e-09
29482,-2.294956722522584e-09
29483,-2.296095665973101e-09
29484,-2.297189893829062e-09
29485,-2.2982396008159822e-09
29486,-2.2992449815093638e-09
29487,-2.300206230331961e-09
29488,-2.3011235415512756e-09
29489,-2.3019971092766544e-09
29490,-2.3028271274568653e-09
29491,-2.303613789877288e-09
29492,-2.304357290157449e-09
29493,-2.30505782174833e-09
29494,-2.3057155779297786e-09
29495,-2.3063307518080225e-09
29496,-2.3069035363129822e-09
29497,-2.3074341241958798e-09
29498,-2.3079227080265757e-09
29499,-2.308369480191187e-09
29500,-2.3087746328894774e-09
29501,-2.3091383581324246e-09
29502,-2.3094608477397963e-09
29503,-2.3097422933376068e-09
29504,-2.309982886355779e-09
29505,-2.310182818025641e-09
29506,-2.3103422793775887e-09
29507,-2.310461461238632e-09
29508,-2.310540554230036e-09
29509,-2.310579748764991e-09
29510,-2.310579235046248e-09
29511,-2.3105392030637706e-09
29512,-2.3104598425923915e-09
29513,-2.310341343189592e-09
29514,-2.310183894193126e-09
29515,-2.3099876847187604e-09
29516,-2.3097529036581007e-09
29517,-2.309479739676218e-09
29518,-2.3091683812095126e-09
29519,-2.308819016463419e-09
29520,-2.3084318334102938e-09
29521,-2.308007019787125e-09
29522,-2.3075447630934514e-09
29523,-2.3070452505891684e-09
29524,-2.3065086692923133e-09
29525,-2.3059352059770745e-09
29526,-2.305325047171513e-09
29527,-2.30467837915562e-09
29528,-2.3039953879591012e-09
29529,-2.303276259359352e-09
29530,-2.3025211788794092e-09
29531,-2.301730331785866e-09
29532,-2.3009039030868997e-09
29533,-2.3000420775301727e-09
29534,-2.2991450396009227e-09
29535,-2.298212973519864e-09
29536,-2.2972460632412823e-09
29537,-2.2962444924510895e-09
29538,-2.2952084445647814e-09
29539,-2.2941381027256403e-09
29540,-2.2930336498026577e-09
29541,-2.291895268388762e-09
29542,-2.2907231407988353e-09
29543,-2.2895174490678462e-09
29544,-2.28827837494907e-09
29545,-2.2870060999120917e-09
29546,-2.285700805141102e-09
29547,-2.284362671532969e-09
29548,-2.2829918796954874e-09
29549,-2.28158860994557e-09
29550,-2.2801530423074304e-09
29551,-2.2786853565108845e-09
29552,-2.2771857319894793e-09
29553,-2.275654347878868e-09
29554,-2.2740913830149847e-09
29555,-2.272497015932364e-09
29556,-2.2708714248625036e-09
29557,-2.2692147877320084e-09
29558,-2.2675272821611006e-09
29559,-2.2658090854617848e-09
29560,-2.2640603746363568e-09
29561,-2.2622813263756135e-09
29562,-2.2604721170573394e-09
29563,-2.2586329227446612e-09
29564,-2.256763919184403e-09
29565,-2.2548652818055936e-09
29566,-2.252937185717761e-09
29567,-2.2509798057095496e-09
29568,-2.2489933162469815e-09
29569,-2.2469778914720597e-09
29570,-2.24493370520121e-09
29571,-2.2428609309237304e-09
29572,-2.2407597418003467e-09
29573,-2.238630310661707e-09
29574,-2.236472810006935e-09
29575,-2.2342874120021278e-09
29576,-2.2320742884789216e-09
29577,-2.229833610933136e-09
29578,-2.2275655505232164e-09
29579,-2.225270278068978e-09
29580,-2.2229479640500683e-09
29581,-2.2205987786047096e-09
29582,-2.218222891528239e-09
29583,-2.2158204722717665e-09
29584,-2.213391689940931e-09
29585,-2.2109367132943877e-09
29586,-2.2084557107426735e-09
29587,-2.205948850346743e-09
29588,-2.2034162998167967e-09
29589,-2.2008582265109025e-09
29590,-2.1982747974337904e-09
29591,-2.1956661792355925e-09
29592,-2.1930325382105105e-09
29593,-2.1903740402957245e-09
29594,-2.1876908510700117e-09
29595,-2.1849831357526897e-09
29596,-2.182251059202299e-09
29597,-2.179494785915462e-09
29598,-2.176714480025751e-09
29599,-2.173910305302417e-09
29600,-2.1710824251493676e-09
29601,-2.168231002603938e-09
29602,-2.1653562003358e-09
29603,-2.162458180645835e-09
29604,-2.159537105465022e-09
29605,-2.156593136353396e-09
29606,-2.1536264344988804e-09
29607,-2.15063716071633e-09
29608,-2.147625475446351e-09
29609,-2.144591538754371e-09
29610,-2.141535510329519e-09
29611,-2.1384575494836306e-09
29612,-2.135357815150275e-09
29613,-2.1322364658836923e-09
29614,-2.1290936598578675e-09
29615,-2.125929554865482e-09
29616,-2.122744308317035e-09
29617,-2.119538077239801e-09
29618,-2.1163110182769564e-09
29619,-2.1130632876866175e-09
29620,-2.1097950413409108e-09
29621,-2.1065064347250993e-09
29622,-2.1031976229366306e-09
29623,-2.099868760684285e-09
29624,-2.0965200022873427e-09
29625,-2.0931515016745908e-09
29626,-2.089763412383629e-09
29627,-2.0863558875598705e-09
29628,-2.08292907995586e-09
29629,-2.079483141930313e-09
29630,-2.076018225447398e-09
29631,-2.072534482075923e-09
29632,-2.0690320629884926e-09
29633,-2.0655111189608124e-09
29634,-2.061971800370836e-09
29635,-2.058414257198081e-09
29636,-2.0548386390228317e-09
29637,-2.051245095025412e-09
29638,-2.0476337739855038e-09
29639,-2.0440048242813553e-09
29640,-2.0403583938891574e-09
29641,-2.036694630382278e-09
29642,-2.033013680930644e-09
29643,-2.0293156923000094e-09
29644,-2.0256008108513035e-09
29645,-2.0218691825400486e-09
29646,-2.0181209529155945e-09
29647,-2.0143562671206114e-09
29648,-2.0105752698903557e-09
29649,-2.0067781055521585e-09
29650,-2.00296491802474e-09
29651,-1.9991358508176673e-09
29652,-1.995291047030764e-09
29653,-1.9914306493535255e-09
29654,-1.9875548000645798e-09
29655,-1.9836636410310784e-09
29656,-1.979757313708261e-09
29657,-1.975835959138799e-09
29658,-1.971899717952359e-09
29659,-1.967948730365064e-09
29660,-1.9639831361789707e-09
29661,-1.960003074781636e-09
29662,-1.956008685145529e-09
29663,-1.9520001058276896e-09
29664,-1.9479774749691414e-09
29665,-1.9439409302945007e-09
29666,-1.939890609111547e-09
29667,-1.9358266483107277e-09
29668,-1.931749184364784e-09
29669,-1.927658353328291e-09
29670,-1.923554290837312e-09
29671,-1.919437132108928e-09
29672,-1.915307011940877e-09
29673,-1.9111640647112123e-09
29674,-1.9070084243778567e-09
29675,-1.9028402244783246e-09
29676,-1.898659598129285e-09
29677,-1.894466678026309e-09
29678,-1.8902615964434325e-09
29679,-1.886044485232921e-09
29680,-1.881815475824924e-09
29681,-1.8775746992271304e-09
29682,-1.873322286024535e-09
29683,-1.8690583663790964e-09
29684,-1.864783070029497e-09
29685,-1.8604965262908313e-09
29686,-1.8561988640543494e-09
29687,-1.8518902117872705e-09
29688,-1.8475706975324227e-09
29689,-1.8432404489081076e-09
29690,-1.8388995931078122e-09
29691,-1.834548256900028e-09
29692,-1.8301865666279963e-09
29693,-1.8258146482095363e-09
29694,-1.8214326271368792e-09
29695,-1.8170406284763903e-09
29696,-1.8126387768685163e-09
29697,-1.8082271965275006e-09
29698,-1.8038060112412858e-09
29699,-1.7993753443713772e-09
29700,-1.7949353188526325e-09
29701,-1.7904860571932057e-09
29702,-1.7860276814743406e-09
29703,-1.7815603133503378e-09
29704,-1.7770840740483453e-09
29705,-1.7725990843683403e-09
29706,-1.7681054646830086e-09
29707,-1.7636033349376205e-09
29708,-1.7590928146500205e-09
29709,-1.7545740229104813e-09
29710,-1.7500470783817169e-09
29711,-1.7455120992987654e-09
29712,-1.7409692034689593e-09
29713,-1.7364185082719184e-09
29714,-1.7318601306594755e-09
29715,-1.727294187155687e-09
29716,-1.7227207938567706e-09
29717,-1.7181400664311633e-09
29718,-1.713552120119454e-09
29719,-1.7089570697344256e-09
29720,-1.704355029661095e-09
29721,-1.6997461138566544e-09
29722,-1.6951304358505885e-09
29723,-1.6905081087446542e-09
29724,-1.6858792452129575e-09
29725,-1.6812439575019914e-09
29726,-1.6766023574306634e-09
29727,-1.6719545563904444e-09
29728,-1.6673006653453553e-09
29729,-1.6626407948321017e-09
29730,-1.6579750549601333e-09
29731,-1.653303555411764e-09
29732,-1.6486264054422502e-09
29733,-1.6439437138799037e-09
29734,-1.6392555891262437e-09
29735,-1.6345621391560572e-09
29736,-1.6298634715176046e-09
29737,-1.6251596933326675e-09
29738,-1.6204509112967905e-09
29739,-1.6157372316793596e-09
29740,-1.6110187603237808e-09
29741,-1.6062956026476765e-09
29742,-1.6015678636429982e-09
29743,-1.596835647876274e-09
29744,-1.592099059488718e-09
29745,-1.5873582021965014e-09
29746,-1.5826131792908875e-09
29747,-1.5778640936384507e-09
29748,-1.573111047681345e-09
29749,-1.5683541434374205e-09
29750,-1.5635934825005488e-09
29751,-1.5588291660407694e-09
29752,-1.5540612948046166e-09
29753,-1.5492899691152768e-09
29754,-1.5445152888728728e-09
29755,-1.5397373535547645e-09
29756,-1.5349562622157217e-09
29757,-1.5301721134882986e-09
29758,-1.5253850055830058e-09
29759,-1.5205950362886738e-09
29760,-1.515802302972701e-09
29761,-1.5110069025813438e-09
29762,-1.5062089316400461e-09
29763,-1.5014084862537102e-09
29764,-1.4966056621070598e-09
29765,-1.4918005544648797e-09
29766,-1.4869932581724343e-09
29767,-1.4821838676557125e-09
29768,-1.477372476921811e-09
29769,-1.4725591795592877e-09
29770,-1.4677440687384572e-09
29771,-1.4629272372118142e-09
29772,-1.458108777314306e-09
29773,-1.4532887809637791e-09
29774,-1.4484673396613206e-09
29775,-1.4436445444916045e-09
29776,-1.4388204861233315e-09
29777,-1.4339952548095579e-09
29778,-1.4291689403881385e-09
29779,-1.424341632282087e-09
29780,-1.419513419500003e-09
29781,-1.4146843906364866e-09
29782,-1.4098546338725149e-09
29783,-1.4050242369759262e-09
29784,-1.4001932873017733e-09
29785,-1.3953618717928243e-09
29786,-1.39053007697994e-09
29787,-1.385697988982547e-09
29788,-1.380865693509108e-09
29789,-1.3760332758574913e-09
29790,-1.3712008209155406e-09
29791,-1.366368413161433e-09
29792,-1.3615361366642215e-09
29793,-1.3567040750842694e-09
29794,-1.3518723116737369e-09
29795,-1.3470409292770641e-09
29796,-1.3422100103314549e-09
29797,-1.3373796368673945e-09
29798,-1.3325498905091032e-09
29799,-1.3277208524750788e-09
29800,-1.3228926035785736e-09
29801,-1.3180652242281196e-09
29802,-1.3132387944280669e-09
29803,-1.308413393779056e-09
29804,-1.3035891014786041e-09
29805,-1.2987659963215677e-09
29806,-1.2939441567007447e-09
29807,-1.289123660607373e-09
29808,-1.2843045856316792e-09
29809,-1.2794870089634544e-09
29810,-1.2746710073925758e-09
29811,-1.269856657309597e-09
29812,-1.2650440347062596e-09
29813,-1.260233215176132e-09
29814,-1.255424273915121e-09
29815,-1.2506172857220666e-09
29816,-1.2458123249993473e-09
29817,-1.2410094657534187e-09
29818,-1.2362087815954525e-09
29819,-1.2314103457418786e-09
29820,-1.226614231015031e-09
29821,-1.2218205098437224e-09
29822,-1.2170292542638374e-09
29823,-1.2122405359189877e-09
29824,-1.2074544260610665e-09
29825,-1.2026709955509378e-09
29826,-1.197890314858977e-09
29827,-1.1931124540657813e-09
29828,-1.188337482862729e-09
29829,-1.1835654705526387e-09
29830,-1.1787964860504448e-09
29831,-1.1740305978837632e-09
29832,-1.1692678741936182e-09
29833,-1.1645083827350325e-09
29834,-1.159752190877702e-09
29835,-1.1549993656066607e-09
29836,-1.1502499735229208e-09
29837,-1.1455040808441713e-09
29838,-1.1407617534054003e-09
29839,-1.1360230566596234e-09
29840,-1.1312880556784799e-09
29841,-1.126556815153007e-09
29842,-1.1218293993942516e-09
29843,-1.1171058723339748e-09
29844,-1.1123862975253678e-09
29845,-1.1076707381436997e-09
29846,-1.1029592569870615e-09
29847,-1.0982519164770275e-09
29848,-1.0935487786593668e-09
29849,-1.0888499052047891e-09
29850,-1.084155357409587e-09
29851,-1.0794651961964148e-09
29852,-1.0747794821149501e-09
29853,-1.0700982753426653e-09
29854,-1.0654216356855048e-09
29855,-1.0607496225786397e-09
29856,-1.0560822950871972e-09
29857,-1.051419711906962e-09
29858,-1.046761931365169e-09
29859,-1.0421090114211726e-09
29860,-1.0374610096672604e-09
29861,-1.0328179833293325e-09
29862,-1.0281799892676919e-09
29863,-1.0235470839777826e-09
29864,-1.018919323590939e-09
29865,-1.014296763875153e-09
29866,-1.0096794602358166e-09
29867,-1.0050674677165173e-09
29868,-1.0004608409997593e-09
29869,-9.958596344077484e-10
29870,-9.912639019031947e-10
29871,-9.866736970900342e-10
29872,-9.820890732142508e-10
29873,-9.77510083164619e-10
29874,-9.729367794735079e-10
29875,-9.683692143176587e-10
29876,-9.63807439518964e-10
29877,-9.592515065452788e-10
29878,-9.547014665111885e-10
29879,-9.50157370178829e-10
29880,-9.456192679586373e-10
29881,-9.410872099102169e-10
29882,-9.365612457430867e-10
29883,-9.320414248174986e-10
29884,-9.27527796145275e-10
29885,-9.230204083905657e-10
29886,-9.185193098707052e-10
29887,-9.140245485569923e-10
29888,-9.09536172075541e-10
29889,-9.050542277080633e-10
29890,-9.00578762392715e-10
29891,-8.961098227249127e-10
29892,-8.916474549581413e-10
29893,-8.871917050048249e-10
29894,-8.827426184370957e-10
29895,-8.7830024048769e-10
29896,-8.738646160507292e-10
29897,-8.694357896825689e-10
29898,-8.650138056026703e-10
29899,-8.605987076943945e-10
29900,-8.561905395058722e-10
29901,-8.517893442508303e-10
29902,-8.473951648094698e-10
29903,-8.430080437292539e-10
29904,-8.386280232258148e-10
29905,-8.342551451837913e-10
29906,-8.298894511576575e-10
29907,-8.255309823726175e-10
29908,-8.211797797254087e-10
29909,-8.168358837852241e-10
29910,-8.124993347945245e-10
29911,-8.081701726699139e-10
29912,-8.038484370030185e-10
29913,-7.995341670613371e-10
29914,-7.952274017891048e-10
29915,-7.909281798081696e-10
29916,-7.866365394188746e-10
29917,-7.82352518600906e-10
29918,-7.780761550141733e-10
29919,-7.738074859997164e-10
29920,-7.695465485805162e-10
29921,-7.652933794624436e-10
29922,-7.610480150350999e-10
29923,-7.56810491372693e-10
29924,-7.525808442349591e-10
29925,-7.483591090679897e-10
29926,-7.441453210051705e-10
29927,-7.39939514868033e-10
29928,-7.357417251671706e-10
29929,-7.315519861030943e-10
29930,-7.27370331567152e-10
29931,-7.231967951424048e-10
29932,-7.190314101045257e-10
29933,-7.148742094227068e-10
29934,-7.107252257605182e-10
29935,-7.065844914768528e-10
29936,-7.024520386267914e-10
29937,-6.983278989624934e-10
29938,-6.942121039341419e-10
29939,-6.901046846907973e-10
29940,-6.860056720813349e-10
29941,-6.819150966553183e-10
29942,-6.778329886639389e-10
29943,-6.73759378060876e-10
29944,-6.696942945032424e-10
29945,-6.65637767352482e-10
29946,-6.61589825675268e-10
29947,-6.575504982444306e-10
29948,-6.535198135398286e-10
29949,-6.494977997493163e-10
29950,-6.454844847696105e-10
29951,-6.414798962072239e-10
29952,-6.374840613793762e-10
29953,-6.334970073149083e-10
29954,-6.295187607551868e-10
29955,-6.255493481550313e-10
29956,-6.215887956836442e-10
29957,-6.176371292254954e-10
29958,-6.136943743812651e-10
29959,-6.097605564687632e-10
29960,-6.058357005238192e-10
29961,-6.019198313012539e-10
29962,-5.98012973275746e-10
29963,-5.941151506428003e-10
29964,-5.902263873196359e-10
29965,-5.863467069461098e-10
29966,-5.824761328856753e-10
29967,-5.786146882262632e-10
29968,-5.747623957812391e-10
29969,-5.709192780902948e-10
29970,-5.670853574204148e-10
29971,-5.632606557667537e-10
29972,-5.594451948536008e-10
29973,-5.556389961352976e-10
29974,-5.518420807971482e-10
29975,-5.480544697563705e-10
29976,-5.442761836630045e-10
29977,-5.405072429008437e-10
29978,-5.367476675883745e-10
29979,-5.329974775796897e-10
29980,-5.292566924654328e-10
29981,-5.255253315737177e-10
29982,-5.218034139710496e-10
29983,-5.180909584632699e-10
29984,-5.143879835964862e-10
29985,-5.106945076579868e-10
29986,-5.070105486771838e-10
29987,-5.033361244265483e-10
29988,-4.996712524225057e-10
29989,-4.960159499264246e-10
29990,-4.923702339454938e-10
29991,-4.887341212336854e-10
29992,-4.851076282926731e-10
29993,-4.814907713727613e-10
29994,-4.778835664738178e-10
29995,-4.74286029346211e-10
29996,-4.706981754917368e-10
29997,-4.671200201645465e-10
29998,-4.6355157837208195e-10
29999,-4.5999286487599717e-10
30000,-4.564438941931017e-10
30001,-4.5290468059629204e-10
30002,-4.493752381154616e-10
30003,-4.4585558053845964e-10
30004,-4.423457214120049e-10
30005,-4.3884567404260085e-10
30006,-4.3535545149750677e-10
30007,-4.3187506660562933e-10
30008,-4.284045319584761e-10
30009,-4.249438599110663e-10
30010,-4.214930625828838e-10
30011,-4.180521518587688e-10
30012,-4.146211393898876e-10
30013,-4.1120003659464027e-10
30014,-4.077888546595832e-10
30015,-4.043876045403826e-10
30016,-4.009962969626964e-10
30017,-3.9761494242315474e-10
30018,-3.94243551190249e-10
30019,-3.9088213330527396e-10
30020,-3.875306985832518e-10
30021,-3.84189256613859e-10
30022,-3.8085781676233663e-10
30023,-3.7753638817044054e-10
30024,-3.742249797573518e-10
30025,-3.709236002205965e-10
30026,-3.6763225803697606e-10
30027,-3.643509614634991e-10
30028,-3.610797185382718e-10
30029,-3.578185370814608e-10
30030,-3.5456742469618794e-10
30031,-3.5132638876946127e-10
30032,-3.480954364730919e-10
30033,-3.448745747646171e-10
30034,-3.416638103882087e-10
30035,-3.384631498756076e-10
30036,-3.3527259954703814e-10
30037,-3.3209216551211105e-10
30038,-3.2892185367076654e-10
30039,-3.257616697141538e-10
30040,-3.226116191255815e-10
30041,-3.1947170718141903e-10
30042,-3.163419389520034e-10
30043,-3.1322231930256564e-10
30044,-3.1011285289413545e-10
30045,-3.070135441844465e-10
30046,-3.0392439742886497e-10
30047,-3.008454166812879e-10
30048,-2.977766057950582e-10
30049,-2.94717968423864e-10
30050,-2.916695080226686e-10
30051,-2.886312278485783e-10
30052,-2.8560313096179553e-10
30053,-2.8258522022649204e-10
30054,-2.795774983117259e-10
30055,-2.7657996769234943e-10
30056,-2.735926306498893e-10
30057,-2.706154892734831e-10
30058,-2.6764854546075235e-10
30059,-2.6469180091872226e-10
30060,-2.6174525716470443e-10
30061,-2.588089155272103e-10
30062,-2.558827771468317e-10
30063,-2.529668429771536e-10
30064,-2.50061113785647e-10
30065,-2.4716559015455475e-10
30066,-2.4428027248179317e-10
30067,-2.41405160981846e-10
30068,-2.385402556866372e-10
30069,-2.356855564464522e-10
30070,-2.32841062930805e-10
30071,-2.300067746293375e-10
30072,-2.2718269085270446e-10
30073,-2.2436881073344336e-10
30074,-2.215651332268926e-10
30075,-2.187716571120508e-10
30076,-2.1598838099246944e-10
30077,-2.1321530329712878e-10
30078,-2.1045242228133208e-10
30079,-2.0769973602755845e-10
30080,-2.0495724244637205e-10
30081,-2.0222493927728732e-10
30082,-1.995028240896382e-10
30083,-1.9679089428346367e-10
30084,-1.9408914709038027e-10
30085,-1.9139757957444016e-10
30086,-1.887161886330261e-10
30087,-1.8604497099770692e-10
30088,-1.8338392323511108e-10
30089,-1.807330417477968e-10
30090,-1.7809232277510283e-10
30091,-1.7546176239403928e-10
30092,-1.7284135652013546e-10
30093,-1.7023110090830643e-10
30094,-1.6763099115371123e-10
30095,-1.6504102269262582e-10
30096,-1.624611908032745e-10
30097,-1.598914906067236e-10
30098,-1.5733191706771e-10
30099,-1.5478246499551113e-10
30100,-1.522431290447905e-10
30101,-1.4971390371645737e-10
30102,-1.47194783358502e-10
30103,-1.4468576216686732e-10
30104,-1.4218683418628541e-10
30105,-1.3969799331112077e-10
30106,-1.3721923328622942e-10
30107,-1.347505477077777e-10
30108,-1.322919300241143e-10
30109,-1.298433735365956e-10
30110,-1.2740487140042663e-10
30111,-1.2497641662550229e-10
30112,-1.2255800207724506e-10
30113,-1.2014962047742749e-10
30114,-1.1775126440502856e-10
30115,-1.1536292629704945e-10
30116,-1.1298459844935293e-10
30117,-1.1061627301748608e-10
30118,-1.082579420175193e-10
30119,-1.0590959732684943e-10
30120,-1.0357123068505786e-10
30121,-1.0124283369471002e-10
30122,-9.892439782218429e-11
30123,-9.661591439849526e-11
30124,-9.431737462011248e-11
30125,-9.202876954976343e-11
30126,-8.975009011727404e-11
30127,-8.748132712036708e-11
30128,-8.522247122547693e-11
30129,-8.29735129685668e-11
30130,-8.073444275592175e-11
30131,-7.850525086497997e-11
30132,-7.628592744512421e-11
30133,-7.40764625184892e-11
30134,-7.187684598076719e-11
30135,-6.968706760201037e-11
30136,-6.750711702741605e-11
30137,-6.533698377815107e-11
30138,-6.31766572521289e-11
30139,-6.102612672481175e-11
30140,-5.888538135000119e-11
30141,-5.675441016063693e-11
30142,-5.4633202069566765e-11
30143,-5.2521745870363036e-11
30144,-5.0420030238091496e-11
30145,-4.8328043730099456e-11
30146,-4.6245774786805286e-11
30147,-4.417321173246137e-11
30148,-4.211034277596032e-11
30149,-4.005715601159628e-11
30150,-3.801363941984507e-11
30151,-3.5979780868139815e-11
30152,-3.3955568111646796e-11
30153,-3.1940988794022267e-11
30154,-2.993603044820474e-11
30155,-2.7940680497167156e-11
30156,-2.5954926254687907e-11
30157,-2.3978754926113807e-11
30158,-2.2012153609127637e-11
30159,-2.0055109294492267e-11
30160,-1.8107608866834415e-11
30161,-1.6169639105385417e-11
30162,-1.4241186684740811e-11
30163,-1.2322238175618227e-11
30164,-1.0412780045592998e-11
30165,-8.512798659872725e-12
30166,-6.622280282029113e-12
30167,-4.741211074748818e-12
30168,-2.869577100578008e-12
30169,-1.0073643226692402e-12
30170,8.454413944932547e-13
30171,2.688854284330624e-12
30172,4.522888677447821e-12
30173,6.347559000893986e-12
30174,8.16287977742885e-12
30175,9.968865624786779e-12
30176,1.1765531254962306e-11
30177,1.3552891473458745e-11
30178,1.5330961178577178e-11
30179,1.7099755360688366e-11
30180,1.885928910150581e-11
30181,2.0609577573381055e-11
30182,2.2350636038561103e-11
30183,2.4082479848486845e-11
30184,2.5805124443074967e-11
30185,2.7518585350003194e-11
30186,2.922287818399691e-11
30187,3.091801864613308e-11
30188,3.260402252311142e-11
30189,3.4280905686563226e-11
30190,3.594868409234331e-11
30191,3.7607373779829804e-11
30192,3.925699087121823e-11
30193,4.089755157084072e-11
30194,4.2529072164445646e-11
30195,4.415156901851969e-11
30196,4.576505857959069e-11
30197,4.736955737353438e-11
30198,4.896508200490119e-11
30199,5.0551649156206116e-11
30200,5.212927558726106e-11
30201,5.369797813448578e-11
30202,5.5257773710230546e-11
30203,5.6808679302091144e-11
30204,5.835071197224741e-11
30205,5.988388885676795e-11
30206,6.140822716494943e-11
30207,6.292374417864477e-11
30208,6.443045725159148e-11
30209,6.592838380874417e-11
30210,6.741754134562025e-11
30211,6.889794742761868e-11
30212,7.03696196893722e-11
30213,7.183257583408321e-11
30214,7.328683363286948e-11
30215,7.473241092410246e-11
30216,7.616932561277116e-11
30217,7.759759566980731e-11
30218,7.90172391314519e-11
30219,8.042827409860428e-11
30220,8.183071873617281e-11
30221,8.322459127244669e-11
30222,8.460990999843227e-11
30223,8.598669326722889e-11
30224,8.735495949338967e-11
30225,8.871472715228185e-11
30226,9.006601477945593e-11
30227,9.140884097002324e-11
30228,9.274322437800931e-11
30229,9.406918371573899e-11
30230,9.538673775320761e-11
30231,9.669590531746037e-11
30232,9.799670529196291e-11
30233,9.928915661600157e-11
30234,1.0057327828404098e-10
30235,1.018490893451269e-10
30236,1.0311660890226477e-10
30237,1.0437585611180989e-10
30238,1.0562685018287011e-10
30239,1.0686961037667695e-10
30240,1.0810415600599788e-10
30241,1.0933050643452544e-10
30242,1.105486810762811e-10
30243,1.1175869939500913e-10
30244,1.1296058090359374e-10
30245,1.1415434516344752e-10
30246,1.153400117839265e-10
30247,1.1651760042174278e-10
30248,1.1768713078036836e-10
30249,1.1884862260945194e-10
30250,1.2000209570424182e-10
30251,1.211475699049873e-10
30252,1.2228506509637038e-10
30253,1.2341460120692257e-10
30254,1.245361982084477e-10
30255,1.256498761154556e-10
30256,1.26755654984578e-10
30257,1.2785355491400273e-10
30258,1.289435960429073e-10
30259,1.3002579855089167e-10
30260,1.3110018265740917e-10
30261,1.3216676862122033e-10
30262,1.3322557673980787e-10
30263,1.3427662734883933e-10
30264,1.3531994082159952e-10
30265,1.3635553756844116e-10
30266,1.3738343803623103e-10
30267,1.3840366270780676e-10
30268,1.3941623210141717e-10
30269,1.404211667701828e-10
30270,1.4141848730155298e-10
30271,1.4240821431675924e-10
30272,1.4339036847028665e-10
30273,1.4436497044932207e-10
30274,1.453320409732248e-10
30275,1.4629160079299589e-10
30276,1.4724367069074065e-10
30277,1.481882714791423e-10
30278,1.491254240009407e-10
30279,1.5005514912839095e-10
30280,1.5097746776275647e-10
30281,1.5189240083377603e-10
30282,1.527999692991527e-10
30283,1.5370019414402697e-10
30284,1.5459309638047905e-10
30285,1.5547869704699307e-10
30286,1.5635701720796075e-10
30287,1.5722807795316912e-10
30288,1.580919003972889e-10
30289,1.5894850567938266e-10
30290,1.5979791496238318e-10
30291,1.6064014943260626e-10
30292,1.6147523029924504e-10
30293,1.6230317879387595e-10
30294,1.6312401616996353e-10
30295,1.6393776370237006e-10
30296,1.6474444268685995e-10
30297,1.6554407443961105e-10
30298,1.663366802967311e-10
30299,1.6712228161377422e-10
30300,1.6790089976524977e-10
30301,1.6867255614415905e-10
30302,1.6943727216149418e-10
30303,1.7019506924577886e-10
30304,1.709459688425854e-10
30305,1.7168999241406363e-10
30306,1.72427161438472e-10
30307,1.7315749740971201e-10
30308,1.73881021836854e-10
30309,1.745977562436758e-10
30310,1.753077221682045e-10
30311,1.7601094116224798e-10
30312,1.767074347909472e-10
30313,1.7739722463231129e-10
30314,1.7808033227676262e-10
30315,1.78756779326691e-10
30316,1.794265873959979e-10
30317,1.800897781096494e-10
30318,1.8074637310323492e-10
30319,1.8139639402251228e-10
30320,1.8203986252297446e-10
30321,1.8267680026940463e-10
30322,1.8330722893544068e-10
30323,1.8393117020313363e-10
30324,1.8454864576252615e-10
30325,1.851596773112013e-10
30326,1.8576428655386493e-10
30327,1.86362495201917e-10
30328,1.869543249730168e-10
30329,1.8753979759067288e-10
30330,1.8811893478380392e-10
30331,1.8869175828632972e-10
30332,1.8925828983674868e-10
30333,1.8981855117772047e-10
30334,1.9037256405565418e-10
30335,1.9092035022029694e-10
30336,1.9146193142431857e-10
30337,1.9199732942290385e-10
30338,1.925265659733497e-10
30339,1.9304966283465734e-10
30340,1.9356664176712686e-10
30341,1.9407752453197012e-10
30342,1.9458233289089042e-10
30343,1.9508108860570543e-10
30344,1.9557381343793806e-10
30345,1.9606052914843279e-10
30346,1.9654125749696207e-10
30347,1.970160202418339e-10
30348,1.9748483913950963e-10
30349,1.979477359442152e-10
30350,1.9840473240756163e-10
30351,1.988558502781559e-10
30352,1.993011113012377e-10
30353,1.9974053721828192e-10
30354,2.0017414976663647e-10
30355,2.0060197067914576e-10
30356,2.010240216837773e-10
30357,2.0144032450325248e-10
30358,2.018509008546842e-10
30359,2.0225577244920263e-10
30360,2.0265496099159415e-10
30361,2.0304848817994083e-10
30362,2.0343637570526086e-10
30363,2.0381864525115136e-10
30364,2.0419531849342637e-10
30365,2.0456641709976568e-10
30366,2.049319627293671e-10
30367,2.0529197703258654e-10
30368,2.0564648165059354e-10
30369,2.0599549821503386e-10
30370,2.0633904834766572e-10
30371,2.0667715366003322e-10
30372,2.0700983575311582e-10
30373,2.0733711621699136e-10
30374,2.0765901663050127e-10
30375,2.0797555856091404e-10
30376,2.0828676356358965e-10
30377,2.0859265318164615e-10
30378,2.0889324894563673e-10
30379,2.091885723732118e-10
30380,2.0947864496880492e-10
30381,2.0976348822329733e-10
30382,2.1004312361369986e-10
30383,2.1031757260283475e-10
30384,2.1058685663900955e-10
30385,2.1085099715571013e-10
30386,2.111100155712801e-10
30387,2.1136393328860197e-10
30388,2.116127716947981e-10
30389,2.118565521609102e-10
30390,2.1209529604159772e-10
30391,2.1232902467482678e-10
30392,2.1255775938157616e-10
30393,2.1278152146551996e-10
30394,2.1300033221273715e-10
30395,2.132142128914137e-10
30396,2.1342318475153792e-10
30397,2.136272690246137e-10
30398,2.1382648692336132e-10
30399,2.1402085964143006e-10
30400,2.1421040835310413e-10
30401,2.1439515421301616e-10
30402,2.1457511835586422e-10
30403,2.1475032189612499e-10
30404,2.149207859277719e-10
30405,2.1508653152398834e-10
30406,2.152475797369005e-10
30407,2.1540395159728969e-10
30408,2.1555566811431823e-10
30409,2.1570275027526558e-10
30410,2.158452190452416e-10
30411,2.1598309536692747e-10
30412,2.16116400160299e-10
30413,2.1624515432236863e-10
30414,2.16369378726911e-10
30415,2.164890942242073e-10
30416,2.1660432164078256e-10
30417,2.1671508177913825e-10
30418,2.168213954175048e-10
30419,2.1692328330957656e-10
30420,2.1702076618426739e-10
30421,2.1711386474544405e-10
30422,2.1720259967168497e-10
30423,2.1728699161602886e-10
30424,2.1736706120572426e-10
30425,2.174428290419854e-10
30426,2.1751431569975002e-10
30427,2.1758154172743154e-10
30428,2.17644527646682e-10
30429,2.177032939521474e-10
30430,2.1775786111124016e-10
30431,2.1780824956389015e-10
30432,2.178544797223265e-10
30433,2.178965719708247e-10
30434,2.1793454666549463e-10
30435,2.179684241340394e-10
30436,2.1799822467552918e-10
30437,2.1802396856018527e-10
30438,2.1804567602913992e-10
30439,2.1806336729422533e-10
30440,2.1807706253774653e-10
30441,2.1808678191226786e-10
30442,2.1809254554038746e-10
30443,2.180943735145279e-10
30444,2.1809228589671922e-10
30445,2.1808630271838146e-10
30446,2.1807644398012456e-10
30447,2.1806272965152624e-10
30448,2.1804517967092757e-10
30449,2.1802381394523788e-10
30450,2.1799865234970999e-10
30451,2.1796971472775283e-10
30452,2.1793702089072218e-10
30453,2.179005906177236e-10
30454,2.1786044365541332e-10
30455,2.178165997177981e-10
30456,2.1776907848604793e-10
30457,2.1771789960828986e-10
30458,2.1766308269943005e-10
30459,2.1760464734095026e-10
30460,2.1754261308073082e-10
30461,2.1747699943285052e-10
30462,2.1740782587740884e-10
30463,2.1733511186034257e-10
30464,2.1725887679323543e-10
30465,2.1717914005314487e-10
30466,2.170959209824178e-10
30467,2.1700923888851256e-10
30468,2.1691911304382275e-10
30469,2.1682556268550075e-10
30470,2.1672860701528802e-10
30471,2.1662826519933844e-10
30472,2.1652455636805108e-10
30473,2.1641749961589562e-10
30474,2.1630711400125287e-10
30475,2.1619341854624107e-10
30476,2.160764322365523e-10
30477,2.1595617402129706e-10
30478,2.1583266281283153e-10
30479,2.1570591748660563e-10
30480,2.1557595688099702e-10
30481,2.1544279979716267e-10
30482,2.1530646499887392e-10
30483,2.151669712123677e-10
30484,2.1502433712619551e-10
30485,2.148785813910621e-10
30486,2.1472972261968957e-10
30487,2.1457777938665362e-10
30488,2.1442277022825121e-10
30489,2.1426471364234446e-10
30490,2.1410362808821653e-10
30491,2.1393953198643825e-10
30492,2.137724437187156e-10
30493,2.136023816277561e-10
30494,2.1342936401712946e-10
30495,2.1325340915112857e-10
30496,2.1307453525463567e-10
30497,2.128927605129831e-10
30498,2.1270810307183048e-10
30499,2.1252058103702067e-10
30500,2.1233021247446265e-10
30501,2.1213701540998992e-10
30502,2.1194100782924188e-10
30503,2.1174220767753423e-10
30504,2.115406328597334e-10
30505,2.1133630124013782e-10
30506,2.1112923064235052e-10
30507,2.109194388491633e-10
30508,2.1070694360243118e-10
30509,2.104917626029629e-10
30510,2.1027391351039615e-10
30511,2.1005341394308732e-10
30512,2.098302814779979e-10
30513,2.0960453365057585e-10
30514,2.0937618795465536e-10
30515,2.091452618423337e-10
30516,2.0891177272387387e-10
30517,2.0867573796759159e-10
30518,2.08437174899747e-10
30519,2.0819610080444993e-10
30520,2.0795253292354253e-10
30521,2.07706488456512e-10
30522,2.0745798456037575e-10
30523,2.072070383495926e-10
30524,2.0695366689595924e-10
30525,2.0669788722851285e-10
30526,2.0643971633344134e-10
30527,2.0617917115397732e-10
30528,2.059162685903212e-10
30529,2.0565102549953261e-10
30530,2.0538345869544932e-10
30531,2.0511358494859868e-10
30532,2.048414209861023e-10
30533,2.0456698349159703e-10
30534,2.0429028910514373e-10
30535,2.0401135442314517e-10
30536,2.03730195998262e-10
30537,2.034468303393296e-10
30538,2.0316127391128222e-10
30539,2.0287354313506428e-10
30540,2.0258365438756544e-10
30541,2.0229162400152743e-10
30542,2.0199746826548247e-10
30543,2.0170120342366613e-10
30544,2.0140284567595295e-10
30545,2.0110241117778273e-10
30546,2.007999160400816e-10
30547,2.004953763292045e-10
30548,2.0018880806685294e-10
30549,1.998802272300187e-10
30550,1.995696497509083e-10
30551,1.9925709151688417e-10
30552,1.9894256837039726e-10
30553,1.9862609610892336e-10
30554,1.983076904849043e-10
30555,1.9798736720568073e-10
30556,1.9766514193344267e-10
30557,1.9734103028516046e-10
30558,1.9701504783253278e-10
30559,1.9668721010193031e-10
30560,1.9635753257433753e-10
30561,1.960260306853045e-10
30562,1.956927198248848e-10
30563,1.9535761533759465e-10
30564,1.9502073252235127e-10
30565,1.946820866324295e-10
30566,1.9434169287541475e-10
30567,1.9399956641314828e-10
30568,1.936557223616901e-10
30569,1.9331017579126444e-10
30570,1.9296294172622183e-10
30571,1.926140351449932e-10
30572,1.9226347098004684e-10
30573,1.9191126411785167e-10
30574,1.9155742939883125e-10
30575,1.9120198161733073e-10
30576,1.9084493552157211e-10
30577,1.904863058136253e-10
30578,1.9012610714936432e-10
30579,1.8976435413843834e-10
30580,1.8940106134423625e-10
30581,1.8903624328385014e-10
30582,1.8866991442805006e-10
30583,1.8830208920124787e-10
30584,1.8793278198147114e-10
30585,1.8756200710033158e-10
30586,1.871897788429962e-10
30587,1.868161114481684e-10
30588,1.8644101910804993e-10
30589,1.860645159683293e-10
30590,1.8568661612814526e-10
30591,1.853073336400747e-10
30592,1.8492668251010495e-10
30593,1.8454467669761102e-10
30594,1.841613301153441e-10
30595,1.8377665662940338e-10
30596,1.833906700592237e-10
30597,1.830033841775567e-10
30598,1.8261481271045296e-10
30599,1.82224969337252e-10
30600,1.8183386769056087e-10
30601,1.8144152135624838e-10
30602,1.8104794387342633e-10
30603,1.8065314873444214e-10
30604,1.8025714938486657e-10
30605,1.798599592234825e-10
30606,1.7946159160228345e-10
30607,1.790620598264546e-10
30608,1.786613771543769e-10
30609,1.7825955679761166e-10
30610,1.7785661192090396e-10
30611,1.7745255564217172e-10
30612,1.770474010325038e-10
30613,1.7664116111616373e-10
30614,1.7623384887057784e-10
30615,1.7582547722634399e-10
30616,1.7541605906722337e-10
30617,1.7500560723015153e-10
30618,1.745941345052302e-10
30619,1.74181653635734e-10
30620,1.7376817731811873e-10
30621,1.7335371820201773e-10
30622,1.729382888902538e-10
30623,1.7252190193883867e-10
30624,1.7210456985698946e-10
30625,1.7168630510712608e-10
30626,1.7126712010488582e-10
30627,1.7084702721913403e-10
30628,1.7042603877196892e-10
30629,1.7000416703873766e-10
30630,1.695814242480449e-10
30631,1.6915782258176823e-10
30632,1.6873337417506954e-10
30633,1.683080911164088e-10
30634,1.678819854475634e-10
30635,1.6745506916363744e-10
30636,1.6702735421308535e-10
30637,1.6659885249772296e-10
30638,1.6616957587275025e-10
30639,1.6573953614676803e-10
30640,1.6530874508179657e-10
30641,1.6487721439330242e-10
30642,1.6444495575020975e-10
30643,1.640119807749316e-10
30644,1.635783010433853e-10
30645,1.631439280850226e-10
30646,1.6270887338284833e-10
30647,1.6227314837344703e-10
30648,1.6183676444701153e-10
30649,1.6139973294736536e-10
30650,1.6096206517199337e-10
30651,1.605237723720649e-10
30652,1.6008486575246833e-10
30653,1.5964535647183664e-10
30654,1.5920525564257532e-10
30655,1.5876457433090109e-10
30656,1.583233235568624e-10
30657,1.578815142943829e-10
30658,1.57439157471283e-10
30659,1.5699626396932444e-10
30660,1.5655284462423457e-10
30661,1.5610891022574723e-10
30662,1.5566447151763723e-10
30663,1.5521953919775415e-10
30664,1.547741239180645e-10
30665,1.5432823628468045e-10
30666,1.538818868579085e-10
30667,1.5343508615228016e-10
30668,1.5298784463659456e-10
30669,1.5254017273395944e-10
30670,1.5209208082182904e-10
30671,1.5164357923205028e-10
30672,1.511946782508997e-10
30673,1.5074538811912716e-10
30674,1.5029571903200473e-10
30675,1.4984568113936146e-10
30676,1.4939528454563598e-10
30677,1.4894453930991562e-10
30678,1.4849345544598795e-10
30679,1.4804204292238157e-10
30680,1.475903116624167e-10
30681,1.4713827154425285e-10
30682,1.466859324009325e-10
30683,1.4623330402043825e-10
30684,1.4578039614573248e-10
30685,1.4532721847481515e-10
30686,1.4487378066077064e-10
30687,1.4442009231181703e-10
30688,1.4396616299136435e-10
30689,1.4351200221805798e-10
30690,1.4305761946584116e-10
30691,1.4260302416399814e-10
30692,1.4214822569721865e-10
30693,1.416932334056424e-10
30694,1.4123805658492044e-10
30695,1.4078270448627078e-10
30696,1.4032718631652985e-10
30697,1.3987151123821553e-10
30698,1.394156883695768e-10
30699,1.389597267846598e-10
30700,1.3850363551335865e-10
30701,1.3804742354147767e-10
30702,1.3759109981079453e-10
30703,1.3713467321910998e-10
30704,1.3667815262031937e-10
30705,1.3622154682446428e-10
30706,1.3576486459780148e-10
30707,1.3530811466285902e-10
30708,1.3485130569850024e-10
30709,1.3439444633998928e-10
30710,1.339375451790502e-10
30711,1.3348061076393481e-10
30712,1.330236515994825e-10
30713,1.3256667614719026e-10
30714,1.3210969282527331e-10
30715,1.3165271000873198e-10
30716,1.3119573602942175e-10
30717,1.307387791761126e-10
30718,1.3028184769456487e-10
30719,1.2982494978758806e-10
30720,1.2936809361511626e-10
30721,1.2891128729427141e-10
30722,1.2845453889943394e-10
30723,1.279978564623155e-10
30724,1.2754124797202145e-10
30725,1.2708472137512981e-10
30726,1.2662828457575335e-10
30727,1.261719454356186e-10
30728,1.257157117741308e-10
30729,1.2525959136844945e-10
30730,1.2480359195356214e-10
30731,1.2434772122235128e-10
30732,1.2389198682567532e-10
30733,1.2343639637243492e-10
30734,1.2298095742965242e-10
30735,1.2252567752254348e-10
30736,1.220705641345917e-10
30737,1.216156247076269e-10
30738,1.211608666418963e-10
30739,1.2070629729614453e-10
30740,1.2025192398768646e-10
30741,1.1979775399248863e-10
30742,1.1934379454524009e-10
30743,1.1889005283943583e-10
30744,1.1843653602745174e-10
30745,1.1798325122062219e-10
30746,1.175302054893221e-10
30747,1.1707740586304147e-10
30748,1.1662485933046788e-10
30749,1.1617257283956597e-10
30750,1.1572055329765495e-10
30751,1.1526880757149301e-10
30752,1.1481734248735321e-10
30753,1.1436616483111084e-10
30754,1.1391528134831804e-10
30755,1.134646987442904e-10
30756,1.1301442368418682e-10
30757,1.125644627930924e-10
30758,1.1211482265610343e-10
30759,1.1166550981840485e-10
30760,1.1121653078536149e-10
30761,1.1076789202259342e-10
30762,1.1031959995606585e-10
30763,1.098716609721729e-10
30764,1.0942408141781872e-10
30765,1.0897686760050754e-10
30766,1.0853002578842289e-10
30767,1.0808356221051906e-10
30768,1.0763748305660317e-10
30769,1.0719179447742192e-10
30770,1.0674650258475033e-10
30771,1.0630161345147442e-10
30772,1.0585713311168302e-10
30773,1.0541306756074922e-10
30774,1.0496942275542443e-10
30775,1.0452620461392106e-10
30776,1.040834190160022e-10
30777,1.036410718030721e-10
30778,1.0319916877826073e-10
30779,1.0275771570651714e-10
30780,1.0231671831469418e-10
30781,1.0187618229164227e-10
30782,1.0143611328829544e-10
30783,1.0099651691776231e-10
30784,1.005573987554184e-10
30785,1.0011876433899222e-10
30786,9.968061916866164e-11
30787,9.924296870713827e-11
30788,9.880581837976403e-11
30789,9.836917357460028e-11
30790,9.79330396425165e-11
30791,9.749742189728893e-11
30792,9.706232561568615e-11
30793,9.662775603756485e-11
30794,9.61937183659606e-11
30795,9.576021776718216e-11
30796,9.532725937090192e-11
30797,9.48948482702509e-11
30798,9.446298952191323e-11
30799,9.403168814621501e-11
30800,9.360094912722439e-11
30801,9.31707774128386e-11
30802,9.2741177914885e-11
30803,9.231215550920932e-11
30804,9.188371503577328e-11
30805,9.145586129875006e-11
30806,9.102859906661626e-11
30807,9.060193307224923e-11
30808,9.017586801302073e-11
30809,8.97504085508947e-11
30810,8.932555931251996e-11
30811,8.890132488932658e-11
30812,8.847770983762531e-11
30813,8.805471867869679e-11
30814,8.763235589889511e-11
30815,8.721062594973858e-11
30816,8.678953324801044e-11
30817,8.636908217585245e-11
30818,8.594927708086245e-11
30819,8.553012227619334e-11
30820,8.511162204064778e-11
30821,8.469378061877739e-11
30822,8.42766022209781e-11
30823,8.386009102358963e-11
30824,8.34442511689924e-11
30825,8.30290867657053e-11
30826,8.26146018884843e-11
30827,8.220080057841953e-11
30828,8.178768684303474e-11
30829,8.13752646563851e-11
30830,8.096353795915384e-11
30831,8.055251065875538e-11
30832,8.014218662942916e-11
30833,7.973256971234262e-11
30834,7.932366371568608e-11
30835,7.891547241477522e-11
30836,7.850799955214877e-11
30837,7.810124883766726e-11
30838,7.76952239486145e-11
30839,7.728992852979403e-11
30840,7.688536619363235e-11
30841,7.648154052027372e-11
30842,7.607845505768565e-11
30843,7.567611332175417e-11
30844,7.5274518796386e-11
30845,7.48736749336086e-11
30846,7.447358515366893e-11
30847,7.407425284513452e-11
30848,7.367568136499421e-11
30849,7.327787403875839e-11
30850,7.288083416055825e-11
30851,7.248456499324709e-11
30852,7.208906976850159e-11
30853,7.169435168692054e-11
30854,7.130041391812889e-11
30855,7.090725960087389e-11
30856,7.051489184313093e-11
30857,7.012331372220041e-11
30858,6.97325282848094e-11
30859,6.934253854721602e-11
30860,6.89533474953053e-11
30861,6.856495808469541e-11
30862,6.817737324083389e-11
30863,6.779059585910418e-11
30864,6.740462880492075e-11
30865,6.701947491383543e-11
30866,6.66351369916375e-11
30867,6.625161781445303e-11
30868,6.586892012884919e-11
30869,6.54870466519333e-11
30870,6.510600007145558e-11
30871,6.472578304590998e-11
30872,6.434639820463583e-11
30873,6.396784814792127e-11
30874,6.359013544710149e-11
30875,6.321326264466231e-11
30876,6.283723225434138e-11
30877,6.246204676123087e-11
30878,6.208770862187726e-11
30879,6.171422026438364e-11
30880,6.134158408851326e-11
30881,6.096980246578663e-11
30882,6.059887773958951e-11
30883,6.022881222526888e-11
30884,5.985960821023854e-11
30885,5.949126795407813e-11
30886,5.912379368863694e-11
30887,5.875718761813351e-11
30888,5.839145191925937e-11
30889,5.8026588741279994e-11
30890,5.766260020613509e-11
30891,5.729948840854376e-11
30892,5.6937255416100894e-11
30893,5.6575903269383574e-11
30894,5.621543398205147e-11
30895,5.5855849540946086e-11
30896,5.54971519061962e-11
30897,5.513934301131626e-11
30898,5.4782424763307923e-11
30899,5.442639904276565e-11
30900,5.40712677039725e-11
30901,5.371703257500634e-11
30902,5.336369545783795e-11
30903,5.301125812843547e-11
30904,5.2659722336861934e-11
30905,5.230908980738004e-11
30906,5.19593622385526e-11
30907,5.161054130334222e-11
30908,5.1262628649215745e-11
30909,5.0915625898240447e-11
30910,5.0569534647190766e-11
30911,5.022435646764557e-11
30912,4.988009290609025e-11
30913,4.953674548401857e-11
30914,4.919431569803285e-11
30915,4.8852805019944095e-11
30916,4.8512214896873986e-11
30917,4.8172546751356445e-11
30918,4.7833801981436085e-11
30919,4.7495981960769924e-11
30920,4.715908803872992e-11
30921,4.682312154049874e-11
30922,4.648808376717627e-11
30923,4.615397599587493e-11
30924,4.582079947982377e-11
30925,4.5488555448466266e-11
30926,4.5157245107560365e-11
30927,4.482686963928181e-11
30928,4.44974302023202e-11
30929,4.4168927931982285e-11
30930,4.384136394028952e-11
30931,4.351473931607982e-11
30932,4.318905512510481e-11
30933,4.28643124101322e-11
30934,4.2540512191044575e-11
30935,4.22176554649377e-11
30936,4.189574320622184e-11
30937,4.15747763667197e-11
30938,4.125475587576588e-11
30939,4.093568264030665e-11
30940,4.0617557544998464e-11
30941,4.0300381452308245e-11
30942,3.9984155202610435e-11
30943,3.966887961428632e-11
30944,3.935455548382361e-11
30945,3.9041183585914904e-11
30946,3.872876467355531e-11
30947,3.841729947814114e-11
30948,3.8106788709570055e-11
30949,3.7797233056335155e-11
30950,3.748863318562797e-11
30951,3.7180989743432766e-11
30952,3.6874303354627115e-11
30953,3.656857462307746e-11
30954,3.626380413173813e-11
30955,3.595999244274816e-11
30956,3.565714009752968e-11
30957,3.5355247616884874e-11
30958,3.5054315501092335e-11
30959,3.475434423000609e-11
30960,3.445533426315092e-11
30961,3.415728603981875e-11
30962,3.386019997916828e-11
30963,3.3564076480318817e-11
30964,3.326891592244815e-11
30965,3.297471866488877e-11
30966,3.268148504722336e-11
30967,3.2389215389382145e-11
30968,3.209790999173817e-11
30969,3.1807569135203915e-11
30970,3.151819308132587e-11
30971,3.122978207238205e-11
30972,3.094233633147457e-11
30973,3.0655856062628034e-11
30974,3.0370341450883696e-11
30975,3.008579266239369e-11
30976,2.980220984451775e-11
30977,2.9519593125916525e-11
30978,2.9237942616646346e-11
30979,2.8957258408255117e-11
30980,2.867754057387534e-11
30981,2.8398789168319764e-11
30982,2.81210042281743e-11
30983,2.7844185771891796e-11
30984,2.7568333799887574e-11
30985,2.729344829463202e-11
30986,2.7019529220743916e-11
30987,2.6746576525084335e-11
30988,2.6474590136850716e-11
30989,2.6203569967666977e-11
30990,2.593351591168083e-11
30991,2.5664427845653027e-11
30992,2.539630562905232e-11
30993,2.5129149104146322e-11
30994,2.486295809609523e-11
30995,2.4597732413042484e-11
30996,2.4333471846208606e-11
30997,2.4070176169982057e-11
30998,2.3807845142010946e-11
30999,2.354647850329575e-11
31000,2.3286075978277986e-11
31001,2.3026637274934735e-11
31002,2.2768162084868248e-11
31003,2.2510650083396458e-11
31004,2.225410092964476e-11
31005,2.1998514266636064e-11
31006,2.1743889721380496e-11
31007,2.1490226904967478e-11
31008,2.1237525412654243e-11
31009,2.0985784823957028e-11
31010,2.073500470273953e-11
31011,2.0485184597304158e-11
31012,2.0236324040478817e-11
31013,1.998842254970959e-11
31014,1.9741479627147417e-11
31015,1.9495494759737592e-11
31016,1.925046741930964e-11
31017,1.9006397062662988e-11
31018,1.876328313165922e-11
31019,1.8521125053307352e-11
31020,1.8279922239853395e-11
31021,1.803967408886742e-11
31022,1.7800379983332058e-11
31023,1.756203929172865e-11
31024,1.7324651368126134e-11
31025,1.708821555226778e-11
31026,1.685273116965732e-11
31027,1.6618197531646987e-11
31028,1.6384613935523436e-11
31029,1.615197966459315e-11
31030,1.5920293988271264e-11
31031,1.568955616216544e-11
31032,1.5459765428162648e-11
31033,1.5230921014514913e-11
31034,1.5003022135923707e-11
31035,1.477606799362698e-11
31036,1.4550057775483154e-11
31037,1.4324990656056604e-11
31038,1.4100865796701868e-11
31039,1.387768234564923e-11
31040,1.3655439438086905e-11
31041,1.3434136196248205e-11
31042,1.3213771729493451e-11
31043,1.299434513439432e-11
31044,1.2775855494817733e-11
31045,1.2558301882009113e-11
31046,1.2341683354674758e-11
31047,1.212599895906651e-11
31048,1.1911247729063285e-11
31049,1.1697428686254489e-11
31050,1.1484540840022082e-11
31051,1.1272583187622105e-11
31052,1.106155471426827e-11
31053,1.0851454393212879e-11
31054,1.0642281185828566e-11
31055,1.0434034041689598e-11
31056,1.0226711898654024e-11
31057,1.0020313682942644e-11
31058,9.814838309222515e-12
31059,9.610284680685875e-12
31060,9.406651689131119e-12
31061,9.203938215042953e-12
31062,9.002143127672772e-12
31063,8.801265285117239e-12
31064,8.601303534399845e-12
31065,8.402256711549109e-12
31066,8.204123641677998e-12
31067,8.006903139063185e-12
31068,7.810594007223982e-12
31069,7.61519503899956e-12
31070,7.420705016629765e-12
31071,7.227122711831512e-12
31072,7.034446885877502e-12
31073,6.842676289674046e-12
31074,6.651809663837485e-12
31075,6.46184573877353e-12
31076,6.272783234753031e-12
31077,6.084620861989434e-12
31078,5.8973573207152584e-12
31079,5.710991301259355e-12
31080,5.525521484121388e-12
31081,5.3409465400504735e-12
31082,5.1572651301194025e-12
31083,4.974475905800756e-12
31084,4.792577509042559e-12
31085,4.611568572343592e-12
31086,4.43144771882737e-12
31087,4.252213562318803e-12
31088,4.0738647074177196e-12
31089,3.896399749573382e-12
31090,3.719817275159147e-12
31091,3.544115861545152e-12
31092,3.369294077174043e-12
31093,3.1953504816332453e-12
31094,3.022283625728595e-12
31095,2.850092051557577e-12
31096,2.6787742925824537e-12
31097,2.50832887370168e-12
31098,2.3387543113244955e-12
31099,2.1700491134417224e-12
31100,2.002211779698247e-12
31101,1.835240801464811e-12
31102,1.6691346619100391e-12
31103,1.5038918360704074e-12
31104,1.3395107909235257e-12
31105,1.1759899854577623e-12
31106,1.0133278707432889e-12
31107,8.515228900030133e-13
31108,6.905734786814931e-13
31109,5.304780645171175e-13
31110,3.7123506761059114e-13
31111,2.1284290049497027e-13
31112,5.529996820509334e-14
