iter,cos
0,0.0625
1,0.06249984578755634
2,0.06249938315098635
3,0.062498612092573055
4,0.06249753261612148
5,0.062496144726958615
6,0.062494448431933414
7,0.06249244373941676
8,0.06249013065930139
9,0.06248750920300189
10,0.062484579383454635
11,0.06248134121511767
12,0.06247779471397072
13,0.06247393989751505
14,0.06246977678477339
15,0.06246530539628987
16,0.06246052575412989
17,0.062455437881880016
18,0.06245004180464788
19,0.06244433754906202
20,0.06243832514327179
21,0.062432004616947215
22,0.062425376001278794
23,0.06241843932897742
24,0.06241119463427417
25,0.06240364195292015
26,0.06239578132218632
27,0.06238761278086329
28,0.06237913636926119
29,0.06237035212920939
30,0.062361260104056335
31,0.06235186033866934
32,0.06234215287943435
33,0.06233213777425571
34,0.06232181507255596
35,0.062311184825275534
36,0.06230024708487256
37,0.062289001905322584
38,0.0622774493421183
39,0.06226558945226927
40,0.062253422294301655
41,0.062240947928257934
42,0.062228166415696576
43,0.062215077819691766
44,0.062201682204833096
45,0.062187979637225214
46,0.062173970184487524
47,0.06215965391575385
48,0.062145030901672095
49,0.06213010121440387
50,0.06211486492762418
51,0.06209932211652102
52,0.06208347285779503
53,0.0620673172296591
54,0.062050855311837995
55,0.06203408718556796
56,0.06201701293359631
57,0.06199963264018103
58,0.06198194639109038
59,0.0619639542736024
60,0.061945656376504586
61,0.061927052790093355
62,0.06190814360617365
63,0.06188892891805848
64,0.061869408820568454
65,0.06184958341003132
66,0.061829452784281466
67,0.06180901704265948
68,0.06178827628601161
69,0.06176723061668932
70,0.061745880138548724
71,0.06172422495695014
72,0.0617022651787575
73,0.0616800009123379
74,0.06165743226756098
75,0.061634559355798466
76,0.06161138228992355
77,0.06158790118431037
78,0.06156411615483347
79,0.06154002731886714
80,0.061515634795284935
81,0.06149093870445904
82,0.06146593916825969
83,0.061440636310054524
84,0.06141503025470806
85,0.06138912112858101
86,0.06136290905952969
87,0.061336394176905354
88,0.06130957661155361
89,0.06128245649581373
90,0.06125503396351801
91,0.06122730914999111
92,0.0611992821920494
93,0.061170953228000244
94,0.061142322397641384
95,0.06111338984226017
96,0.061084155704632936
97,0.061054620129024254
98,0.06102478326118622
99,0.06099464524835776
100,0.060964206239263886
101,0.06093346638411496
102,0.06090242583460598
103,0.06087108474391577
104,0.0608394432667063
105,0.06080750155912189
106,0.060775259778788386
107,0.0607427180848125
108,0.06070987663778091
109,0.06067673559975952
110,0.06064329513429269
111,0.06060955540640235
112,0.06057551658258725
113,0.06054117883082213
114,0.06050654232055684
115,0.06047160722271559
116,0.06043637370969604
117,0.06040084195536845
118,0.060365012135074864
119,0.06032888442562821
120,0.06029245900531146
121,0.0602557360538767
122,0.06021871575254428
123,0.06018139828400193
124,0.06014378383240381
125,0.06010587258336967
126,0.06006766472398385
127,0.06002916044279444
128,0.05999035992981229
129,0.059951263376510106
130,0.059911870975821485
131,0.059872182922139985
132,0.05983219941131813
133,0.05979192064066648
134,0.059751346808952645
135,0.05971047811640029
136,0.05966931476468817
137,0.05962785695694911
138,0.05958610489776904
139,0.05954405879318593
140,0.059501718850688834
141,0.05945908527921682
142,0.05941615828915796
143,0.05937293809234828
144,0.05932942490207074
145,0.05928561893305415
146,0.059241520401472125
147,0.059197129524942015
148,0.05915244652252384
149,0.05910747161471921
150,0.059062205023470205
151,0.059016646972158325
152,0.05897079768560336
153,0.05892465739006228
154,0.05887822631322814
155,0.05883150468422892
156,0.05878449273362646
157,0.058737190693415216
158,0.058689598797021236
159,0.05864171727930091
160,0.058593546376539865
161,0.05854508632645179
162,0.05849633736817726
163,0.058447299742282535
164,0.0583979736907584
165,0.05834835945701898
166,0.058298457285900496
167,0.05824826742366009
168,0.058197790117974615
169,0.05814702561793938
170,0.058095974174066936
171,0.058044636038285885
172,0.057993011463939544
173,0.05794110070578477
174,0.057888904019990695
175,0.05783642166413742
176,0.05778365389721478
177,0.05773060097962105
178,0.057677263173161686
179,0.057623640741047984
180,0.057569733947895836
181,0.05751554305972439
182,0.05746106834395473
183,0.0574063100694086
184,0.05735126850630702
185,0.057295943926269015
186,0.057240336602310204
187,0.057184446808841514
188,0.0571282748216678
189,0.057071820917986495
190,0.0570150853763862
191,0.05695806847684537
192,0.056900770500730904
193,0.05684319173079675
194,0.05678533245118251
195,0.05672719294741206
196,0.05666877350639212
197,0.05661007441641084
198,0.05655109596713638
199,0.056491838449615486
200,0.056432302156272054
201,0.056372487380905674
202,0.05631239441869019
203,0.05625202356617224
204,0.05619137512126981
205,0.05613044938327073
206,0.05606924665283121
207,0.05600776723197439
208,0.05594601142408881
209,0.0558839795339269
210,0.055821671867603534
211,0.05575908873259447
212,0.05569623043773484
213,0.05563309729321765
214,0.055569689610592235
215,0.055506007702762705
216,0.05544205188398643
217,0.05537782246987246
218,0.05531331977738
219,0.05524854412481681
220,0.05518349583183768
221,0.055118175219442796
222,0.055052582609976204
223,0.05498671832712419
224,0.054920582695913704
225,0.054854176042710735
226,0.05478749869521872
227,0.05472055098247691
228,0.05465333323485876
229,0.05458584578407029
230,0.05451808896314844
231,0.054450063106459466
232,0.05438176854969723
233,0.05431320562988159
234,0.054244374685356714
235,0.05417527605578943
236,0.05410591008216753
237,0.0540362771067981
238,0.053966377473305814
239,0.05389621152663126
240,0.05382577961302922
241,0.05375508208006698
242,0.0536841192766226
243,0.05361289155288319
244,0.0535413992603432
245,0.05346964275180266
246,0.05339762238136546
247,0.05332533850443758
248,0.053252791477725395
249,0.05317998165923382
250,0.053106909408264624
251,0.05303357508541462
252,0.05295997905257389
253,0.05288612167292399
254,0.05281200331093621
255,0.0527376243323697
256,0.0526629851042697
257,0.05258808599496574
258,0.052512927374069825
259,0.052437509612474564
260,0.0523618330823514
261,0.052285898157148736
262,0.0522097052115901
263,0.052133254621672315
264,0.0520565467646636
265,0.05197958201910175
266,0.051902360764792266
267,0.05182488338280644
268,0.051747150255479525
269,0.05166916176640881
270,0.05159091830045177
271,0.05151242024372409
272,0.05143366798359786
273,0.051354661908699584
274,0.0512754024089083
275,0.051195889875353645
276,0.05111612470041393
277,0.05103610727771419
278,0.05095583800212425
279,0.0508753172697568
280,0.050794545477965414
281,0.050713523025342565
282,0.05063225031171771
283,0.0505507277381553
284,0.05046895570695277
285,0.0503869346216386
286,0.050304664886970295
287,0.0502221469089324
288,0.05013938109473447
289,0.05005636785280909
290,0.04997310759280988
291,0.049889600725609405
292,0.04980584766329721
293,0.04972184881917775
294,0.04963760460776837
295,0.04955311544479726
296,0.04946838174720138
297,0.04938340393312444
298,0.049298182421914784
299,0.04921271763412339
300,0.049127009991501734
301,0.04904105991699973
302,0.04895486783476366
303,0.04886843417013405
304,0.04878175934964359
305,0.048694843801015034
306,0.048607687953159076
307,0.048520292236172234
308,0.04843265708133472
309,0.048344782921108366
310,0.048256670189134404
311,0.048168319320231384
312,0.04807973075039302
313,0.04799090491678602
314,0.04790184225774795
315,0.047812543212785066
316,0.047723008222570126
317,0.047633237728940236
318,0.04754323217489468
319,0.047452992004592694
320,0.047362517663351304
321,0.04727180959764313
322,0.04718086825509417
323,0.047089694084481604
324,0.04699828753573156
325,0.04690664905991691
326,0.04681477910925504
327,0.04672267813710561
328,0.046630346597968345
329,0.046537784947480745
330,0.04644499364241588
331,0.046351973140680125
332,0.04625872390131087
333,0.04616524638447429
334,0.04607154105146309
335,0.04597760836469416
336,0.04588344878770635
337,0.04578906278515819
338,0.045694450822825534
339,0.04559961336759933
340,0.045504550887483286
341,0.04540926385159156
342,0.045313752730146435
343,0.04521801799447603
344,0.04512206011701194
345,0.045025879571286925
346,0.044929476831932574
347,0.04483285237467694
348,0.04473600667634224
349,0.04463894021484244
350,0.04454165346918094
351,0.04444414691944819
352,0.044346421046819344
353,0.04424847633355186
354,0.04415031326298314
355,0.044051932319528114
356,0.043953333988676895
357,0.04385451875699234
358,0.04375548711210769
359,0.04365623954272411
360,0.04355677653860834
361,0.04345709859059023
362,0.043357206190560334
363,0.043257099831467485
364,0.04315678000731637
365,0.04305624721316508
366,0.04295550194512266
367,0.04285454470034668
368,0.042753375977040764
369,0.042651996274452146
370,0.04255040609286921
371,0.042448605933618995
372,0.04234659629906474
373,0.042244377692603405
374,0.04214195061866319
375,0.04203931558270103
376,0.04193647309120012
377,0.041833423651667395
378,0.041730167772631055
379,0.04162670596363802
380,0.041523038735251434
381,0.041419166599048145
382,0.0413150900676162
383,0.04121080965455227
384,0.04110632587445914
385,0.0410016392429432
386,0.04089675027661183
387,0.040791659493070925
388,0.04068636741092229
389,0.0405808745497611
390,0.04047518143017334
391,0.040369288573733224
392,0.04026319650300063
393,0.04015690574151851
394,0.04005041681381034
395,0.039943730245377465
396,0.03983684656269659
397,0.03972976629321711
398,0.039622489965358554
399,0.039515018108507945
400,0.0394073512530172
401,0.039299489930200535
402,0.03919143467233181
403,0.03908318601264192
404,0.038974744485316154
405,0.03886611062549156
406,0.038757284969254305
407,0.038648268053637067
408,0.038539060416616304
409,0.03842966259710967
410,0.03832007513497334
411,0.03821029857099931
412,0.038100333446912764
413,0.03799018030536942
414,0.03787983968995279
415,0.03776931214517155
416,0.03765859821645681
417,0.03754769845015949
418,0.03743661339354754
419,0.03732534359480331
420,0.03721388960302079
421,0.03710225196820295
422,0.03699043124125898
423,0.03687842797400161
424,0.036766242719144346
425,0.03665387603029879
426,0.03654132846197189
427,0.03642860056956316
428,0.03631569290936201
429,0.036202606038544964
430,0.036089340515172895
431,0.035975896898188316
432,0.03586227574741258
433,0.035748477623543135
434,0.035634503088150755
435,0.03552035270367678
436,0.03540602703343031
437,0.03529152664158547
438,0.03517685209317857
439,0.035062003954105386
440,0.03494698279111829
441,0.03483178917182352
442,0.034716423664678336
443,0.03460088683898823
444,0.03448517926490414
445,0.03436930151341957
446,0.03425325415636785
447,0.03413703776641928
448,0.034020652917078266
449,0.03390410018268058
450,0.03378738013839042
451,0.03367049336019768
452,0.03355344042491498
453,0.03343622191017497
454,0.03331883839442737
455,0.0332012904569361
456,0.03308357867777656
457,0.032965703637832584
458,0.03284766591879373
459,0.03272946610315232
460,0.032611104774200574
461,0.032492582516027796
462,0.03237389991351738
463,0.032255057552344035
464,0.03213605601897083
465,0.032016895900646304
466,0.03189757778540162
467,0.031778102262047574
468,0.03165846992017179
469,0.03153868135013569
470,0.03141873714307173
471,0.03129863789088036
472,0.031178384186227145
473,0.03105797662253986
474,0.030937415794005517
475,0.0308167022955675
476,0.030695836722922535
477,0.030574819672517847
478,0.030453651741548165
479,0.03033233352795276
480,0.030210865630412555
481,0.030089248648347087
482,0.02996748318191163
483,0.029845569831994205
484,0.02972350920021256
485,0.029601301888911313
486,0.029478948501158855
487,0.02935644964074449
488,0.029233805912175344
489,0.029111017920673485
490,0.02898808627217288
491,0.02886501157331639
492,0.028741794431452833
493,0.02861843545463392
494,0.02849493525161131
495,0.028371294431833605
496,0.028247513605443274
497,0.028123593383273734
498,0.027999534376846255
499,0.02787533719836702
500,0.02775100246072402
501,0.0276265307774841
502,0.02750192276288992
503,0.027377179031856852
504,0.027252300199970065
505,0.02712728688348137
506,0.02700213969930626
507,0.026876859265020855
508,0.02675144619885879
509,0.026625901119708258
510,0.02650022464710887
511,0.026374417401248677
512,0.026248480002961025
513,0.026122413073721575
514,0.025996217235645193
515,0.025869893111482845
516,0.025743441324618623
517,0.025616862499066546
518,0.025490157259467603
519,0.025363326231086555
520,0.025236370039808945
521,0.025109289312137968
522,0.02498208467519135
523,0.02485475675669832
524,0.024727306184996446
525,0.024599733589028585
526,0.024472039598339768
527,0.024344224843074046
528,0.024216289953971466
529,0.024088235562364863
530,0.023960062300176846
531,0.02383177079991657
532,0.02370336169467671
533,0.023574835618130306
534,0.02344619320452758
535,0.023317435088692908
536,0.023188561906021584
537,0.023059574292476764
538,0.022930472884586314
539,0.022801258319439594
540,0.022671931234684438
541,0.022542492268523884
542,0.022412942059713135
543,0.0222832812475563
544,0.022153510471903334
545,0.022023630373146842
546,0.021893641592218877
547,0.02176354477058786
548,0.021633340550255332
549,0.021503029573752854
550,0.021372612484138815
551,0.021242089924995204
552,0.02111146254042454
553,0.020980730975046574
554,0.020849895873995227
555,0.020718957882915296
556,0.020587917647959357
557,0.020456775815784534
558,0.02032553303354928
559,0.02019418994891027
560,0.02006274721001909
561,0.019931205465519145
562,0.019799565364542412
563,0.0196678275567062
564,0.019535992692110028
565,0.019404061421332327
566,0.019272034395427313
567,0.019139912265921696
568,0.019007695684811535
569,0.018875385304558987
570,0.01874298177808905
571,0.018610485758786436
572,0.018477897900492236
573,0.01834521885750079
574,0.01821244928455641
575,0.018079589836850117
576,0.017946641170016507
577,0.017813603940130388
578,0.017680478803703673
579,0.017547266417682013
580,0.017413967439441673
581,0.017280582526786218
582,0.01714711233794325
583,0.017013557531561238
584,0.01687991876670618
585,0.016746196702858433
586,0.01661239199990937
587,0.01647850531815822
588,0.01634453731830874
589,0.016210488661465957
590,0.01607636000913296
591,0.015942152023207562
592,0.015807865365979095
593,0.015673500700125135
594,0.015539058688708158
595,0.015404539995172392
596,0.015269945283340415
597,0.015135275217409995
598,0.015000530461950701
599,0.014865711681900729
600,0.01473081954256356
601,0.014595854709604653
602,0.014460817849048251
603,0.014325709627273985
604,0.014190530711013675
605,0.014055281767348007
606,0.013919963463703198
607,0.013784576467847795
608,0.013649121447889276
609,0.013513599072270855
610,0.01337801000976808
611,0.013242354929485625
612,0.013106634500853951
613,0.012970849393625956
614,0.01283500027787377
615,0.012699087823985336
616,0.012563112702661203
617,0.012427075584911166
618,0.01229097714205092
619,0.012154818045698845
620,0.012018598967772577
621,0.011882320580485804
622,0.011745983556344835
623,0.011609588568145389
624,0.011473136288969218
625,0.011336627392180757
626,0.011200062551423893
627,0.011063442440618527
628,0.01092676773395735
629,0.01079003910590247
630,0.010653257231182049
631,0.010516422784787061
632,0.01037953644196786
633,0.01024259887823095
634,0.010105610769335548
635,0.009968572791290337
636,0.009831485620350102
637,0.009694349933012335
638,0.009557166406014011
639,0.009419935716328121
640,0.009282658541160454
641,0.009145335557946138
642,0.009007967444346397
643,0.008870554878245163
644,0.008733098537745695
645,0.00859559910116732
646,0.008458057247041982
647,0.00832047365411099
648,0.008182849001321622
649,0.00804518396782374
650,0.00790747923296653
651,0.007769735476295044
652,0.007631953377546949
653,0.007494133616649071
654,0.007356276873714132
655,0.007218383829037352
656,0.007080455163093051
657,0.006942491556531389
658,0.0068044936901748955
659,0.006666462245015207
660,0.006528397902209663
661,0.006390301343077906
662,0.006252173249098615
663,0.0061140143019060315
664,0.005975825183286707
665,0.005837606575176027
666,0.005699359159654943
667,0.005561083618946567
668,0.005422780635412759
669,0.005284450891550861
670,0.005146095069990216
671,0.005007713853488897
672,0.0048693079249302945
673,0.004730877967319709
674,0.004592424663781072
675,0.00445394869755347
676,0.0043154507519878775
677,0.00417693151054368
678,0.004038391656785395
679,0.003899831874379256
680,0.003761252847089799
681,0.003622655258776587
682,0.0034840397933907207
683,0.003345407134971563
684,0.0032067579676433203
685,0.003068092975611626
686,0.00292941284316026
687,0.002790718254647663
688,0.0026520098945036676
689,0.0025132884472260117
690,0.0023745545973770576
691,0.0022358090295803708
692,0.0020970524285173014
693,0.001958285478923702
694,0.0018195088655864374
695,0.0016807232733401034
696,0.0015419293870636037
697,0.0014031278916767306
698,0.0012643194721368809
699,0.0011255048134355655
700,0.0009866846005951396
701,0.0008478595186653115
702,0.0007090302527198592
703,0.0005701974878532077
704,0.0004313619091770074
705,0.0002925242018168491
706,0.00015368505090877316
707,1.4845141595998907e-05
708,-0.0001239948409745672
709,-0.0002628342116556156
710,-0.00040167228530285626
711,-0.0005405083767784414
712,-0.0006793418009542493
713,-0.0008181718727153764
714,-0.000956997906963421
715,-0.0010958192186199056
716,-0.0012346351226296996
717,-0.0013734449339643023
718,-0.0015122479676253344
719,-0.0016510435386478085
720,-0.0017898309621036182
721,-0.0019286095531048228
722,-0.0020673786268070675
723,-0.0022061374984130053
724,-0.0023448854831755795
725,-0.002483621896401512
726,-0.0026223460534545878
727,-0.002761057269759072
728,-0.0028997548608031332
729,-0.003038438142142121
730,-0.0031771064294020563
731,-0.003315759038282897
732,-0.003454395284562027
733,-0.003593014484097534
734,-0.0037316159528316285
735,-0.0038701990067940596
736,-0.004008762962105395
737,-0.004147307134980506
738,-0.004285830841731844
739,-0.004424333398772856
740,-0.004562814122621402
741,-0.004701272329903027
742,-0.004839707337354447
743,-0.0049781184618268096
744,-0.005116505020289175
745,-0.00525486632983179
746,-0.0053932017076695005
747,-0.005531510471145159
748,-0.005669791937732903
749,-0.005808045425041628
750,-0.005946270250818259
751,-0.006084465732951163
752,-0.00622263118947355
753,-0.006360765938566747
754,-0.006498869298563671
755,-0.006636940587952083
756,-0.006774979125378059
757,-0.006912984229649261
758,-0.007050955219738335
759,-0.007188891414786315
760,-0.007326792134105887
761,-0.0074646566971848585
762,-0.007602484423689417
763,-0.007740274633467534
764,-0.007878026646552355
765,-0.00801573978316547
766,-0.008153413363720368
767,-0.008291046708825682
768,-0.008428639139288659
769,-0.008566189976118403
770,-0.008703698540529284
771,-0.00884116415394431
772,-0.008978586137998396
773,-0.009115963814541807
774,-0.009253296505643405
775,-0.009390583533594102
776,-0.009527824220910105
777,-0.009665017890336308
778,-0.00980216386484966
779,-0.009939261467662431
780,-0.010076310022225641
781,-0.010213308852232319
782,-0.01035025728162087
783,-0.010487154634578463
784,-0.010624000235544256
785,-0.01076079340921285
786,-0.010897533480537515
787,-0.01103421977473362
788,-0.011170851617281872
789,-0.011307428333931687
790,-0.011443949250704558
791,-0.011580413693897283
792,-0.011716820990085402
793,-0.01185317046612642
794,-0.011989461449163179
795,-0.012125693266627203
796,-0.012261865246241942
797,-0.012397976716026183
798,-0.01253402700429726
799,-0.012670015439674488
800,-0.012805941351082362
801,-0.01294180406775393
802,-0.01307760291923413
803,-0.013213337235383005
804,-0.013349006346379123
805,-0.01348460958272279
806,-0.013620146275239383
807,-0.013755615755082704
808,-0.01389101735373818
809,-0.014026350403026274
810,-0.014161614235105672
811,-0.014296808182476686
812,-0.014431931577984454
813,-0.014566983754822274
814,-0.014701964046534935
815,-0.01483687178702191
816,-0.01497170631054075
817,-0.015106466951710279
818,-0.015241153045513914
819,-0.015375763927302988
820,-0.01551029893279994
821,-0.015644757398101693
822,-0.015779138659682827
823,-0.01591344205439896
824,-0.016047666919489934
825,-0.016181812592583108
826,-0.016315878411696686
827,-0.016449863715242877
828,-0.016583767842031274
829,-0.016717590131272022
830,-0.016851329922579112
831,-0.01698498655597369
832,-0.01711855937188722
833,-0.01725204771116484
834,-0.017385450915068497
835,-0.01751876832528033
836,-0.017651999283905817
837,-0.01778514313347705
838,-0.017918199216956015
839,-0.01805116687773778
840,-0.018184045459653783
841,-0.018316834306975026
842,-0.018449532764415362
843,-0.018582140177134672
844,-0.018714655890742123
845,-0.018847079251299432
846,-0.018979409605324016
847,-0.01911164629979231
848,-0.019243788682142896
849,-0.019375836100279768
850,-0.019507787902575596
851,-0.01963964343787484
852,-0.019771402055497062
853,-0.01990306310524005
854,-0.02003462593738312
855,-0.020166089902690233
856,-0.020297454352413234
857,-0.0204287186382951
858,-0.020559882112573043
859,-0.020690944127981812
860,-0.020821904037756803
861,-0.02095276119563727
862,-0.021083514955869572
863,-0.02121416467321027
864,-0.021344709702929388
865,-0.021475149400813534
866,-0.021605483123169143
867,-0.021735710226825588
868,-0.02186583006913837
869,-0.021995842007992362
870,-0.022125745401804852
871,-0.02225553960952883
872,-0.02238522399065607
873,-0.022514797905220298
874,-0.022644260713800424
875,-0.02277361177752359
876,-0.022902850458068422
877,-0.02303197611766809
878,-0.023160988119113546
879,-0.023289885825756584
880,-0.02341866860151302
881,-0.023547335810865874
882,-0.023675886818868404
883,-0.023804320991147356
884,-0.02393263769390599
885,-0.024060836293927267
886,-0.024188916158576986
887,-0.02431687665580684
888,-0.024444717154157625
889,-0.02457243702276225
890,-0.024700035631348965
891,-0.024827512350244375
892,-0.02495486655037658
893,-0.025082097603278338
894,-0.025209204881090044
895,-0.025336187756562958
896,-0.025463045603062208
897,-0.025589777794569907
898,-0.025716383705688288
899,-0.025842862711642704
900,-0.025969214188284816
901,-0.026095437512095563
902,-0.026221532060188294
903,-0.026347497210311908
904,-0.02647333234085379
905,-0.026599036830842956
906,-0.026724610059953125
907,-0.02685005140850572
908,-0.02697536025747305
909,-0.027100535988481216
910,-0.027225577983813237
911,-0.027350485626412104
912,-0.027475258299883783
913,-0.02759989538850036
914,-0.02772439627720293
915,-0.027848760351604728
916,-0.02797298699799415
917,-0.028097075603337737
918,-0.02822102555528331
919,-0.028344836242162847
920,-0.028468507052995598
921,-0.028592037377491063
922,-0.028715426606051996
923,-0.028838674129777506
924,-0.02896177934046591
925,-0.02908474163061783
926,-0.029207560393439164
927,-0.029330235022844143
928,-0.029452764913458204
929,-0.02957514946062107
930,-0.02969738806038969
931,-0.029819480109541226
932,-0.029941425005576096
933,-0.030063222146720824
934,-0.030184870931931097
935,-0.03030637076089471
936,-0.030427721034034506
937,-0.03054892115251142
938,-0.0306699705182273
939,-0.030790868533827957
940,-0.03091161460270608
941,-0.031032208129004164
942,-0.031152648517617537
943,-0.03127293517419717
944,-0.03139306750515268
945,-0.031513044917655254
946,-0.03163286681964056
947,-0.03175253261981173
948,-0.03187204172764217
949,-0.03199139355337855
950,-0.03211058750804367
951,-0.03222962300343947
952,-0.03234849945214977
953,-0.03246721626754329
954,-0.03258577286377651
955,-0.032704168655796506
956,-0.03282240305934401
957,-0.032940475490956064
958,-0.03305838536796905
959,-0.033176132108521515
960,-0.03329371513155704
961,-0.03341113385682717
962,-0.03352838770489418
963,-0.03364547609713398
964,-0.033762398455738994
965,-0.03387915420372095
966,-0.033995742764913836
967,-0.034112163563976616
968,-0.03422841602639613
969,-0.03434449957848992
970,-0.034460413647409135
971,-0.0345761576611412
972,-0.03469173104851277
973,-0.0348071332391925
974,-0.03492236366369385
975,-0.03503742175337797
976,-0.03515230694045638
977,-0.03526701865799387
978,-0.03538155633991127
979,-0.0354959194209882
980,-0.03561010733686599
981,-0.03572411952405028
982,-0.03583795541991395
983,-0.035951614462699816
984,-0.03606509609152342
985,-0.03617839974637587
986,-0.03629152486812648
987,-0.03640447089852558
988,-0.03651723728020733
989,-0.03662982345669235
990,-0.03674222887239064
991,-0.03685445297260412
992,-0.03696649520352951
993,-0.03707835501226099
994,-0.037190031846793016
995,-0.03730152515602293
996,-0.037412834389753756
997,-0.03752395899869687
998,-0.03763489843447475
999,-0.0377456521496237
1000,-0.03785621959759646
1001,-0.037966600232765005
1002,-0.03807679351042316
1003,-0.03818679888678932
1004,-0.03829661581900919
1005,-0.03840624376515837
1006,-0.03851568218424504
1007,-0.03862493053621271
1008,-0.03873398828194277
1009,-0.03884285488325731
1010,-0.03895152980292159
1011,-0.03906001250464682
1012,-0.03916830245309276
1013,-0.03927639911387034
1014,-0.0393843019535444
1015,-0.03949201043963618
1016,-0.039599524040626034
1017,-0.039706842225956024
1018,-0.039813964466032595
1019,-0.03992089023222909
1020,-0.040027618996888434
1021,-0.04013415023332571
1022,-0.04024048341583075
1023,-0.040346618019670794
1024,-0.04045255352109296
1025,-0.040558289397326946
1026,-0.040663825126587526
1027,-0.04076916018807716
1028,-0.04087429406198861
1029,-0.0409792262295074
1030,-0.041083956172814476
1031,-0.041188483375088694
1032,-0.041292807320509384
1033,-0.04139692749425897
1034,-0.041500843382525375
1035,-0.041604554472504676
1036,-0.041708060252403555
1037,-0.041811360211441904
1038,-0.04191445383985525
1039,-0.04201734062889736
1040,-0.04212002007084267
1041,-0.04222249165898885
1042,-0.04232475488765933
1043,-0.04242680925220568
1044,-0.04252865424901023
1045,-0.04263028937548845
1046,-0.04273171413009149
1047,-0.0428329280123087
1048,-0.042933930522669965
1049,-0.04303472116274829
1050,-0.0431352994351622
1051,-0.0432356648435782
1052,-0.04333581689271329
1053,-0.0434357550883373
1054,-0.043535478937275406
1055,-0.04363498794741054
1056,-0.043734281627685785
1057,-0.04383335948810691
1058,-0.043932221039744666
1059,-0.04403086579473722
1060,-0.04412929326629262
1061,-0.04422750296869117
1062,-0.04432549441728781
1063,-0.0444232671285145
1064,-0.04452082061988265
1065,-0.04461815440998544
1066,-0.04471526801850031
1067,-0.044812160966191165
1068,-0.04490883277491087
1069,-0.04500528296760355
1070,-0.04510151106830697
1071,-0.04519751660215488
1072,-0.04529329909537935
1073,-0.04538885807531309
1074,-0.04548419307039183
1075,-0.04557930361015658
1076,-0.04567418922525606
1077,-0.04576884944744889
1078,-0.04586328380960597
1079,-0.045957491845712795
1080,-0.04605147309087169
1081,-0.0461452270813042
1082,-0.04623875335435331
1083,-0.04633205144848572
1084,-0.04642512090329414
1085,-0.04651796125949965
1086,-0.04661057205895378
1087,-0.04670295284464095
1088,-0.04679510316068062
1089,-0.046887022552329544
1090,-0.04697871056598412
1091,-0.04707016674918249
1092,-0.04716139065060684
1093,-0.04725238182008563
1094,-0.04734313980859577
1095,-0.04743366416826495
1096,-0.04752395445237371
1097,-0.0476140102153577
1098,-0.04770383101280992
1099,-0.04779341640148284
1100,-0.04788276593929068
1101,-0.047971879185311476
1102,-0.048060755699789355
1103,-0.04814939504413662
1104,-0.04823779678093605
1105,-0.04832596047394288
1106,-0.048413885688087084
1107,-0.04850157198947547
1108,-0.048589018945393816
1109,-0.04867622612430909
1110,-0.048763193095871425
1111,-0.048849919430916384
1112,-0.048936404701467
1113,-0.04902264848073589
1114,-0.049108650343127454
1115,-0.049194409864239834
1116,-0.0492799266208671
1117,-0.04936520019100132
1118,-0.0494502301538346
1119,-0.04953501608976129
1120,-0.04961955758037988
1121,-0.04970385420849517
1122,-0.049787905558120314
1123,-0.049871711214478844
1124,-0.0499552707640068
1125,-0.05003858379435464
1126,-0.050121649894389386
1127,-0.05020446865419657
1128,-0.050287039665082356
1129,-0.05036936251957545
1130,-0.0504514368114292
1131,-0.050533262135623515
1132,-0.05061483808836693
1133,-0.0506961642670986
1134,-0.05077724027049024
1135,-0.050858065698448134
1136,-0.050938640152115106
1137,-0.05101896323387246
1138,-0.05109903454734204
1139,-0.05117885369738805
1140,-0.0512584202901191
1141,-0.0513377339328901
1142,-0.05141679423430423
1143,-0.05149560080421488
1144,-0.05157415325372751
1145,-0.051652451195201635
1146,-0.05173049424225272
1147,-0.051808282009754056
1148,-0.051885814113838746
1149,-0.05196309017190148
1150,-0.05204010980260051
1151,-0.052116872625859484
1152,-0.0521933782628694
1153,-0.05226962633609034
1154,-0.052345616469253474
1155,-0.05242134828736282
1156,-0.05249682141669713
1157,-0.052572035484811756
1158,-0.05264699012054045
1159,-0.0527216849539972
1160,-0.05279611961657809
1161,-0.052870293740963054
1162,-0.05294420696111779
1163,-0.053017858912295455
1164,-0.05309124923103854
1165,-0.05316437755518063
1166,-0.05323724352384819
1167,-0.053309846777462394
1168,-0.05338218695774082
1169,-0.05345426370769928
1170,-0.05352607667165355
1171,-0.053597625495221166
1172,-0.05366890982532311
1173,-0.0537399293101856
1174,-0.0538106835993418
1175,-0.05388117234363358
1176,-0.05395139519521321
1177,-0.0540213518075451
1178,-0.05409104183540748
1179,-0.05416046493489412
1180,-0.05422962076341602
1181,-0.05429850897970315
1182,-0.05436712924380605
1183,-0.05443548121709757
1184,-0.054503564562274516
1185,-0.0545713789433593
1186,-0.05463892402570166
1187,-0.054706199475980245
1188,-0.054773204962204274
1189,-0.05483994015371519
1190,-0.054906404721188296
1191,-0.05497259833663437
1192,-0.05503852067340127
1193,-0.05510417140617558
1194,-0.05516955021098416
1195,-0.055234656765195816
1196,-0.05529949074752285
1197,-0.05536405183802263
1198,-0.055428339718099205
1199,-0.05549235407050485
1200,-0.05555609457934168
1201,-0.055619560930063136
1202,-0.05568275280947557
1203,-0.05574566990573983
1204,-0.05580831190837272
1205,-0.055870678508248624
1206,-0.055932769397600945
1207,-0.05599458427002367
1208,-0.05605612282047289
1209,-0.05611738474526825
1210,-0.05617836974209455
1211,-0.05623907751000312
1212,-0.05629950774941338
1213,-0.056359660162114286
1214,-0.05641953445126582
1215,-0.05647913032140046
1216,-0.056538447478424604
1217,-0.05659748562962006
1218,-0.05665624448364545
1219,-0.05671472375053771
1220,-0.05677292314171344
1221,-0.0568308423699704
1222,-0.05688848114948889
1223,-0.05694583919583314
1224,-0.0570029162259528
1225,-0.057059711958184225
1226,-0.05711622611225194
1227,-0.05717245840927001
1228,-0.05722840857174337
1229,-0.057284076323569286
1230,-0.057339461390038635
1231,-0.05739456349783728
1232,-0.057449382375047445
1233,-0.05750391775114902
1234,-0.057558169357020954
1235,-0.057612136924942506
1236,-0.05766582018859462
1237,-0.05771921888306121
1238,-0.05777233274483052
1239,-0.05782516151179635
1240,-0.05787770492325939
1241,-0.057929962719928514
1242,-0.05798193464392203
1243,-0.05803362043876901
1244,-0.05808501984941045
1245,-0.058136132622200666
1246,-0.05818695850490841
1247,-0.058237497246718214
1248,-0.058287748598231603
1249,-0.05833771231146829
1250,-0.05838738813986742
1251,-0.05843677583828882
1252,-0.05848587516301415
1253,-0.05853468587174816
1254,-0.058583207723619864
1255,-0.0586314404791837
1256,-0.058679383900420753
1257,-0.05872703775073991
1258,-0.05877440179497905
1259,-0.05882147579940617
1260,-0.058868259531720556
1261,-0.058914752761053915
1262,-0.05896095525797157
1263,-0.059006866794473506
1264,-0.05905248714399556
1265,-0.05909781608141051
1266,-0.05914285338302919
1267,-0.05918759882660162
1268,-0.05923205219131806
1269,-0.05927621325781013
1270,-0.05932008180815187
1271,-0.059363657625860836
1272,-0.059406940495899174
1273,-0.05944993020467465
1274,-0.05949262654004172
1275,-0.05953502929130259
1276,-0.05957713824920823
1277,-0.05961895320595945
1278,-0.05966047395520786
1279,-0.05970170029205696
1280,-0.05974263201306307
1281,-0.05978326891623643
1282,-0.059823610801042114
1283,-0.05986365746840106
1284,-0.059903408720691054
1285,-0.05994286436174767
1286,-0.05998202419686531
1287,-0.06002088803279807
1288,-0.06005945567776077
1289,-0.060097726941429855
1290,-0.06013570163494437
1291,-0.06017337957090687
1292,-0.06021076056338434
1293,-0.06024784442790913
1294,-0.06028463098147984
1295,-0.06032112004256225
1296,-0.06035731143109023
1297,-0.06039320496846657
1298,-0.0604288004775639
1299,-0.06046409778272557
1300,-0.0604990967097665
1301,-0.060533797085974055
1302,-0.060568198740108874
1303,-0.06060230150240574
1304,-0.06063610520457439
1305,-0.060669609679800396
1306,-0.06070281476274593
1307,-0.0607357202895506
1308,-0.060768326097832275
1309,-0.06080063202668787
1310,-0.060832637916694146
1311,-0.0608643436099085
1312,-0.060895748949869724
1313,-0.060926853781598816
1314,-0.06095765795159969
1315,-0.06098816130786001
1316,-0.06101836369985184
1317,-0.06104826497853249
1318,-0.061077864996345176
1319,-0.06110716360721978
1320,-0.06113616066657358
1321,-0.061164856031311936
1322,-0.061193249559829015
1323,-0.06122134111200848
1324,-0.06124913054922418
1325,-0.06127661773434087
1326,-0.06130380253171483
1327,-0.06133068480719457
1328,-0.061357264428121484
1329,-0.06138354126333051
1330,-0.06140951518315077
1331,-0.06143518605940621
1332,-0.06146055376541623
1333,-0.06148561817599633
1334,-0.06151037916745869
1335,-0.06153483661761283
1336,-0.06155899040576616
1337,-0.061582840412724604
1338,-0.06160638652079319
1339,-0.061629628613776646
1340,-0.061652566576979914
1341,-0.061675200297208785
1342,-0.06169752966277041
1343,-0.06171955456347388
1344,-0.061741274890630755
1345,-0.061762690537055596
1346,-0.061783801397066525
1347,-0.061804607366485693
1348,-0.06182510834263985
1349,-0.06184530422436081
1350,-0.06186519491198598
1351,-0.06188478030735881
1352,-0.061904060313829355
1353,-0.06192303483625465
1354,-0.06194170378099927
1355,-0.06196006705593574
1356,-0.06197812457044499
1357,-0.06199587623541685
1358,-0.06201332196325042
1359,-0.06203046166785456
1360,-0.062047295264648285
1361,-0.062063822670561195
1362,-0.06208004380403387
1363,-0.0620959585850183
1364,-0.06211156693497824
1365,-0.062126868776889645
1366,-0.062141864035241
1367,-0.06215655263603374
1368,-0.06217093450678259
1369,-0.06218500957651592
1370,-0.062198777775776086
1371,-0.06221223903661981
1372,-0.06222539329261849
1373,-0.06223824047885852
1374,-0.06225078053194164
1375,-0.06226301338998521
1376,-0.06227493899262255
1377,-0.06228655728100321
1378,-0.06229786819779329
1379,-0.06230887168717569
1380,-0.06231956769485041
1381,-0.06232995616803482
1382,-0.0623400370554639
1383,-0.0623498103073905
1384,-0.06235927587558559
1385,-0.06236843371333851
1386,-0.06237728377545717
1387,-0.06238582601826831
1388,-0.062394060399617673
1389,-0.06240198687887026
1390,-0.06240960541691049
1391,-0.06241691597614242
1392,-0.06242391852048991
1393,-0.06243061301539682
1394,-0.06243699942782716
1395,-0.062443077726265284
1396,-0.062448847880716016
1397,-0.0624543098627048
1398,-0.062459463645277866
1399,-0.06246430920300233
1400,-0.062468846511966346
1401,-0.06247307554977921
1402,-0.06247699629557148
1403,-0.06248060872999505
1404,-0.062483912835223296
1405,-0.062486908594951124
1406,-0.06248959599439507
1407,-0.06249197502029335
1408,-0.06249404566090596
1409,-0.062495807906014694
1410,-0.062497261746923244
1411,-0.06249840717645719
1412,-0.06249924418896407
1413,-0.06249977278031339
1414,-0.062499992947896675
1415,-0.06249990469062742
1416,-0.062499508008941176
1417,-0.062498802904795474
1418,-0.06249778938166987
1419,-0.06249646744456589
1420,-0.06249483710000703
1421,-0.062492898356038704
1422,-0.06249065122222824
1423,-0.062488095709664765
1424,-0.06248523183095924
1425,-0.06248205960024432
1426,-0.06247857903317432
1427,-0.062474790146925134
1428,-0.06247069296019416
1429,-0.06246628749320019
1430,-0.062461573767683305
1431,-0.06245655180690479
1432,-0.062451221635647015
1433,-0.06244558328021329
1434,-0.06243963676842777
1435,-0.062433382129635284
1436,-0.06242681939470122
1437,-0.06241994859601134
1438,-0.062412769767471656
1439,-0.06240528294450824
1440,-0.062397488164067046
1441,-0.06238938546461375
1442,-0.06238097488613353
1443,-0.0623722564701309
1444,-0.06236323025962948
1445,-0.062353896299171804
1446,-0.062344254634819074
1447,-0.06233430531415096
1448,-0.06232404838626536
1449,-0.06231348390177813
1450,-0.06230261191282288
1451,-0.062291432473050676
1452,-0.0622799456376298
1453,-0.062268151463245464
1454,-0.062256050008099535
1455,-0.062243641331910265
1456,-0.06223092549591196
1457,-0.06221790256285469
1458,-0.06220457259700403
1459,-0.06219093566414065
1460,-0.062176991831560065
1461,-0.062162741168072286
1462,-0.062148183744001446
1463,-0.062133319631185506
1464,-0.06211814890297586
1465,-0.06210267163423699
1466,-0.06208688790134609
1467,-0.0620707977821927
1468,-0.06205440135617832
1469,-0.062037698704215986
1470,-0.06202068990872993
1471,-0.062003375053655115
1472,-0.06198575422443686
1473,-0.061967827508030406
1474,-0.061949594992900474
1475,-0.061931056769020845
1476,-0.061912212927873925
1477,-0.06189306356245026
1478,-0.061873608767248095
1479,-0.06185384863827293
1480,-0.06183378327303701
1481,-0.06181341277055887
1482,-0.06179273723136282
1483,-0.06177175675747847
1484,-0.06175047145244024
1485,-0.0617288814212868
1486,-0.061706986770560614
1487,-0.06168478760830734
1488,-0.06166228404407538
1489,-0.061639476188915285
1490,-0.0616163641553792
1491,-0.06159294805752038
1492,-0.061569228010892506
1493,-0.061545204132549235
1494,-0.061520876541043566
1495,-0.06149624535642725
1496,-0.061471310700250206
1497,-0.06144607269555993
1498,-0.06142053146690089
1499,-0.061394687140313896
1500,-0.06136853984333548
1501,-0.06134208970499728
1502,-0.06131533685582538
1503,-0.061288281427839694
1504,-0.061260923554553315
1505,-0.06123326337097181
1506,-0.06120530101359261
1507,-0.0611770366204043
1508,-0.06114847033088597
1509,-0.06111960228600648
1510,-0.06109043262822381
1511,-0.061060961501484344
1512,-0.06103118905122213
1513,-0.06100111542435821
1514,-0.06097074076929986
1515,-0.06094006523593988
1516,-0.060909088975655834
1517,-0.06087781214130931
1518,-0.06084623488724517
1519,-0.060814357369290806
1520,-0.06078217974475533
1521,-0.06074970217242882
1522,-0.06071692481258154
1523,-0.06068384782696316
1524,-0.06065047137880191
1525,-0.06061679563280385
1526,-0.06058282075515197
1527,-0.06054854691350544
1528,-0.060513974276998755
1529,-0.060479103016240904
1530,-0.06044393330331451
1531,-0.06040846531177501
1532,-0.0603726992166498
1533,-0.06033663519443732
1534,-0.06030027342310627
1535,-0.06026361408209462
1536,-0.060226657352308845
1537,-0.06018940341612294
1538,-0.06015185245737755
1539,-0.06011400466137911
1540,-0.06007586021489883
1541,-0.06003741930617186
1542,-0.05999868212489633
1543,-0.05995964886223241
1544,-0.059920319710801376
1545,-0.059880694864684655
1546,-0.05984077451942286
1547,-0.059800558872014846
1548,-0.059760048120916724
1549,-0.05971924246604085
1550,-0.059678142108754925
1551,-0.059636747251880895
1552,-0.05959505809969404
1553,-0.05955307485792192
1554,-0.059510797733743334
1555,-0.05946822693578738
1556,-0.059425362674132336
1557,-0.05938220516030471
1558,-0.05933875460727811
1559,-0.059295011229472235
1560,-0.059250975242751844
1561,-0.05920664686442564
1562,-0.059162026313245214
1563,-0.05911711380940401
1564,-0.05907190957453613
1565,-0.059026413831715384
1566,-0.058980626805454066
1567,-0.05893454872170191
1568,-0.05888817980784498
1569,-0.05884152029270448
1570,-0.05879457040653572
1571,-0.058747330381026905
1572,-0.05869980044929805
1573,-0.05865198084589974
1574,-0.058603871806812084
1575,-0.05855547356944348
1576,-0.058506786372629474
1577,-0.05845781045663155
1578,-0.05840854606313596
1579,-0.05835899343525256
1580,-0.05830915281751355
1581,-0.05825902445587234
1582,-0.05820860859770228
1583,-0.058157905491795434
1584,-0.058106915388361415
1585,-0.05805563853902608
1586,-0.058004075196830346
1587,-0.05795222561622891
1588,-0.05790009005308896
1589,-0.057847668764689
1590,-0.057794962009717496
1591,-0.057741970048271654
1592,-0.05768869314185613
1593,-0.05763513155338167
1594,-0.05758128554716393
1595,-0.057527155388922065
1596,-0.057472741345777505
1597,-0.05741804368625255
1598,-0.057363062680269125
1599,-0.05730779859914739
1600,-0.05725225171560444
1601,-0.05719642230375295
1602,-0.05714031063909977
1603,-0.057083916998544655
1604,-0.05702724166037885
1605,-0.05697028490428369
1606,-0.056913047011329314
1607,-0.056855528263973124
1608,-0.05679772894605856
1609,-0.05673964934281357
1610,-0.0566812897408493
1611,-0.05662265042815861
1612,-0.05656373169411465
1613,-0.05650453382946949
1614,-0.05644505712635266
1615,-0.05638530187826968
1616,-0.05632526838010063
1617,-0.05626495692809872
1618,-0.05620436781988879
1619,-0.056143501354465865
1620,-0.056082357832193674
1621,-0.05602093755480315
1622,-0.055959240825390964
1623,-0.05589726794841804
1624,-0.055835019229708
1625,-0.05577249497644574
1626,-0.055709695497175804
1627,-0.05564662110180096
1628,-0.05558327210158061
1629,-0.0555196488091293
1630,-0.05545575153841514
1631,-0.05539158060475826
1632,-0.05532713632482926
1633,-0.05526241901664766
1634,-0.05519742899958033
1635,-0.05513216659433988
1636,-0.0550666321229831
1637,-0.055000825908909395
1638,-0.05493474827685914
1639,-0.05486839955291214
1640,-0.05480178006448592
1641,-0.05473489014033423
1642,-0.054667730110545355
1643,-0.05460030030654048
1644,-0.05453260106107209
1645,-0.054464632708222285
1646,-0.05439639558340117
1647,-0.0543278900233452
1648,-0.05425911636611547
1649,-0.05419007495109613
1650,-0.0541207661189926
1651,-0.05405119021182999
1652,-0.05398134757295136
1653,-0.053911238547016044
1654,-0.05384086347999795
1655,-0.053770222719183795
1656,-0.0536993166131715
1657,-0.05362814551186839
1658,-0.053556709766489484
1659,-0.053485009729555784
1660,-0.053413045754892474
1661,-0.05334081819762727
1662,-0.053268327414188577
1663,-0.0531955737623038
1664,-0.05312255760099751
1665,-0.05304927929058973
1666,-0.052975739192694146
1667,-0.052901937670216295
1668,-0.05282787508735181
1669,-0.05275355180958456
1670,-0.052678968203684944
1671,-0.05260412463770801
1672,-0.05252902148099163
1673,-0.05245365910415477
1674,-0.05237803787909549
1675,-0.052302158178989325
1676,-0.05222602037828726
1677,-0.05214962485271398
1678,-0.052072971979266004
1679,-0.05199606213620976
1680,-0.05191889570307982
1681,-0.05184147306067697
1682,-0.05176379459106633
1683,-0.05168586067757543
1684,-0.05160767170479245
1685,-0.05152922805856417
1686,-0.051450530125994154
1687,-0.051371578295440846
1688,-0.05129237295651556
1689,-0.05121291450008067
1690,-0.05113320331824763
1691,-0.05105323980437503
1692,-0.0509730243530667
1693,-0.05089255736016967
1694,-0.05081183922277232
1695,-0.05073087033920237
1696,-0.05064965110902493
1697,-0.05056818193304052
1698,-0.050486463213283046
1699,-0.05040449535301793
1700,-0.05032227875674
1701,-0.05023981383017159
1702,-0.05015710098026047
1703,-0.05007414061517784
1704,-0.04999093314431637
1705,-0.049907478978288136
1706,-0.049823778528922634
1707,-0.049739832209264645
1708,-0.04965564043357234
1709,-0.04957120361731513
1710,-0.049486522177171685
1711,-0.04940159653102782
1712,-0.04931642709797444
1713,-0.049231014298305516
1714,-0.04914535855351598
1715,-0.04905946028629966
1716,-0.04897331992054717
1717,-0.04888693788134381
1718,-0.04880031459496752
1719,-0.048713450488886735
1720,-0.0486263459917583
1721,-0.048539001533425344
1722,-0.0484514175449151
1723,-0.04836359445843691
1724,-0.04827553270737997
1725,-0.04818723272631125
1726,-0.04809869495097336
1727,-0.048009919818282315
1728,-0.0479209077663255
1729,-0.04783165923435943
1730,-0.04774217466280762
1731,-0.04765245449325833
1732,-0.0475624991684625
1733,-0.04747230913233153
1734,-0.04738188482993503
1735,-0.047291226707498704
1736,-0.04720033521240206
1737,-0.047109210793176294
1738,-0.047017853899502034
1739,-0.04692626498220711
1740,-0.04683444449326437
1741,-0.04674239288578935
1742,-0.04665011061403818
1743,-0.04655759813340526
1744,-0.046464855900420994
1745,-0.04637188437274961
1746,-0.046278684009186805
1747,-0.04618525526965758
1748,-0.04609159861521391
1749,-0.0459977145080325
1750,-0.04590360341141244
1751,-0.04580926578977302
1752,-0.04571470210865136
1753,-0.04561991283470015
1754,-0.045524898435685336
1755,-0.045429659380483774
1756,-0.045334196139081
1757,-0.045238509182568845
1758,-0.04514259898314312
1759,-0.045046466014101345
1760,-0.04495011074984026
1761,-0.044853533665853686
1762,-0.044756735238730035
1763,-0.044659715946150015
1764,-0.04456247626688427
1765,-0.044465016680790954
1766,-0.044367337668813484
1767,-0.04426943971297807
1768,-0.04417132329639136
1769,-0.0440729889032381
1770,-0.04397443701877864
1771,-0.043875668129346644
1772,-0.04377668272234666
1773,-0.043677481286251714
1774,-0.04357806431060084
1775,-0.043478432285996765
1776,-0.043378585704103426
1777,-0.04327852505764355
1778,-0.04317825084039626
1779,-0.043077763547194545
1780,-0.04297706367392293
1781,-0.04287615171751497
1782,-0.042775028175950816
1783,-0.04267369354825475
1784,-0.042572148334492674
1785,-0.042470393035769737
1786,-0.04236842815422781
1787,-0.04226625419304301
1788,-0.042163871656423234
1789,-0.04206128104960559
1790,-0.04195848287885406
1791,-0.04185547765145685
1792,-0.041752265875723976
1793,-0.041648848060984754
1794,-0.041545224717585184
1795,-0.04144139635688557
1796,-0.04133736349125792
1797,-0.041233126634083454
1798,-0.041128686299749986
1799,-0.04102404300364951
1800,-0.04091919726217558
1801,-0.040814149592720776
1802,-0.0407089005136741
1803,-0.04060345054441861
1804,-0.04049780020532856
1805,-0.04039195001776703
1806,-0.0402859005040834
1807,-0.04017965218761055
1808,-0.04007320559266256
1809,-0.03996656124453185
1810,-0.03985971966948672
1811,-0.039752681394768855
1812,-0.03964544694859047
1813,-0.039538016860132
1814,-0.0394303916595392
1815,-0.03932257187792068
1816,-0.03921455804734539
1817,-0.0391063507008397
1818,-0.038997950372385105
1819,-0.03888935759691532
1820,-0.038780572910313726
1821,-0.03867159684941089
1822,-0.03856242995198159
1823,-0.038453072756742535
1824,-0.03834352580334935
1825,-0.03823378963239411
1826,-0.03812386478540277
1827,-0.038013751804832165
1828,-0.03790345123406772
1829,-0.03779296361742046
1830,-0.03768228950012443
1831,-0.03757142942833415
1832,-0.03746038394912161
1833,-0.03734915361047393
1834,-0.03723773896129035
1835,-0.037126140551379624
1836,-0.037014358931457485
1837,-0.036902394653143565
1838,-0.03679024826895909
1839,-0.036677920332323775
1840,-0.036565411397553274
1841,-0.03645272201985658
1842,-0.03633985275533293
1843,-0.036226804160969454
1844,-0.036113576794638114
1845,-0.036000171215093066
1846,-0.03588658798196805
1847,-0.03577282765577331
1848,-0.03565889079789319
1849,-0.03554477797058304
1850,-0.035430489736966594
1851,-0.03531602666103331
1852,-0.03520138930763533
1853,-0.0350865782424848
1854,-0.03497159403215126
1855,-0.034856437244058486
1856,-0.03474110844648209
1857,-0.034625608208546356
1858,-0.034509937100221606
1859,-0.03439409569232152
1860,-0.034278084556499964
1861,-0.03416190426524858
1862,-0.034045555391893606
1863,-0.03392903851059322
1864,-0.033812354196334805
1865,-0.0336955030249318
1866,-0.03357848557302127
1867,-0.03346130241806066
1868,-0.03334395413832515
1869,-0.03322644131290493
1870,-0.03310876452170195
1871,-0.03299092434542755
1872,-0.03287292136559917
1873,-0.03275475616453764
1874,-0.032636429325364494
1875,-0.032517941431998695
1876,-0.032399293069154185
1877,-0.03228048482233665
1878,-0.03216151727784075
1879,-0.03204239102274742
1880,-0.03192310664492058
1881,-0.03180366473300467
1882,-0.03168406587642137
1883,-0.03156431066536686
1884,-0.03144439969080902
1885,-0.031324333544484224
1886,-0.031204112818894767
1887,-0.03108373810730563
1888,-0.030963210003741665
1889,-0.03084252910298484
1890,-0.03072169600057095
1891,-0.030600711292787068
1892,-0.030479575576668264
1893,-0.030358289449994802
1894,-0.03023685351128934
1895,-0.030115268359813676
1896,-0.029993534595565953
1897,-0.029871652819277828
1898,-0.02974962363241117
1899,-0.029627447637155493
1900,-0.029505125436424622
1901,-0.029382657633853893
1902,-0.029260044833797287
1903,-0.029137287641324137
1904,-0.029014386662216507
1905,-0.028891342502965885
1906,-0.02876815577077031
1907,-0.02864482707353155
1908,-0.028521357019851735
1909,-0.028397746219030767
1910,-0.02827399528106295
1911,-0.02815010481663414
1912,-0.028026075437118877
1913,-0.027901907754577022
1914,-0.02777760238175113
1915,-0.027653159932063076
1916,-0.027528581019611194
1917,-0.027403866259167374
1918,-0.027279016266173687
1919,-0.02715403165673976
1920,-0.02702891304763936
1921,-0.02690366105630753
1922,-0.02677827630083767
1923,-0.026652759399978146
1924,-0.026527110973129632
1925,-0.026401331640341707
1926,-0.02627542202230995
1927,-0.026149382740373015
1928,-0.026023214416509222
1929,-0.025896917673333887
1930,-0.025770493134095906
1931,-0.025643941422674815
1932,-0.02551726316357787
1933,-0.025390458981936613
1934,-0.025263529503504197
1935,-0.025136475354651928
1936,-0.025009297162366346
1937,-0.02488199555424626
1938,-0.02475457115849937
1939,-0.024627024603939302
1940,-0.024499356519982664
1941,-0.024371567536645586
1942,-0.024243658284541017
1943,-0.024115629394875247
1944,-0.023987481499444963
1945,-0.02385921523063427
1946,-0.023730831221411217
1947,-0.023602330105325087
1948,-0.023473712516502897
1949,-0.02334497908964645
1950,-0.023216130460029325
1951,-0.02308716726349341
1952,-0.02295809013644615
1953,-0.022828899715857075
1954,-0.022699596639254783
1955,-0.022570181544723972
1956,-0.022440655070901906
1957,-0.022311017856975705
1958,-0.022181270542678804
1959,-0.022051413768287963
1960,-0.021921448174620266
1961,-0.02179137440302958
1962,-0.021661193095403826
1963,-0.021530904894161436
1964,-0.021400510442248336
1965,-0.021270010383134936
1966,-0.021139405360812588
1967,-0.02100869601979083
1968,-0.020877883005093825
1969,-0.02074696696225735
1970,-0.020615948537325762
1971,-0.02048482837684845
1972,-0.02035360712787704
1973,-0.02022228543796187
1974,-0.020090863955148922
1975,-0.0199593433279768
1976,-0.01982772420547315
1977,-0.01969600723715189
1978,-0.019564193073009623
1979,-0.019432282363522593
1980,-0.019300275759643642
1981,-0.01916817391279861
1982,-0.019035977474883566
1983,-0.01890368709826119
1984,-0.01877130343575775
1985,-0.018638827140660005
1986,-0.01850625886671169
1987,-0.018373599268110427
1988,-0.01824084899950467
1989,-0.018108008715990102
1990,-0.01797507907310682
1991,-0.017842060726835734
1992,-0.01770895433359548
1993,-0.01757576055023936
1994,-0.01744248003405171
1995,-0.017309113442745085
1996,-0.017175661434456643
1997,-0.017042124667745066
1998,-0.016908503801587454
1999,-0.01677479949537571
2000,-0.016641012408913712
2001,-0.016507143202413675
2002,-0.016373192536493067
2003,-0.016239161072171503
2004,-0.0161050494708671
2005,-0.015970858394393654
2006,-0.015836588504956995
2007,-0.015702240465151875
2008,-0.015567814937958871
2009,-0.015433312586740721
2010,-0.015298734075239493
2011,-0.015164080067572932
2012,-0.015029351228231335
2013,-0.014894548222074444
2014,-0.014759671714327786
2015,-0.014624722370579811
2016,-0.014489700856778248
2017,-0.014354607839226964
2018,-0.014219443984582846
2019,-0.014084209959852132
2020,-0.013948906432387553
2021,-0.013813534069884658
2022,-0.013678093540378683
2023,-0.013542585512241415
2024,-0.013407010654177523
2025,-0.013271369635221677
2026,-0.013135663124734881
2027,-0.012999891792401321
2028,-0.012864056308225234
2029,-0.012728157342527269
2030,-0.01259219556594134
2031,-0.012456171649411487
2032,-0.01232008626418818
2033,-0.01218394008182544
2034,-0.012047733774177147
2035,-0.011911468013393892
2036,-0.01177514347191981
2037,-0.011638760822488898
2038,-0.011502320738122114
2039,-0.011365823892123686
2040,-0.011229270958077952
2041,-0.01109266260984619
2042,-0.010955999521562926
2043,-0.010819282367633028
2044,-0.010682511822728004
2045,-0.010545688561782842
2046,-0.01040881325999283
2047,-0.010271886592809854
2048,-0.010134909235939491
2049,-0.0099978818653373
2050,-0.00986080515720565
2051,-0.009723679787990542
2052,-0.00958650643437789
2053,-0.00944928577329062
2054,-0.009312018481884952
2055,-0.009174705237547213
2056,-0.009037346717890662
2057,-0.008899943600751763
2058,-0.008762496564187284
2059,-0.008625006286470555
2060,-0.008487473446088297
2061,-0.008349898721737433
2062,-0.008212282792321356
2063,-0.008074626336947013
2064,-0.00793693003492118
2065,-0.007799194565747264
2066,-0.007661420609122119
2067,-0.007523608844932308
2068,-0.0073857599532511885
2069,-0.007247874614335166
2070,-0.007109953508620507
2071,-0.006971997316720147
2072,-0.006834006719419997
2073,-0.006695982397675751
2074,-0.006557925032609697
2075,-0.006419835305506959
2076,-0.0062817138978125825
2077,-0.006143561491127788
2078,-0.006005378767206767
2079,-0.005867166407953488
2080,-0.005728925095417939
2081,-0.005590655511793213
2082,-0.005452358339411746
2083,-0.005314034260742119
2084,-0.005175683958385857
2085,-0.005037308115073673
2086,-0.004898907413662538
2087,-0.004760482537131931
2088,-0.004622034168580625
2089,-0.004483562991223491
2090,-0.004345069688387737
2091,-0.004206554943509972
2092,-0.004068019440132455
2093,-0.003929463861899883
2094,-0.003790888892556185
2095,-0.0036522952159407577
2096,-0.003513683515985539
2097,-0.0033750544767112397
2098,-0.003236408782224137
2099,-0.0030977471167128665
2100,-0.002959070164444653
2101,-0.0028203786097623818
2102,-0.0026816731370808314
2103,-0.0025429544308834635
2104,-0.002404223175719209
2105,-0.0022654800561987066
2106,-0.002126725756991362
2107,-0.0019879609628215855
2108,-0.001849186358465578
2109,-0.001710402628748118
2110,-0.0015716104585387935
2111,-0.0014328105327490667
2112,-0.001294003536328506
2113,-0.0011551901542615716
2114,-0.0010163710715644018
2115,-0.0008775469732811003
2116,-0.0007387185444805216
2117,-0.0005998864702530568
2118,-0.0004610514357068645
2119,-0.0003222141259649339
2120,-0.00018337522616131537
2121,-4.453542143790585e-05
2122,9.430460305876559e-05
2123,0.00023314416218130738
2124,0.0003719825707844024
2125,0.0005108191437285777
2126,0.0006496531958834189
2127,0.0007884840421307847
2128,0.0009273109973685764
2129,0.0010661333765136743
2130,0.0012049504945057079
2131,0.0013437616663102689
2132,0.001482566206922126
2133,0.001621363431368993
2134,0.0017601526547144665
2135,0.0018989331920617927
2136,0.0020377043585570816
2137,0.0021764654693925195
2138,0.002315215839810138
2139,0.0024539547851047485
2140,0.0025926816206277097
2141,0.0027313956617901385
2142,0.002870096224066124
2143,0.0030087826229964923
2144,0.0031474541741917414
2145,0.0032861101933358058
2146,0.0034247499961892673
2147,0.0035633728985925662
2148,0.0037019782164697647
2149,0.003840565265831478
2150,0.0039791333627786415
2151,0.004117681823505716
2152,0.004256209964303894
2153,0.004394717101564869
2154,0.004533202551783758
2155,0.004671665631562866
2156,0.004810105657614894
2157,0.004948521946766138
2158,0.005086913815960255
2159,0.005225280582261189
2160,0.005363621562856925
2161,0.005501936075062696
2162,0.005640223436324188
2163,0.005778482964221235
2164,0.005916713976471021
2165,0.006054915790931288
2166,0.006193087725604079
2167,0.006331229098638673
2168,0.006469339228335323
2169,0.006607417433148467
2170,0.006745463031689918
2171,0.006883475342732616
2172,0.007021453685213546
2173,0.007159397378237489
2174,0.007297305741080211
2175,0.007435178093191662
2176,0.0075730137541997165
2177,0.0077108120439130946
2178,0.007848572282325099
2179,0.007986293789616808
2180,0.008123975886160267
2181,0.008261617892522223
2182,0.00839921912946704
2183,0.00853677891796044
2184,0.00867429657917268
2185,0.008811771434481743
2186,0.008949202805477072
2187,0.009086590013962474
2188,0.009223932381959857
2189,0.009361229231712403
2190,0.009498479885687758
2191,0.00963568366658175
2192,0.009772839897321303
2193,0.009909947901068146
2194,0.010047007001222007
2195,0.010184016521423775
2196,0.010320975785559228
2197,0.010457884117761924
2198,0.01059474084241693
2199,0.01073154528416398
2200,0.010868296767900654
2201,0.011004994618786085
2202,0.011141638162243856
2203,0.011278226723965707
2204,0.011414759629914709
2205,0.011551236206328412
2206,0.011687655779722507
2207,0.011824017676893986
2208,0.011960321224924294
2209,0.012096565751183036
2210,0.01223275058333086
2211,0.01236887504932316
2212,0.012504938477413218
2213,0.012640940196155366
2214,0.012776879534408677
2215,0.012912755821339841
2216,0.013048568386426856
2217,0.013184316559462174
2218,0.013319999670555848
2219,0.013455617050139215
2220,0.013591168028967765
2221,0.013726651938124827
2222,0.013862068109024704
2223,0.013997415873415813
2224,0.014132694563384358
2225,0.014267903511357193
2226,0.014403042050105503
2227,0.014538109512747923
2228,0.014673105232753673
2229,0.014808028543946226
2230,0.014942878780506161
2231,0.015077655276974829
2232,0.01521235736825747
2233,0.015346984389626341
2234,0.015481535676724365
2235,0.015616010565567988
2236,0.015750408392550822
2237,0.01588472849444677
2238,0.016018970208413124
2239,0.016153132871994227
2240,0.0162872158231243
2241,0.016421218400131086
2242,0.01655513994173897
2243,0.016688979787072063
2244,0.016822737275657838
2245,0.01695641174742998
2246,0.017090002542731998
2247,0.017223509002320333
2248,0.017356930467367436
2249,0.01749026627946536
2250,0.01762351578062883
2251,0.017756678313298347
2252,0.017889753220343786
2253,0.018022739845067227
2254,0.018155637531206574
2255,0.018288445622938614
2256,0.01842116346488211
2257,0.0185537904021014
2258,0.01868632578010921
2259,0.018818768944870244
2260,0.01895111924280427
2261,0.019083376020789165
2262,0.019215538626164527
2263,0.019347606406734465
2264,0.01947957871077119
2265,0.019611454887018057
2266,0.01974323428469265
2267,0.01987491625349034
2268,0.02000650014358708
2269,0.020137985305642977
2270,0.02026937109080534
2271,0.020400656850711737
2272,0.020531841937493533
2273,0.0206629257037787
2274,0.02079390750269535
2275,0.020924786687874796
2276,0.021055562613454565
2277,0.021186234634081955
2278,0.021316802104916818
2279,0.021447264381635082
2280,0.021577620820431787
2281,0.021707870778024118
2282,0.021838013611654918
2283,0.02196804867909546
2284,0.022097975338648986
2285,0.0222277929491537
2286,0.022357500869985787
2287,0.02248709846106294
2288,0.02261658508284709
2289,0.022745960096347943
2290,0.02287522286312597
2291,0.0230043727452954
2292,0.02313340910552773
2293,0.023262331307054455
2294,0.023391138713670583
2295,0.023519830689737606
2296,0.023648406600186488
2297,0.023776865810521113
2298,0.02390520768682125
2299,0.02403343159574554
2300,0.024161536904534965
2301,0.024289522981015582
2302,0.024417389193601976
2303,0.02454513491130025
2304,0.02467275950371096
2305,0.024800262341032598
2306,0.024927642794064297
2307,0.02505490023420927
2308,0.025182034033477785
2309,0.0253090435644901
2310,0.02543592820047991
2311,0.025562687315297036
2312,0.025689320283410883
2313,0.025815826479913356
2314,0.025942205280521807
2315,0.026068456061582455
2316,0.026194578200073072
2317,0.026320571073606414
2318,0.026446434060433118
2319,0.026572166539444646
2320,0.026697767890176687
2321,0.026823237492811826
2322,0.026948574728182937
2323,0.027073778977776113
2324,0.027198849623733545
2325,0.027323786048856935
2326,0.02744858763661014
2327,0.027573253771122557
2328,0.02769778383719202
2329,0.027822177220287687
2330,0.027946433306553414
2331,0.028070551482810388
2332,0.02819453113656051
2333,0.028318371655989254
2334,0.028442072429968553
2335,0.028565632848060147
2336,0.028689052300518207
2337,0.028812330178292697
2338,0.02893546587303221
2339,0.02905845877708685
2340,0.029181308283511495
2341,0.029304013786068683
2342,0.029426574679231415
2343,0.02954899035818652
2344,0.029671260218837224
2345,0.029793383657806486
2346,0.029915360072439837
2347,0.03003718886080818
2348,0.03015886942171113
2349,0.03028040115467958
2350,0.030401783459978998
2351,0.030523015738612252
2352,0.030644097392322416
2353,0.03076502782359606
2354,0.03088580643566581
2355,0.031006432632513643
2356,0.031126905818873663
2357,0.031247225400234918
2358,0.031367390782844645
2359,0.03148740137371083
2360,0.03160725658060549
2361,0.031726955812067394
2362,0.0318464984774049
2363,0.03196588398669919
2364,0.03208511175080676
2365,0.032204181181362694
2366,0.03232309169078344
2367,0.03244184269226953
2368,0.03256043359980884
2369,0.03267886382817907
2370,0.032797132792950996
2371,0.03291523991049118
2372,0.03303318459796475
2373,0.03315096627333856
2374,0.03326858435538371
2375,0.03338603826367877
2376,0.033503327418612436
2377,0.03362045124138631
2378,0.033737409154018044
2379,0.033854200579343866
2380,0.033970824941021695
2381,0.0340872816635339
2382,0.034203570172189945
2383,0.03431968989312957
2384,0.03443564025332542
2385,0.03455142068058579
2386,0.034667030603557705
2387,0.034782469451729456
2388,0.03489773665543366
2389,0.03501283164584997
2390,0.03512775385500775
2391,0.03524250271578918
2392,0.03535707766193169
2393,0.03547147812803109
2394,0.035585703549544226
2395,0.03569975336279158
2396,0.03581362700496045
2397,0.035927323914107294
2398,0.03604084352916085
2399,0.03615418528992478
2400,0.03626734863708026
2401,0.03638033301218912
2402,0.03649313785769617
2403,0.036605762616932304
2404,0.03671820673411712
2405,0.036830469654361486
2406,0.03694255082367064
2407,0.03705444968894654
2408,0.03716616569799092
2409,0.03727769829950786
2410,0.03738904694310639
2411,0.03750021107930351
2412,0.03761119015952655
2413,0.037721983636116195
2414,0.037832590962329035
2415,0.03794301159234016
2416,0.03805324498124612
2417,0.0381632905850673
2418,0.03827314786075091
2419,0.038382816266173486
2420,0.03849229526014351
2421,0.03860158430240431
2422,0.03871068285363644
2423,0.038819590375460615
2424,0.03892830633044023
2425,0.03903683018208389
2426,0.039145161394848395
2427,0.039253299434140965
2428,0.03936124376632225
2429,0.039468993858708806
2430,0.03957654917957557
2431,0.0396839091981588
2432,0.03979107338465849
2433,0.03989804121024093
2434,0.04000481214704158
2435,0.04011138566816732
2436,0.04021776124769937
2437,0.04032393836069577
2438,0.04042991648319379
2439,0.04053569509221287
2440,0.04064127366575685
2441,0.04074665168281681
2442,0.04085182862337354
2443,0.040956803968399985
2444,0.041061577199864085
2445,0.041166147800730996
2446,0.04127051525496595
2447,0.04137467904753667
2448,0.041478638664415764
2449,0.0415823935925836
2450,0.04168594332003045
2451,0.04178928733575936
2452,0.041892425129788496
2453,0.04199535619315359
2454,0.042098080017910676
2455,0.042200596097138346
2456,0.042302903924940474
2457,0.042405002996448615
2458,0.042506892807824374
2459,0.04260857285626217
2460,0.042710042639991404
2461,0.04281130165827922
2462,0.04291234941143283
2463,0.04301318540080188
2464,0.0431138091287812
2465,0.04321422009881291
2466,0.043314417815389174
2467,0.043414401784054535
2468,0.04351417151140819
2469,0.04361372650510676
2470,0.043713066273866355
2471,0.043812190327465306
2472,0.04391109817674645
2473,0.04400978933361943
2474,0.044108263311063343
2475,0.04420651962312903
2476,0.04430455778494133
2477,0.04440237731270178
2478,0.04449997772369067
2479,0.04459735853626972
2480,0.0446945192698843
2481,0.04479145944506571
2482,0.044888178583433844
2483,0.044984676207699185
2484,0.045080951841665474
2485,0.04517700501023192
2486,0.045272835239395445
2487,0.04536844205625328
2488,0.04546382498900501
2489,0.04555898356695515
2490,0.04565391732051534
2491,0.0457486257812066
2492,0.04584310848166187
2493,0.045937364955628016
2494,0.046031394737968384
2495,0.04612519736466502
2496,0.046218772372820814
2497,0.04631211930066206
2498,0.04640523768754043
2499,0.046498127073935525
2500,0.04659078700145699
2501,0.04668321701284671
2502,0.04677541665198131
2503,0.04686738546387411
2504,0.0469591229946776
2505,0.04705062879168564
2506,0.047141902403335496
2507,0.04723294337921039
2508,0.04732375127004141
2509,0.04741432562770998
2510,0.04750466600524995
2511,0.04759477195684972
2512,0.04768464303785467
2513,0.04777427880476909
2514,0.04786367881525858
2515,0.04795284262815218
2516,0.048041769803444385
2517,0.04813045990229757
2518,0.04821891248704403
2519,0.048307127121188044
2520,0.04839510336940826
2521,0.04848284079755958
2522,0.04857033897267553
2523,0.048657597462970305
2524,0.04874461583784081
2525,0.04883139366786898
2526,0.04891793052482368
2527,0.049004225981663006
2528,0.04909027961253634
2529,0.0491760909927863
2530,0.04926165969895111
2531,0.04934698530876642
2532,0.04943206740116758
2533,0.04951690555629168
2534,0.049601499355479466
2535,0.04968584838127769
2536,0.049769952217440856
2537,0.04985381044893354
2538,0.04993742266193233
2539,0.050020788443827756
2540,0.05010390738322658
2541,0.05018677906995354
2542,0.05026940309505361
2543,0.05035177905079395
2544,0.05043390653066576
2545,0.050515785129386585
2546,0.05059741444290198
2547,0.0506787940683878
2548,0.05075992360425204
2549,0.050840802650136754
2550,0.050921430806920236
2551,0.05100180767671873
2552,0.05108193286288865
2553,0.0511618059700284
2554,0.05124142660398025
2555,0.05132079437183249
2556,0.051399908881921155
2557,0.05147876974383213
2558,0.05155737656840301
2559,0.051635728967724906
2560,0.05171382655514458
2561,0.051791668945266225
2562,0.0518692557539533
2563,0.05194658659833062
2564,0.052023661096786
2565,0.052100478868972386
2566,0.052177039535809606
2567,0.05225334271948616
2568,0.05232938804346128
2569,0.0524051751324666
2570,0.05248070361250814
2571,0.05255597311086813
2572,0.05263098325610673
2573,0.052705733678064075
2574,0.052780224007861844
2575,0.05285445387790533
2576,0.05292842292188513
2577,0.053002130774778874
2578,0.05307557707285325
2579,0.053148761453665545
2580,0.05322168355606563
2581,0.05329434302019768
2582,0.05336673948750183
2583,0.0534388726007162
2584,0.05351074200387836
2585,0.05358234734232735
2586,0.05365368826270529
2587,0.0537247644129591
2588,0.053795575442342355
2589,0.05386612100141687
2590,0.05393640074205457
2591,0.054006414317439154
2592,0.054076161382067695
2593,0.05414564159175256
2594,0.05421485460362288
2595,0.05428380007612644
2596,0.054352477669031264
2597,0.05442088704342724
2598,0.054489027861727976
2599,0.05455689978767222
2600,0.05462450248632574
2601,0.0546918356240829
2602,0.05475889886866818
2603,0.054825691889138065
2604,0.05489221435588243
2605,0.054958465940626346
2606,0.055024446316431636
2607,0.05509015515769841
2608,0.05515559214016683
2609,0.05522075694091862
2610,0.055285649238378566
2611,0.05535026871231635
2612,0.05541461504384785
2613,0.05547868791543692
2614,0.05554248701089691
2615,0.0556060120153921
2616,0.05566926261543947
2617,0.05573223849891001
2618,0.05579493935503047
2619,0.05585736487438482
2620,0.055919514748915655
2621,0.05598138867192594
2622,0.0560429863380803
2623,0.05610430744340671
2624,0.05616535168529792
2625,0.05622611876251285
2626,0.0562866083751783
2627,0.056346820224790185
2628,0.0564067540142152
2629,0.056466409447692226
2630,0.05652578623083367
2631,0.05658488407062715
2632,0.0566437026754367
2633,0.0567022417550044
2634,0.05676050102045173
2635,0.05681848018428093
2636,0.05687617896037656
2637,0.056933597064006775
2638,0.05699073421182482
2639,0.05704759012187045
2640,0.057104164513571164
2641,0.057160457107743805
2642,0.05721646762659573
2643,0.05727219579372635
2644,0.057327641334128446
2645,0.057382803974189406
2646,0.05743768344169278
2647,0.05749227946581943
2648,0.05754659177714902
2649,0.05760062010766127
2650,0.057654364190737224
2651,0.05770782376116071
2652,0.05776099855511955
2653,0.057813888310206826
2654,0.05786649276542231
2655,0.057918811661173596
2656,0.05797084473927751
2657,0.05802259174296132
2658,0.05807405241686399
2659,0.0581252265070375
2660,0.05817611376094801
2661,0.0582267139274772
2662,0.05827702675692349
2663,0.05832705200100318
2664,0.05837678941285183
2665,0.058426238747025294
2666,0.05847539975950112
2667,0.058524272207679646
2668,0.058572855850385165
2669,0.05862115044786725
2670,0.058669155761801754
2671,0.05871687155529217
2672,0.05876429759287071
2673,0.05881143364049941
2674,0.058858279465571414
2675,0.058904834836911994
2676,0.05895109952477982
2677,0.058997073300867994
2678,0.059042755938305186
2679,0.05908814721165683
2680,0.05913324689692612
2681,0.059178054771555216
2682,0.059222570614426324
2683,0.05926679420586271
2684,0.05931072532762992
2685,0.05935436376293667
2686,0.05939770929643614
2687,0.05944076171422685
2688,0.05948352080385381
2689,0.05952598635430954
2690,0.05956815815603512
2691,0.0596100360009212
2692,0.05965161968230911
2693,0.059692908994991724
2694,0.059733903735214644
2695,0.05977460370067711
2696,0.05981500869053298
2697,0.059855118505391804
2698,0.059894932947319714
2699,0.059934451819840494
2700,0.059973674927936496
2701,0.060012602078049565
2702,0.06005123307808209
2703,0.060089567737397875
2704,0.060127605866823114
2705,0.06016534727864732
2706,0.06020279178662423
2707,0.06023993920597278
2708,0.06027678935337791
2709,0.060313342046991604
2710,0.06034959710643371
2711,0.06038555435279279
2712,0.06042121360862712
2713,0.060456574697965455
2714,0.06049163744630795
2715,0.06052640168062704
2716,0.060560867229368216
2717,0.060595033922450976
2718,0.06062890159126956
2719,0.060662470068693866
2720,0.06069573918907025
2721,0.06072870878822229
2722,0.06076137870345169
2723,0.06079374877353899
2724,0.06082581883874444
2725,0.060857588740808745
2726,0.060889058322953826
2727,0.060920227429883685
2728,0.060951095907785025
2729,0.060981663604328155
2730,0.061011930368667686
2731,0.0610418960514432
2732,0.06107156050478014
2733,0.06110092358229038
2734,0.06112998513907308
2735,0.06115874503171532
2736,0.06118720311829282
2737,0.0612153592583707
2738,0.06124321331300404
2739,0.06127076514473873
2740,0.06129801461761206
2741,0.06132496159715334
2742,0.061351605950384684
2743,0.06137794754582159
2744,0.0614039862534736
2745,0.06142972194484494
2746,0.061455154492935156
2747,0.06148028377223977
2748,0.06150510965875086
2749,0.06152963202995768
2750,0.0615538507648473
2751,0.061577765743905104
2752,0.061601376849115534
2753,0.06162468396396254
2754,0.06164768697343021
2755,0.06167038576400335
2756,0.06169278022366798
2757,0.06171487024191198
2758,0.06173665570972558
2759,0.06175813651960186
2760,0.06177931256553739
2761,0.06180018374303264
2762,0.061820749949092556
2763,0.06184101108222708
2764,0.06186096704245159
2765,0.06188061773128747
2766,0.061899963051762506
2767,0.06191900290841147
2768,0.06193773720727651
2769,0.06195616585590763
2770,0.06197428876336318
2771,0.06199210584021026
2772,0.0620096169985252
2773,0.06202682215189396
2774,0.06204372121541257
2775,0.062060314105687596
2776,0.062076600740836436
2777,0.06209258104048785
2778,0.062108254925782286
2779,0.062123622319372275
2780,0.062138683145422834
2781,0.06215343732961183
2782,0.06216788479913033
2783,0.06218202548268301
2784,0.06219585931048842
2785,0.06220938621427943
2786,0.0622226061273035
2787,0.06223551898432302
2788,0.06224812472161566
2789,0.06226042327697463
2790,0.06227241458970906
2791,0.062284098600644225
2792,0.062295475252121896
2793,0.062306544488000604
2794,0.062317306253655884
2795,0.062327760495980614
2796,0.062337907163385206
2797,0.0623477462057979
2798,0.062357277574665027
2799,0.062366501222951176
2800,0.06237541710513953
2801,0.062384025177232
2802,0.06239232539674948
2803,0.06240031772273208
2804,0.06240800211573926
2805,0.06241537853785011
2806,0.062422446952663475
2807,0.062429207325298136
2808,0.062435659622393044
2809,0.06244180381210739
2810,0.06244763986412086
2811,0.0624531677496337
2812,0.06245838744136692
2813,0.062463298913562386
2814,0.06246790214198298
2815,0.06247219710391269
2816,0.06247618377815676
2817,0.06247986214504175
2818,0.06248323218641565
2819,0.062486293885648005
2820,0.06248904722762994
2821,0.062491492198774264
2822,0.06249362878701554
2823,0.06249545698181014
2824,0.062496976774136286
2825,0.06249818815649411
2826,0.0624990911229057
2827,0.06249968566891507
2828,0.062499971791588275
2829,0.06249994948951336
2830,0.06249961876280037
2831,0.06249897961308138
2832,0.06249803204351046
2833,0.062496776058763685
2834,0.06249521166503908
2835,0.062493338870056606
2836,0.06249115768305814
2837,0.0624886681148074
2838,0.062485870177589886
2839,0.062482763885212865
2840,0.062479349253005266
2841,0.06247562629781761
2842,0.062471595038021924
2843,0.06246725549351166
2844,0.0624626076857016
2845,0.06245765163752774
2846,0.062452387373447174
2847,0.06244681491943798
2848,0.062440934302999095
2849,0.06243474555315018
2850,0.062428248700431455
2851,0.06242144377690359
2852,0.0624143308161475
2853,0.06240690985326422
2854,0.06239918092487469
2855,0.06239114406911963
2856,0.06238279932565929
2857,0.06237414673567329
2858,0.06236518634186043
2859,0.062355918188438435
2860,0.06234634232114378
2861,0.06233645878723142
2862,0.06232626763547463
2863,0.06231576891616466
2864,0.062304962681110576
2865,0.06229384898363898
2866,0.06228242787859371
2867,0.06227069942233564
2868,0.062258663672742305
2869,0.06224632068920771
2870,0.062233670532642
2871,0.06222071326547113
2872,0.06220744895163661
2873,0.06219387765659515
2874,0.062179999447318335
2875,0.06216581439229235
2876,0.06215132256151758
2877,0.06213652402650826
2878,0.062121418860292196
2879,0.062106007137410324
2880,0.062090288933916396
2881,0.06207426432737657
2882,0.06205793339686903
2883,0.062041296222983655
2884,0.06202435288782151
2885,0.06200710347499456
2886,0.06198954806962515
2887,0.06197168675834568
2888,0.06195351962929812
2889,0.06193504677213357
2890,0.061916268278011874
2891,0.06189718423960109
2892,0.0618777947510771
2893,0.061858099908123125
2894,0.06183809980792924
2895,0.061817794549191896
2896,0.06179718423211346
2897,0.061776268958401666
2898,0.06175504883126919
2899,0.061733523955433064
2900,0.06171169443711422
2901,0.06168956038403691
2902,0.061667121905428224
2903,0.06164437911201754
2904,0.061621332116035925
2905,0.061597981031215686
2906,0.061574325972789695
2907,0.06155036705749089
2908,0.0615261044035517
2909,0.0615015381307034
2910,0.06147666836017561
2911,0.061451495214695624
2912,0.061426018818487825
2913,0.06140023929727311
2914,0.06137415677826818
2915,0.06134777139018504
2916,0.06132108326323023
2917,0.06129409252910427
2918,0.06126679932100101
2919,0.0612392037736069
2920,0.0612113060231004
2921,0.06118310620715129
2922,0.06115460446491996
2923,0.061125800937056766
2924,0.06109669576570131
2925,0.06106728909448172
2926,0.061037581068513994
2927,0.061007571834401246
2928,0.060977261540232995
2929,0.06094665033558442
2930,0.06091573837151563
2931,0.06088452580057095
2932,0.0608530127767781
2933,0.060821199455647505
2934,0.06078908599417149
2935,0.060756672550823475
2936,0.0607239592855573
2937,0.060690946359806305
2938,0.06065763393648263
2939,0.06062402217997635
2940,0.060590111256154704
2941,0.060555901332361266
2942,0.06052139257741508
2943,0.06048658516160993
2944,0.06045147925671336
2945,0.06041607503596592
2946,0.060380372674080314
2947,0.06034437234724048
2948,0.06030807423310078
2949,0.06027147851078508
2950,0.060234585360885856
2951,0.0601973949654634
2952,0.06015990750804477
2953,0.06012212317362304
2954,0.06008404214865625
2955,0.06004566462106657
2956,0.060006990780239376
2957,0.059968020817022245
2958,0.059928754923724105
2959,0.059889193294114206
2960,0.059849336123421186
2961,0.05980918360833217
2962,0.059768735946991704
2963,0.05972799333900082
2964,0.059686955985416096
2965,0.05964562408874856
2966,0.05960399785296281
2967,0.0595620774834759
2968,0.05951986318715639
2969,0.05947735517232334
2970,0.059434553648745184
2971,0.05939145882763884
2972,0.05934807092166855
2973,0.059304390144944846
2974,0.059260416713023574
2975,0.05921615084290473
2976,0.059171592753031466
2977,0.05912674266328896
2978,0.05908160079500333
2979,0.05903616737094062
2980,0.05899044261530558
2981,0.05894442675374068
2982,0.0588981200133249
2983,0.058851522622572636
2984,0.05880463481143265
2985,0.05875745681128678
2986,0.058709988854948984
2987,0.058662231176664026
2988,0.05861418401210639
2989,0.05856584759837918
2990,0.05851722217401279
2991,0.05846830797896393
2992,0.05841910525461426
2993,0.05836961424376927
2994,0.05831983519065716
2995,0.05826976834092746
2996,0.05821941394165002
2997,0.058168772241313615
2998,0.058117843489824794
2999,0.05806662793850671
3000,0.058015125840097735
3001,0.057963337448750374
3002,0.05791126302002986
3003,0.05785890281091297
3004,0.057806257079786816
3005,0.05775332608644741
3006,0.05770011009209857
3007,0.05764660935935047
3008,0.05759282415221839
3009,0.05753875473612154
3010,0.05748440137788154
3011,0.05742976434572123
3012,0.05737484390926338
3013,0.057319640339529215
3014,0.05726415390893726
3015,0.05720838489130182
3016,0.057152333561831734
3017,0.057096000197129036
3018,0.05703938507518747
3019,0.05698248847539129
3020,0.056925310678513696
3021,0.05686785196671557
3022,0.0568101126235441
3023,0.05675209293393124
3024,0.05669379318419251
3025,0.056635213662025376
3026,0.056576354656507934
3027,0.05651721645809755
3028,0.05645779935862925
3029,0.05639810365131447
3030,0.056338129630739475
3031,0.05627787759286391
3032,0.05621734783501948
3033,0.05615654065590827
3034,0.056095456355601495
3035,0.05603409523553782
3036,0.055972457598521964
3037,0.055910543748723285
3038,0.05584835399167407
3039,0.055785888634268296
3040,0.055723147984759844
3041,0.055660132352761155
3042,0.055596842049241695
3043,0.05553327738652629
3044,0.05546943867829377
3045,0.05540532623957526
3046,0.05534094038675268
3047,0.05527628143755727
3048,0.05521134971106784
3049,0.05514614552770942
3050,0.055080669209251455
3051,0.05501492107880635
3052,0.05494890146082791
3053,0.0548826106811096
3054,0.05481604906678301
3055,0.054749216946316334
3056,0.05468211464951254
3057,0.054614742507507974
3058,0.05454710085277054
3059,0.05447919001909813
3060,0.05441101034161704
3061,0.05434256215678019
3062,0.0542738458023656
3063,0.05420486161747458
3064,0.05413560994253014
3065,0.05406609111927538
3066,0.0539963054907716
3067,0.05392625340139685
3068,0.05385593519684403
3069,0.05378535122411926
3070,0.053714501831540265
3071,0.053643387368734426
3072,0.05357200818663734
3073,0.053500364637490826
3074,0.05342845707484132
3075,0.05335628585353819
3076,0.053283851329731784
3077,0.05321115386087192
3078,0.05313819380570591
3079,0.053064971524276874
3080,0.052991487377922045
3081,0.05291774172927081
3082,0.05284373494224311
3083,0.052769467382047484
3084,0.052694939415179325
3085,0.052620151409419155
3086,0.052545103733830645
3087,0.052469796758758985
3088,0.052394230855828866
3089,0.052318406397942746
3090,0.05224232375927908
3091,0.052165983315290265
3092,0.052089385442701065
3093,0.05201253051950649
3094,0.051935418924970035
3095,0.051858051039621926
3096,0.051780427245257034
3097,0.05170254792493308
3098,0.05162441346296887
3099,0.05154602424494214
3100,0.05146738065768792
3101,0.0513884830892964
3102,0.051309331929111156
3103,0.05122992756772723
3104,0.05115027039698906
3105,0.05107036080998878
3106,0.05099019920106404
3107,0.05090978596579618
3108,0.05082912150100834
3109,0.05074820620476331
3110,0.05066704047636182
3111,0.05058562471634033
3112,0.05050395932646915
3113,0.05042204470975056
3114,0.0503398812704166
3115,0.050257469413927336
3116,0.0501748095469686
3117,0.05009190207745014
3118,0.05000874741450364
3119,0.049925345968480514
3120,0.04984169815095014
3121,0.04975780437469758
3122,0.04967366505372166
3123,0.04958928060323302
3124,0.04950465143965181
3125,0.04941977798060596
3126,0.04933466064492882
3127,0.04924929985265723
3128,0.049163696025029555
3129,0.04907784958448332
3130,0.04899176095465347
3131,0.04890543056036998
3132,0.04881885882765588
3133,0.04873204618372529
3134,0.048644993056981
3135,0.04855769987701271
3136,0.048470167074594596
3137,0.04838239508168335
3138,0.04829438433141611
3139,0.04820613525810813
3140,0.04811764829725075
3141,0.04802892388550933
3142,0.04793996246072087
3143,0.04785076446189211
3144,0.047761330329197146
3145,0.047671660503975345
3146,0.047581755428729264
3147,0.04749161554712223
3148,0.047401241303976445
3149,0.04731063314527052
3150,0.04721979151813741
3151,0.04712871687086228
3152,0.04703740965288005
3153,0.046945870314773507
3154,0.04685409930827076
3155,0.046762097086243175
3156,0.04666986410270322
3157,0.046577400812802
3158,0.04648470767282724
3159,0.04639178514020086
3160,0.046298633673476766
3161,0.04620525373233872
3162,0.04611164577759781
3163,0.046017810271190486
3164,0.045923747676176
3165,0.04582945845673422
3166,0.04573494307816351
3167,0.04564020200687811
3168,0.045545235710406154
3169,0.045450044657387126
3170,0.04535462931756962
3171,0.04525899016180915
3172,0.04516312766206559
3173,0.04506704229140109
3174,0.04497073452397754
3175,0.04487420483505429
3176,0.04477745370098595
3177,0.04468048159921978
3178,0.04458328900829359
3179,0.044485876407833184
3180,0.04438824427855003
3181,0.044290393102239076
3182,0.04419232336177604
3183,0.044094035541115385
3184,0.04399553012528763
3185,0.04389680760039709
3186,0.04379786845361957
3187,0.04369871317319977
3188,0.043599342248448934
3189,0.04349975616974261
3190,0.04339995542851791
3191,0.04329994051727145
3192,0.04319971192955658
3193,0.04309927015998112
3194,0.04299861570420501
3195,0.0428977490589376
3196,0.0427966707219355
3197,0.04269538119199987
3198,0.04259388096897407
3199,0.04249217055374129
3200,0.04239025044822182
3201,0.042288121155370895
3202,0.04218578317917593
3203,0.04208323702465414
3204,0.04198048319785019
3205,0.041877522205833385
3206,0.041774354556695543
3207,0.041670980759548136
3208,0.04156740132451996
3209,0.0414636167627547
3210,0.041359627586408154
3211,0.04125543430864599
3212,0.04115103744364097
3213,0.04104643750657052
3214,0.0409416350136143
3215,0.04083663048195138
3216,0.040731424429758016
3217,0.040626017376204804
3218,0.04052040984145424
3219,0.04041460234665827
3220,0.04030859541395547
3221,0.04020238956646872
3222,0.040095985328302414
3223,0.03998938322453995
3224,0.03988258378124128
3225,0.039775587525440026
3226,0.039668394985141193
3227,0.0395610066893183
3228,0.039453423167910874
3229,0.03934564495182196
3230,0.03923767257291528
3231,0.039129506564012664
3232,0.039021147458891646
3233,0.03891259579228245
3234,0.038803852099865734
3235,0.03869491691826962
3236,0.038585790785067214
3237,0.038476474238774046
3238,0.038366967818845125
3239,0.03825727206567262
3240,0.038147387520582894
3241,0.03803731472583395
3242,0.03792705422461292
3243,0.03781660656103303
3244,0.0377059722801313
3245,0.03759515192786553
3246,0.03748414605111176
3247,0.03737295519766167
3248,0.0372615799162196
3249,0.037150020756400184
3250,0.03703827826872531
3251,0.036926353004621555
3252,0.03681424551641761
3253,0.03670195635734121
3254,0.036589486081516784
3255,0.03647683524396241
3256,0.03636400440058719
3257,0.03625099410818864
3258,0.03613780492444968
3259,0.03602443740793617
3260,0.03591089211809388
3261,0.03579716961524586
3262,0.0356832704605898
3263,0.03556919521619495
3264,0.03545494444499971
3265,0.03534051871080855
3266,0.035225918578289314
3267,0.03511114461297063
3268,0.034996197381238756
3269,0.034881077450335175
3270,0.03476578538835348
3271,0.03465032176423668
3272,0.034534687147774544
3273,0.03441888210960053
3274,0.03430290722118908
3275,0.034186763054852964
3276,0.03407045018374011
3277,0.033953969181831155
3278,0.03383732062393629
3279,0.033720505085692555
3280,0.033603523143561166
3281,0.0334863753748243
3282,0.03336906235758265
3283,0.03325158467075223
3284,0.03313394289406167
3285,0.0330161376080495
3286,0.032898169394060935
3287,0.0327800388342454
3288,0.03266174651155331
3289,0.032543293009733375
3290,0.032424678913329806
3291,0.03230590480767914
3292,0.032186971278907725
3293,0.032067878913928455
3294,0.03194862830043809
3295,0.03182922002691443
3296,0.03170965468261311
3297,0.031589932857565076
3298,0.031470055142573325
3299,0.03135002212921014
3300,0.031229834409814312
3301,0.031109492577487893
3302,0.03098899722609363
3303,0.030868348950251725
3304,0.030747548345337015
3305,0.03062659600747621
3306,0.030505492533544593
3307,0.03038423852116346
3308,0.030262834568696845
3309,0.03014128127524871
3310,0.030019579240660125
3311,0.02989772906550597
3312,0.02977573135109237
3313,0.029653586699453376
3314,0.029531295713348147
3315,0.029408858996258114
3316,0.029286277152383678
3317,0.029163550786641592
3318,0.02904068050466166
3319,0.028917666912783874
3320,0.028794510618055588
3321,0.028671212228228212
3322,0.02854777235175437
3323,0.02842419159778504
3324,0.028300470576166206
3325,0.028176609897436238
3326,0.028052610172822547
3327,0.027928472014238693
3328,0.027804196034281543
3329,0.027679782846227872
3330,0.027555233064031764
3331,0.027430547302321206
3332,0.02730572617639522
3333,0.027180770302220977
3334,0.027055680296430393
3335,0.026930456776317505
3336,0.026805100359835066
3337,0.026679611665591647
3338,0.026553991312848725
3339,0.02642823992151729
3340,0.026302358112155186
3341,0.026176346505963684
3342,0.026050205724784583
3343,0.025923936391097285
3344,0.025797539128015367
3345,0.025671014559283917
3346,0.0255443633092761
3347,0.025417586002990218
3348,0.025290683266046804
3349,0.02516365572468515
3350,0.025036504005760636
3351,0.02490922873674129
3352,0.02478183054570483
3353,0.02465431006133572
3354,0.024526667912921712
3355,0.02439890473035115
3356,0.024271021144109513
3357,0.024143017785276437
3358,0.024014895285522767
3359,0.023886654277107084
3360,0.023758295392872986
3361,0.023629819266245616
3362,0.023501226531228676
3363,0.023372517822401465
3364,0.02324369377491544
3365,0.023114755024491226
3366,0.022985702207415637
3367,0.02285653596053818
3368,0.022727256921268323
3369,0.022597865727571984
3370,0.022468363017968535
3371,0.022338749431527822
3372,0.022209025607866632
3373,0.022079192187145963
3374,0.02194924981006749
3375,0.021819199117870572
3376,0.021689040752329233
3377,0.021558775355748638
3378,0.02142840357096233
3379,0.021297926041328713
3380,0.02116734341072801
3381,0.021036656323559253
3382,0.020905865424736745
3383,0.020774971359687276
3384,0.020643974774346593
3385,0.02051287631515636
3386,0.020381676629061114
3387,0.02025037636350473
3388,0.020118976166427625
3389,0.019987476686263207
3390,0.019855878571934816
3391,0.019724182472852694
3392,0.019592389038910408
3393,0.01946049892048207
3394,0.019328512768418737
3395,0.019196431234045387
3396,0.019064254969157843
3397,0.01893198462601919
3398,0.01879962085735699
3399,0.01866716431635967
3400,0.018534615656673484
3401,0.01840197553239942
3402,0.01826924459808962
3403,0.018136423508744563
3404,0.01800351291980947
3405,0.017870513487171225
3406,0.017737425867155293
3407,0.017604250716522166
3408,0.017470988692464284
3409,0.017337640452602953
3410,0.01720420665498472
3411,0.01707068795807855
3412,0.016937085020772222
3413,0.01680339850236921
3414,0.016669629062585616
3415,0.01653577736154652
3416,0.016401844059783163
3417,0.01626782981822931
3418,0.01613373529821814
3419,0.015999561161479162
3420,0.015865308070134553
3421,0.015730976686696332
3422,0.015596567674062718
3423,0.015462081695515007
3424,0.015327519414714474
3425,0.015192881495698711
3426,0.015058168602878785
3427,0.014923381401035583
3428,0.014788520555316693
3429,0.01465358673123328
3430,0.014518580594656428
3431,0.014383502811814284
3432,0.014248354049288394
3433,0.014113134974010575
3434,0.01397784625325978
3435,0.01384248855465844
3436,0.01370706254616959
3437,0.013571568896093195
3438,0.013436008273063025
3439,0.013300381346043505
3440,0.013164688784326039
3441,0.013028931257526149
3442,0.012893109435579775
3443,0.012757223988740149
3444,0.012621275587574634
3445,0.012485264902961049
3446,0.012349192606084781
3447,0.012213059368435105
3448,0.01207686586180202
3449,0.011940612758273104
3450,0.011804300730229821
3451,0.011667930450344628
3452,0.011531502591577283
3453,0.011395017827171684
3454,0.011258476830652706
3455,0.011121880275822562
3456,0.010985228836757628
3457,0.010848523187805287
3458,0.010711764003580223
3459,0.010574951958961517
3460,0.01043808772908895
3461,0.010301171989359818
3462,0.01016420541542578
3463,0.010027188683189124
3464,0.009890122468799887
3465,0.009753007448652118
3466,0.009615844299380722
3467,0.009478633697858264
3468,0.009341376321191268
3469,0.009204072846717298
3470,0.009066723952001234
3471,0.008929330314832102
3472,0.008791892613219885
3473,0.008654411525391795
3474,0.008516887729789367
3475,0.008379321905064723
3476,0.008241714730077392
3477,0.008104066883891124
3478,0.00796637904577015
3479,0.00782865189517628
3480,0.007690886111765149
3481,0.007553082375383044
3482,0.007415241366063704
3483,0.007277363764024583
3484,0.007139450249663934
3485,0.0070015015035570635
3486,0.006863518206453139
3487,0.006725501039271998
3488,0.006587450683100398
3489,0.006449367819189097
3490,0.0063112531289491085
3491,0.006173107293948502
3492,0.006034930995909205
3493,0.005896724916703253
3494,0.005758489738349868
3495,0.005620226143011702
3496,0.005481934812991643
3497,0.005343616430729606
3498,0.00520527167879884
3499,0.005066901239902722
3500,0.004928505796871555
3501,0.004790086032658811
3502,0.004651642630338204
3503,0.00451317627309993
3504,0.004374687644247464
3505,0.004236177427194353
3506,0.0040976463054604555
3507,0.003959094962669012
3508,0.0038205240825428845
3509,0.003681934348901346
3510,0.003543326445656876
3511,0.0034047010568113937
3512,0.0032660588664533293
3513,0.003127400558753859
3514,0.0029887268179636934
3515,0.00285003832840987
3516,0.002711335774491986
3517,0.0025726198406792657
3518,0.0024338912115067926
3519,0.0022951505715723018
3520,0.002156398605532963
3521,0.0020176359981016177
3522,0.0018788634340438416
3523,0.0017400815981741785
3524,0.0016012911753529259
3525,0.0014624928504829234
3526,0.0013236873085057832
3527,0.001184875234398955
3528,0.001046057313171956
3529,0.0009072342298631582
3530,0.0007684066695365738
3531,0.0006295753172780863
3532,0.0004907408581925136
3533,0.00035190397739983867
3534,0.00021306536003199483
3535,7.422569122965194e-05
3536,-6.461434386155373e-05
3537,-0.00020345406009395628
3538,-0.0003422927723216299
3539,-0.0004811297954036032
3540,-0.000619964444207074
3541,-0.0007587960336111231
3542,-0.0008976238785099289
3543,-0.0010364472938159818
3544,-0.0011752655944638531
3545,-0.001314078095413132
3546,-0.0014528841116521946
3547,-0.0015916829582014178
3548,-0.0017304739501163926
3549,-0.0018692564024916933
3550,-0.0020080296304638137
3551,-0.002146792949214933
3552,-0.0022855456739761327
3553,-0.0024242871200306046
3554,-0.002563016602717423
3555,-0.002701733437434475
3556,-0.0028404369396422303
3557,-0.002979126424866952
3558,-0.0031178012087039074
3559,-0.0032564606068211342
3560,-0.003395103934962373
3561,-0.0035337305089508347
3562,-0.0036723396446924064
3563,-0.003810930658178864
3564,-0.0039495028654916355
3565,-0.004088055582804731
3566,-0.0042265881263885054
3567,-0.004365099812612868
3568,-0.00450358995795049
3569,-0.004642057878980563
3570,-0.0047805028923917255
3571,-0.004918924314985833
3572,-0.005057321463681155
3573,-0.005195693655515579
3574,-0.005334040207650373
3575,-0.005472360437373112
3576,-0.0056106536621014285
3577,-0.005748919199386224
3578,-0.005887156366914862
3579,-0.006025364482514929
3580,-0.006163542864157155
3581,-0.006301690829959166
3582,-0.0064398076981886845
3583,-0.0065778927872667285
3584,-0.006715945415771358
3585,-0.006853964902440604
3586,-0.006991950566176203
3587,-0.007129901726046809
3588,-0.007267817701291175
3589,-0.007405697811321851
3590,-0.007543541375728373
3591,-0.0076813477142804575
3592,-0.007819116146931744
3593,-0.00795684599382271
3594,-0.00809453657528441
3595,-0.008232187211841664
3596,-0.008369797224216253
3597,-0.008507365933330641
3598,-0.008644892660310904
3599,-0.00878237672649045
3600,-0.008919817453413215
3601,-0.009057214162836835
3602,-0.009194566176736332
3603,-0.009331872817307347
3604,-0.009469133406969093
3605,-0.009606347268368374
3606,-0.009743513724382473
3607,-0.00988063209812261
3608,-0.01001770171293728
3609,-0.010154721892415708
3610,-0.010291691960390736
3611,-0.010428611240942832
3612,-0.010565479058402976
3613,-0.01070229473735611
3614,-0.010839057602644576
3615,-0.010975766979371014
3616,-0.01111242219290235
3617,-0.011249022568872682
3618,-0.011385567433186718
3619,-0.01152205611202322
3620,-0.011658487931837883
3621,-0.011794862219367316
3622,-0.011931178301631932
3623,-0.012067435505939375
3624,-0.012203633159887945
3625,-0.01233977059136949
3626,-0.012475847128573364
3627,-0.01261186209998932
3628,-0.01274781483441092
3629,-0.012883704660938966
3630,-0.013019530908984367
3631,-0.01315529290827211
3632,-0.013290989988844124
3633,-0.013426621481062702
3634,-0.013562186715613907
3635,-0.013697685023510448
3636,-0.01383311573609563
3637,-0.013968478185046214
3638,-0.014103771702375832
3639,-0.014238995620438387
3640,-0.014374149271930915
3641,-0.014509231989897528
3642,-0.014644243107732274
3643,-0.014779181959182531
3644,-0.014914047878352408
3645,-0.015048840199705591
3646,-0.015183558258069286
3647,-0.015318201388637062
3648,-0.01545276892697224
3649,-0.01558726020901128
3650,-0.015721674571066636
3651,-0.015856011349830657
3652,-0.015990269882378456
3653,-0.016124449506171264
3654,-0.016258549559059823
3655,-0.016392569379287222
3656,-0.0165265083054928
3657,-0.016660365676714986
3658,-0.016794140832394663
3659,-0.016927833112378544
3660,-0.01706144185692199
3661,-0.017194966406692918
3662,-0.01732840610277462
3663,-0.017461760286669122
3664,-0.01759502830030055
3665,-0.017728209486017932
3666,-0.017861303186599103
3667,-0.01799430874525351
3668,-0.018127225505625556
3669,-0.018260052811797964
3670,-0.018392790008294566
3671,-0.018525436440084194
3672,-0.018657991452583473
3673,-0.018790454391660168
3674,-0.01892282460363651
3675,-0.01905510143529201
3676,-0.019187284233867292
3677,-0.01931937234706693
3678,-0.019451365123062732
3679,-0.0195832619104971
3680,-0.019715062058485788
3681,-0.019846764916621774
3682,-0.019978369834978024
3683,-0.02010987616411083
3684,-0.020241283255063098
3685,-0.020372590459367144
3686,-0.02050379712904852
3687,-0.020634902616628783
3688,-0.020765906275128813
3689,-0.020896807458072097
3690,-0.021027605519487506
3691,-0.021158299813913102
3692,-0.02128888969639892
3693,-0.02141937452251024
3694,-0.021549753648330887
3695,-0.021680026430465973
3696,-0.021810192226045712
3697,-0.021940250392728174
3698,-0.02207020028870255
3699,-0.022200041272692327
3700,-0.022329772703958556
3701,-0.022459393942302598
3702,-0.0225889043480699
3703,-0.022718303282152748
3704,-0.022847590105993514
3705,-0.022976764181587915
3706,-0.02310582487148775
3707,-0.023234771538804665
3708,-0.023363603547212876
3709,-0.02349232026095242
3710,-0.02362092104483239
3711,-0.02374940526423367
3712,-0.023877772285112668
3713,-0.024006021474004036
3714,-0.024134152198023912
3715,-0.02426216382487313
3716,-0.02439005572283994
3717,-0.024517827260803742
3718,-0.024645477808237774
3719,-0.024773006735212346
3720,-0.024900413412398043
3721,-0.025027697211068418
3722,-0.025154857503103714
3723,-0.02528189366099355
3724,-0.025408805057840128
3725,-0.02553559106736141
3726,-0.025662251063893828
3727,-0.025788784422395957
3728,-0.025915190518451207
3729,-0.026041468728271008
3730,-0.026167618428697973
3731,-0.026293638997208588
3732,-0.02641952981191688
3733,-0.026545290251577085
3734,-0.026670919695586808
3735,-0.0267964175239902
3736,-0.0269217831174806
3737,-0.027047015857404207
3738,-0.027172115125762716
3739,-0.02729708030521649
3740,-0.02742191077908768
3741,-0.02754660593136289
3742,-0.027671165146696812
3743,-0.027795587810414853
3744,-0.027919873308516273
3745,-0.02804402102767732
3746,-0.02816803035525386
3747,-0.02829190067928498
3748,-0.02841563138849563
3749,-0.028539221872299732
3750,-0.028662671520803287
3751,-0.028785979724806992
3752,-0.028909145875809842
3753,-0.029032169366011742
3754,-0.02915504958831659
3755,-0.02927778593633539
3756,-0.029400377804388828
3757,-0.02952282458751088
3758,-0.02964512568145138
3759,-0.02976728048267911
3760,-0.029889288388384873
3761,-0.03001114879648408
3762,-0.03013286110562031
3763,-0.03025442471516788
3764,-0.030375839025234903
3765,-0.03049710343666636
3766,-0.03061821735104666
3767,-0.03073918017070317
3768,-0.030859991298708794
3769,-0.030980650138884985
3770,-0.03110115609580482
3771,-0.031221508574795522
3772,-0.03134170698194199
3773,-0.03146175072408935
3774,-0.03158163920884595
3775,-0.031701371844586414
3776,-0.03182094804045415
3777,-0.03194036720636486
3778,-0.032059628753009065
3779,-0.03217873209185509
3780,-0.03229767663515209
3781,-0.032416461795932563
3782,-0.032535086988015806
3783,-0.032653551626010434
3784,-0.032771855125317356
3785,-0.03288999690213269
3786,-0.033007976373450695
3787,-0.0331257929570663
3788,-0.033243446071578545
3789,-0.033360935136393044
3790,-0.03347825957172497
3791,-0.033595418798602006
3792,-0.033712412238866826
3793,-0.033829239315180504
3794,-0.03394589945102499
3795,-0.03406239207070606
3796,-0.03417871659935625
3797,-0.034294872462937276
3798,-0.034410859088243505
3799,-0.03452667590290433
3800,-0.03464232233538716
3801,-0.03475779781500026
3802,-0.03487310177189528
3803,-0.03498823363707054
3804,-0.03510319284237352
3805,-0.03521797882050375
3806,-0.03533259100501567
3807,-0.03544702883032111
3808,-0.03556129173169257
3809,-0.0356753791452657
3810,-0.035789290508042144
3811,-0.03590302525789239
3812,-0.036016582833558235
3813,-0.03612996267465604
3814,-0.03624316422167917
3815,-0.03635618691600083
3816,-0.03646903019987693
3817,-0.03658169351644845
3818,-0.03669417630974476
3819,-0.036806478024685965
3820,-0.03691859810708576
3821,-0.03703053600365427
3822,-0.037142291162000365
3823,-0.03725386303063499
3824,-0.0373652510589735
3825,-0.03747645469733844
3826,-0.03758747339696239
3827,-0.03769830660999029
3828,-0.03780895378948269
3829,-0.03791941438941809
3830,-0.03802968786469572
3831,-0.03813977367113832
3832,-0.03824967126549447
3833,-0.03835938010544182
3834,-0.038468899649589376
3835,-0.03857822935748029
3836,-0.0386873686895946
3837,-0.03879631710735156
3838,-0.038905074073112805
3839,-0.03901363905018464
3840,-0.039122011502820825
3841,-0.03923019089622526
3842,-0.03933817669655429
3843,-0.039445968370919876
3844,-0.039553565387391854
3845,-0.03966096721500067
3846,-0.03976817332374005
3847,-0.03987518318456932
3848,-0.039981996269416495
3849,-0.040088612051180555
3850,-0.04019503000373414
3851,-0.0403012496019262
3852,-0.040407270321584296
3853,-0.040513091639517655
3854,-0.040618713033519424
3855,-0.040724133982369334
3856,-0.040829353965836375
3857,-0.04093437246468098
3858,-0.04103918896065814
3859,-0.0411438029365196
3860,-0.0412482138760165
3861,-0.04135242126390201
3862,-0.04145642458593353
3863,-0.04156022332887574
3864,-0.04166381698050278
3865,-0.04176720502960091
3866,-0.04187038696597102
3867,-0.041973362280430936
3868,-0.04207613046481834
3869,-0.04217869101199297
3870,-0.042281043415839235
3871,-0.04238318717126876
3872,-0.04248512177422255
3873,-0.042586846721674
3874,-0.04268836151163102
3875,-0.04278966564313861
3876,-0.04289075861628132
3877,-0.04299163993218581
3878,-0.04309230909302299
3879,-0.043192765602010935
3880,-0.043293008963417055
3881,-0.043393038682560586
3882,-0.04349285426581514
3883,-0.04359245522061078
3884,-0.043691841055436983
3885,-0.043791011279844715
3886,-0.04388996540444893
3887,-0.04398870294093106
3888,-0.04408722340204114
3889,-0.04418552630160066
3890,-0.04428361115450463
3891,-0.04438147747672411
3892,-0.044479124785308626
3893,-0.044576552598388254
3894,-0.044673760435176485
3895,-0.04477074781597225
3896,-0.04486751426216241
3897,-0.04496405929622414
3898,-0.04506038244172704
3899,-0.0451564832233359
3900,-0.045252361166812756
3901,-0.0453480157990193
3902,-0.04544344664791931
3903,-0.04553865324258064
3904,-0.04563363511317805
3905,-0.045728391790995165
3906,-0.045822922808426904
3907,-0.04591722769898185
3908,-0.04601130599728425
3909,-0.046105157239076766
3910,-0.046198780961222444
3911,-0.04629217670170713
3912,-0.04638534399964175
3913,-0.04647828239526434
3914,-0.046570991429942754
3915,-0.046663470646176625
3916,-0.046755719587599665
3917,-0.04684773779898205
3918,-0.04693952482623232
3919,-0.0470310802164001
3920,-0.04712240351767801
3921,-0.047213494279403995
3922,-0.04730435205206359
3923,-0.047394976387291884
3924,-0.047485366837876145
3925,-0.047575522957757736
3926,-0.047665444302034406
3927,-0.04775513042696253
3928,-0.04784458088995904
3929,-0.047933795249604026
3930,-0.04802277306564263
3931,-0.048111513898987275
3932,-0.04820001731171993
3933,-0.04828828286709399
3934,-0.0483763101295368
3935,-0.048464098664651595
3936,-0.048551648039219665
3937,-0.04863895782120259
3938,-0.04872602757974406
3939,-0.048812856885172486
3940,-0.04889944530900274
3941,-0.04898579242393844
3942,-0.04907189780387407
3943,-0.0491577610238968
3944,-0.049243381660289055
3945,-0.04932875929053026
3946,-0.04941389349329905
3947,-0.04949878384847538
3948,-0.04958342993714233
3949,-0.049667831341588614
3950,-0.04975198764531034
3951,-0.049835898433013115
3952,-0.04991956329061421
3953,-0.050002981805244304
3954,-0.05008615356524993
3955,-0.05016907816019523
3956,-0.050251755180864076
3957,-0.050334184219262106
3958,-0.05041636486861852
3959,-0.05049829672338847
3960,-0.050579979379254784
3961,-0.05066141243313004
3962,-0.05074259548315862
3963,-0.05082352812871841
3964,-0.05090420997042322
3965,-0.05098464061012443
3966,-0.05106481965091307
3967,-0.051144746697121754
3968,-0.0512244213543267
3969,-0.05130384322934942
3970,-0.05138301193025907
3971,-0.05146192706637407
3972,-0.05154058824826416
3973,-0.051618995087752334
3974,-0.05169714719791654
3975,-0.05177504419309196
3976,-0.05185268568887262
3977,-0.051930071302113426
3978,-0.05200720065093205
3979,-0.05208407335471059
3980,-0.05216068903409783
3981,-0.052237047311010865
3982,-0.05231314780863699
3983,-0.05238899015143568
3984,-0.052464573965140156
3985,-0.052539898876759604
3986,-0.052614964514580795
3987,-0.05268977050816995
3988,-0.05276431648837464
3989,-0.05283860208732539
3990,-0.052912626938437804
3991,-0.0529863906764142
3992,-0.053059892937245404
3993,-0.053133133358212646
3994,-0.053206111577889126
3995,-0.0532788272361421
3996,-0.05335127997413448
3997,-0.053423469434326624
3998,-0.05349539526047817
3999,-0.05356705709764956
4000,-0.053638454592204156
4001,-0.05370958739180973
4002,-0.053780455145440255
4003,-0.05385105750337774
4004,-0.05392139411721369
4005,-0.05399146463985115
4006,-0.05406126872550623
4007,-0.05413080602970987
4008,-0.05420007620930955
4009,-0.054269078922470806
4010,-0.05433781382867923
4011,-0.054406280588741925
4012,-0.05447447886478925
4013,-0.05454240832027653
4014,-0.054610068619985505
4015,-0.0546774594300263
4016,-0.05474458041783887
4017,-0.05481143125219468
4018,-0.05487801160319841
4019,-0.054944321142289365
4020,-0.05501035954224339
4021,-0.05507612647717432
4022,-0.055141621622535594
4023,-0.05520684465512194
4024,-0.05527179525307076
4025,-0.055336473095864
4026,-0.05540087786432957
4027,-0.05546500924064292
4028,-0.055528866908328714
4029,-0.05559245055226214
4030,-0.0556557598586708
4031,-0.05571879451513604
4032,-0.05578155421059455
4033,-0.05584403863533995
4034,-0.05590624748102412
4035,-0.055968180440659
4036,-0.05602983720861794
4037,-0.05609121748063723
4038,-0.05615232095381766
4039,-0.05621314732662583
4040,-0.056273696298895906
4041,-0.056333967571830935
4042,-0.05639396084800435
4043,-0.056453675831361474
4044,-0.05651311222722083
4045,-0.056572269742275846
4046,-0.05663114808459613
4047,-0.056689746963628926
4048,-0.05674806609020065
4049,-0.056806105176518094
4050,-0.056863863936170114
4051,-0.05692134208412889
4052,-0.05697853933675137
4053,-0.05703545541178064
4054,-0.05709209002834742
4055,-0.05714844290697119
4056,-0.05720451376956194
4057,-0.057260302339421254
4058,-0.057315808341243814
4059,-0.05737103150111874
4060,-0.05742597154653079
4061,-0.05748062820636198
4062,-0.05753500121089272
4063,-0.0575890902918032
4064,-0.057642895182174775
4065,-0.057696415616491074
4066,-0.0577496513306396
4067,-0.057802602061912844
4068,-0.05785526754900964
4069,-0.05790764753203647
4070,-0.05795974175250861
4071,-0.05801154995335164
4072,-0.058063071878902535
4073,-0.058114307274910994
4074,-0.05816525588854072
4075,-0.0582159174683705
4076,-0.05826629176439571
4077,-0.05831637852802936
4078,-0.05836617751210337
4079,-0.05841568847086986
4080,-0.058464911160002145
4081,-0.05851384533659624
4082,-0.05856249075917185
4083,-0.058610847187673634
4084,-0.05865891438347241
4085,-0.0587066921093662
4086,-0.058754180129581605
4087,-0.05880137820977482
4088,-0.05884828611703285
4089,-0.05889490361987467
4090,-0.05894123048825224
4091,-0.058987266493551856
4092,-0.05903301140859512
4093,-0.0590784650076401
4094,-0.0591236270663825
4095,-0.059168497361956604
4096,-0.05921307567293659
4097,-0.05925736177933749
4098,-0.059301355462616306
4099,-0.05934505650567312
4100,-0.05938846469285205
4101,-0.059431579809942466
4102,-0.059474401644179976
4103,-0.05951692998424747
4104,-0.0595591646202762
4105,-0.0596011053438467
4106,-0.05964275194799
4107,-0.0596841042271885
4108,-0.05972516197737706
4109,-0.05976592499594399
4110,-0.05980639308173196
4111,-0.05984656603503916
4112,-0.05988644365762019
4113,-0.05992602575268701
4114,-0.059965312124910006
4115,-0.0600043025804188
4116,-0.06004299692680339
4117,-0.060081394973114995
4118,-0.06011949652986699
4119,-0.06015730140903592
4120,-0.06019480942406227
4121,-0.0602320203898516
4122,-0.06026893412277528
4123,-0.060305550440671506
4124,-0.06034186916284616
4125,-0.06037789011007362
4126,-0.060413613104597814
4127,-0.060449037970132964
4128,-0.06048416453186452
4129,-0.060518992616449996
4130,-0.06055352205201979
4131,-0.06058775266817812
4132,-0.06062168429600381
4133,-0.06065531676805111
4134,-0.0606886499183506
4135,-0.060721683582409855
4136,-0.06075441759721443
4137,-0.06078685180122857
4138,-0.060818986034396026
4139,-0.06085082013814087
4140,-0.06088235395536816
4141,-0.060913587330464904
4142,-0.06094452010930071
4143,-0.060975152139228536
4144,-0.06100548326908552
4145,-0.06103551334919365
4146,-0.06106524223136053
4147,-0.061094669768880124
4148,-0.061123795816533474
4149,-0.06115262023058943
4150,-0.06118114286880533
4151,-0.06120936359042767
4152,-0.061237282256192904
4153,-0.06126489872832806
4154,-0.061292212870551414
4155,-0.06131922454807321
4156,-0.06134593362759623
4157,-0.06137233997731657
4158,-0.06139844346692423
4159,-0.06142424396760375
4160,-0.061449741352034896
4161,-0.061474935494393174
4162,-0.0614998262703506
4163,-0.06152441355707621
4164,-0.06154869723323671
4165,-0.06157267717899708
4166,-0.06159635327602109
4167,-0.06161972540747199
4168,-0.06164279345801303
4169,-0.061665557313808045
4170,-0.06168801686252201
4171,-0.06171017199332156
4172,-0.06173202259687559
4173,-0.0617535685653558
4174,-0.061774809792437185
4175,-0.061795746173298575
4176,-0.06181637760462314
4177,-0.061836703984598944
4178,-0.06185672521291939
4179,-0.061876441190783775
4180,-0.06189585182089773
4181,-0.06191495700747369
4182,-0.061933756656231416
4183,-0.061952250674398454
4184,-0.06197043897071054
4185,-0.06198832145541213
4186,-0.06200589804025673
4187,-0.062023168638507466
4188,-0.062040133164937415
4189,-0.06205679153583006
4190,-0.06207314366897972
4191,-0.06208918948369189
4192,-0.06210492890078373
4193,-0.06212036184258438
4194,-0.0621354882329354
4195,-0.06215030799719112
4196,-0.06216482106221896
4197,-0.06217902735639989
4198,-0.06219292680962871
4199,-0.06220651935331443
4200,-0.062219804920380595
4201,-0.06223278344526559
4202,-0.062245454863923036
4203,-0.06225781911382203
4204,-0.06226987613394749
4205,-0.062281625864800474
4206,-0.062293068248398406
4207,-0.06230420322827544
4208,-0.062315030749482705
4209,-0.06232555075858857
4210,-0.06233576320367891
4211,-0.06234566803435736
4212,-0.062355265201745586
4213,-0.0623645546584835
4214,-0.06237353635872952
4215,-0.062382210258160764
4216,-0.062390576313973274
4217,-0.06239863448488227
4218,-0.06240638473112229
4219,-0.06241382701444744
4220,-0.062420961298131565
4221,-0.0624277875469684
4222,-0.06243430572727179
4223,-0.062440515806875825
4224,-0.06244641775513502
4225,-0.06245201154292446
4226,-0.06245729714263991
4227,-0.06246227452819802
4228,-0.062466943675036385
4229,-0.06247130456011372
4230,-0.062475357161909925
4231,-0.06247910146042624
4232,-0.0624825374371853
4233,-0.06248566507523125
4234,-0.062488484359129834
4235,-0.06249099527496845
4236,-0.06249319781035625
4237,-0.06249509195442414
4238,-0.062496677697824916
4239,-0.062497955032733254
4240,-0.06249892395284577
4241,-0.06249958445338103
4242,-0.062499936531079596
4243,-0.06249998018420404
4244,-0.062499715412538945
4245,-0.0624991422173909
4246,-0.06249826060158851
4247,-0.062497070569482366
4248,-0.062495572126945044
4249,-0.06249376528137105
4250,-0.06249165004167681
4251,-0.0624892264183006
4252,-0.06248649442320251
4253,-0.062483454069864386
4254,-0.06248010537328976
4255,-0.06247644835000378
4256,-0.062472483018053096
4257,-0.06246820939700584
4258,-0.06246362750795147
4259,-0.06245873737350068
4260,-0.062453539017785296
4261,-0.062448032466458143
4262,-0.06244221774669296
4263,-0.062436094887184206
4264,-0.062429663918146965
4265,-0.06242292487131675
4266,-0.06241587777994942
4267,-0.06240852267882094
4268,-0.062400859604227255
4269,-0.06239288859398408
4270,-0.062384609687426755
4271,-0.062376022925409995
4272,-0.062367128350307756
4273,-0.06235792600601297
4274,-0.06234841593793734
4275,-0.062338598193011144
4276,-0.06232847281968295
4277,-0.06231803986791946
4278,-0.06230729938920517
4279,-0.062296251436542174
4280,-0.062284896064449896
4281,-0.06227323332896479
4282,-0.06226126328764013
4283,-0.062248985999545633
4284,-0.06223640152526724
4285,-0.062223509926906805
4286,-0.06221031126808174
4287,-0.06219680561392479
4288,-0.062182993031083614
4289,-0.06216887358772053
4290,-0.062154447353512145
4291,-0.06213971439964899
4292,-0.06212467479883525
4293,-0.062109328625288306
4294,-0.062093675954738435
4295,-0.062077716864428395
4296,-0.06206145143311307
4297,-0.0620448797410591
4298,-0.06202800187004444
4299,-0.062010817903357975
4300,-0.061993327925799105
4301,-0.061975532023677324
4302,-0.06195743028481186
4303,-0.06193902279853112
4304,-0.06192030965567233
4305,-0.06190129094858107
4306,-0.061881966771110825
4307,-0.061862337218622526
4308,-0.06184240238798404
4309,-0.06182216237756973
4310,-0.061801617287259976
4311,-0.06178076721844063
4312,-0.0617596122740026
4313,-0.06173815255834125
4314,-0.06171638817735597
4315,-0.061694319238449556
4316,-0.061671945850527765
4317,-0.06164926812399879
4318,-0.061626286170772614
4319,-0.061603000104260536
4320,-0.0615794100393746
4321,-0.06155551609252701
4322,-0.061531318381629556
4323,-0.0615068170260931
4324,-0.06148201214682686
4325,-0.061456903866237915
4326,-0.061431492308230556
4327,-0.06140577759820569
4328,-0.06137975986306024
4329,-0.06135343923118647
4330,-0.06132681583247139
4331,-0.06129988979829609
4332,-0.061272661261535105
4333,-0.06124513035655581
4334,-0.06121729721921763
4335,-0.06118916198687149
4336,-0.061160724798359094
4337,-0.061131985794012196
4338,-0.06110294511565202
4339,-0.06107360290658845
4340,-0.06104395931161935
4341,-0.061014014477029886
4342,-0.060983768550591747
4343,-0.06095322168156253
4344,-0.06092237402068484
4345,-0.060891225720185654
4346,-0.060859776933775554
4347,-0.06082802781664794
4348,-0.06079597852547833
4349,-0.060763629218423494
4350,-0.06073098005512073
4351,-0.060698031196687076
4352,-0.060664782805718465
4353,-0.06063123504628905
4354,-0.06059738808395023
4355,-0.06056324208572994
4356,-0.06052879722013178
4357,-0.06049405365713419
4358,-0.0604590115681897
4359,-0.060423671126223905
4360,-0.06038803250563477
4361,-0.060352095882291686
4362,-0.060315861433534616
4363,-0.0602793293381733
4364,-0.060242499776486234
4365,-0.06020537293021988
4366,-0.06016794898258772
4367,-0.060130228118269353
4368,-0.0600922105234097
4369,-0.06005389638561789
4370,-0.06001528589396645
4371,-0.05997637923899037
4372,-0.05993717661268612
4373,-0.0598976782085108
4374,-0.05985788422138104
4375,-0.05981779484767213
4376,-0.059777410285217034
4377,-0.0597367307333054
4378,-0.05969575639268266
4379,-0.0596544874655489
4380,-0.059612924155557925
4381,-0.059571066667816294
4382,-0.059528915208882226
4383,-0.05948646998676474
4384,-0.0594437312109224
4385,-0.05940069909226244
4386,-0.05935737384313968
4387,-0.05931375567735545
4388,-0.05926984481015667
4389,-0.059225641458234564
4390,-0.05918114583972376
4391,-0.059136358174201153
4392,-0.0590912786826848
4393,-0.059045907587632965
4394,-0.059000245112942815
4395,-0.058954291483949435
4396,-0.058908046927424726
4397,-0.05886151167157619
4398,-0.05881468594604601
4399,-0.05876756998190965
4400,-0.05872016401167489
4401,-0.05867246826928061
4402,-0.05862448299009566
4403,-0.05857620841091776
4404,-0.0585276447699722
4405,-0.05847879230691074
4406,-0.058429651262810425
4407,-0.05838022188017235
4408,-0.05833050440292062
4409,-0.05828049907640092
4410,-0.05823020614737944
4411,-0.05817962586404164
4412,-0.05812875847599101
4413,-0.0580776042342478
4414,-0.058026163391247956
4415,-0.05797443620084161
4416,-0.05792242291829201
4417,-0.05787012380027422
4418,-0.05781753910487378
4419,-0.05776466909158563
4420,-0.05771151402131259
4421,-0.057658074156364196
4422,-0.05760434976045539
4423,-0.057550341098705195
4424,-0.05749604843763553
4425,-0.05744147204516969
4426,-0.05738661219063115
4427,-0.05733146914474223
4428,-0.05727604317962268
4429,-0.05722033456878854
4430,-0.05716434358715053
4431,-0.05710807051101283
4432,-0.05705151561807173
4433,-0.05699467918741416
4434,-0.05693756149951653
4435,-0.05688016283624305
4436,-0.056822483480844545
4437,-0.056764523717957
4438,-0.05670628383360009
4439,-0.056647764115176
4440,-0.056588964851467666
4441,-0.0565298863326376
4442,-0.05647052885022637
4443,-0.05641089269715112
4444,-0.056350978167704326
4445,-0.05629078555755206
4446,-0.056230315163732704
4447,-0.05616956728465544
4448,-0.056108542220098756
4449,-0.05604724027120912
4450,-0.05598566174049924
4451,-0.05592380693184672
4452,-0.05586167615049256
4453,-0.055799269703039604
4454,-0.055736587897451145
4455,-0.05567363104304922
4456,-0.05561039945051318
4457,-0.05554689343187818
4458,-0.055483113300533564
4459,-0.0554190593712215
4460,-0.05535473196003516
4461,-0.05529013138441733
4462,-0.055225257963158816
4463,-0.05516011201639682
4464,-0.055094693865613525
4465,-0.055029003833634266
4466,-0.054963042244626094
4467,-0.05489680942409613
4468,-0.05483030569888994
4469,-0.054763531397190084
4470,-0.054696486848514206
4471,-0.054629172383713634
4472,-0.05456158833497167
4473,-0.05449373503580189
4474,-0.05442561282104675
4475,-0.05435722202687557
4476,-0.05428856299078313
4477,-0.05421963605158791
4478,-0.054150441549430384
4479,-0.05408097982577158
4480,-0.054011251223391024
4481,-0.0539412560863853
4482,-0.05387099476016628
4483,-0.05380046759145938
4484,-0.053729674928302044
4485,-0.05365861712004174
4486,-0.053587294517334405
4487,-0.05351570747214269
4488,-0.05344385633773415
4489,-0.05337174146867977
4490,-0.05329936322085179
4491,-0.053226721951422286
4492,-0.053153818018861244
4493,-0.0530806517829348
4494,-0.053007223604703696
4495,-0.0529335338465211
4496,-0.0528595828720311
4497,-0.052785371046166846
4498,-0.0527108987351487
4499,-0.05263616630648244
4500,-0.052561174128957645
4501,-0.05248592257264551
4502,-0.05241041200889728
4503,-0.052334642810342356
4504,-0.05225861535088638
4505,-0.052182330005709626
4506,-0.052105787151264835
4507,-0.05202898716527554
4508,-0.05195193042673418
4509,-0.05187461731590015
4510,-0.05179704821429816
4511,-0.05171922350471602
4512,-0.05164114357120296
4513,-0.0515628087990677
4514,-0.05148421957487648
4515,-0.05140537628645137
4516,-0.05132627932286803
4517,-0.051246929074454016
4518,-0.05116732593278679
4519,-0.05108747029069173
4520,-0.05100736254224044
4521,-0.05092700308274843
4522,-0.050846392308773414
4523,-0.05076553061811329
4524,-0.05068441840980413
4525,-0.050603056084118435
4526,-0.0505214440425628
4527,-0.050439582687876176
4528,-0.050357472424027834
4529,-0.050275113656215294
4530,-0.050192506790862575
4531,-0.050109652235617835
4532,-0.050026550399351576
4533,-0.04994320169215458
4534,-0.04985960652533585
4535,-0.04977576531142079
4536,-0.049691678464148806
4537,-0.049607346398471516
4538,-0.04952276953055064
4539,-0.049437948277755904
4540,-0.04935288305866319
4541,-0.04926757429305213
4542,-0.049182022401904266
4543,-0.049096227807400916
4544,-0.04901019093292101
4545,-0.04892391220303932
4546,-0.048837392043523886
4547,-0.04875063088133424
4548,-0.0486636291446192
4549,-0.04857638726271472
4550,-0.04848890566614201
4551,-0.04840118478660503
4552,-0.04831322505698862
4553,-0.0482250269113563
4554,-0.04813659078494804
4555,-0.04804791711417842
4556,-0.047959006336634045
4557,-0.047869858891071655
4558,-0.04778047521741591
4559,-0.047690855756757126
4560,-0.04760100095134939
4561,-0.04751091124460798
4562,-0.04742058708110741
4563,-0.0473300289065792
4564,-0.047239237167909585
4565,-0.04714821231313763
4566,-0.04705695479145255
4567,-0.04696546505319179
4568,-0.04687374354983876
4569,-0.04678179073402048
4570,-0.0466896070595057
4571,-0.046597192981202164
4572,-0.04650454895515471
4573,-0.04641167543854291
4574,-0.04631857288967875
4575,-0.04622524176800467
4576,-0.046131682534090834
4577,-0.046037895649633204
4578,-0.04594388157745111
4579,-0.04584964078148496
4580,-0.045755173726794204
4581,-0.04566048087955463
4582,-0.04556556270705633
4583,-0.04547041967770132
4584,-0.04537505226100118
4585,-0.04527946092757502
4586,-0.045183646149146696
4587,-0.04508760839854281
4588,-0.04499134814969028
4589,-0.044894865877614015
4590,-0.04479816205843447
4591,-0.04470123716936563
4592,-0.0446040916887122
4593,-0.044506726095867505
4594,-0.044409140871311106
4595,-0.04431133649660632
4596,-0.04421331345439815
4597,-0.04411507222841045
4598,-0.04401661330344384
4599,-0.043917937165373254
4600,-0.043819044301145436
4601,-0.04371993519877688
4602,-0.04362061034735091
4603,-0.04352107023701564
4604,-0.04342131535898142
4605,-0.04332134620551836
4606,-0.04322116326995423
4607,-0.043120767046671504
4608,-0.043020158031105295
4609,-0.04291933671974079
4610,-0.04281830361011073
4611,-0.04271705920079328
4612,-0.0426156039914091
4613,-0.04251393848261917
4614,-0.04241206317612225
4615,-0.042309978574652345
4616,-0.042207685181976526
4617,-0.04210518350289196
4618,-0.04200247404322375
4619,-0.04189955730982235
4620,-0.04179643381056099
4621,-0.04169310405433349
4622,-0.04158956855105126
4623,-0.041485827811641125
4624,-0.041381882348042694
4625,-0.041277732673205766
4626,-0.04117337930108814
4627,-0.04106882274665256
4628,-0.04096406352586453
4629,-0.04085910215568966
4630,-0.04075393915409104
4631,-0.04064857504002704
4632,-0.04054301033344821
4633,-0.04043724555529507
4634,-0.04033128122749547
4635,-0.04022511787296188
4636,-0.040118756015589216
4637,-0.040012196180251695
4638,-0.039905438892800585
4639,-0.03979848468006157
4640,-0.03969133406983202
4641,-0.039583987590878736
4642,-0.03947644577293485
4643,-0.039368709146697524
4644,-0.039260778243825276
4645,-0.03915265359693524
4646,-0.03904433573960091
4647,-0.038935825206348945
4648,-0.03882712253265695
4649,-0.03871822825495067
4650,-0.038609142910601316
4651,-0.03849986703792321
4652,-0.03839040117617066
4653,-0.038280745865535586
4654,-0.038170901647144824
4655,-0.03806086906305734
4656,-0.0379506486562619
4657,-0.03784024097067389
4658,-0.03772964655113296
4659,-0.037618865943400234
4660,-0.037507899694155585
4661,-0.037396748350995226
4662,-0.03728541246242853
4663,-0.03717389257787562
4664,-0.037062189247664634
4665,-0.036950303023028874
4666,-0.03683823445610446
4667,-0.036725984099927056
4668,-0.03661355250842953
4669,-0.03650094023643908
4670,-0.03638814783967447
4671,-0.03627517587474358
4672,-0.03616202489914019
4673,-0.03604869547124151
4674,-0.03593518815030541
4675,-0.0358215034964676
4676,-0.03570764207073883
4677,-0.035593604435002424
4678,-0.03547939115201102
4679,-0.03536500278538412
4680,-0.035250439899605225
4681,-0.03513570306001897
4682,-0.03502079283282869
4683,-0.03490570978509307
4684,-0.034790454484723725
4685,-0.03467502750048231
4686,-0.03455942940197761
4687,-0.034443660759663076
4688,-0.034327722144833525
4689,-0.03421161412962262
4690,-0.034095337286999976
4691,-0.033978892190768266
4692,-0.03386227941556072
4693,-0.03374549953683775
4694,-0.03362855313088451
4695,-0.0335114407748079
4696,-0.03339416304653368
4697,-0.03327672052480394
4698,-0.033159113789173744
4699,-0.033041343420008605
4700,-0.03292340999848152
4701,-0.03280531410657003
4702,-0.03268705632705372
4703,-0.03256863724351078
4704,-0.032450057440315476
4705,-0.032331317502635216
4706,-0.03221241801642753
4707,-0.03209335956843759
4708,-0.0319741427461947
4709,-0.03185476813800983
4710,-0.03173523633297258
4711,-0.03161554792094819
4712,-0.031495703492575
4713,-0.031375703639261
4714,-0.03125554895318124
4715,-0.031135240027274858
4716,-0.031014777455242015
4717,-0.030894161831541398
4718,-0.030773393751386664
4719,-0.030652473810743923
4720,-0.03053140260632868
4721,-0.0304101807356028
4722,-0.03028880879677194
4723,-0.030167287388782035
4724,-0.03004561711131671
4725,-0.029923798564794223
4726,-0.02980183235036443
4727,-0.02967971906990617
4728,-0.029557459326023754
4729,-0.02943505372204434
4730,-0.02931250286201488
4731,-0.02918980735069904
4732,-0.029066967793574608
4733,-0.02894398479682991
4734,-0.02882085896736121
4735,-0.028697590912769636
4736,-0.028574181241358063
4737,-0.028450630562128508
4738,-0.028326939484778543
4739,-0.028203108619698675
4740,-0.028079138577969235
4741,-0.027955029971357258
4742,-0.027830783412313875
4743,-0.02770639951397068
4744,-0.02758187889013711
4745,-0.027457222155297317
4746,-0.027332429924607028
4747,-0.02720750281389092
4748,-0.027082441439638977
4749,-0.026957246419003836
4750,-0.026831918369797664
4751,-0.026706457910488993
4752,-0.02658086566020007
4753,-0.026455142238703204
4754,-0.026329288266418113
4755,-0.026203304364408746
4756,-0.026077191154380137
4757,-0.025950949258675735
4758,-0.02582457930027371
4759,-0.02569808190278431
4760,-0.025571457690446664
4761,-0.025444707288125604
4762,-0.02531783132130899
4763,-0.02519083041610401
4764,-0.025063705199234506
4765,-0.02493645629803777
4766,-0.024809084340461446
4767,-0.024681589955060344
4768,-0.024553973770993723
4769,-0.024426236418021604
4770,-0.024298378526502046
4771,-0.024170400727387936
4772,-0.024042303652223786
4773,-0.023914087933143018
4774,-0.023785754202864228
4775,-0.023657303094688477
4776,-0.023528735242496063
4777,-0.023400051280743288
4778,-0.023271251844459738
4779,-0.02314233756924454
4780,-0.02301330909126362
4781,-0.02288416704724649
4782,-0.02275491207448296
4783,-0.02262554481082045
4784,-0.022496065894660196
4785,-0.022366475964954523
4786,-0.022236775661203575
4787,-0.022106965623452077
4788,-0.02197704649228658
4789,-0.02184701890883167
4790,-0.02171688351474723
4791,-0.021586640952225174
4792,-0.02145629186398616
4793,-0.021325836893276835
4794,-0.021195276683866057
4795,-0.02106461188004211
4796,-0.02093384312660943
4797,-0.02080297106888532
4798,-0.020671996352697185
4799,-0.02054091962437872
4800,-0.02040974153076712
4801,-0.020278462719199804
4802,-0.02014708383751112
4803,-0.020015605534029535
4804,-0.01988402845757384
4805,-0.019752353257450363
4806,-0.019620580583449638
4807,-0.019488711085843116
4808,-0.019356745415380364
4809,-0.019224684223285233
4810,-0.019092528161253054
4811,-0.018960277881447322
4812,-0.018827934036496376
4813,-0.018695497279490592
4814,-0.01856296826397854
4815,-0.01843034764396416
4816,-0.018297636073903452
4817,-0.018164834208701127
4818,-0.018031942703707803
4819,-0.017898962214716128
4820,-0.017765893397957984
4821,-0.017632736910101126
4822,-0.017499493408245848
4823,-0.01736616354992215
4824,-0.017232747993085874
4825,-0.017099247396115864
4826,-0.016965662417810633
4827,-0.016831993717384978
4828,-0.016698241954467178
4829,-0.01656440778909508
4830,-0.01643049188171329
4831,-0.01629649489316978
4832,-0.016162417484712543
4833,-0.016028260317986744
4834,-0.015894024055030827
4835,-0.01575970935827365
4836,-0.015625316890531146
4837,-0.015490847315002911
4838,-0.01535630129526938
4839,-0.0152216794952879
4840,-0.015086982579389886
4841,-0.014952211212277437
4842,-0.014817366059019945
4843,-0.014682447785051244
4844,-0.014547457056165683
4845,-0.014412394538515266
4846,-0.014277260898606262
4847,-0.014142056803295805
4848,-0.014006782919789039
4849,-0.01387143991563517
4850,-0.013736028458724611
4851,-0.013600549217285577
4852,-0.013465002859880676
4853,-0.013329390055404042
4854,-0.013193711473077394
4855,-0.013057967782447152
4856,-0.012922159653381038
4857,-0.012786287756064761
4858,-0.012650352760998608
4859,-0.012514355338994563
4860,-0.012378296161172352
4861,-0.01224217589895656
4862,-0.01210599522407321
4863,-0.011969754808546342
4864,-0.011833455324695133
4865,-0.011697097445129923
4866,-0.011560681842749323
4867,-0.01142420919073681
4868,-0.011287680162557266
4869,-0.011151095431954115
4870,-0.011014455672945327
4871,-0.01087776155982054
4872,-0.01074101376713762
4873,-0.010604212969719213
4874,-0.01046735984264987
4875,-0.010330455061272047
4876,-0.010193499301183209
4877,-0.010056493238232395
4878,-0.00991943754851677
4879,-0.00978233290837872
4880,-0.009645179994401872
4881,-0.009507979483408173
4882,-0.00937073205245446
4883,-0.009233438378828998
4884,-0.009096099140048578
4885,-0.00895871501385452
4886,-0.008821286678209764
4887,-0.008683814811295409
4888,-0.008546300091507269
4889,-0.008408743197452951
4890,-0.008271144807947864
4891,-0.008133505602012288
4892,-0.007995826258867932
4893,-0.007858107457934456
4894,-0.007720349878826572
4895,-0.007582554201350024
4896,-0.007444721105498673
4897,-0.007306851271451031
4898,-0.007168945379566798
4899,-0.0070310041103839385
4900,-0.006893028144614671
4901,-0.006755018163142541
4902,-0.006616974847018957
4903,-0.006478898877459716
4904,-0.006340790935842086
4905,-0.006202651703700775
4906,-0.006064481862725019
4907,-0.005926282094755099
4908,-0.0057880530817788715
4909,-0.0056497955059288405
4910,-0.0055115100494781315
4911,-0.005373197394837567
4912,-0.005234858224552184
4913,-0.005096493221297761
4914,-0.004958103067877888
4915,-0.004819688447219935
4916,-0.004681250042372119
4917,-0.004542788536500034
4918,-0.004404304612883158
4919,-0.0042657989549119285
4920,-0.004127272246083707
4921,-0.003988725169999845
4922,-0.0038501584103622054
4923,-0.0037115726509696716
4924,-0.003572968575715222
4925,-0.003434346868581886
4926,-0.0032957082136398142
4927,-0.0031570532950427914
4928,-0.003018382797024748
4929,-0.0028796974038968306
4930,-0.002740997800043355
4931,-0.0026022846699188776
4932,-0.002463558698044702
4933,-0.002324820569005394
4934,-0.002186070967445844
4935,-0.0020473105780672244
4936,-0.0019085400856240547
4937,-0.0017697601749207114
4938,-0.0016309715308079362
4939,-0.001492174838179902
4940,-0.0013533707819701664
4941,-0.0012145600471487356
4942,-0.0010757433187185738
4943,-0.0009369212817122219
4944,-0.000798094621188307
4945,-0.0006592640222286054
4946,-0.0005204301699339952
4947,-0.00038159374942152067
4948,-0.00024275544582089942
4949,-0.00010391594427103071
4950,3.4924070082941417e-05
4951,0.00017376391209367547
4952,0.00031260289661456936
4953,0.00045144033850325256
4954,0.0005902755526250782
4955,0.0007291078538560597
4956,0.0008679365570869186
4957,0.0010067609772260201
4958,0.0011455804292028662
4959,0.0012843942279715864
4960,0.0014232016885138748
4961,0.0015620021258430363
4962,0.0017007948550069232
4963,0.0018395791910914255
4964,0.001978354449223963
4965,0.00211711994457642
4966,0.002255874992369191
4967,0.0023946189078741164
4968,0.002533351006417972
4969,0.002672070603385959
4970,0.002810777014224639
4971,0.0029494695544459754
4972,0.003088147539630272
4973,0.0032268102854296574
4974,0.003365457107571574
4975,0.0035040873218617125
4976,0.0036427002441880517
4977,0.003781295190523793
4978,0.003919871476930845
4979,0.004058428419563309
4980,0.004196965334670414
4981,0.004335481538600552
4982,0.004473976347804208
4983,0.004612449078837449
4984,0.004750899048365401
4985,0.004889325573165184
4986,0.005027727970129942
4987,0.005166105556271776
4988,0.005304457648725225
4989,0.0054427835647507415
4990,0.005581082621737624
4991,0.005719354137208046
4992,0.005857597428819983
4993,0.005995811814370687
4994,0.006133996611800169
4995,0.006272151139194119
4996,0.006410274714787933
4997,0.006548366656969642
4998,0.006686426284283377
4999,0.0068244529154328475
5000,0.006962445869284264
5001,0.007100404464870356
5002,0.007238328021393295
5003,0.007376215858228162
5004,0.00751406729492642
5005,0.007651881651218826
5006,0.007789658247019455
5007,0.00792739640242861
5008,0.008065095437736286
5009,0.008202754673425648
5010,0.008340373430175924
5011,0.008477951028866431
5012,0.008615486790579486
5013,0.008752980036603858
5014,0.008890430088438234
5015,0.009027836267794126
5016,0.00916519789659988
5017,0.009302514297003576
5018,0.009439784791376488
5019,0.00957700870231654
5020,0.009714185352651202
5021,0.009851314065441498
5022,0.009988394163984903
5023,0.010125424971818793
5024,0.010262405812723897
5025,0.010399336010727185
5026,0.010536214890105877
5027,0.01067304177539032
5028,0.010809815991367454
5029,0.010946536863084229
5030,0.011083203715850516
5031,0.011219815875243086
5032,0.011356372667108502
5033,0.011492873417566551
5034,0.01162931745301358
5035,0.011765704100125913
5036,0.011902032685862755
5037,0.012038302537470156
5038,0.012174512982483897
5039,0.012310663348732917
5040,0.012446752964342748
5041,0.012582781157738377
5042,0.012718747257648235
5043,0.012854650593107054
5044,0.012990490493459298
5045,0.013126266288362583
5046,0.013261977307790542
5047,0.01339762288203679
5048,0.013533202341717794
5049,0.013668715017776278
5050,0.01380416024148464
5051,0.013939537344447821
5052,0.014074845658607244
5053,0.014210084516243683
5054,0.014345253249980669
5055,0.014480351192787885
5056,0.01461537767798403
5057,0.01475033203924076
5058,0.014885213610585531
5059,0.015020021726405012
5060,0.015154755721448462
5061,0.01528941493083059
5062,0.01542399869003548
5063,0.01555850633491944
5064,0.015692937201714385
5065,0.015827290627031226
5066,0.015961565947862705
5067,0.01609576250158732
5068,0.01622987962597216
5069,0.016363916659176275
5070,0.01649787293975407
5071,0.016631747806658114
5072,0.016765540599243067
5073,0.016899250657268494
5074,0.01703287732090224
5075,0.0171664199307238
5076,0.01729987782772712
5077,0.017433250353324527
5078,0.017566536849349515
5079,0.017699736658060128
5080,0.017832849122142294
5081,0.017965873584712657
5082,0.01809880938932244
5083,0.018231655879960274
5084,0.01836441240105554
5085,0.0184970782974817
5086,0.018629652914559116
5087,0.018762135598058918
5088,0.01889452569420579
5089,0.019026822549681327
5090,0.019159025511627355
5091,0.01929113392764872
5092,0.019423147145817155
5093,0.01955506451467407
5094,0.01968688538323387
5095,0.01981860910098728
5096,0.019950235017904116
5097,0.02008176248443715
5098,0.02021319085152488
5099,0.020344519470594836
5100,0.020475747693566887
5101,0.020606874872856028
5102,0.020737900361376193
5103,0.02086882351254304
5104,0.020999643680277243
5105,0.02113036021900777
5106,0.021260972483674676
5107,0.0213914798297329
5108,0.02152188161315502
5109,0.021652177190434555
5110,0.021782365918589227
5111,0.021912447155163727
5112,0.02204242025823351
5113,0.022172284586407538
5114,0.022302039498831562
5115,0.022431684355191373
5116,0.02256121851571556
5117,0.022690641341179294
5118,0.02281995219290704
5119,0.02294915043277584
5120,0.023078235423218456
5121,0.023207206527226614
5122,0.023336063108353736
5123,0.023464804530718697
5124,0.023593430159008562
5125,0.02372193935848181
5126,0.02385033149497158
5127,0.023978605934888382
5128,0.024106762045223842
5129,0.024234799193553418
5130,0.024362716748039626
5131,0.024490514077435244
5132,0.024618190551086043
5133,0.02474574553893449
5134,0.02487317841152246
5135,0.025000488539994446
5136,0.025127675296100754
5137,0.025254738052200208
5138,0.02538167618126385
5139,0.02550848905687763
5140,0.025635176053245595
5141,0.02576173654519309
5142,0.025888169908169417
5143,0.026014475518251555
5144,0.0261406527521468
5145,0.02626670098719597
5146,0.026392619601376562
5147,0.02651840797330542
5148,0.026644065482242418
5149,0.026769591508093108
5150,0.02689498543141188
5151,0.02702024663340513
5152,0.027145374495933905
5153,0.027270368401517555
5154,0.027395227733336375
5155,0.027519951875234764
5156,0.02764454021172435
5157,0.027768992127986634
5158,0.027893307009876626
5159,0.02801748424392547
5160,0.028141523217343572
5161,0.028265423318023734
5162,0.028389183934543764
5163,0.02851280445617009
5164,0.028636284272860385
5165,0.028759622775266676
5166,0.02888281935473844
5167,0.029005873403325222
5168,0.029128784313780222
5169,0.0292515514795629
5170,0.029374174294842074
5171,0.029496652154498985
5172,0.029618984454129922
5173,0.02974117059004977
5174,0.029863209959294607
5175,0.029985101959624772
5176,0.030106845989527935
5177,0.03022844144822169
5178,0.03034988773565708
5179,0.030471184252521183
5180,0.03059233040024017
5181,0.030713325580982342
5182,0.03083416919766071
5183,0.030954860653936506
5184,0.031075399354221753
5185,0.031195784703682283
5186,0.03131601610824079
5187,0.031436092974579374
5188,0.03155601471014301
5189,0.031675780723142144
5190,0.031795390422555664
5191,0.03191484321813395
5192,0.03203413852040135
5193,0.03215327574065973
5194,0.032272254290990954
5195,0.03239107358425988
5196,0.03250973303411737
5197,0.032628232055002794
5198,0.03274657006214749
5199,0.032864746471577284
5200,0.03298276070011543
5201,0.03310061216538563
5202,0.03321830028581449
5203,0.03333582448063498
5204,0.033453184169888926
5205,0.033570378774429935
5206,0.03368740771592638
5207,0.03380427041686387
5208,0.03392096630054864
5209,0.034037494791110054
5210,0.034153855313503546
5211,0.0342700472935134
5212,0.034386070157755744
5213,0.03450192333368097
5214,0.034617606249577125
5215,0.03473311833457237
5216,0.03484845901863787
5217,0.034963627732590714
5218,0.035078623908096365
5219,0.035193446977671995
5220,0.03530809637468892
5221,0.03542257153337551
5222,0.03553687188882004
5223,0.03565099687697315
5224,0.03576494593465114
5225,0.0358787184995384
5226,0.0359923140101903
5227,0.036105731906035984
5228,0.036218971627380865
5229,0.036332032615409855
5230,0.03644491431218978
5231,0.03655761616067227
5232,0.03667013760469652
5233,0.03678247808899173
5234,0.03689463705918038
5235,0.03700661396178058
5236,0.037118408244208916
5237,0.03723001935478325
5238,0.0373414467427251
5239,0.03745268985816288
5240,0.037563748152134264
5241,0.037674621076588984
5242,0.03778530808439162
5243,0.03789580862932395
5244,0.038006122166088174
5245,0.03811624815030925
5246,0.03822618603853766
5247,0.038335935288252215
5248,0.038445495357862326
5249,0.03855486570671125
5250,0.03866404579507839
5251,0.03877303508418204
5252,0.038881833036182145
5253,0.03899043911418259
5254,0.03909885278223438
5255,0.03920707350533795
5256,0.03931510074944586
5257,0.039422933981465555
5258,0.03953057266926162
5259,0.03963801628165894
5260,0.03974526428844497
5261,0.039852316160372436
5262,0.03995917136916205
5263,0.040065829387504734
5264,0.04017228968906479
5265,0.040278551748482105
5266,0.04038461504137487
5267,0.040490479044342206
5268,0.040596143234966464
5269,0.04070160709181628
5270,0.040806870094448784
5271,0.04091193172341231
5272,0.04101679146024901
5273,0.041121448787497066
5274,0.04122590318869378
5275,0.04133015414837775
5276,0.04143420115209154
5277,0.041538043686384266
5278,0.0416416812388138
5279,0.04174511329794983
5280,0.041848339353376014
5281,0.0419513588956926
5282,0.04205417141651901
5283,0.04215677640849604
5284,0.04225917336528886
5285,0.042361361781589134
5286,0.04246334115311765
5287,0.04256511097662688
5288,0.04266667074990311
5289,0.04276801997176945
5290,0.04286915814208792
5291,0.042970084761762076
5292,0.043070799332739496
5293,0.04317130135801393
5294,0.04327159034162825
5295,0.043371665788676565
5296,0.043471527205306726
5297,0.04357117409872288
5298,0.04367060597718757
5299,0.0437698223500246
5300,0.04386882272762121
5301,0.0439676066214305
5302,0.0440661735439739
5303,0.04416452300884361
5304,0.044262654530704715
5305,0.04436056762529804
5306,0.044458261809442214
5307,0.04455573660103616
5308,0.044652991519061526
5309,0.04475002608358476
5310,0.04484683981575995
5311,0.044943432237830865
5312,0.045039802873133396
5313,0.045135951246097976
5314,0.045231876882251644
5315,0.04532757930822081
5316,0.045423058051733314
5317,0.04551831264162084
5318,0.04561334260782127
5319,0.04570814748138075
5320,0.04580272679445644
5321,0.045897080080318516
5322,0.04599120687335256
5323,0.04608510670906189
5324,0.046178779124069654
5325,0.046272223656121436
5326,0.046365439844087336
5327,0.04645842722796428
5328,0.046551185348878366
5329,0.04664371374908684
5330,0.04673601197198079
5331,0.04682807956208711
5332,0.04691991606507083
5333,0.0470115210277374
5334,0.04710289399803469
5335,0.047194034525055585
5336,0.047284942159039986
5337,0.04737561645137706
5338,0.04746605695460755
5339,0.047556263222425676
5340,0.04764623480968178
5341,0.04773597127238425
5342,0.04782547216770173
5343,0.04791473705396544
5344,0.048003765490671056
5345,0.048092557038481254
5346,0.04818111125922769
5347,0.04826942771591313
5348,0.048357505972713766
5349,0.04844534559498104
5350,0.048532946149244194
5351,0.04862030720321219
5352,0.048707428325775855
5353,0.04879430908701008
5354,0.04888094905817573
5355,0.04896734781172208
5356,0.049053504921288724
5357,0.04913941996170771
5358,0.049225092509005725
5359,0.0493105221404059
5360,0.049395708434330304
5361,0.04948065097040178
5362,0.04956534932944604
5363,0.04964980309349386
5364,0.049734011845782806
5365,0.049817975170759754
5366,0.04990169265408263
5367,0.04998516388262257
5368,0.05006838844446595
5369,0.050151365928916225
5370,0.05023409592649633
5371,0.05031657802895041
5372,0.050398811829245944
5373,0.05048079692157578
5374,0.05056253290135991
5375,0.05064401936524783
5376,0.05072525591112028
5377,0.050806242138091304
5378,0.05088697764651028
5379,0.05096746203796364
5380,0.05104769491527721
5381,0.05112767588251794
5382,0.051207404544995894
5383,0.051286880509266275
5384,0.05136610338313111
5385,0.05144507277564158
5386,0.05152378829709965
5387,0.051602249559060114
5388,0.05168045617433248
5389,0.05175840775698295
5390,0.051836103922336056
5391,0.05191354428697698
5392,0.05199072846875314
5393,0.05206765608677618
5394,0.05214432676142389
5395,0.05222074011434183
5396,0.0522968957684456
5397,0.05237279334792241
5398,0.05244843247823302
5399,0.05252381278611364
5400,0.05259893389957756
5401,0.05267379544791728
5402,0.05274839706170619
5403,0.052822738372800375
5404,0.05289681901434052
5405,0.05297063862075349
5406,0.053044196827754485
5407,0.0531174932723486
5408,0.05319052759283267
5409,0.05326329942879712
5410,0.05333580842112751
5411,0.05340805421200666
5412,0.05348003644491616
5413,0.05355175476463823
5414,0.053623208817257476
5415,0.05369439825016246
5416,0.05376532271204776
5417,0.05383598185291546
5418,0.053906375324076966
5419,0.05397650277815476
5420,0.054046363869083895
5421,0.05411595825211404
5422,0.05418528558381095
5423,0.054254345522058246
5424,0.05432313772605913
5425,0.05439166185633783
5426,0.054459917574741654
5427,0.05452790454444241
5428,0.054595622429938116
5429,0.05466307089705474
5430,0.054730249612947576
5431,0.054797158246103296
5432,0.054863796466341284
5433,0.054930163944815376
5434,0.05499626035401551
5435,0.05506208536776914
5436,0.05512763866124315
5437,0.055192919910945284
5438,0.05525792879472574
5439,0.05532266499177885
5440,0.05538712818264443
5441,0.055451318049209705
5442,0.05551523427471063
5443,0.055578876543733544
5444,0.05564224454221674
5445,0.05570533795745181
5446,0.05576815647808556
5447,0.05583069979412125
5448,0.05589296759692025
5449,0.05595495957920356
5450,0.05601667543505316
5451,0.056078114859913805
5452,0.056139277550594335
5453,0.056200163205269216
5454,0.056260771523480066
5455,0.05632110220613698
5456,0.05638115495552026
5457,0.056440929475281704
5458,0.056500425470446126
5459,0.05655964264741283
5460,0.05661858071395692
5461,0.05667723937923097
5462,0.0567356183537663
5463,0.056793717349474464
5464,0.05685153607964868
5465,0.05690907425896509
5466,0.05696633160348444
5467,0.057023307830653285
5468,0.05708000265930544
5469,0.05713641580966343
5470,0.05719254700333963
5471,0.05724839596333798
5472,0.05730396241405514
5473,0.05735924608128188
5474,0.057414246692204504
5475,0.05746896397540601
5476,0.05752339766086769
5477,0.05757754747997029
5478,0.057631413165495395
5479,0.05768499445162669
5480,0.05773829107395141
5481,0.05779130276946137
5482,0.05784402927655462
5483,0.05789647033503646
5484,0.05794862568612087
5485,0.058000495072431754
5486,0.05805207823800407
5487,0.058103374928285344
5488,0.05815438489013677
5489,0.05820510787183448
5490,0.058255543623070824
5491,0.058305691894955484
5492,0.05835555244001689
5493,0.05840512501220331
5494,0.05845440936688411
5495,0.05850340526085098
5496,0.058552112452319005
5497,0.05860053070092804
5498,0.058648659767743826
5499,0.05869649941525911
5500,0.05874404940739494
5501,0.05879130950950161
5502,0.058838279488360096
5503,0.058884959112183034
5504,0.0589313481506159
5505,0.05897744637473819
5506,0.059023253557064385
5507,0.05906876947154534
5508,0.05911399389356918
5509,0.059158926599962525
5510,0.05920356736899157
5511,0.05924791598036306
5512,0.05929197221522557
5513,0.05933573585617048
5514,0.05937920668723306
5515,0.05942238449389355
5516,0.059465269063078134
5517,0.05950786018316014
5518,0.059550157643961
5519,0.05959216123675127
5520,0.05963387075425172
5521,0.05967528599063425
5522,0.05971640674152305
5523,0.05975723280399552
5524,0.05979776397658327
5525,0.05983800005927318
5526,0.05987794085350824
5527,0.059917586162188716
5528,0.05995693578967302
5529,0.05999598954177867
5530,0.060034747225783315
5531,0.06007320865042555
5532,0.06011137362590603
5533,0.06014924196388831
5534,0.060186813477499775
5535,0.06022408798133263
5536,0.06026106529144464
5537,0.06029774522536029
5538,0.060334127602071505
5539,0.0603702122420386
5540,0.06040599896719117
5541,0.06044148760092891
5542,0.060476677968122595
5543,0.06051156989511487
5544,0.06054616320972111
5545,0.06058045774123032
5546,0.06061445332040585
5547,0.060648149779486404
5548,0.06068154695218676
5549,0.060714644673698616
5550,0.060747442780691406
5551,0.06077994111131305
5552,0.06081213950519087
5553,0.06084403780343228
5554,0.06087563584862563
5555,0.06090693348484096
5556,0.0609379305576307
5557,0.060968626914030585
5558,0.060999022402560284
5559,0.06102911687322419
5560,0.06105891017751219
5561,0.06108840216840031
5562,0.06111759270035152
5563,0.061146481629316456
5564,0.06117506881273408
5565,0.06120335410953243
5566,0.06123133738012924
5567,0.06125901848643272
5568,0.0612863972918422
5569,0.06131347366124882
5570,0.06134024746103615
5571,0.0613667185590809
5572,0.061392886824753516
5573,0.0614187521289189
5574,0.061444314343937004
5575,0.06146957334366345
5576,0.0614945290034502
5577,0.06151918120014605
5578,0.061543529812097424
5579,0.061567574719148824
5580,0.06159131580264349
5581,0.061614752945423984
5582,0.0616378860318327
5583,0.061660714947712546
5584,0.06168323958040742
5585,0.06170545981876281
5586,0.06172737555312635
5587,0.06174898667534826
5588,0.061770293078782054
5589,0.06179129465828491
5590,0.061811991310218285
5591,0.06183238293244838
5592,0.061852469424346634
5593,0.06187225068679028
5594,0.061891726622162774
5595,0.06191089713435431
5596,0.061929762128762285
5597,0.06194832151229174
5598,0.06196657519335587
5599,0.06198452308187644
5600,0.06200216508928426
5601,0.062019501128519575
5602,0.06203653111403251
5603,0.062053254961783544
5604,0.062069672589243854
5605,0.062085783915395765
5606,0.06210158886073315
5607,0.06211708734726176
5608,0.06213227929849972
5609,0.062147164639477795
5610,0.062161743296739846
5611,0.06217601519834315
5612,0.062189980273858726
5613,0.06220363845437176
5614,0.06221698967248188
5615,0.06223003386230353
5616,0.06224277095946627
5617,0.062255200901115075
5618,0.062267323625910705
5619,0.06227913907402996
5620,0.062290647187165975
5621,0.06230184790852856
5622,0.06231274118284439
5623,0.06232332695635737
5624,0.06233360517682882
5625,0.06234357579353783
5626,0.0623532387572814
5627,0.06236259402037476
5628,0.06237164153665156
5629,0.062380381261464155
5630,0.06238881315168375
5631,0.06239693716570068
5632,0.06240475326342457
5633,0.062412261406284544
5634,0.06241946155722945
5635,0.06242635368072799
5636,0.062432937742768924
5637,0.06243921371086123
5638,0.062445181554034286
5639,0.06245084124283797
5640,0.06245619274934287
5641,0.0624612360471404
5642,0.06246597111134287
5643,0.06247039791858371
5644,0.06247451644701752
5645,0.062478326676320195
5646,0.06248182858768902
5647,0.06248502216384277
5648,0.06248790738902178
5649,0.06249048424898806
5650,0.06249275273102532
5651,0.062494712823939064
5652,0.062496364518056624
5653,0.062497707805227225
5654,0.062498742678822015
5655,0.0624994691337341
5656,0.062499887166378575
5657,0.062499996774692534
5658,0.06249979795813508
5659,0.06249929071768733
5660,0.06249847505585242
5661,0.062497350976655465
5662,0.06249591848564358
5663,0.06249417758988581
5664,0.06249212829797314
5665,0.0624897706200184
5666,0.06248710456765625
5667,0.06248413015404313
5668,0.06248084739385717
5669,0.062477256303298125
5670,0.062473356900087304
5671,0.062469149203467474
5672,0.06246463323420277
5673,0.062459809014578586
5674,0.06245467656840148
5675,0.06244923592099903
5676,0.06244348709921974
5677,0.062437430131432874
5678,0.062431065047528364
5679,0.062424391878916595
5680,0.06241741065852832
5681,0.06241012142081445
5682,0.0624025242017459
5683,0.062394619038813416
5684,0.062386405971027376
5685,0.06237788503891762
5686,0.06236905628453322
5687,0.062359919751442304
5688,0.06235047548473181
5689,0.06234072353100731
5690,0.062330663938392705
5691,0.062320296756530065
5692,0.062309622036579325
5693,0.0622986398312181
5694,0.06228735019464134
5695,0.06227575318256113
5696,0.06226384885220638
5697,0.062251637262322544
5698,0.06223911847317138
5699,0.06222629254653058
5700,0.0622131595456935
5701,0.06219971953546884
5702,0.06218597258218034
5703,0.062171918753666455
5704,0.06215755811927998
5705,0.06214289074988776
5706,0.06212791671787029
5707,0.06211263609712139
5708,0.06209704896304786
5709,0.06208115539256905
5710,0.06206495546411653
5711,0.06204844925763367
5712,0.06203163685457526
5713,0.06201451833790713
5714,0.06199709379210571
5715,0.061979363303157606
5716,0.0619613269585592
5717,0.06194298484731621
5718,0.06192433705994328
5719,0.061905383688463454
5720,0.061886124826407804
5721,0.06186656056881492
5722,0.06184669101223046
5723,0.0618265162547067
5724,0.06180603639580198
5725,0.06178525153658027
5726,0.06176416177961067
5727,0.06174276722896684
5728,0.061721067990226613
5729,0.061699064170471336
5730,0.061676755878285416
5731,0.06165414322375577
5732,0.06163122631847128
5733,0.06160800527552227
5734,0.061584480209499894
5735,0.061560651236495595
5736,0.061536518474100556
5737,0.06151208204140506
5738,0.061487342058998015
5739,0.061462298648966227
5740,0.06143695193489387
5741,0.06141130204186185
5742,0.0613853490964472
5743,0.06135909322672252
5744,0.061332534562255195
5745,0.06130567323410688
5746,0.0612785093748328
5747,0.06125104311848113
5748,0.06122327460059228
5749,0.061195203958198316
5750,0.06116683132982218
5751,0.06113815685547706
5752,0.061109180676665716
5753,0.0610799029363797
5754,0.06105032377909882
5755,0.061020443350790196
5756,0.060990261798907736
5757,0.060959779272391296
5758,0.06092899592166598
5759,0.060897911898641445
5760,0.06086652735671106
5761,0.06083484245075119
5762,0.06080285733712048
5763,0.06077057217365896
5764,0.060737987119687455
5765,0.06070510233600661
5766,0.060671917984896184
5767,0.060638434230114266
5768,0.0606046512368964
5769,0.060570569171954886
5770,0.06053618820347782
5771,0.060501508501128336
5772,0.060466530236043765
5773,0.060431253580834766
5774,0.060395678709584566
5775,0.06035980579784794
5776,0.060323635022650486
5777,0.060287166562487664
5778,0.06025040059732394
5779,0.060213337308592
5780,0.06017597687919165
5781,0.060138319493489086
5782,0.06010036533731589
5783,0.06006211459796815
5784,0.06002356746420559
5785,0.05998472412625052
5786,0.059945584775786966
5787,0.059906149605959726
5788,0.05986641881137337
5789,0.05982639258809142
5790,0.05978607113363518
5791,0.05974545464698289
5792,0.059704543328568706
5793,0.059663337380281706
5794,0.059621837005464993
5795,0.059580042408914506
5796,0.05953795379687815
5797,0.059495571377054725
5798,0.05945289535859289
5799,0.05940992595209025
5800,0.05936666336959212
5801,0.05932310782459062
5802,0.059279259532023565
5803,0.05923511870827341
5804,0.05919068557116626
5805,0.05914596033997067
5806,0.059100943235396615
5807,0.05905563447959442
5808,0.059010034296153625
5809,0.058964142910102005
5810,0.05891796054790424
5811,0.058871487437460984
5812,0.05882472380810765
5813,0.058777669890613275
5814,0.05873032591717952
5815,0.058682692121439305
5816,0.05863476873845579
5817,0.05858655600472122
5818,0.05853805415815565
5819,0.05848926343810598
5820,0.05844018408534455
5821,0.05839081634206804
5822,0.05834116045189631
5823,0.05829121665987111
5824,0.05824098521245506
5825,0.05819046635753019
5826,0.058139660344396826
5827,0.058088567423772414
5828,0.05803718784779015
5829,0.05798552186999796
5830,0.05793356974535698
5831,0.057881331730240466
5832,0.057828808082432466
5833,0.0577759990611266
5834,0.05772290492692467
5835,0.05766952594183561
5836,0.05761586236927389
5837,0.05756191447405843
5838,0.05750768252241118
5839,0.05745316678195585
5840,0.0573983675217167
5841,0.057343285012116975
5842,0.057287919524977755
5843,0.05723227133351653
5844,0.05717634071234586
5845,0.05712012793747216
5846,0.05706363328629409
5847,0.05700685703760135
5848,0.05694979947157326
5849,0.05689246086977737
5850,0.056834841515168176
5851,0.05677694169208553
5852,0.05671876168625339
5853,0.056660301784778315
5854,0.05660156227614809
5855,0.05654254345023044
5856,0.056483245598271295
5857,0.05642366901289359
5858,0.056363813988095764
5859,0.05630368081925023
5860,0.05624326980310214
5861,0.05618258123776761
5862,0.05612161542273248
5863,0.05606037265885073
5864,0.05599885324834299
5865,0.055937057494795245
5866,0.055874985703157014
5867,0.05581263817974006
5868,0.055750015232216836
5869,0.05568711716961889
5870,0.05562394430233558
5871,0.0555604969421122
5872,0.05549677540204867
5873,0.05543277999659793
5874,0.055368511041564344
5875,0.05530396885410234
5876,0.05523915375271453
5877,0.05517406605725036
5878,0.05510870608890448
5879,0.05504307417021508
5880,0.05497717062506255
5881,0.05491099577866752
5882,0.05484454995758952
5883,0.05477783348972526
5884,0.05471084670430699
5885,0.05464358993190108
5886,0.05457606350440609
5887,0.0545082677550513
5888,0.054440203018395056
5889,0.05437186963032304
5890,0.05430326792804685
5891,0.05423439825010198
5892,0.054165260936346396
5893,0.05409585632795879
5894,0.05402618476743684
5895,0.05395624659859575
5896,0.053886042166566214
5897,0.05381557181779294
5898,0.05374483590003287
5899,0.053673834762353434
5900,0.05360256875513102
5901,0.053531038230048955
5902,0.05345924354009594
5903,0.05338718503956426
5904,0.05331486308404804
5905,0.05324227803044164
5906,0.0531694302369376
5907,0.05309632006302508
5908,0.053022947869488024
5909,0.05294931401840335
5910,0.052875418873139374
5911,0.05280126279835366
5912,0.05272684615999148
5913,0.052652169325283917
5914,0.052577232662746026
5915,0.05250203654217524
5916,0.05242658133464916
5917,0.05235086741252403
5918,0.05227489514943277
5919,0.05219866492028309
5920,0.05212217710125593
5921,0.05204543206980318
5922,0.05196843020464607
5923,0.05189117188577327
5924,0.051813657494438996
5925,0.051735887413161055
5926,0.051657862025719245
5927,0.05157958171715303
5928,0.05150104687375995
5929,0.05142225788309359
5930,0.05134321513396167
5931,0.051263919016424325
5932,0.05118436992179184
5933,0.05110456824262293
5934,0.05102451437272278
5935,0.05094420870714103
5936,0.050863651642170056
5937,0.05078284357534265
5938,0.050701784905430314
5939,0.050620476032441235
5940,0.050538917357618215
5941,0.05045710928343699
5942,0.05037505221360384
5943,0.05029274655305383
5944,0.050210192707948804
5945,0.050127391085675245
5946,0.0500443420948426
5947,0.04996104614528079
5948,0.04987750364803853
5949,0.049793715015381185
5950,0.04970968066078868
5951,0.04962540099895373
5952,0.0495408764457794
5953,0.04945610741837728
5954,0.04937109433506544
5955,0.0492858376153662
5956,0.04920033768000442
5957,0.04911459495090495
5958,0.049028609851190855
5959,0.04894238280518125
5960,0.04885591423838914
5961,0.04876920457751959
5962,0.04868225425046721
5963,0.04859506368631432
5964,0.04850763331532875
5965,0.048419963568961666
5966,0.04833205487984573
5967,0.0482439076817925
5968,0.04815552240979061
5969,0.04806689950000354
5970,0.047978039389767406
5971,0.04788894251758905
5972,0.04779960932314349
5973,0.04771004024727201
5974,0.04762023573197993
5975,0.047530196220434334
5976,0.04743992215696218
5977,0.047349413987047693
5978,0.04725867215733042
5979,0.04716769711560298
5980,0.04707648931080877
5981,0.04698504919304004
5982,0.046893377213535266
5983,0.046801473824677156
5984,0.046709339479990376
5985,0.04661697463413927
5986,0.046524379742925843
5987,0.04643155526328714
5988,0.04633850165329322
5989,0.04624521937214488
5990,0.046151708880171276
5991,0.046057970638827966
5992,0.04596400511069417
5993,0.04586981275947082
5994,0.04577539404997816
5995,0.04568074944815338
5996,0.04558587942104865
5997,0.04549078443682834
5998,0.04539546496476699
5999,0.04529992147524697
6000,0.04520415443975604
6001,0.045108164330885346
6002,0.045011951622326636
6003,0.0449155167888702
6004,0.04481886030640249
6005,0.044721982651903656
6006,0.04462488430344553
6007,0.04452756574018879
6008,0.04443002744238091
6009,0.04433226989135369
6010,0.04423429356952086
6011,0.044136098960375944
6012,0.04403768654848945
6013,0.04393905681950676
6014,0.04384021026014568
6015,0.04374114735819405
6016,0.043641868602507204
6017,0.043542374483005936
6018,0.04344266549067356
6019,0.043342742117553845
6020,0.04324260485674846
6021,0.0431422542024145
6022,0.043041690649762356
6023,0.04294091469505279
6024,0.042839926835594795
6025,0.04273872756974308
6026,0.04263731739689552
6027,0.04253569681749102
6028,0.04243386633300653
6029,0.04233182644595497
6030,0.042229577659882576
6031,0.04212712047936639
6032,0.04202445541001209
6033,0.04192158295845099
6034,0.041818503632337876
6035,0.04171521794034843
6036,0.04161172639217661
6037,0.04150802949853249
6038,0.04140412777113922
6039,0.041300021722730874
6040,0.04119571186704978
6041,0.041091198718843945
6042,0.04098648279386483
6043,0.04088156460886432
6044,0.04077644468159247
6045,0.04067112353079492
6046,0.0405656016762102
6047,0.04045987963856754
6048,0.04035395793958378
6049,0.04024783710196113
6050,0.0401415176493845
6051,0.04003500010651886
6052,0.03992828499900694
6053,0.039821372853466194
6054,0.03971426419748648
6055,0.0396069595596274
6056,0.03949945946941559
6057,0.03939176445734249
6058,0.03928387505486116
6059,0.039175791794384025
6060,0.03906751520928017
6061,0.038959045833872594
6062,0.038850384203435964
6063,0.0387415308541934
6064,0.038632486323314216
6065,0.03852325114891117
6066,0.038413825870037714
6067,0.03830421102668569
6068,0.03819440715978215
6069,0.038084414811187
6070,0.03797423452369031
6071,0.03786386684100945
6072,0.037753312307786856
6073,0.037642571469586744
6074,0.0375316448728928
6075,0.037420533065105406
6076,0.0373092365945388
6077,0.0371977560104188
6078,0.0370860918628795
6079,0.03697424470296093
6080,0.03686221508260625
6081,0.03675000355465895
6082,0.03663761067286044
6083,0.03652503699184684
6084,0.036412283067146535
6085,0.036299349455177383
6086,0.0361862367132439
6087,0.036072945399534796
6088,0.03595947607311977
6089,0.03584582929394704
6090,0.03573200562284054
6091,0.03561800562149701
6092,0.03550382985248364
6093,0.03538947887923472
6094,0.03527495326604922
6095,0.03516025357808794
6096,0.03504538038137059
6097,0.034930334242773406
6098,0.03481511573002577
6099,0.034699725411707794
6100,0.034584163857247406
6101,0.03446843163691757
6102,0.03435252932183333
6103,0.03423645748394941
6104,0.034120216696056825
6105,0.034003807531780395
6106,0.033887230565575854
6107,0.03377048637272692
6108,0.033653575529342804
6109,0.03353649861235483
6110,0.03341925619951396
6111,0.033301848869387855
6112,0.03318427720135788
6113,0.03306654177561669
6114,0.03294864317316475
6115,0.03283058197580788
6116,0.03271235876615427
6117,0.03259397412761149
6118,0.03247542864438403
6119,0.032356722901469855
6120,0.03223785748465783
6121,0.03211883298052481
6122,0.03199964997643259
6123,0.03188030906052546
6124,0.031760810821726645
6125,0.03164115584973585
6126,0.0315213447350262
6127,0.03140137806884129
6128,0.03128125644319258
6129,0.031160980450855972
6130,0.031040550685369206
6131,0.030919967741028877
6132,0.030799232212887384
6133,0.030678344696750386
6134,0.030557305789173286
6135,0.03043611608745866
6136,0.030314776189653236
6137,0.03019328669454482
6138,0.030071648201659754
6139,0.029949861311259356
6140,0.029827926624337347
6141,0.029705844742616807
6142,0.029583616268547084
6143,0.029461241805301228
6144,0.02933872195677242
6145,0.02921605732757139
6146,0.029093248523023328
6147,0.028970296149164805
6148,0.02884720081274117
6149,0.028723963121202966
6150,0.028600583682703337
6151,0.028477063106094904
6152,0.028353402000926696
6153,0.028229600977441507
6154,0.028105660646572304
6155,0.02798158161993961
6156,0.027857364509848378
6157,0.027733009929284885
6158,0.027608518491914088
6159,0.027483890812076008
6160,0.027359127504783094
6161,0.02723422918571709
6162,0.027109196471225897
6163,0.026984029978320927
6164,0.026858730324673466
6165,0.02673329812861202
6166,0.026607734009119158
6167,0.026482038585828375
6168,0.02635621247902142
6169,0.02623025630962464
6170,0.026104170699206303
6171,0.02597795626997346
6172,0.025851613644768748
6173,0.025725143447067726
6174,0.025598546300975196
6175,0.02547182283122253
6176,0.02534497366316447
6177,0.025217999422775972
6178,0.02509090073664948
6179,0.02496367823199127
6180,0.02483633253661872
6181,0.024708864278957143
6182,0.02458127408803656
6183,0.024453562593489027
6184,0.024325730425544888
6185,0.0241977782150301
6186,0.024069706593362997
6187,0.02394151619255109
6188,0.023813207645188333
6189,0.02368478158445142
6190,0.02355623864409704
6191,0.023427579458458667
6192,0.023298804662443415
6193,0.023169914891528812
6194,0.023040910781760075
6195,0.02291179296974635
6196,0.02278256209265798
6197,0.022653218788223267
6198,0.02252376369472521
6199,0.02239419745099878
6200,0.022264520696427145
6201,0.02213473407093891
6202,0.022004838215004884
6203,0.0218748337696348
6204,0.02174472137637457
6205,0.02161450167730249
6206,0.0214841753150265
6207,0.021353742932680893
6208,0.021223205173923055
6209,0.021092562682930686
6210,0.020961816104398016
6211,0.02083096608353302
6212,0.020700013266054147
6213,0.020568958298187025
6214,0.020437801826661675
6215,0.020306544498708716
6216,0.02017518696205657
6217,0.020043729864928174
6218,0.019912173856037673
6219,0.019780519584587625
6220,0.01964876770026519
6221,0.01951691885323933
6222,0.0193849736941575
6223,0.019252932874142318
6224,0.019120797044788806
6225,0.018988566858160506
6226,0.018856242966786705
6227,0.018723826023659105
6228,0.018591316682228493
6229,0.018458715596401935
6230,0.018326023420538934
6231,0.018193240809448587
6232,0.018060368418386298
6233,0.017927406903050384
6234,0.017794356919579313
6235,0.01766121912454779
6236,0.017527994174963972
6237,0.0173946827282661
6238,0.017261285442319148
6239,0.01712780297541202
6240,0.016994235986253648
6241,0.016860585133970166
6242,0.016726851078101557
6243,0.0165930344785983
6244,0.016459135995818514
6245,0.016325156290524088
6246,0.01619109602387783
6247,0.016056955857440103
6248,0.015922736453165446
6249,0.015788438473399755
6250,0.015654062580876347
6251,0.015519609438713134
6252,0.015385079710409241
6253,0.015250474059841621
6254,0.01511579315126221
6255,0.014981037649294007
6256,0.014846208218928217
6257,0.014711305525520873
6258,0.014576330234789435
6259,0.014441283012809938
6260,0.014306164526013064
6261,0.014170975441181278
6262,0.01403571642544543
6263,0.01390038814628136
6264,0.013764991271507035
6265,0.013629526469278595
6266,0.013493994408087505
6267,0.013358395756757138
6268,0.013222731184439363
6269,0.013087001360611684
6270,0.012951206955073282
6271,0.012815348637942148
6272,0.012679427079651657
6273,0.012543442950947161
6274,0.012407396922883113
6275,0.012271289666819098
6276,0.012135121854416956
6277,0.011998894157637363
6278,0.011862607248736513
6279,0.011726261800262686
6280,0.011589858485053377
6281,0.011453397976231308
6282,0.011316880947201555
6283,0.011180308071648104
6284,0.011043680023530426
6285,0.010906997477080587
6286,0.01077026110679926
6287,0.01063347158745284
6288,0.01049662959407
6289,0.01035973580193825
6290,0.010222790886601052
6291,0.010085795523853814
6292,0.009948750389741008
6293,0.009811656160552714
6294,0.009674513512821175
6295,0.009537323123317905
6296,0.00940008566904968
6297,0.00926280182725564
6298,0.009125472275403841
6299,0.008988097691187798
6300,0.008850678752523582
6301,0.008713216137545814
6302,0.008575710524604757
6303,0.008438162592262863
6304,0.008300573019291312
6305,0.008162942484667098
6306,0.008025271667569025
6307,0.007887561247374796
6308,0.007749811903657542
6309,0.007612024316182366
6310,0.007474199164903428
6311,0.007336337129959924
6312,0.007198438891673178
6313,0.007060505130543165
6314,0.006922536527245051
6315,0.0067845337626262735
6316,0.006646497517702515
6317,0.006508428473654787
6318,0.006370327311825961
6319,0.00623219471371729
6320,0.006094031360985491
6321,0.005955837935438717
6322,0.005817615119033637
6323,0.005679363593871955
6324,0.005541084042196938
6325,0.005402777146390488
6326,0.005264443588969117
6327,0.005126084052581013
6328,0.004987699220002567
6329,0.004849289774134892
6330,0.004710856398000891
6331,0.004572399774741231
6332,0.004433920587611404
6333,0.004295419519978255
6334,0.004156897255316492
6335,0.004018354477205757
6336,0.0038797918693265925
6337,0.003741210115457505
6338,0.003602609899471485
6339,0.003463991905332516
6340,0.0033253568170926485
6341,0.0031867053188879544
6342,0.0030480380949355975
6343,0.0029093558295303448
6344,0.0027706592070410783
6345,0.002631948911907862
6346,0.0024932256286379004
6347,0.002354490041802601
6348,0.0022157428360340885
6349,0.0020769846960217117
6350,0.001938216306509112
6351,0.001799438352290177
6352,0.0016606515182061054
6353,0.0015218564891419152
6354,0.001383053950022955
6355,0.0012442445858119662
6356,0.0011054290815050388
6357,0.0009666081221286725
6358,0.0008277823927362878
6359,0.0006889525784047326
6360,0.0005501193642313465
6361,0.0004112834353299136
6362,0.0002724454768277254
6363,0.00013360617386208926
6364,-5.233788423163786e-06
6365,-0.00014407372488061613
6366,-0.0002829129503633107
6367,-0.0004217507797276878
6368,-0.0005605865278370774
6369,-0.00069941950956508
6370,-0.0008382490397990587
6371,-0.000977074433443076
6372,-0.0011158950054219405
6373,-0.0012547100706841437
6374,-0.0013935189442053522
6375,-0.001532320940991898
6376,-0.0016711153760837153
6377,-0.0018099015645583875
6378,-0.0019486788215340818
6379,-0.0020874464621730405
6380,-0.0022262038016850716
6381,-0.0023649501553304844
6382,-0.002503684838424134
6383,-0.0026424071663383565
6384,-0.0027811164545064582
6385,-0.0029198120184262045
6386,-0.003058493173662755
6387,-0.003197159235852706
6388,-0.0033358095207070234
6389,-0.0034744433440145315
6390,-0.0036130600216454003
6391,-0.0037516588695540765
6392,-0.0038902392037833263
6393,-0.0040288003404671665
6394,-0.0041673415958343495
6395,-0.004305862286211848
6396,-0.004444361728027789
6397,-0.004582839237815486
6398,-0.004721294132216374
6399,-0.00485972572798349
6400,-0.004998133341984954
6401,-0.005136516291206903
6402,-0.005274873892757517
6403,-0.0054132054638699545
6404,-0.005551510321905827
6405,-0.005689787784358681
6406,-0.005828037168856924
6407,-0.005966257793167853
6408,-0.006104448975200579
6409,-0.0062426100330095075
6410,-0.006380740284797809
6411,-0.0065188390489203454
6412,-0.006656905643887695
6413,-0.006794939388369074
6414,-0.006932939601195808
6415,-0.007070905601364807
6416,-0.007208836708041481
6417,-0.007346732240563763
6418,-0.00748459151844503
6419,-0.007622413861377564
6420,-0.007760198589236025
6421,-0.007897945022080369
6422,-0.008035652480159854
6423,-0.008173320283915967
6424,-0.008310947753985878
6425,-0.008448534211205904
6426,-0.008586078976614425
6427,-0.00872358137145589
6428,-0.008861040717183731
6429,-0.008998456335463813
6430,-0.009135827548177905
6431,-0.00927315367742657
6432,-0.009410434045533185
6433,-0.009547667975046836
6434,-0.009684854788745777
6435,-0.009821993809640875
6436,-0.009959084360978516
6437,-0.010096125766244609
6438,-0.01023311734916747
6439,-0.010370058433721283
6440,-0.010506948344129541
6441,-0.010643786404867944
6442,-0.010780571940668383
6443,-0.010917304276521843
6444,-0.011053982737681841
6445,-0.011190606649667862
6446,-0.011327175338268252
6447,-0.011463688129544203
6448,-0.011600144349832638
6449,-0.011736543325749648
6450,-0.01187288438419392
6451,-0.012009166852349628
6452,-0.012145390057690404
6453,-0.012281553327982215
6454,-0.012417655991286806
6455,-0.012553697375965104
6456,-0.012689676810680114
6457,-0.012825593624400874
6458,-0.012961447146405338
6459,-0.01309723670628379
6460,-0.013232961633942155
6461,-0.013368621259605412
6462,-0.01350421491382047
6463,-0.013639741927460113
6464,-0.013775201631725882
6465,-0.013910593358151474
6466,-0.014045916438606146
6467,-0.01418117020529759
6468,-0.014316353990775868
6469,-0.014451467127936282
6470,-0.014586508950022767
6471,-0.014721478790631286
6472,-0.014856375983712701
6473,-0.014991199863576695
6474,-0.015125949764894626
6475,-0.015260625022702924
6476,-0.01539522497240648
6477,-0.015529748949781489
6478,-0.015664196290979374
6479,-0.015798566332529643
6480,-0.015932858411343252
6481,-0.016067071864716006
6482,-0.01620120603033138
6483,-0.016335260246264437
6484,-0.016469233850984682
6485,-0.016603126183359407
6486,-0.016736936582657083
6487,-0.016870664388550175
6488,-0.017004308941119053
6489,-0.017137869580854826
6490,-0.017271345648662687
6491,-0.01740473648586528
6492,-0.017538041434205533
6493,-0.017671259835850533
6494,-0.017804391033394353
6495,-0.017937434369861397
6496,-0.018070389188709755
6497,-0.018203254833834014
6498,-0.018336030649569134
6499,-0.01846871598069326
6500,-0.01860131017243106
6501,-0.01873381257045706
6502,-0.01886622252089845
6503,-0.01899853937033896
6504,-0.01913076246582163
6505,-0.019262891154852173
6506,-0.019394924785402275
6507,-0.019526862705912407
6508,-0.01965870426529566
6509,-0.01979044881294054
6510,-0.0199220956987143
6511,-0.02005364427296622
6512,-0.02018509388653043
6513,-0.020316443890729716
6514,-0.020447693637378316
6515,-0.020578842478785216
6516,-0.020709889767757457
6517,-0.0208408348576029
6518,-0.020971677102134056
6519,-0.021102415855670856
6520,-0.021233050473043934
6521,-0.02136358030959792
6522,-0.021494004721194202
6523,-0.021624323064214735
6524,-0.021754534695564792
6525,-0.02188463897267625
6526,-0.022014635253510863
6527,-0.022144522896563008
6528,-0.022274301260863487
6529,-0.022403969705982255
6530,-0.022533527592031706
6531,-0.022662974279669925
6532,-0.022792309130103418
6533,-0.022921531505090905
6534,-0.023050640766946042
6535,-0.023179636278540673
6536,-0.02330851740330809
6537,-0.02343728350524574
6538,-0.023565933948919
6539,-0.023694468099463892
6540,-0.02382288532259032
6541,-0.02395118498458531
6542,-0.02407936645231571
6543,-0.024207429093231952
6544,-0.024335372275370745
6545,-0.0244631953673583
6546,-0.02459089773841346
6547,-0.02471847875835089
6548,-0.024845937797583803
6549,-0.024973274227127664
6550,-0.02510048741860289
6551,-0.02522757674423805
6552,-0.025354541576873075
6553,-0.02548138128996193
6554,-0.025608095257576333
6555,-0.02573468285440842
6556,-0.025861143455773953
6557,-0.025987476437615484
6558,-0.026113681176505036
6559,-0.026239757049647792
6560,-0.026365703434884764
6561,-0.02649151971069596
6562,-0.02661720525620354
6563,-0.026742759451174505
6564,-0.026868181676024342
6565,-0.02699347131181968
6566,-0.02711862774028145
6567,-0.027243650343788034
6568,-0.027368538505377918
6569,-0.02749329160875332
6570,-0.027617909038282856
6571,-0.027742390179004657
6572,-0.027866734416629513
6573,-0.02799094113754351
6574,-0.02811500972881164
6575,-0.028238939578180442
6576,-0.028362730074081122
6577,-0.02848638060563266
6578,-0.028609890562644444
6579,-0.028733259335619852
6580,-0.028856486315758892
6581,-0.02897957089496128
6582,-0.029102512465829556
6583,-0.02922531042167168
6584,-0.029347964156504622
6585,-0.02947047306505695
6586,-0.029592836542771925
6587,-0.029715053985810574
6588,-0.029837124791054284
6589,-0.029959048356108364
6590,-0.030080824079304624
6591,-0.030202451359704445
6592,-0.03032392959710184
6593,-0.030445258192026026
6594,-0.030566436545744976
6595,-0.03068746406026796
6596,-0.030808340138348617
6597,-0.030929064183488002
6598,-0.03104963559993711
6599,-0.031170053792700433
6600,-0.031290318167538494
6601,-0.03141042813097087
6602,-0.031530383090279224
6603,-0.03165018245350985
6604,-0.03176982562947716
6605,-0.03188931202776622
6606,-0.032008641058735784
6607,-0.03212781213352125
6608,-0.032246824664037214
6609,-0.03236567806298096
6610,-0.03248437174383495
6611,-0.032602905120869816
6612,-0.032721277609147364
6613,-0.03283948862452306
6614,-0.03295753758364949
6615,-0.033075423903978864
6616,-0.03319314700376599
6617,-0.033310706302071204
6618,-0.033428101218762926
6619,-0.033545331174521006
6620,-0.033662395590839285
6621,-0.03377929389002848
6622,-0.03389602549521918
6623,-0.03401258983036428
6624,-0.034128986320242395
6625,-0.03424521439046035
6626,-0.03436127346745606
6627,-0.0344771629785015
6628,-0.034592882351705136
6629,-0.0347084310160153
6630,-0.034823808401222664
6631,-0.0349390139379631
6632,-0.03505404705772064
6633,-0.03516890719282985
6634,-0.03528359377647925
6635,-0.035398106242713695
6636,-0.03551244402643726
6637,-0.03562660656341606
6638,-0.03574059329028111
6639,-0.035854403644530734
6640,-0.035968037064533886
6641,-0.03608149298953258
6642,-0.036194770859644704
6643,-0.03630787011586693
6644,-0.03642079020007708
6645,-0.0365335305550374
6646,-0.036646090624397
6647,-0.03675846985269465
6648,-0.036870667685361624
6649,-0.036982683568724084
6650,-0.03709451695000634
6651,-0.037206167277333224
6652,-0.037317633999732897
6653,-0.037428916567139675
6654,-0.037540014430396354
6655,-0.037650927041257505
6656,-0.03776165385239176
6657,-0.037872194317384665
6658,-0.03798254789074141
6659,-0.03809271402788921
6660,-0.0382026921851805
6661,-0.03831248181989526
6662,-0.0384220823902438
6663,-0.03853149335536951
6664,-0.03864071417535119
6665,-0.038749744311206216
6666,-0.03885858322489287
6667,-0.03896723037931308
6668,-0.039075685238315144
6669,-0.03918394726669605
6670,-0.03929201593020463
6671,-0.03939989069554382
6672,-0.03950757103037344
6673,-0.039615056403312844
6674,-0.039722346283943236
6675,-0.0398294401428108
6676,-0.039936337451428945
6677,-0.04004303768228103
6678,-0.040149540308823034
6679,-0.040255844805485816
6680,-0.04036195064767822
6681,-0.040467857311789326
6682,-0.040573564275191126
6683,-0.04067907101624117
6684,-0.04078437701428481
6685,-0.04088948174965829
6686,-0.04099438470369094
6687,-0.041099085358707856
6688,-0.041203583198032516
6689,-0.041307877705989
6690,-0.04141196836790506
6691,-0.04151585467011427
6692,-0.04161953609995869
6693,-0.04172301214579148
6694,-0.041826282296979066
6695,-0.04192934604390417
6696,-0.04203220287796801
6697,-0.042134852291592854
6698,-0.042237293778224654
6699,-0.042339526832335175
6700,-0.04244155094942501
6701,-0.04254336562602573
6702,-0.04264497035970246
6703,-0.04274636464905641
6704,-0.04284754799372707
6705,-0.04294851989439514
6706,-0.04304927985278465
6707,-0.043149827371665554
6708,-0.04325016195485621
6709,-0.04335028310722554
6710,-0.043450190334695944
6711,-0.04354988314424541
6712,-0.04364936104391005
6713,-0.043748623542786566
6714,-0.04384767015103442
6715,-0.043946500379878656
6716,-0.044045113741612046
6717,-0.04414350974959754
6718,-0.04424168791827078
6719,-0.044339647763142157
6720,-0.044437388800799685
6721,-0.04453491054891107
6722,-0.044632212526226164
6723,-0.044729294252579335
6724,-0.04482615524889195
6725,-0.04492279503717437
6726,-0.04501921314052883
6727,-0.04511540908315143
6728,-0.04521138239033463
6729,-0.045307132588469586
6730,-0.04540265920504824
6731,-0.045497961768666106
6732,-0.04559303980902425
6733,-0.04568789285693174
6734,-0.04578252044430799
6735,-0.04587692210418482
6736,-0.04597109737070915
6737,-0.04606504577914505
6738,-0.04615876686587608
6739,-0.04625226016840767
6740,-0.04634552522536908
6741,-0.046438561576516164
6742,-0.0465313687627333
6743,-0.04662394632603574
6744,-0.04671629380957197
6745,-0.046808410757625665
6746,-0.04690029671561833
6747,-0.04699195123011131
6748,-0.04708337384880807
6749,-0.04717456412055652
6750,-0.04726552159535091
6751,-0.04735624582433455
6752,-0.04744673635980166
6753,-0.047536992755199715
6754,-0.04762701456513169
6755,-0.047716801345357975
6756,-0.047806352652799
6757,-0.04789566804553714
6758,-0.047984747082818954
6759,-0.04807358932505743
6760,-0.0481621943338339
6761,-0.0482505616719006
6762,-0.04833869090318254
6763,-0.04842658159277976
6764,-0.048514233306969495
6765,-0.0486016456132081
6766,-0.04868881808013355
6767,-0.04877575027756731
6768,-0.04886244177651653
6769,-0.04894889214917623
6770,-0.049035100968931114
6771,-0.04912106781035814
6772,-0.04920679224922829
6773,-0.04929227386250875
6774,-0.04937751222836509
6775,-0.049462506926163025
6776,-0.04954725753647095
6777,-0.0496317636410617
6778,-0.04971602482291471
6779,-0.04980004066621812
6780,-0.04988381075637056
6781,-0.0499673346799836
6782,-0.05005061202488354
6783,-0.05013364238011349
6784,-0.05021642533593546
6785,-0.05029896048383215
6786,-0.05038124741650932
6787,-0.05046328572789756
6788,-0.05054507501315436
6789,-0.050626614868666174
6790,-0.05070790489205013
6791,-0.050788944682156445
6792,-0.0508697338390701
6793,-0.050950271964112906
6794,-0.051030558659845536
6795,-0.05111059353006922
6796,-0.0511903761798281
6797,-0.05126990621541088
6798,-0.0513491832443529
6799,-0.05142820687543808
6800,-0.051506976718700616
6801,-0.05158549238542729
6802,-0.05166375348815914
6803,-0.051741759640693406
6804,-0.05181951045808554
6805,-0.051897005556650826
6806,-0.05197424455396664
6807,-0.05205122706887413
6808,-0.05212795272148011
6809,-0.05220442113315903
6810,-0.052280631926554605
6811,-0.05235658472558199
6812,-0.05243227915542945
6813,-0.05250771484256026
6814,-0.05258289141471452
6815,-0.052657808500911084
6816,-0.05273246573144912
6817,-0.05280686273791033
6818,-0.0528809991531605
6819,-0.05295487461135138
6820,-0.05302848874792254
6821,-0.05310184119960298
6822,-0.05317493160441318
6823,-0.05324775960166677
6824,-0.053320324831972264
6825,-0.053392626937234955
6826,-0.05346466556065844
6827,-0.05353644034674669
6828,-0.05360795094130563
6829,-0.05367919699144491
6830,-0.0537501781455797
6831,-0.05382089405343222
6832,-0.05389134436603378
6833,-0.05396152873572632
6834,-0.05403144681616414
6835,-0.05410109826231566
6836,-0.05417048273046496
6837,-0.05423959987821373
6838,-0.0543084493644828
6839,-0.054377030849513855
6840,-0.05444534399487115
6841,-0.054513388463442995
6842,-0.054581163919443725
6843,-0.05464867002841514
6844,-0.05471590645722822
6845,-0.0547828728740848
6846,-0.05484956894851903
6847,-0.054915994351399294
6848,-0.05498214875492963
6849,-0.0550480318326514
6850,-0.05511364325944498
6851,-0.055178982711531106
6852,-0.05524404986647282
6853,-0.05530884440317684
6854,-0.055373366001895206
6855,-0.0554376143442269
6856,-0.05550158911311922
6857,-0.05556528999286964
6858,-0.055628716669127165
6859,-0.05569186882889396
6860,-0.055754746160526905
6861,-0.05581734835373896
6862,-0.05587967509960098
6863,-0.055941726090543056
6864,-0.05600350102035606
6865,-0.05606499958419325
6866,-0.056126221478571506
6867,-0.05618716640137319
6868,-0.05624783405184741
6869,-0.056308224130611546
6870,-0.056368336339652804
6871,-0.05642817038232946
6872,-0.056487725963372634
6873,-0.05654700278888756
6874,-0.056606000566355064
6875,-0.05666471900463306
6876,-0.05672315781395782
6877,-0.05678131670594566
6878,-0.05683919539359417
6879,-0.05689679359128373
6880,-0.05695411101477889
6881,-0.057011147381229636
6882,-0.05706790240917306
6883,-0.05712437581853456
6884,-0.05718056733062924
6885,-0.05723647666816339
6886,-0.05729210355523561
6887,-0.0573474477173385
6888,-0.05740250888135976
6889,-0.057457286775583684
6890,-0.05751178112969245
6891,-0.05756599167476733
6892,-0.05761991814329027
6893,-0.05767356026914503
6894,-0.05772691778761854
6895,-0.057779990435402266
6896,-0.057832777950593314
6897,-0.05788528007269598
6898,-0.057937496542622896
6899,-0.05798942710269633
6900,-0.058041071496649464
6901,-0.058092429469627574
6902,-0.05814350076818946
6903,-0.058194285140308576
6904,-0.058244782335374286
6905,-0.05829499210419313
6906,-0.058344914198990065
6907,-0.05839454837340955
6908,-0.058443894382517
6909,-0.0584929519827998
6910,-0.05854172093216861
6911,-0.058590200989958534
6912,-0.058638391916930196
6913,-0.058686293475271135
6914,-0.058733905428596835
6915,-0.0587812275419519
6916,-0.058828259581811294
6917,-0.058875001316081324
6918,-0.05892145251410099
6919,-0.05896761294664301
6920,-0.059013482385914966
6921,-0.059059060605560466
6922,-0.059104347380660116
6923,-0.05914934248773287
6924,-0.059194045704736936
6925,-0.059238456811070976
6926,-0.059282575587575166
6927,-0.05932640181653218
6928,-0.059369935281668465
6929,-0.05941317576815515
6930,-0.05945612306260916
6931,-0.0594987769530943
6932,-0.05954113722912215
6933,-0.059583203681653346
6934,-0.05962497610309842
6935,-0.05966645428731892
6936,-0.05970763802962838
6937,-0.059748527126793315
6938,-0.059789121377034286
6939,-0.05982942058002687
6940,-0.05986942453690263
6941,-0.05990913305025015
6942,-0.05994854592411585
6943,-0.059987662964005206
6944,-0.06002648397688351
6945,-0.06006500877117689
6946,-0.0601032371567733
6947,-0.06014116894502331
6948,-0.06017880394874123
6949,-0.0602161419822059
6950,-0.06025318286116168
6951,-0.06028992640281932
6952,-0.06032637242585681
6953,-0.0603625207504204
6954,-0.06039837119812542
6955,-0.06043392359205712
6956,-0.06046917775677166
6957,-0.06050413351829678
6958,-0.06053879070413289
6959,-0.06057314914325377
6960,-0.06060720866610746
6961,-0.060640969104617096
6962,-0.0606744302921817
6963,-0.06070759206367707
6964,-0.060740454255456565
6965,-0.0607730167053519
6966,-0.06080527925267398
6967,-0.060837241738213595
6968,-0.06086890400424236
6969,-0.06090026589451336
6970,-0.06093132725426202
6971,-0.06096208793020681
6972,-0.06099254777054996
6973,-0.06102270662497832
6974,-0.061052564344664044
6975,-0.06108212078226529
6976,-0.06111137579192704
6977,-0.061140329229281684
6978,-0.06116898095144986
6979,-0.06119733081704111
6980,-0.06122537868615456
6981,-0.061253124420379675
6982,-0.061280567882796795
6983,-0.061307708937977996
6984,-0.06133454745198766
6985,-0.06136108329238312
6986,-0.06138731632821539
6987,-0.06141324643002969
6988,-0.06143887346986621
6989,-0.061464197321260704
6990,-0.06148921785924505
6991,-0.06151393496034795
6992,-0.06153834850259553
6993,-0.06156245836551183
6994,-0.061586264430119574
6995,-0.06160976657894063
6996,-0.061632964695996634
6997,-0.06165585866680958
6998,-0.06167844837840231
6999,-0.061700733719299176
7000,-0.06172271457952651
7001,-0.06174439085061321
7002,-0.061765762425591265
7003,-0.06178682919899623
7004,-0.06180759106686785
7005,-0.06182804792675049
7006,-0.06184819967769369
7007,-0.06186804622025263
7008,-0.0618875874564886
7009,-0.06190682328996955
7010,-0.061925753625770526
7011,-0.06194437837047415
7012,-0.06196269743217108
7013,-0.06198071072046041
7014,-0.061998418146450206
7015,-0.0620158196227579
7016,-0.06203291506351072
7017,-0.06204970438434612
7018,-0.062066187502412176
7019,-0.06208236433636803
7020,-0.062098234806384274
7021,-0.06211379883414334
7022,-0.06212905634283992
7023,-0.062144007257181236
7024,-0.06215865150338757
7025,-0.06217298900919252
7026,-0.062187019703843396
7027,-0.06220074351810155
7028,-0.062214160384242705
7029,-0.06222727023605736
7030,-0.06224007300885103
7031,-0.062252568639444616
7032,-0.062264757066174715
7033,-0.062276638228893885
7034,-0.06228821206897099
7035,-0.06229947852929146
7036,-0.0623104375542576
7037,-0.06232108908978883
7038,-0.062331433083321966
7039,-0.06234146948381148
7040,-0.06235119824172978
7041,-0.06236061930906739
7042,-0.062369732639333264
7043,-0.06237853818755494
7044,-0.06238703591027882
7045,-0.06239522576557035
7046,-0.06240310771301426
7047,-0.06241068171371473
7048,-0.06241794773029558
7049,-0.062424905726900494
7050,-0.062431555669193166
7051,-0.06243789752435746
7052,-0.062443931261097624
7053,-0.06244965684963836
7054,-0.06245507426172506
7055,-0.062460183470623876
7056,-0.062464984451121905
7057,-0.06246947717952727
7058,-0.06247366163366927
7059,-0.062477537792898455
7060,-0.06248110563808677
7061,-0.06248436515162763
7062,-0.062487316317435974
7063,-0.0624899591209484
7064,-0.062492293549123216
7065,-0.06249431959044048
7066,-0.06249603723490209
7067,-0.06249744647403181
7068,-0.06249854730087534
7069,-0.06249933971000032
7070,-0.06249982369749637
7071,-0.0624999992609751
7072,-0.062499866399570156
7073,-0.06249942511393717
7074,-0.0624986754062538
7075,-0.06249761728021971
7076,-0.062496250741056525
7077,-0.062494575795507844
7078,-0.0624925924518392
7079,-0.06249030071983797
7080,-0.06248770061081341
7081,-0.06248479213759652
7082,-0.06248157531454003
7083,-0.06247805015751832
7084,-0.062474216683927324
7085,-0.062470074912684456
7086,-0.062465624864228526
7087,-0.06246086656051963
7088,-0.062455800025039025
7089,-0.06245042528278905
7090,-0.062444742360292974
7091,-0.06243875128559487
7092,-0.062432452088259476
7093,-0.06242584479937206
7094,-0.06241892945153828
7095,-0.06241170607888396
7096,-0.06240417471705499
7097,-0.06239633540321713
7098,-0.0623881881760558
7099,-0.062379733075775934
7100,-0.06237097014410174
7101,-0.062361899424276515
7102,-0.06235252096106243
7103,-0.06234283480074031
7104,-0.06233284099110941
7105,-0.06232253958148715
7106,-0.06231193062270892
7107,-0.06230101416712778
7108,-0.06228979026861423
7109,-0.06227825898255597
7110,-0.06226642036585755
7111,-0.06225427447694016
7112,-0.06224182137574131
7113,-0.06222906112371453
7114,-0.0622159937838291
7115,-0.06220261942056971
7116,-0.06218893809993614
7117,-0.06217494988944294
7118,-0.062160654858119106
7119,-0.062146053076507744
7120,-0.0621311446166657
7121,-0.0621159295521632
7122,-0.062100407958083526
7123,-0.06208457991102259
7124,-0.06206844548908865
7125,-0.06205200477190181
7126,-0.062035257840593674
7127,-0.062018204777806986
7128,-0.06200084566769515
7129,-0.061983180595921894
7130,-0.06196520964966077
7131,-0.061946932917594774
7132,-0.06192835048991589
7133,-0.06190946245832464
7134,-0.06189026891602967
7135,-0.06187076995774722
7136,-0.06185096567970072
7137,-0.06183085617962029
7138,-0.06181044155674222
7139,-0.061789721911808614
7140,-0.0617686973470667
7141,-0.06174736796626847
7142,-0.06172573387467012
7143,-0.0617037951790315
7144,-0.06168155198761568
7145,-0.0616590044101883
7146,-0.061636152558017125
7147,-0.061612996543871416
7148,-0.061589536482021416
7149,-0.06156577248823783
7150,-0.06154170467979116
7151,-0.06151733317545117
7152,-0.06149265809548633
7153,-0.06146767956166316
7154,-0.06144239769724571
7155,-0.061416812626994874
7156,-0.061390924477167805
7157,-0.06136473337551729
7158,-0.061338239451291125
7159,-0.06131144283523151
7160,-0.06128434365957432
7161,-0.06125694205804851
7162,-0.06122923816587547
7163,-0.06120123211976829
7164,-0.06117292405793119
7165,-0.06114431412005873
7166,-0.06111540244733518
7167,-0.0610861891824338
7168,-0.061056674469516146
7169,-0.06102685845423141
7170,-0.06099674128371559
7171,-0.06096632310659085
7172,-0.06093560407296474
7173,-0.06090458433442951
7174,-0.06087326404406127
7175,-0.060841643356419395
7176,-0.06080972242754556
7177,-0.06077750141496311
7178,-0.06074498047767625
7179,-0.06071215977616921
7180,-0.06067903947240557
7181,-0.060645619729827335
7182,-0.06061190071335419
7183,-0.06057788258938267
7184,-0.06054356552578532
7185,-0.06050894969190999
7186,-0.0604740352585788
7187,-0.060438822398087434
7188,-0.06040331128420425
7189,-0.06036750209216941
7190,-0.060331394998694096
7191,-0.06029499018195951
7192,-0.06025828782161606
7193,-0.0602212880987825
7194,-0.06018399119604497
7195,-0.0601463972974562
7196,-0.060108506588534484
7197,-0.060070319256262814
7198,-0.06003183548908796
7199,-0.059993055476919535
7200,-0.05995397941112912
7201,-0.05991460748454919
7202,-0.05987493989147225
7203,-0.05983497682764988
7204,-0.05979471849029172
7205,-0.05975416507806455
7206,-0.05971331679109121
7207,-0.05967217383094988
7208,-0.0596307364006727
7209,-0.059589004704745034
7210,-0.059546978949104365
7211,-0.059504659341139333
7212,-0.05946204608968865
7213,-0.05941913940504012
7214,-0.059375939498929574
7215,-0.05933244658453982
7216,-0.05928866087649963
7217,-0.059244582590882555
7218,-0.05920021194520618
7219,-0.059155549158430625
7220,-0.05911059445095772
7221,-0.05906534804462988
7222,-0.05901981016272898
7223,-0.0589739810299753
7224,-0.05892786087252634
7225,-0.05888144991797578
7226,-0.05883474839535231
7227,-0.058787756535118446
7228,-0.05874047456916969
7229,-0.05869290273083292
7230,-0.05864504125486556
7231,-0.058596890377454344
7232,-0.05854845033621412
7233,-0.058499721370186726
7234,-0.05845070371983978
7235,-0.058401397627065484
7236,-0.058351803335179454
7237,-0.05830192108891945
7238,-0.058251751134444425
7239,-0.05820129371933292
7240,-0.0581505490925821
7241,-0.058099517504606436
7242,-0.05804819920723653
7243,-0.05799659445371782
7244,-0.05794470349870936
7245,-0.05789252659828252
7246,-0.0578400640099198
7247,-0.05778731599251338
7248,-0.057734282806364265
7249,-0.05768096471318044
7250,-0.05762736197607592
7251,-0.05757347485956942
7252,-0.05751930362958297
7253,-0.05746484855344065
7254,-0.05741010989986729
7255,-0.057355087938987095
7256,-0.05729978294232233
7257,-0.05724419518279191
7258,-0.057188324934710384
7259,-0.05713217247378607
7260,-0.05707573807712002
7261,-0.05701902202320461
7262,-0.056962024591922095
7263,-0.05690474606454332
7264,-0.05684718672372625
7265,-0.05678934685351461
7266,-0.0567312267393365
7267,-0.05667282666800285
7268,-0.05661414692770642
7269,-0.05655518780801979
7270,-0.05649594959989432
7271,-0.056436432595658614
7272,-0.05637663708901707
7273,-0.05631656337504845
7274,-0.05625621175020442
7275,-0.05619558251230805
7276,-0.0561346759605524
7277,-0.056073492395498935
7278,-0.05601203211907636
7279,-0.055950295434578676
7280,-0.055888282646663935
7281,-0.05582599406135274
7282,-0.055763429986026694
7283,-0.05570059072942688
7284,-0.055637476601652344
7285,-0.055574087914158576
7286,-0.05551042497975595
7287,-0.05544648811260811
7288,-0.05538227762823079
7289,-0.05531779384348966
7290,-0.0552530370765992
7291,-0.05518800764712098
7292,-0.05512270587596211
7293,-0.055057132085373654
7294,-0.054991286598949043
7295,-0.054925169741622454
7296,-0.05485878183966724
7297,-0.05479212322069419
7298,-0.05472519421365035
7299,-0.054657995148816765
7300,-0.054590526357807256
7301,-0.054522788173566684
7302,-0.054454780930369324
7303,-0.054386504963817195
7304,-0.05431796061083841
7305,-0.05424914820968554
7306,-0.054180068099933865
7307,-0.054110720622479805
7308,-0.05404110611953906
7309,-0.053971224934645366
7310,-0.05390107741264816
7311,-0.0538306638997113
7312,-0.05375998474331128
7313,-0.05368904029223546
7314,-0.05361783089658039
7315,-0.05354635690775007
7316,-0.05347461867845422
7317,-0.053402616562706506
7318,-0.053330350915822736
7319,-0.053257822094419524
7320,-0.053185030456411854
7321,-0.05311197636101176
7322,-0.053038660168726465
7323,-0.05296508224135659
7324,-0.05289124294199435
7325,-0.05281714263502178
7326,-0.052742781686108964
7327,-0.052668160462212156
7328,-0.05259327933157193
7329,-0.052518138663711786
7330,-0.05244273882943564
7331,-0.05236708020082646
7332,-0.05229116315124431
7333,-0.052214988055324506
7334,-0.05213855528897578
7335,-0.052061865229378404
7336,-0.051984918254982346
7337,-0.0519077147455054
7338,-0.051830255081931176
7339,-0.051752539646507736
7340,-0.051674568822744946
7341,-0.05159634299541308
7342,-0.05151786255054082
7343,-0.05143912787541332
7344,-0.051360139358570304
7345,-0.051280897389804174
7346,-0.05120140236015805
7347,-0.05112165466192386
7348,-0.051041654688640276
7349,-0.05096140283509128
7350,-0.05088089949730344
7351,-0.05080014507254448
7352,-0.0507191399593212
7353,-0.050637884557377486
7354,-0.050556379267692346
7355,-0.05047462449247793
7356,-0.050392620635177555
7357,-0.05031036810046372
7358,-0.05022786729423595
7359,-0.05014511862361933
7360,-0.05006212249696173
7361,-0.04997887932383228
7362,-0.049895389515019234
7363,-0.049811653482527966
7364,-0.049727671639578884
7365,-0.04964344440060544
7366,-0.04955897218125207
7367,-0.049474255398372115
7368,-0.04938929447002567
7369,-0.04930408981547805
7370,-0.049218641855196886
7371,-0.04913295101085063
7372,-0.04904701770530629
7373,-0.048960842362627405
7374,-0.04887442540807189
7375,-0.04878776726808998
7376,-0.0487008683703221
7377,-0.04861372914359679
7378,-0.04852635001792839
7379,-0.04843873142451555
7380,-0.04835087379573819
7381,-0.048262777565156
7382,-0.048174443167506076
7383,-0.04808587103870085
7384,-0.04799706161582592
7385,-0.047908015337137844
7386,-0.04781873264206205
7387,-0.04772921397119063
7388,-0.047639459766279986
7389,-0.04754947047024932
7390,-0.0474592465271775
7391,-0.04736878838230147
7392,-0.04727809648201393
7393,-0.04718717127386109
7394,-0.04709601320654052
7395,-0.04700462272989888
7396,-0.04691300029492972
7397,-0.04682114635377129
7398,-0.046729061359704234
7399,-0.04663674576714927
7400,-0.04654420003166552
7401,-0.046451424609947355
7402,-0.04635841995982277
7403,-0.046265186540250934
7404,-0.04617172481131996
7405,-0.04607803523424463
7406,-0.04598411827136409
7407,-0.0458899743861396
7408,-0.045795604043152235
7409,-0.04570100770810045
7410,-0.04560618584779836
7411,-0.045511138930172564
7412,-0.04541586742426042
7413,-0.045320371800207586
7414,-0.04522465252926569
7415,-0.04512871008379002
7416,-0.045032544937237184
7417,-0.044936157564162776
7418,-0.04483954844021902
7419,-0.04474271804215231
7420,-0.04464566684780141
7421,-0.04454839533609425
7422,-0.04445090398704608
7423,-0.04435319328175705
7424,-0.04425526370240977
7425,-0.04415711573226695
7426,-0.04405874985566902
7427,-0.043960166558031734
7428,-0.04386136632584376
7429,-0.04376234964666415
7430,-0.04366311700912056
7431,-0.04356366890290587
7432,-0.0434640058187764
7433,-0.04336412824854938
7434,-0.04326403668510045
7435,-0.04316373162236127
7436,-0.0430632135553171
7437,-0.04296248298000431
7438,-0.04286154039350796
7439,-0.04276038629395918
7440,-0.042659021180533364
7441,-0.04255744555344673
7442,-0.0424556599139545
7443,-0.042353664764348264
7444,-0.0422514606079535
7445,-0.04214904794912709
7446,-0.04204642729325485
7447,-0.041943599146749
7448,-0.041840564017045695
7449,-0.041737322412602335
7450,-0.04163387484289575
7451,-0.04153022181841864
7452,-0.041426363850677765
7453,-0.04132230145219124
7454,-0.041218035136486
7455,-0.041113565418095285
7456,-0.04100889281255605
7457,-0.0409040178364065
7458,-0.04079894100718346
7459,-0.04069366284341973
7460,-0.04058818386464212
7461,-0.04048250459136795
7462,-0.040376625545103094
7463,-0.0402705472483393
7464,-0.040164270224551525
7465,-0.040057794998195465
7466,-0.039951122094704854
7467,-0.03984425204048895
7468,-0.03973718536292991
7469,-0.03962992259038
7470,-0.03952246425215971
7471,-0.03941481087855407
7472,-0.03930696300081077
7473,-0.03919892115113731
7474,-0.03909068586269841
7475,-0.0389822576696134
7476,-0.038873637106953504
7477,-0.0387648247107393
7478,-0.03865582101793799
7479,-0.03854662656646063
7480,-0.03843724189516016
7481,-0.03832766754382767
7482,-0.03821790405319049
7483,-0.03810795196490928
7484,-0.03799781182157541
7485,-0.037887484166708264
7486,-0.03777696954475255
7487,-0.037666268501075635
7488,-0.037555381581964815
7489,-0.03744430933462467
7490,-0.037333052307174146
7491,-0.037221611048644576
7492,-0.0371099861089759
7493,-0.03699817803901468
7494,-0.036886187390511166
7495,-0.03677401471611662
7496,-0.036661660569380534
7497,-0.03654912550474797
7498,-0.036436410077556755
7499,-0.03632351484403477
7500,-0.03621044036129703
7501,-0.03609718718734366
7502,-0.035983755881056026
7503,-0.03587014700219474
7504,-0.0357563611113967
7505,-0.0356423987701723
7506,-0.035528260540902704
7507,-0.03541394698683704
7508,-0.03529945867208962
7509,-0.03518479616163719
7510,-0.0350699600213159
7511,-0.034954950817819304
7512,-0.03483976911869442
7513,-0.034724415492339705
7514,-0.03460889050800202
7515,-0.034493194735773836
7516,-0.03437732874659046
7517,-0.034261293112227156
7518,-0.03414508840529636
7519,-0.034028715199244865
7520,-0.03391217406835076
7521,-0.03379546558772138
7522,-0.03367859033328935
7523,-0.03356154888181045
7524,-0.03344434181086063
7525,-0.033326969698833135
7526,-0.03320943312493565
7527,-0.03309173266918745
7528,-0.03297386891241652
7529,-0.032855842436256735
7530,-0.03273765382314473
7531,-0.03261930365631785
7532,-0.032500792519810084
7533,-0.03238212099844999
7534,-0.03226328967785756
7535,-0.0321442991444414
7536,-0.03202514998539576
7537,-0.03190584278869771
7538,-0.031786378143104185
7539,-0.0316667566381491
7540,-0.03154697886414025
7541,-0.03142704541215716
7542,-0.03130695687404703
7543,-0.031186713842422557
7544,-0.031066316910658837
7545,-0.030945766672890427
7546,-0.030825063724008426
7547,-0.03070420865965753
7548,-0.030583202076233093
7549,-0.030462044570878182
7550,-0.030340736741480443
7551,-0.030219279186669924
7552,-0.03009767250581495
7553,-0.029975917299019956
7554,-0.02985401416712231
7555,-0.02973196371168937
7556,-0.029609766535015507
7557,-0.029487423240119125
7558,-0.029364934430739696
7559,-0.029242300711334775
7560,-0.02911952268707682
7561,-0.028996600963851003
7562,-0.028873536148251024
7563,-0.02875032884757691
7564,-0.028626979669831826
7565,-0.028503489223719078
7566,-0.02837985811863909
7567,-0.02825608696468642
7568,-0.028132176372646735
7569,-0.028008126953993802
7570,-0.027883939320886467
7571,-0.027759614086165438
7572,-0.02763515186335106
7573,-0.027510553266639086
7574,-0.027385818910898446
7575,-0.027260949411668012
7576,-0.027135945385153567
7577,-0.027010807448224754
7578,-0.02688553621841204
7579,-0.02676013231390366
7580,-0.02663459635354258
7581,-0.02650892895682323
7582,-0.02638313074388925
7583,-0.02625720233552924
7584,-0.026131144353174478
7585,-0.02600495741889567
7586,-0.02587864215539987
7587,-0.025752199186027412
7588,-0.025625629134748838
7589,-0.025498932626161805
7590,-0.02537211028548802
7591,-0.02524516273856993
7592,-0.025118090611868468
7593,-0.02499089453245874
7594,-0.024863575128027726
7595,-0.024736133026870992
7596,-0.024608568857889587
7597,-0.024480883250586945
7598,-0.024353076835065775
7599,-0.024225150242024936
7600,-0.024097104102756357
7601,-0.023968939049141685
7602,-0.02384065571365001
7603,-0.0237122547293335
7604,-0.023583736729825094
7605,-0.023455102349335188
7606,-0.023326352222648495
7607,-0.023197486985120905
7608,-0.023068507272676356
7609,-0.022939413721803706
7610,-0.022810206969553576
7611,-0.022680887653535008
7612,-0.02255145641191314
7613,-0.022421913883404823
7614,-0.022292260707276298
7615,-0.02216249752333982
7616,-0.022032624971950517
7617,-0.021902643694003222
7618,-0.021772554330929308
7619,-0.021642357524693536
7620,-0.021512053917790864
7621,-0.02138164415324309
7622,-0.021251128874596504
7623,-0.021120508725917454
7624,-0.02098978435179002
7625,-0.020858956397312608
7626,-0.020728025508094768
7627,-0.020596992330254017
7628,-0.020465857510412647
7629,-0.020334621695694527
7630,-0.020203285533721922
7631,-0.020071849672612076
7632,-0.01994031476097486
7633,-0.01980868144790831
7634,-0.01967695038299626
7635,-0.01954512221630493
7636,-0.019413197598379724
7637,-0.019281177180242005
7638,-0.019149061613385896
7639,-0.01901685154977506
7640,-0.018884547641839475
7641,-0.01875215054247202
7642,-0.018619660905026085
7643,-0.018487079383311084
7644,-0.01835440663159007
7645,-0.018221643304576294
7646,-0.01808879005742999
7647,-0.01795584754575512
7648,-0.01782281642559615
7649,-0.017689697353434813
7650,-0.017556490986186866
7651,-0.017423197981198638
7652,-0.017289818996244634
7653,-0.017156354689523014
7654,-0.017022805719653204
7655,-0.016889172745672414
7656,-0.016755456427032404
7657,-0.016621657423596226
7658,-0.016487776395634958
7659,-0.016353814003824456
7660,-0.01621977090924209
7661,-0.01608564777336348
7662,-0.01595144525805902
7663,-0.015817164025591475
7664,-0.015682804738611406
7665,-0.015548368060154789
7666,-0.015413854653639496
7667,-0.015279265182862047
7668,-0.015144600311994315
7669,-0.015009860705580268
7670,-0.014875047028532668
7671,-0.014740159946129809
7672,-0.014605200124012003
7673,-0.01447016822817917
7674,-0.014335064924986252
7675,-0.014199890881140783
7676,-0.014064646763699394
7677,-0.013929333240064509
7678,-0.013793950977981062
7679,-0.013658500645533195
7680,-0.013522982911140966
7681,-0.013387398443557044
7682,-0.0132517479118632
7683,-0.013116031985467867
7684,-0.012980251334101538
7685,-0.012844406627814324
7686,-0.012708498536972439
7687,-0.012572527732254883
7688,-0.01243649488465014
7689,-0.012300400665452859
7690,-0.012164245746260549
7691,-0.012028030798970258
7692,-0.011891756495775048
7693,-0.011755423509161535
7694,-0.011619032511905283
7695,-0.011482584177068336
7696,-0.011346079177995693
7697,-0.011209518188311975
7698,-0.011072901881918111
7699,-0.010936230932988001
7700,-0.010799506015965198
7701,-0.010662727805559576
7702,-0.010525896976743781
7703,-0.01038901420475078
7704,-0.01025208016506921
7705,-0.010115095533440924
7706,-0.009978060985857434
7707,-0.009840977198556578
7708,-0.009703844848019184
7709,-0.009566664610965728
7710,-0.009429437164352995
7711,-0.009292163185370742
7712,-0.009154843351438135
7713,-0.00901747834020128
7714,-0.008880068829528565
7715,-0.008742615497508202
7716,-0.008605119022444641
7717,-0.00846758008285524
7718,-0.008329999357466913
7719,-0.008192377525212772
7720,-0.008054715265228789
7721,-0.007917013256850434
7722,-0.007779272179609113
7723,-0.007641492713229683
7724,-0.007503675537625788
7725,-0.007365821332897377
7726,-0.007227930779327131
7727,-0.007090004557377105
7728,-0.006952043347685371
7729,-0.006814047831062657
7730,-0.00667601868848899
7731,-0.006537956601110335
7732,-0.00639986225023501
7733,-0.00626173631733121
7734,-0.00612357948402232
7735,-0.005985392432084431
7736,-0.005847175843442758
7737,-0.0057089304001682745
7738,-0.005570656784474343
7739,-0.0054323556787133544
7740,-0.005294027765373356
7741,-0.005155673727074684
7742,-0.005017294246566377
7743,-0.004878890006723688
7744,-0.004740461690543389
7745,-0.004602009981141285
7746,-0.0044635355617486236
7747,-0.004325039115708717
7748,-0.00418652132647358
7749,-0.004047982877600548
7750,-0.003909424452748909
7751,-0.003770846735676529
7752,-0.003632250410236475
7753,-0.003493636160373423
7754,-0.003355004670121166
7755,-0.0032163566235979117
7756,-0.003077692705003789
7757,-0.002939013598617254
7758,-0.002800319988791711
7759,-0.0026616125599521357
7760,-0.002522891996591698
7761,-0.002384158983268383
7762,-0.0022454142046016154
7763,-0.002106658345268657
7764,-0.0019678920900021157
7765,-0.0018291161235852367
7766,-0.0016903311308494083
7767,-0.0015515377966705626
7768,-0.0014127368059657947
7769,-0.0012739288436899837
7770,-0.0011351145948324114
7771,-0.000996294744413383
7772,-0.0008574699774808456
7773,-0.0007186409791067873
7774,-0.0005798084343847427
7775,-0.0004409730284250814
7776,-0.0003021354463525144
7777,-0.0001632963733024914
7778,-2.4456494417819803e-05
7779,0.00011438350515471636
7780,0.00025322294026773747
7781,0.0003920611257766495
7782,0.0005308973765430247
7783,0.0006697310074382053
7784,0.0008085613333457958
7785,0.000947387669166376
7786,0.0010862093298199943
7787,0.00122502563024977
7788,0.001363835885425274
7789,0.001502639410345909
7790,0.001641435520044291
7791,0.0017802235295896274
7792,0.0019190027540910996
7793,0.002057772508701462
7794,0.0021965321086195363
7795,0.0023352808690949205
7796,0.002474018105430482
7797,0.0026127431329859567
7798,0.002751455267181329
7799,0.002890153823500209
7800,0.0030288381174932107
7801,0.0031675074647813306
7802,0.003306161181059323
7803,0.0034447985820993017
7804,0.0035834189837532253
7805,0.0037220217019576078
7806,0.003860606052736005
7807,0.003999171352202614
7808,0.0041377169165656424
7809,0.00427624206213069
7810,0.004414746105304119
7811,0.004553228362596426
7812,0.004691688150625617
7813,0.004830124786120802
7814,0.004968537585924679
7815,0.005106925866998233
7816,0.005245288946423225
7817,0.005383626141405781
7818,0.005521936769279759
7819,0.005660220147510122
7820,0.005798475593696306
7821,0.005936702425575582
7822,0.006074899961026432
7823,0.006213067518072126
7824,0.006351204414883211
7825,0.006489309969782199
7826,0.006627383501246047
7827,0.00676542432790974
7828,0.0069034317685696565
7829,0.007041405142186926
7830,0.007179343767890794
7831,0.007317246964981978
7832,0.007455114052936031
7833,0.007592944351406916
7834,0.007730737180229482
7835,0.007868491859424148
7836,0.00800620770919937
7837,0.008143884049955223
7838,0.008281520202286747
7839,0.008419115486987306
7840,0.008556669225051938
7841,0.008694180737680702
7842,0.008831649346282036
7843,0.008969074372476097
7844,0.009106455138098334
7845,0.009243790965201951
7846,0.009381081176062577
7847,0.009518325093180728
7848,0.009655522039285368
7849,0.009792671337337255
7850,0.009929772310532279
7851,0.010066824282304805
7852,0.010203826576331012
7853,0.010340778516532225
7854,0.010477679427078475
7855,0.010614528632390957
7856,0.010751325457146679
7857,0.010888069226280918
7858,0.011024759264990766
7859,0.011161394898738469
7860,0.011297975453254746
7861,0.011434500254542124
7862,0.01157096862887826
7863,0.011707379902819262
7864,0.011843733403203247
7865,0.011980028457152766
7866,0.012116264392079449
7867,0.012252440535686455
7868,0.012388556215971992
7869,0.012524610761232648
7870,0.012660603500066698
7871,0.012796533761377418
7872,0.012932400874376403
7873,0.013068204168586867
7874,0.013203942973847175
7875,0.013339616620313282
7876,0.013475224438463338
7877,0.013610765759100127
7878,0.013746239913354585
7879,0.0138816462326891
7880,0.01401698404890081
7881,0.014152252694124904
7882,0.014287451500837916
7883,0.01442257980186102
7884,0.014557636930363532
7885,0.014692622219865347
7886,0.01482753500424152
7887,0.014962374617724683
7888,0.015097140394908556
7889,0.015231831670751223
7890,0.015366447780578421
7891,0.015500988060086813
7892,0.01563545184534727
7893,0.015769838472808148
7894,0.015904147279298772
7895,0.01603837760203186
7896,0.016172528778608072
7897,0.01630660014701842
7898,0.016440591045647757
7899,0.01657450081327804
7900,0.016708328789091592
7901,0.016842074312674357
7902,0.016975736724019162
7903,0.017109315363528988
7904,0.01724280957202041
7905,0.01737621869072603
7906,0.01750954206129898
7907,0.01764277902581533
7908,0.017775928926777547
7909,0.017908991107117744
7910,0.01804196491020091
7911,0.01817484967982816
7912,0.018307644760239977
7913,0.018440349496119432
7914,0.01857296323259565
7915,0.018705485315246177
7916,0.018837915090101492
7917,0.018970251903647383
7918,0.019102495102828375
7919,0.01923464403505097
7920,0.019366698048186855
7921,0.019498656490576128
7922,0.0196305187110305
7923,0.019762284058836527
7924,0.019893951883759014
7925,0.0200255215360434
7926,0.020156992366420212
7927,0.020288363726107428
7928,0.020419634966813906
7929,0.02055080544074256
7930,0.020681874500593573
7931,0.020812841499567584
7932,0.020943705791368884
7933,0.0210744667302086
7934,0.021205123670807884
7935,0.021335675968401316
7936,0.021466122978739233
7937,0.021596464058092173
7938,0.02172669856325321
7939,0.021856825851541344
7940,0.02198684528080467
7941,0.02211675620942354
7942,0.022246557996313737
7943,0.02237625000092964
7944,0.022505831583267376
7945,0.022635302103868195
7946,0.022764660923820786
7947,0.02289390740476569
7948,0.023023040908897608
7949,0.02315206079896875
7950,0.023280966438292004
7951,0.023409757190744042
7952,0.023538432420768498
7953,0.023666991493379076
7954,0.0237954337741627
7955,0.023923758629282834
7956,0.02405196542548181
7957,0.024180053530085163
7958,0.024308022311003947
7959,0.02443587113673805
7960,0.02456359937637932
7961,0.024691206399614668
7962,0.024818691576729186
7963,0.024946054278609252
7964,0.025073293876745638
7965,0.025200409743236802
7966,0.025327401250791193
7967,0.025454267772731548
7968,0.02558100868299719
7969,0.025707623356147295
7970,0.025834111167364004
7971,0.0259604714924555
7972,0.026086703707859073
7973,0.026212807190644217
7974,0.02633878131851569
7975,0.026464625469816795
7976,0.02659033902353164
7977,0.026715921359289407
7978,0.02684137185736661
7979,0.026966689898690364
7980,0.027091874864841416
7981,0.027216926138057224
7982,0.02734184310123499
7983,0.027466625137934714
7984,0.02759127163238222
7985,0.02771578196947241
7986,0.027840155534771507
7987,0.027964391714521256
7988,0.028088489895641187
7989,0.028212449465731815
7990,0.02833626981307768
7991,0.028459950326650354
7992,0.028583490396111463
7993,0.028706889411815692
7994,0.0288301467648138
7995,0.028953261846855826
7996,0.029076234050393286
7997,0.029199062768583375
7998,0.02932174739529115
7999,0.029444287325092734
8000,0.02956668195327831
8001,0.029688930675855082
8002,0.02981103288955028
8003,0.02993298799181411
8004,0.03005479538082276
8005,0.030176454455481543
8006,0.030297964615427084
8007,0.03041932526103146
8008,0.030540535793404374
8009,0.03066159561439631
8010,0.03078250412660149
8011,0.03090326073336079
8012,0.031023864838764736
8013,0.031144315847656406
8014,0.03126461316563437
8015,0.031384756199055654
8016,0.03150474435503881
8017,0.03162457704146613
8018,0.031744253666987673
8019,0.03186377364102345
8020,0.031983136373766506
8021,0.03210234127618584
8022,0.032221387760029314
8023,0.03234027523782656
8024,0.03245900312289186
8025,0.03257757082932706
8026,0.032695977772024654
8027,0.03281422336666989
8028,0.03293230702974482
8029,0.03305022817853038
8030,0.0331679862311095
8031,0.03328558060636997
8032,0.03340301072400726
8033,0.03352027600452745
8034,0.033637375869250044
8035,0.03375430974031083
8036,0.03387107704066495
8037,0.03398767719408897
8038,0.034104109625184835
8039,0.034220373759382
8040,0.034336469022940436
8041,0.034452394842953434
8042,0.034568150647350464
8043,0.034683735864900006
8044,0.03479914992521232
8045,0.034914392258742315
8046,0.035029462296792525
8047,0.03514435947151515
8048,0.03525908321591601
8049,0.03537363296385659
8050,0.035488008150056975
8051,0.035602208210098726
8052,0.03571623258042758
8053,0.03583008069835628
8054,0.03594375200206735
8055,0.03605724593061583
8056,0.036170561923932275
8057,0.036283699422824764
8058,0.03639665786898275
8059,0.036509436704979095
8060,0.03662203537427301
8061,0.03673445332121278
8062,0.03684668999103852
8063,0.03695874482988492
8064,0.037070617284783954
8065,0.037182306803667645
8066,0.03729381283537093
8067,0.03740513482963368
8068,0.037516272237104506
8069,0.037627224509342735
8070,0.03773799109882128
8071,0.037848571458929385
8072,0.037958965043975286
8073,0.038069171309188916
8074,0.0381791897107246
8075,0.03828901970566372
8076,0.03839866075201761
8077,0.038508112308729456
8078,0.03861737383567811
8079,0.03872644479367997
8080,0.038835324644491874
8081,0.03894401285081373
8082,0.039052508876291185
8083,0.03916081218551823
8084,0.039268922244039904
8085,0.03937683851835488
8086,0.039484560475918286
8087,0.03959208758514367
8088,0.03969941931540661
8089,0.03980655513704668
8090,0.03991349452137022
8091,0.04002023694065295
8092,0.04012678186814257
8093,0.040233128778061365
8094,0.040339277145608796
8095,0.04044522644696409
8096,0.040550976159288994
8097,0.040656525760729686
8098,0.04076187473042034
8099,0.04086702254848506
8100,0.04097196869604058
8101,0.041076712655198834
8102,0.041181253909069536
8103,0.04128559194176268
8104,0.04138972623839114
8105,0.04149365628507317
8106,0.04159738156893497
8107,0.04170090157811336
8108,0.041804215801757645
8109,0.04190732373003316
8110,0.04201022485412308
8111,0.04211291866623112
8112,0.042215404659584045
8113,0.04231768232843416
8114,0.0424197511680618
8115,0.04252161067477785
8116,0.04262326034592621
8117,0.0427246996798864
8118,0.04282592817607548
8119,0.042926945334951394
8120,0.043027750658014854
8121,0.043128343647811936
8122,0.043228723807936534
8123,0.043328890643032816
8124,0.04342884365879766
8125,0.043528582361983106
8126,0.043628106260398786
8127,0.0437274148629145
8128,0.043826507679462015
8129,0.04392538422103845
8130,0.04402404399970801
8131,0.0441224865286046
8132,0.04422071132193421
8133,0.044318717894977315
8134,0.044416505764091244
8135,0.0445140744467126
8136,0.044611423461359614
8137,0.04470855232763472
8138,0.04480546056622623
8139,0.044902147698911724
8140,0.044998613248559687
8141,0.04509485673913212
8142,0.045190877695686804
8143,0.04528667564437971
8144,0.045382250112467284
8145,0.04547760062830881
8146,0.04557272672136874
8147,0.04566762792221916
8148,0.04576230376254148
8149,0.04585675377512968
8150,0.04595097749389203
8151,0.04604497445385348
8152,0.046138744191157995
8153,0.04623228624307086
8154,0.04632560014798091
8155,0.04641868544540286
8156,0.04651154167597956
8157,0.046604168381484394
8158,0.046696565104822965
8159,0.04678873139003624
8160,0.04688066678230219
8161,0.046972370827938224
8162,0.04706384307440337
8163,0.047155083070300564
8164,0.04724609036537882
8165,0.04733686451053552
8166,0.04742740505781857
8167,0.04751771156042878
8168,0.047607783572721496
8169,0.04769762065020967
8170,0.047787222349565436
8171,0.04787658822862251
8172,0.04796571784637829
8173,0.048054610762996115
8174,0.04814326653980738
8175,0.04823168473931371
8176,0.048319864925189145
8177,0.048407806662282386
8178,0.04849550951661844
8179,0.04858297305540155
8180,0.04867019684701682
8181,0.04875718046103242
8182,0.04884392346820177
8183,0.04893042544046566
8184,0.04901668595095428
8185,0.049102704573989436
8186,0.04918848088508659
8187,0.04927401446095707
8188,0.04935930487950968
8189,0.049444351719853556
8190,0.0495291545622997
8191,0.049613712988363194
8192,0.049698026580765275
8193,0.04978209492343538
8194,0.049865917601513196
8195,0.04994949420135073
8196,0.050032824310514326
8197,0.05011590751778671
8198,0.05019874341316915
8199,0.050281331587882956
8200,0.05036367163437229
8201,0.05044576314630563
8202,0.05052760571857794
8203,0.05060919894731264
8204,0.05069054242986361
8205,0.05077163576481717
8206,0.050852478551994096
8207,0.05093307039245153
8208,0.05101341088848514
8209,0.05109349964363053
8210,0.051173336262665986
8211,0.05125292035161391
8212,0.05133225151774288
8213,0.05141132936956959
8214,0.051490153516860815
8215,0.05156872357063528
8216,0.05164703914316564
8217,0.05172509984798034
8218,0.051802905299865684
8219,0.05188045511486721
8220,0.05195774891029237
8221,0.052034786304711866
8222,0.05211156691796171
8223,0.05218809037114507
8224,0.05226435628663415
8225,0.05234036428807205
8226,0.05241611400037461
8227,0.0524916050497323
8228,0.052566837063612135
8229,0.05264180967075907
8230,0.05271652250119854
8231,0.052790975186237814
8232,0.0528651673584679
8233,0.0529390986517654
8234,0.05301276870129432
8235,0.053086177143507815
8236,0.05315932361615005
8237,0.053232207758257925
8238,0.05330482921016304
8239,0.053377187613492943
8240,0.05344928261117364
8241,0.053521113847430864
8242,0.053592680967791954
8243,0.05366398361908761
8244,0.053735021449453656
8245,0.05380579410833272
8246,0.053876301246476015
8247,0.053946542515945044
8248,0.05401651757011343
8249,0.05408622606366817
8250,0.05415566765261204
8251,0.0542248419942648
8252,0.054293748747265044
8253,0.054362387571571844
8254,0.05443075812846646
8255,0.05449886008055398
8256,0.05456669309176503
8257,0.05463425682735738
8258,0.05470155095391774
8259,0.054768575139362945
8260,0.05483532905294229
8261,0.05490181236523868
8262,0.054968024748170384
8263,0.05503396587499265
8264,0.05509963542029933
8265,0.055165033060024474
8266,0.05523015847144391
8267,0.055295011333176894
8268,0.05535959132518773
8269,0.055423898128786994
8270,0.055487931426633684
8271,0.0555516909027364
8272,0.055615176242454996
8273,0.05567838713250213
8274,0.05574132326094481
8275,0.05580398431720596
8276,0.05586636999206589
8277,0.0559284799776639
8278,0.05599031396749984
8279,0.05605187165643524
8280,0.05611315274069545
8281,0.056174156917870664
8282,0.05623488388691759
8283,0.056295333348160885
8284,0.05635550500329466
8285,0.05641539855538394
8286,0.05647501370886613
8287,0.05653435016955248
8288,0.05659340764462953
8289,0.05665218584266064
8290,0.056710684473587104
8291,0.05676890324873005
8292,0.056826841880791595
8293,0.05688450008385626
8294,0.05694187757339247
8295,0.05699897406625387
8296,0.05705578928068081
8297,0.057112322936301654
8298,0.05716857475413424
8299,0.05722454445658727
8300,0.057280231767461394
8301,0.05733563641195105
8302,0.0573907581166455
8303,0.057445596609530254
8304,0.05750015161998843
8305,0.05755442287880203
8306,0.05760841011815338
8307,0.057662113071626324
8308,0.05771553147420763
8309,0.05776866506228835
8310,0.05782151357366478
8311,0.057874076747540255
8312,0.057926354324526134
8313,0.05797834604664312
8314,0.05803005165732255
8315,0.058081470901407674
8316,0.0581326035251549
8317,0.05818344927623505
8318,0.05823400790373459
8319,0.058284279158157
8320,0.058334262791423605
8321,0.05838395855687535
8322,0.05843336620927366
8323,0.058482485504801736
8324,0.058531316201065775
8325,0.05857985805709614
8326,0.05862811083334857
8327,0.05867607429170535
8328,0.05872374819547649
8329,0.058771132309400974
8330,0.05881822639964761
8331,0.058865030233816645
8332,0.0589115435809406
8333,0.05895776621148549
8334,0.059003697897351964
8335,0.05904933841187643
8336,0.05909468752983214
8337,0.05913974502743037
8338,0.059184510682321445
8339,0.05922898427359597
8340,0.05927316558178561
8341,0.05931705438886459
8342,0.059360650478250496
8343,0.05940395363480544
8344,0.05944696364483708
8345,0.05948968029609968
8346,0.05953210337779521
8347,0.0595742326805743
8348,0.05961606799653737
8349,0.05965760911923562
8350,0.05969885584367187
8351,0.05973980796630192
8352,0.05978046528503532
8353,0.05982082759923639
8354,0.05986089470972527
8355,0.05990066641877885
8356,0.059940142530131774
8357,0.05997932284897739
8358,0.06001820718196874
8359,0.06005679533721955
8360,0.060095087124304926
8361,0.0601330823542627
8362,0.06017078083959408
8363,0.06020818239426464
8364,0.06024528683370527
8365,0.060282093974813024
8366,0.06031860363595211
8367,0.06035481563695472
8368,0.06039072979912191
8369,0.06042634594522463
8370,0.06046166389950425
8371,0.06049668348767385
8372,0.06053140453691883
8373,0.06056582687589784
8374,0.06059995033474355
8375,0.0606337747450636
8376,0.06066729993994135
8377,0.06070052575393672
8378,0.06073345202308702
8379,0.06076607858490776
8380,0.06079840527839351
8381,0.06083043194401843
8382,0.06086215842373746
8383,0.06089358456098682
8384,0.060924710200684865
8385,0.060955535189232836
8386,0.06098605937451564
8387,0.0610162826059026
8388,0.061046204734248134
8389,0.061075825611892606
8390,0.061105145092662995
8391,0.06113416303187349
8392,0.06116287928632646
8393,0.06119129371431299
8394,0.06121940617561362
8395,0.061247216531499005
8396,0.06127472464473067
8397,0.06130193037956161
8398,0.061328833601737034
8399,0.061355434178494955
8400,0.06138173197856694
8401,0.061407726872178575
8402,0.061433418731050335
8403,0.0614588074283981
8404,0.06148389283893375
8405,0.061508674838865865
8406,0.061533153305900264
8407,0.06155732811924066
8408,0.06158119915958922
8409,0.061604766309147185
8410,0.06162802945161546
8411,0.061650988472195065
8412,0.06167364325758789
8413,0.06169599369599715
8414,0.06171803967712794
8415,0.06173978109218779
8416,0.061761217833887216
8417,0.061782349796440206
8418,0.0618031768755648
8419,0.06182369896848357
8420,0.06184391597392414
8421,0.06186382779211962
8422,0.06188343432480924
8423,0.06190273547523872
8424,0.06192173114816076
8425,0.061940421249835564
8426,0.06195880568803124
8427,0.06197688437202431
8428,0.061994657212600106
8429,0.062012124122053244
8430,0.06202928501418809
8431,0.062046139804319035
8432,0.062062688409271136
8433,0.06207893074738035
8434,0.06209486673849402
8435,0.06211049630397126
8436,0.0621258193666833
8437,0.06214083585101393
8438,0.062155545682859824
8439,0.062169948789630926
8440,0.06218404510025085
8441,0.06219783454515709
8442,0.062211317056301535
8443,0.06222449256715072
8444,0.06223736101268616
8445,0.062249922329404676
8446,0.0622621764553187
8447,0.0622741233299566
8448,0.062285762894362946
8449,0.06229709509109885
8450,0.062308119864242215
8451,0.062318837159387984
8452,0.06232924692364849
8453,0.062339349105653634
8454,0.06234914365555119
8455,0.062358630525007036
8456,0.062367809667205384
8457,0.06237668103684902
8458,0.06238524459015952
8459,0.06239350028487748
8460,0.06240144808026272
8461,0.062409087937094467
8462,0.06241641981767156
8463,0.062423443685812666
8464,0.062430159506856396
8465,0.062436567247661535
8466,0.062442666876607184
8467,0.06244845836359289
8468,0.062453941680038844
8469,0.06245911679888599
8470,0.062463983694596145
8471,0.062468542343152175
8472,0.062472792722058065
8473,0.062476734810339045
8474,0.06248036858854172
8475,0.06248369403873411
8476,0.062486711144505803
8477,0.062489419890967984
8478,0.06249182026475354
8479,0.06249391225401712
8480,0.06249569584843516
8481,0.06249717103920599
8482,0.062498337819049836
8483,0.06249919618220889
8484,0.06249974612444729
8485,0.06249998764305118
8486,0.062499920736828724
8487,0.06249954540611009
8488,0.06249886165274745
8489,0.062497869480114994
8490,0.062496568893108895
8491,0.06249495989814729
8492,0.06249304250317024
8493,0.0624908167176397
8494,0.06248828255253948
8495,0.06248544002037517
8496,0.06248228913517409
8497,0.062478829912485226
8498,0.06247506236937914
8499,0.0624709865244479
8500,0.06246660239780498
8501,0.06246191001108515
8502,0.0624569093874444
8503,0.06245160055155981
8504,0.06244598352962939
8505,0.062440058349372024
8506,0.062433825040027285
8507,0.062427283632355286
8508,0.06242043415863655
8509,0.062413276652671865
8510,0.06240581114978207
8511,0.0623980376868079
8512,0.06238995630210985
8513,0.06238156703556791
8514,0.06237286992858142
8515,0.06236386502406885
8516,0.062354552366467586
8517,0.06234493200173371
8518,0.062335003977341784
8519,0.062324768342284606
8520,0.062314225147072966
8521,0.06230337444373539
8522,0.062292216285817936
8523,0.062280750728383856
8524,0.062268977828013355
8525,0.06225689764280333
8526,0.06224451023236704
8527,0.062231815657833874
8528,0.06221881398184898
8529,0.06220550526857301
8530,0.06219188958368179
8531,0.06217796699436594
8532,0.062163737569330677
8533,0.06214920137879532
8534,0.062134358494493044
8535,0.06211920898967048
8536,0.062103752939087375
8537,0.06208799041901622
8538,0.062071921507241876
8539,0.06205554628306118
8540,0.062038864827282554
8541,0.06202187722222559
8542,0.06200458355172075
8543,0.061986983901108766
8544,0.06196907835724038
8545,0.06195086700847583
8546,0.061932349944684446
8547,0.0619135272572442
8548,0.06189439903904126
8549,0.06187496538446952
8550,0.06185522638943015
8551,0.061835182151331096
8552,0.06181483276908661
8553,0.06179417834311683
8554,0.06177321897534717
8555,0.06175195476920787
8556,0.06173038582963349
8557,0.06170851226306241
8558,0.061686334177436256
8559,0.06166385168219941
8560,0.06164106488829844
8561,0.061617973908181585
8562,0.06159457885579813
8563,0.06157087984659801
8564,0.06154687699753102
8565,0.061522570427046376
8566,0.0614979602550921
8567,0.06147304660311442
8568,0.06144782959405718
8569,0.06142230935236124
8570,0.06139648600396383
8571,0.06137035967629797
8572,0.06134393049829177
8573,0.061317198600367974
8574,0.06129016411444307
8575,0.06126282717392678
8576,0.061235187913721394
8577,0.06120724647022108
8578,0.06117900298131122
8579,0.061150457586367744
8580,0.06112161042625641
8581,0.061092461643332124
8582,0.061063011381438215
8583,0.06103325978590586
8584,0.06100320700355315
8585,0.06097285318268448
8586,0.06094219847308985
8587,0.06091124302604405
8588,0.060879986994305975
8589,0.06084843053211783
8590,0.060816573795204394
8591,0.060784416940772225
8592,0.060751960127508865
8593,0.060719203515582236
8594,0.06068614726663956
8595,0.060652791543806754
8596,0.06061913651168757
8597,0.06058518233636282
8598,0.06055092918538949
8599,0.060516377227799976
8600,0.06048152663410121
8601,0.060446377576273844
8602,0.060410930227771324
8603,0.06037518476351928
8604,0.0603391413599143
8605,0.06030280019482332
8606,0.06026616144758264
8607,0.0602292252989971
8608,0.060191991931339124
8609,0.060154461528347886
8610,0.06011663427522833
8611,0.06007851035865033
8612,0.06004008996674766
8613,0.06000137328911731
8614,0.059962360516818226
8615,0.05992305184237056
8616,0.059883447459754685
8617,0.059843547564410245
8618,0.05980335235323516
8619,0.059762862024584695
8620,0.05972207677827045
8621,0.05968099681555937
8622,0.05963962233917274
8623,0.059597953553285364
8624,0.05955599066352424
8625,0.05951373387696774
8626,0.0594711834021446
8627,0.05942833944903282
8628,0.05938520222905866
8629,0.05934177195509559
8630,0.05929804884146325
8631,0.05925403310392639
8632,0.059209724959693726
8633,0.05916512462741713
8634,0.059120232327190186
8635,0.05907504828054733
8636,0.05902957271046272
8637,0.0589838058413491
8638,0.05893774789905676
8639,0.05889139911087233
8640,0.05884475970551774
8641,0.058797829913149025
8642,0.058750609965355256
8643,0.05870310009515727
8644,0.058655300537006835
8645,0.058607211526785045
8646,0.05855883330180147
8647,0.05851016610079288
8648,0.0584612101639221
8649,0.05841196573277679
8650,0.05836243305036828
8651,0.05831261236113036
8652,0.05826250391091809
8653,0.05821210794700647
8654,0.05816142471808958
8655,0.05811045447427883
8656,0.0580591974671021
8657,0.05800765394950238
8658,0.05795582417583652
8659,0.057903708401874
8660,0.05785130688479563
8661,0.05779861988319235
8662,0.05774564765706386
8663,0.05769239046781732
8664,0.0576388485782664
8665,0.05758502225262942
8666,0.057530911756528434
8667,0.057476517356987826
8668,0.05742183932243298
8669,0.057366877922688964
8670,0.057311633428979186
8671,0.057256106113924086
8672,0.05720029625153975
8673,0.0571442041172365
8674,0.057087829987817876
8675,0.05703117414147874
8676,0.05697423685780427
8677,0.05691701841776846
8678,0.05685951910373277
8679,0.0568017391994447
8680,0.056743678990036434
8681,0.056685338762023384
8682,0.0566267188033028
8683,0.056567819403152246
8684,0.05650864085222858
8685,0.0564491834425659
8686,0.05638944746757453
8687,0.05632943322203946
8688,0.05626914100211887
8689,0.05620857110534269
8690,0.05614772383061116
8691,0.05608659947819329
8692,0.05602519834972542
8693,0.055963520748209636
8694,0.05590156697801265
8695,0.05583933734486371
8696,0.05577683215585351
8697,0.055714051719432535
8698,0.05565099634540958
8699,0.05558766634495017
8700,0.0555240620305751
8701,0.055460183716158816
8702,0.055396031716927904
8703,0.05533160634945944
8704,0.055266907931679814
8705,0.05520193678286256
8706,0.05513669322362718
8707,0.05507117757593748
8708,0.05500539016309996
8709,0.05493933130976222
8710,0.054873001341911365
8711,0.05480640058687242
8712,0.05473952937330665
8713,0.05467238803120991
8714,0.05460497689191138
8715,0.05453729628807132
8716,0.054469346553679854
8717,0.05440112802405521
8718,0.05433264103584206
8719,0.054263885927009876
8720,0.05419486303685125
8721,0.054125572705980195
8722,0.054056015276330534
8723,0.05398619109115402
8724,0.05391610049501914
8725,0.05384574383380874
8726,0.05377512145471874
8727,0.053704233706256314
8728,0.05363308093823822
8729,0.053561663501788995
8730,0.053489981749339284
8731,0.053418036034624056
8732,0.053345826712680906
8733,0.05327335413984827
8734,0.053200618673763536
8735,0.05312762067336179
8736,0.053054360498873326
8737,0.052980838511822316
8738,0.05290705507502493
8739,0.05283301055258753
8740,0.0527587053099049
8741,0.05268413971365843
8742,0.052609314131814265
8743,0.05253422893362156
8744,0.0524588844896105
8745,0.052383281171590954
8746,0.05230741935264991
8747,0.05223129940715015
8748,0.052154921710728226
8749,0.05207828664029267
8750,0.05200139457402208
8751,0.05192424589136329
8752,0.05184684097302949
8753,0.05176918020099831
8754,0.051691263958509884
8755,0.05161309263006538
8756,0.05153466660142442
8757,0.051455986259603605
8758,0.05137705199287457
8759,0.05129786419076197
8760,0.05121842324404164
8761,0.051138729544738616
8762,0.05105878348612523
8763,0.05097858546271914
8764,0.05089813587028128
8765,0.05081743510581441
8766,0.05073648356756039
8767,0.050655281654998725
8768,0.05057382976884447
8769,0.05049212831104624
8770,0.05041017768478425
8771,0.05032797829446829
8772,0.05024553054573577
8773,0.0501628348454497
8774,0.05007989160169653
8775,0.04999670122378469
8776,0.049913264122241785
8777,0.04982958070881307
8778,0.0497456513964593
8779,0.0496614765993547
8780,0.04957705673288491
8781,0.04949239221364492
8782,0.04940748345943705
8783,0.049322330889268885
8784,0.049236934923351024
8785,0.049151295983095596
8786,0.04906541449111336
8787,0.04897929087121214
8788,0.04889292554839463
8789,0.048806318948856266
8790,0.04871947149998314
8791,0.04863238363034988
8792,0.04854505576971755
8793,0.04845748834903152
8794,0.04836968180041921
8795,0.04828163655718848
8796,0.04819335305382471
8797,0.048104831725989165
8798,0.04801607301051675
8799,0.047927077345413786
8800,0.04783784516985595
8801,0.04774837692418601
8802,0.04765867304991169
8803,0.04756873398970353
8804,0.047478560187392486
8805,0.04738815208796836
8806,0.04729751013757674
8807,0.04720663478351736
8808,0.04711552647424175
8809,0.04702418565935103
8810,0.046932612789593695
8811,0.04684080831686337
8812,0.0467487726941966
8813,0.046656506375770616
8814,0.04656400981690093
8815,0.04647128347403969
8816,0.046378327804772544
8817,0.04628514326781695
8818,0.0461917303230198
8819,0.04609808943135511
8820,0.046004221054921815
8821,0.04591012565694138
8822,0.04581580370175562
8823,0.04572125565482435
8824,0.045626481982723094
8825,0.04553148315314065
8826,0.04543625963487737
8827,0.04534081189784196
8828,0.045245140413049736
8829,0.045149245652620164
8830,0.04505312808977453
8831,0.04495678819883363
8832,0.04486022645521536
8833,0.04476344333543245
8834,0.04466643931709007
8835,0.044569214878883316
8836,0.044471770500595476
8837,0.04437410666309474
8838,0.04427622384833244
8839,0.04417812253934051
8840,0.04407980322022911
8841,0.043981266376184255
8842,0.043882512493465364
8843,0.04378354205940293
8844,0.04368435556239607
8845,0.043584953491909974
8846,0.043485336338474116
8847,0.04338550459367889
8848,0.043285458750173804
8849,0.04318519930166491
8850,0.04308472674291235
8851,0.04298404156972794
8852,0.042883144278972676
8853,0.04278203536855433
8854,0.04268071533742497
8855,0.04257918468557834
8856,0.04247744391404805
8857,0.042375493524904106
8858,0.04227333402125111
8859,0.04217096590722559
8860,0.042068389687993535
8861,0.04196560586974788
8862,0.04186261495970604
8863,0.04175941746610736
8864,0.04165601389821065
8865,0.04155240476629148
8866,0.041448590581640354
8867,0.04134457185655914
8868,0.04124034910435926
8869,0.04113592283935896
8870,0.041031293576880803
8871,0.040926461833249064
8872,0.04082142812578725
8873,0.04071619297281551
8874,0.040610756893648084
8875,0.040505120408590584
8876,0.04039928403893808
8877,0.040293248306971535
8878,0.04018701373595587
8879,0.040080580850137285
8880,0.03997395017474056
8881,0.039867122235966584
8882,0.039760097560989666
8883,0.03965287667795498
8884,0.03954546011597594
8885,0.03943784840513145
8886,0.03933004207646391
8887,0.03922204166197563
8888,0.03911384769462687
8889,0.03900546070833302
8890,0.03889688123796198
8891,0.03878810981933153
8892,0.03867914698920666
8893,0.038569993285296963
8894,0.038460649246253927
8895,0.038351115411668156
8896,0.03824139232206736
8897,0.03813148051891267
8898,0.03802138054459666
8899,0.03791109294244048
8900,0.03780061825669119
8901,0.037689957032519074
8902,0.037579109816014936
8903,0.03746807715418742
8904,0.037356859594960316
8905,0.037245457687169824
8906,0.0371338719805617
8907,0.037022103025789246
8908,0.036910151374409526
8909,0.03679801757888134
8910,0.03668570219256235
8911,0.0365732057697063
8912,0.03646052886546036
8913,0.036347672035862304
8914,0.03623463583783781
8915,0.0361214208291977
8916,0.03600802756863502
8917,0.035894456615722985
8918,0.03578070853091116
8919,0.03566678387552337
8920,0.03555268321175481
8921,0.03543840710266923
8922,0.035323956112196166
8923,0.03520933080512816
8924,0.03509453174711797
8925,0.03497955950467578
8926,0.03486441464516622
8927,0.0347490977368063
8928,0.03463360934866152
8929,0.03451795005064376
8930,0.03440212041350831
8931,0.03428612100885107
8932,0.03416995240910568
8933,0.03405361518754074
8934,0.033937109918256964
8935,0.03382043717618434
8936,0.033703597537079126
8937,0.03358659157752173
8938,0.03346941987491276
8939,0.03335208300747093
8940,0.03323458155423
8941,0.033116916095035934
8942,0.032999087210544016
8943,0.03288109548221602
8944,0.03276294149231732
8945,0.032644625823914
8946,0.032526149060869834
8947,0.0324075117878441
8948,0.03228871459028762
8949,0.032169758054440584
8950,0.032050642767329496
8951,0.03193136931676426
8952,0.03181193829133528
8953,0.03169235028041057
8954,0.03157260587413283
8955,0.03145270566341654
8956,0.03133265023994485
8957,0.031212440196167434
8958,0.031092076125296405
8959,0.03097155862130416
8960,0.03085088827892027
8961,0.030730065693628513
8962,0.03060909146166397
8963,0.03048796618001006
8964,0.030366690446395606
8965,0.030245264859291885
8966,0.03012369001790946
8967,0.030001966522196038
8968,0.029880094972832307
8969,0.02975807597122977
8970,0.029635910119527577
8971,0.02951359802058955
8972,0.029391140278001215
8973,0.029268537496066824
8974,0.029145790279806356
8975,0.029022899234952562
8976,0.028899864967947744
8977,0.02877668808594158
8978,0.02865336919678692
8979,0.02852990890903761
8980,0.028406307831945244
8981,0.0282825665754562
8982,0.0281586857502086
8983,0.028034665967529328
8984,0.027910507839430974
8985,0.027786211978608852
8986,0.027661778998437747
8987,0.02753720951296971
8988,0.02741250413692981
8989,0.02728766348571391
8990,0.027162688175385436
8991,0.02703757882267232
8992,0.02691233604496397
8993,0.02678696046030822
8994,0.026661452687408285
8995,0.026535813345619687
8996,0.026410043054947232
8997,0.026284142436041713
8998,0.02615811211019769
8999,0.02603195269934918
9000,0.025905664826067418
9001,0.025779249113557574
9002,0.025652706185655676
9003,0.025526036666825538
9004,0.025399241182155672
9005,0.02527232035735621
9006,0.02514527481875581
9007,0.02501810519329836
9008,0.024890812108540702
9009,0.024763396192648324
9010,0.02463585807439306
9011,0.02450819838314978
9012,0.0243804177488933
9013,0.024252516802195263
9014,0.024124496174221036
9015,0.023996356496726573
9016,0.02386809840205533
9017,0.02373972252313492
9018,0.0236112294934748
9019,0.02348261994716194
9020,0.023353894518858498
9021,0.023225053843798485
9022,0.023096098557784633
9023,0.022967029297185255
9024,0.022837846698931106
9025,0.022708551400512235
9026,0.02257914403997485
9027,0.022449625255917954
9028,0.02231999568749102
9029,0.02219025597438961
9030,0.022060406756853015
9031,0.021930448675660928
9032,0.021800382372130254
9033,0.021670208488111947
9034,0.02153992766598786
9035,0.021409540548667554
9036,0.021279047779585145
9037,0.02114845000269591
9038,0.02101774786247393
9039,0.02088694200390769
9040,0.020756033072497702
9041,0.020625021714253126
9042,0.020493908575688575
9043,0.020362694303820927
9044,0.02023137954616614
9045,0.020099964950736043
9046,0.01996845116603514
9047,0.01983683884105721
9048,0.019705128625282935
9049,0.019573321168675446
9050,0.019441417121677938
9051,0.019309417135210265
9052,0.019177321860665727
9053,0.01904513194990784
9054,0.018912848055267138
9055,0.01878047082953795
9056,0.018648000925975166
9057,0.01851543899829082
9058,0.018382785700651695
9059,0.018250041687674835
9060,0.018117207614425153
9061,0.017984284136411996
9062,0.0178512719095859
9063,0.017718171590335372
9064,0.017584983835483618
9065,0.017451709302285335
9066,0.017318348648423448
9067,0.017184902532005657
9068,0.017051371611562043
9069,0.016917756546040538
9070,0.016784057994804532
9071,0.016650276617629387
9072,0.016516413074699206
9073,0.01638246802660356
9074,0.016248442134334226
9075,0.016114336059281944
9076,0.015980150463233124
9077,0.01584588600836639
9078,0.015711543357250165
9079,0.015577123172838103
9080,0.015442626118466689
9081,0.015308052857851745
9082,0.015173404055085153
9083,0.015038680374631585
9084,0.014903882481325214
9085,0.014769011040366443
9086,0.014634066717318615
9087,0.01449905017810473
9088,0.01436396208900395
9089,0.01422880311664916
9090,0.014093573928022404
9091,0.013958275190452434
9092,0.013822907571611217
9093,0.013687471739510635
9094,0.013551968362499186
9095,0.013416398109258694
9096,0.013280761648800998
9097,0.01314505965046466
9098,0.013009292783911438
9099,0.012873461719123855
9100,0.012737567126400588
9101,0.012601609676354028
9102,0.012465590039906755
9103,0.012329508888288225
9104,0.01219336689303146
9105,0.012057164725969731
9106,0.01192090305923325
9107,0.011784582565245841
9108,0.011648203916721417
9109,0.011511767786661522
9110,0.011375274848350703
9111,0.011238725775354072
9112,0.011102121241513744
9113,0.010965461920945527
9114,0.01082874848803559
9115,0.010691981617437138
9116,0.010555161984067073
9117,0.010418290263102677
9118,0.010281367129978054
9119,0.010144393260381671
9120,0.010007369330251713
9121,0.009870296015773626
9122,0.009733173993376554
9123,0.009596003939730006
9124,0.009458786531740515
9125,0.009321522446548297
9126,0.009184212361523917
9127,0.00904685695426493
9128,0.008909456902592336
9129,0.008772012884548099
9130,0.008634525578390492
9131,0.008496995662591628
9132,0.008359423815833886
9133,0.008221810717006567
9134,0.008084157045202543
9135,0.007946463479714906
9136,0.007808730700033615
9137,0.007670959385842143
9138,0.007533150217013901
9139,0.007395303873609769
9140,0.0072574210358734145
9141,0.007119502384228814
9142,0.006981548599276683
9143,0.0068435603617911095
9144,0.0067055383527162005
9145,0.006567483253162716
9146,0.006429395744404713
9147,0.006291276507876182
9148,0.00615312622516746
9149,0.006014945578022755
9150,0.0058767352483354565
9151,0.005738495918145647
9152,0.005600228269636526
9153,0.005461932985131036
9154,0.005323610747088497
9155,0.0051852622381012405
9156,0.00504688814089124
9157,0.004908489138306739
9158,0.004770065913318665
9159,0.004631619149018143
9160,0.004493149528611794
9161,0.004354657735419252
9162,0.004216144452869566
9163,0.004077610364497836
9164,0.00393905615394183
9165,0.0038004825049386157
9166,0.0036618901013211877
9167,0.003523279627015089
9168,0.003384651766034817
9169,0.003246007202481333
9170,0.003107346620537358
9171,0.0029686707044648815
9172,0.0028299801386015644
9173,0.002691275607357361
9174,0.002552557795211142
9175,0.002413827386707317
9176,0.0022750850664524556
9177,0.0021363315191119097
9178,0.001997567429406434
9179,0.0018587934821085873
9180,0.0017200103620402377
9181,0.0015812187540678543
9182,0.0014424193431000138
9183,0.0013036128140837993
9184,0.00116479985200142
9185,0.0010259811418668308
9186,0.0008871573687223522
9187,0.0007483292176352898
9188,0.0006094973736945532
9189,0.0004706625220070537
9190,0.00033182534769521106
9191,0.00019298653589224082
9192,5.414677173966115e-05
9193,-8.469325961631008e-05
9194,-0.00022353287302813644
9195,-0.00036237138335034393
9196,-0.0005012081054429022
9197,-0.0006400423541746052
9198,-0.0007788734444264526
9199,-0.0009177006910952527
9200,-0.0010565234090961146
9201,-0.0011953409133671619
9202,-0.001334152518872025
9203,-0.0014729575406034429
9204,-0.0016117552935866449
9205,-0.0017505450928827296
9206,-0.0018893262535920456
9207,-0.0020280980908575713
9208,-0.0021668599198682945
9209,-0.0023056110558628135
9210,-0.002444350814131828
9211,-0.002583078510022852
9212,-0.002721793458942701
9213,-0.0028604949763610956
9214,-0.0029991823778140374
9215,-0.0031378549789071878
9216,-0.003276512095319245
9217,-0.0034151530428053216
9218,-0.0035537771372003185
9219,-0.003692383694422527
9220,-0.003830972030476115
9221,-0.003969541461455834
9222,-0.004108091303549504
9223,-0.004246620873041615
9224,-0.004385129486316698
9225,-0.004523616459862696
9226,-0.004662081110274344
9227,-0.004800522754256532
9228,-0.004938940708627687
9229,-0.005077334290323358
9230,-0.005215702816398706
9231,-0.005354045604033197
9232,-0.005492361970533093
9233,-0.005630651233335038
9234,-0.005768912710009428
9235,-0.0059071457182637765
9236,-0.006045349575946083
9237,-0.006183523601048201
9238,-0.006321667111709199
9239,-0.006459779426218951
9240,-0.006597859863020615
9241,-0.006735907740715322
9242,-0.006873922378064653
9243,-0.007011903093994224
9244,-0.007149849207597047
9245,-0.00728776003813689
9246,-0.007425634905051635
9247,-0.007563473127956637
9248,-0.0077012740266480815
9249,-0.007839036921106563
9250,-0.007976761131499558
9251,-0.008114445978186101
9252,-0.008252090781719259
9253,-0.008389694862849705
9254,-0.008527257542529063
9255,-0.008664778141913274
9256,-0.008802255982365932
9257,-0.008939690385461635
9258,-0.00907708067298934
9259,-0.009214426166955923
9260,-0.00935172618958865
9261,-0.009488980063339833
9262,-0.009626187110889306
9263,-0.009763346655147978
9264,-0.009900458019261179
9265,-0.010037520526611991
9266,-0.010174533500824605
9267,-0.01031149626576764
9268,-0.010448408145557494
9269,-0.010585268464561665
9270,-0.010722076547402318
9271,-0.010858831718958736
9272,-0.010995533304371963
9273,-0.01113218062904726
9274,-0.01126877301865766
9275,-0.01140530979914728
9276,-0.011541790296734664
9277,-0.011678213837916097
9278,-0.011814579749468939
9279,-0.01195088735845493
9280,-0.012087135992223745
9281,-0.01222332497841544
9282,-0.012359453644965065
9283,-0.012495521320105124
9284,-0.0126315273323691
9285,-0.012767471010594765
9286,-0.012903351683927505
9287,-0.013039168681823617
9288,-0.013174921334053622
9289,-0.013310608970705582
9290,-0.013446230922188603
9291,-0.013581786519235292
9292,-0.01371727509290635
9293,-0.01385269597459301
9294,-0.013988048496020547
9295,-0.014123331989251581
9296,-0.014258545786689376
9297,-0.014393689221081127
9298,-0.014528761625521257
9299,-0.01466376233345471
9300,-0.01479869067868045
9301,-0.01493354599535389
9302,-0.015068327617991475
9303,-0.015203034881473095
9304,-0.015337667121045588
9305,-0.015472223672326021
9306,-0.01560670387130497
9307,-0.01574110705434979
9308,-0.01587543255820789
9309,-0.016009679720010026
9310,-0.016143847877273756
9311,-0.016277936367905865
9312,-0.016411944530206935
9313,-0.01654587170287372
9314,-0.016679717225002656
9315,-0.016813480436093098
9316,-0.016947160676050597
9317,-0.01708075728519014
9318,-0.017214269604239423
9319,-0.0173476969743421
9320,-0.01748103873706123
9321,-0.0176142942343817
9322,-0.01774746280871474
9323,-0.017880543802900304
9324,-0.018013536560210545
9325,-0.01814644042435304
9326,-0.018279254739474043
9327,-0.018411978850161707
9328,-0.018544612101449337
9329,-0.0186771538388186
9330,-0.018809603408202976
9331,-0.018941960155990156
9332,-0.019074223429026503
9333,-0.019206392574619455
9334,-0.01933846694054096
9335,-0.019470445875030665
9336,-0.019602328726799165
9337,-0.019734114845031205
9338,-0.01986580357938888
9339,-0.019997394280014867
9340,-0.020128886297535818
9341,-0.020260278983064747
9342,-0.020391571688205472
9343,-0.02052276376505499
9344,-0.020653854566206883
9345,-0.02078484344475449
9346,-0.02091572975429414
9347,-0.0210465128489283
9348,-0.021177192083268796
9349,-0.021307766812439975
9350,-0.0214382363920819
9351,-0.021568600178353735
9352,-0.021698857527936086
9353,-0.02182900779803542
9354,-0.021959050346386427
9355,-0.022088984531255372
9356,-0.02221880971144327
9357,-0.02234852524628906
9358,-0.022478130495672752
9359,-0.022607624820018598
9360,-0.022737007580298237
9361,-0.022866278138034064
9362,-0.022995435855301546
9363,-0.02312448009473363
9364,-0.023253410219523027
9365,-0.023382225593425593
9366,-0.023510925580763453
9367,-0.02363950954642814
9368,-0.02376797685588373
9369,-0.023896326875169984
9370,-0.02402455897090545
9371,-0.024152672510290824
9372,-0.024280666861111227
9373,-0.024408541391740576
9374,-0.02453629547114387
9375,-0.024663928468880502
9376,-0.024791439755107388
9377,-0.024918828700582065
9378,-0.02504609467666579
9379,-0.02517323705532666
9380,-0.025300255209142686
9381,-0.02542714851130512
9382,-0.025553916335620715
9383,-0.025680558056516044
9384,-0.025807073049039772
9385,-0.02593346068886594
9386,-0.02605972035229705
9387,-0.026185851416267145
9388,-0.02631185325834488
9389,-0.026437725256736586
9390,-0.026563466790289356
9391,-0.026689077238494296
9392,-0.026814555981488793
9393,-0.02693990240006077
9394,-0.027065115875650952
9395,-0.0271901957903561
9396,-0.02731514152693208
9397,-0.027439952468796894
9398,-0.02756462800003373
9399,-0.027689167505394
9400,-0.027813570370300387
9401,-0.027937835980850048
9402,-0.028061963723816877
9403,-0.02818595298665571
9404,-0.028309803157504553
9405,-0.028433513625187812
9406,-0.02855708377921929
9407,-0.028680513009805213
9408,-0.028803800707847244
9409,-0.028926946264945463
9410,-0.0290499490734014
9411,-0.02917280852622122
9412,-0.029295524017117918
9413,-0.029418094940515508
9414,-0.029540520691551216
9415,-0.02966280066607867
9416,-0.029784934260670873
9417,-0.02990692087262318
9418,-0.030028759899956278
9419,-0.030150450741419157
9420,-0.030271992796492068
9421,-0.030393385465389694
9422,-0.030514628149063323
9423,-0.03063572024920497
9424,-0.03075666116824956
9425,-0.030877450309378066
9426,-0.030998087076520447
9427,-0.031118570874358605
9428,-0.031238901108329307
9429,-0.03135907718462714
9430,-0.03147909851020741
9431,-0.031598964492789296
9432,-0.03171867454085797
9433,-0.031838228063668705
9434,-0.03195762447124898
9435,-0.032076863174401636
9436,-0.03219594358470772
9437,-0.03231486511452944
9438,-0.03243362717701305
9439,-0.032552229186091734
9440,-0.03267067055648852
9441,-0.032788950703719136
9442,-0.032907069044095114
9443,-0.03302502499472591
9444,-0.0331428179735229
9445,-0.0332604473992015
9446,-0.033377912691284234
9447,-0.03349521327010359
9448,-0.03361234855680489
9449,-0.03372931797334911
9450,-0.033846120942515816
9451,-0.0339627568879059
9452,-0.03407922523394471
9453,-0.03419552540588409
9454,-0.03431165682980633
9455,-0.03442761893262631
9456,-0.03454341114209444
9457,-0.03465903288679954
9458,-0.034774483596171635
9459,-0.034889762700484765
9460,-0.035004869630859824
9461,-0.035119803819267326
9462,-0.03523456469853044
9463,-0.03534915170232701
9464,-0.03546356426519349
9465,-0.035577801822526955
9466,-0.03569186381058813
9467,-0.03580574966650412
9468,-0.035919458828271196
9469,-0.0360329907347576
9470,-0.03614634482570629
9471,-0.03625952054173769
9472,-0.03637251732435268
9473,-0.03648533461593455
9474,-0.036597971859752935
9475,-0.036710428499965767
9476,-0.03682270398162222
9477,-0.03693479775066544
9478,-0.0370467092539353
9479,-0.037158437939171125
9480,-0.03726998325501439
9481,-0.037381344651011485
9482,-0.03749252157761655
9483,-0.037603513486193556
9484,-0.037714319829019995
9485,-0.03782494005928893
9486,-0.03793537363111185
9487,-0.03804561999952136
9488,-0.038155678620473886
9489,-0.03826554895085234
9490,-0.03837523044846881
9491,-0.03848472257206724
9492,-0.03859402478132628
9493,-0.03870313653686123
9494,-0.03881205730022776
9495,-0.038920786533923904
9496,-0.03902932370139282
9497,-0.03913766826702549
9498,-0.03924581969616336
9499,-0.03935377745510093
9500,-0.039461541011088466
9501,-0.03956910983233456
9502,-0.03967648338800896
9503,-0.039783661148244484
9504,-0.03989064258414069
9505,-0.039997427167765796
9506,-0.040104014372159415
9507,-0.0402104036713352
9508,-0.04031659454028344
9509,-0.040422586454973625
9510,-0.040528378892357046
9511,-0.04063397133036936
9512,-0.04073936324793338
9513,-0.04084455412496092
9514,-0.0409495434423564
9515,-0.04105433068201871
9516,-0.04115891532684399
9517,-0.041263296860728105
9518,-0.041367474768569265
9519,-0.04147144853627051
9520,-0.04157521765074228
9521,-0.041678781599904936
9522,-0.04178213987269145
9523,-0.04188529195904928
9524,-0.041988237349943856
9525,-0.04209097553736046
9526,-0.04219350601430685
9527,-0.04229582827481583
9528,-0.04239794181394769
9529,-0.04249984612779271
9530,-0.042601540713473676
9531,-0.04270302506914833
9532,-0.04280429869401186
9533,-0.042905361088299517
9534,-0.04300621175328846
9535,-0.04310685019130117
9536,-0.04320727590570727
9537,-0.043307488400926124
9538,-0.04340748718242928
9539,-0.043507271756742946
9540,-0.04360684163145038
9541,-0.04370619631519434
9542,-0.043805335317679515
9543,-0.04390425814967509
9544,-0.044002964323016536
9545,-0.04410145335060897
9546,-0.044199724746428914
9547,-0.044297778025526854
9548,-0.044395612704029655
9549,-0.044493228299142915
9550,-0.044590624329153374
9551,-0.04468780031343128
9552,-0.04478475577243276
9553,-0.04488149022770234
9554,-0.0449780032018747
9555,-0.045074294218677945
9556,-0.045170362802935335
9557,-0.045266208480567796
9558,-0.04536183077859625
9559,-0.045457229225143954
9560,-0.04555240334943882
9561,-0.04564735268181576
9562,-0.045742076753718976
9563,-0.04583657509770444
9564,-0.045930847247441585
9565,-0.046024892737716545
9566,-0.04611871110443379
9567,-0.04621230188461861
9568,-0.046305664616419405
9569,-0.04639879883910992
9570,-0.04649170409309158
9571,-0.04658437991989568
9572,-0.04667682586218574
9573,-0.046769041463759826
9574,-0.04686102626955226
9575,-0.04695277982563674
9576,-0.047044301679227976
9577,-0.047135591378684095
9578,-0.047226648473508846
9579,-0.04731747251435386
9580,-0.047408063053020796
9581,-0.04749841964246365
9582,-0.04758854183679088
9583,-0.04767842919126778
9584,-0.04776808126231812
9585,-0.04785749760752716
9586,-0.04794667778564328
9587,-0.0480356213565803
9588,-0.04812432788141964
9589,-0.04821279692241251
9590,-0.048301028042982044
9591,-0.04838902080772546
9592,-0.04847677478241623
9593,-0.048564289534006336
9594,-0.04865156463062785
9595,-0.04873859964159594
9596,-0.048825394137410376
9597,-0.04891194768975784
9598,-0.04899825987151402
9599,-0.049084330256745724
9600,-0.049170158420712956
9601,-0.049255743939871054
9602,-0.049341086391872756
9603,-0.04942618535557041
9604,-0.049511040411017546
9605,-0.04959565113947171
9606,-0.04968001712339604
9607,-0.04976413794646143
9608,-0.0498480131935486
9609,-0.049931642450750116
9610,-0.05001502530537248
9611,-0.050098161345938134
9612,-0.05018105016218749
9613,-0.0502636913450811
9614,-0.05034608448680114
9615,-0.050428229180754215
9616,-0.05051012502157284
9617,-0.05059177160511756
9618,-0.05067316852847897
9619,-0.050754315389979675
9620,-0.05083521178917629
9621,-0.050915857326861415
9622,-0.05099625160506558
9623,-0.051076394227059264
9624,-0.05115628479735492
9625,-0.051235922921708456
9626,-0.051315308207121914
9627,-0.05139444026184494
9628,-0.051473318695376816
9629,-0.05155194311846839
9630,-0.05163031314312399
9631,-0.05170842838260337
9632,-0.051786288451423586
9633,-0.051863892965360904
9634,-0.05194124154145284
9635,-0.05201833379799953
9636,-0.052095169354566366
9637,-0.05217174783198539
9638,-0.052248068852357256
9639,-0.052324132039053145
9640,-0.05239993701671657
9641,-0.052475483411265275
9642,-0.052550770849893035
9643,-0.05262579896107154
9644,-0.05270056737455232
9645,-0.052775075721368116
9646,-0.05284932363383537
9647,-0.05292331074555563
9648,-0.052997036691417435
9649,-0.05307050110759811
9650,-0.05314370363156559
9651,-0.0532166439020802
9652,-0.05328932155919641
9653,-0.053361736244264664
9654,-0.05343388759993321
9655,-0.05350577527014943
9656,-0.05357739890016231
9657,-0.053648758136523686
9658,-0.05371985262709012
9659,-0.053790682021024654
9660,-0.053861245968798516
9661,-0.05393154412219287
9662,-0.05400157613430052
9663,-0.05407134165952761
9664,-0.05414084035359547
9665,-0.054210071873541835
9666,-0.054279035877723245
9667,-0.05434773202581626
9668,-0.05441615997881925
9669,-0.05448431939905407
9670,-0.05455220995016774
9671,-0.054619831297134096
9672,-0.05468718310625543
9673,-0.054754265045164154
9674,-0.054821076782824545
9675,-0.054887617989533954
9676,-0.05495388833692506
9677,-0.05501988749796706
9678,-0.05508561514696742
9679,-0.055151070959573466
9680,-0.055216254612773956
9681,-0.05528116578490073
9682,-0.055345804155630236
9683,-0.05541016940598518
9684,-0.05547426121833612
9685,-0.05553807927640271
9686,-0.0556016232652558
9687,-0.05566489287131864
9688,-0.055727887782368486
9689,-0.05579060768753817
9690,-0.055853052277317614
9691,-0.055915221243555364
9692,-0.055977114279460116
9693,-0.05603873107960224
9694,-0.056100071339915354
9695,-0.056161134757697455
9696,-0.05622192103161299
9697,-0.05628242986169398
9698,-0.056342660949341546
9699,-0.05640261399732743
9700,-0.056462288709795444
9701,-0.05652168479226292
9702,-0.05658080195162216
9703,-0.056639639896141944
9704,-0.05669819833546897
9705,-0.05675647698062896
9706,-0.056814475544028666
9707,-0.05687219373945688
9708,-0.05692963128208595
9709,-0.0569867878884732
9710,-0.05704366327656231
9711,-0.05710025716568472
9712,-0.057156569276561
9713,-0.05721259933130225
9714,-0.05726834705341147
9715,-0.05732381216778497
9716,-0.05737899440071344
9717,-0.05743389347988377
9718,-0.057488509134380104
9719,-0.057542841094685195
9720,-0.057596889092681784
9721,-0.05765065286165391
9722,-0.05770413213628823
9723,-0.0577573266526753
9724,-0.057810236148310934
9725,-0.05786286036209752
9726,-0.057915199034345013
9727,-0.057967251906772724
9728,-0.05801901872251022
9729,-0.05807049922609872
9730,-0.05812169316349232
9731,-0.05817260028205928
9732,-0.058223220330583234
9733,-0.05827355305926447
9734,-0.05832359821972111
9735,-0.05837335556499048
9736,-0.05842282484952996
9737,-0.058472005829218694
9738,-0.058520898261358464
9739,-0.058569501904675
9740,-0.05861781651931912
9741,-0.058665841866867956
9742,-0.0587135777103261
9743,-0.0587610238141268
9744,-0.05880817994413312
9745,-0.05885504586763914
9746,-0.05890162135337084
9747,-0.058947906171487666
9748,-0.058993900093583386
9749,-0.059039602892687275
9750,-0.05908501434326524
9751,-0.05913013422122094
9752,-0.05917496230389688
9753,-0.059219498370075514
9754,-0.05926374219998035
9755,-0.05930769357527709
9756,-0.05935135227907442
9757,-0.05939471809592552
9758,-0.059437790811828824
9759,-0.059480570214229186
9760,-0.059523056092018876
9761,-0.05956524823553867
9762,-0.059607146436578856
9763,-0.05964875048838026
9764,-0.05969006018563528
9765,-0.05973107532448897
9766,-0.059771795702539765
9767,-0.05981222111884088
9768,-0.05985235137390104
9769,-0.05989218626968554
9770,-0.0599317256096172
9771,-0.05997096919857737
9772,-0.060009916842906845
9773,-0.06004856835040687
9774,-0.06008692353034005
9775,-0.06012498219343137
9776,-0.06016274415186889
9777,-0.06020020921930503
9778,-0.060237377210857236
9779,-0.060274247943108976
9780,-0.06031082123411063
9781,-0.06034709690338037
9782,-0.06038307477190511
9783,-0.06041875466214132
9784,-0.06045413639801594
9785,-0.0604892198049273
9786,-0.060524004709745755
9787,-0.060558490940814884
9788,-0.06059267832795208
9789,-0.0606265667024495
9790,-0.06066015589707485
9791,-0.06069344574607224
9792,-0.06072643608516296
9793,-0.06075912675154637
9794,-0.060791517583900626
9795,-0.06082360842238349
9796,-0.06085539910863321
9797,-0.06088688948576907
9798,-0.06091807939839245
9799,-0.060948968692587445
9800,-0.060979557215921604
9801,-0.06100984481744674
9802,-0.061039831347699657
9803,-0.06106951665870288
9804,-0.06109890060396539
9805,-0.061127983038483345
9806,-0.06115676381874084
9807,-0.06118524280271045
9808,-0.06121341984985417
9809,-0.06124129482112397
9810,-0.061268867578962494
9811,-0.06129613798730373
9812,-0.061323105911573736
9813,-0.061349771218691236
9814,-0.061376133777068326
9815,-0.06140219345661109
9816,-0.06142795012872032
9817,-0.061453403666291956
9818,-0.06147855394371796
9819,-0.061503400836886796
9820,-0.06152794422318405
9821,-0.06155218398149307
9822,-0.06157611999219555
9823,-0.06159975213717209
9824,-0.061623080299802825
9825,-0.061646104364967994
9826,-0.06166882421904851
9827,-0.06169123974992641
9828,-0.06171335084698559
9829,-0.06173515740111228
9830,-0.06175665930469551
9831,-0.061777856451627734
9832,-0.061798748737305315
9833,-0.06181933605862903
9834,-0.061839618314004606
9835,-0.0618595954033432
9836,-0.06187926722806195
9837,-0.06189863369108431
9838,-0.06191769469684071
9839,-0.061936450151268946
9840,-0.06195489996181463
9841,-0.06197304403743167
9842,-0.06199088228858271
9843,-0.06200841462723959
9844,-0.06202564096688375
9845,-0.06204256122250668
9846,-0.062059175310610365
9847,-0.06207548314920758
9848,-0.06209148465782245
9849,-0.06210717975749076
9850,-0.06212256837076038
9851,-0.06213765042169158
9852,-0.062152425835857505
9853,-0.06216689454034446
9854,-0.062181056463752306
9855,-0.0621949115361948
9856,-0.0622084596893
9857,-0.06222170085621045
9858,-0.06223463497158368
9859,-0.06224726197159244
9860,-0.06225958179392504
9861,-0.06227159437778564
9862,-0.062283299663894565
9863,-0.06229469759448859
9864,-0.06230578811332123
9865,-0.062316571165663
9866,-0.06232704669830174
9867,-0.062337214659542776
9868,-0.062347074999209294
9869,-0.06235662766864249
9870,-0.06236587262070189
9871,-0.06237480980976551
9872,-0.06238343919173012
9873,-0.062391760724011466
9874,-0.06239977436554447
9875,-0.06240748007678342
9876,-0.06241487781970221
9877,-0.06242196755779444
9878,-0.06242874925607369
9879,-0.06243522288107366
9880,-0.0624413884008483
9881,-0.06244724578497204
9882,-0.06245279500453984
9883,-0.062458036032167444
9884,-0.062462968841991436
9885,-0.062467593409669384
9886,-0.062471909712379994
9887,-0.062475917728823174
9888,-0.06247961743922017
9889,-0.06248300882531366
9890,-0.06248609187036784
9891,-0.0624888665591685
9892,-0.062491332878023116
9893,-0.0624934908147609
9894,-0.06249534035873288
9895,-0.06249688150081191
9896,-0.06249811423339278
9897,-0.0624990385503922
9898,-0.06249965444724884
9899,-0.06249996192092339
9900,-0.06249996096989852
9901,-0.06249965159417893
9902,-0.06249903379529133
9903,-0.06249810757628441
9904,-0.062496872941728905
9905,-0.062495329897717465
9906,-0.062493478451864704
9907,-0.06249131861330714
9908,-0.06248885039270314
9909,-0.062486073802232873
9910,-0.062482988855598255
9911,-0.06247959556802287
9912,-0.06247589395625191
9913,-0.06247188403855208
9914,-0.06246756583471152
9915,-0.06246293936603969
9916,-0.06245800465536728
9917,-0.06245276172704608
9918,-0.062447210606948904
9919,-0.062441351322469404
9920,-0.06243518390252196
9921,-0.062428708377541546
9922,-0.06242192477948358
9923,-0.062414833141823736
9924,-0.062407433499557824
9925,-0.062399725889201584
9926,-0.062391710348790506
9927,-0.062383386917879674
9928,-0.06237475563754354
9929,-0.06236581655037574
9930,-0.062356569700488855
9931,-0.062347015133514226
9932,-0.0623371528966017
9933,-0.06232698303841945
9934,-0.06231650560915366
9935,-0.062305720660508324
9936,-0.062294628245704996
9937,-0.06228322841948248
9938,-0.06227152123809666
9939,-0.06225950675932009
9940,-0.062247185042441804
9941,-0.062234556148266985
9942,-0.06222162013911668
9943,-0.06220837707882748
9944,-0.06219482703275121
9945,-0.06218097006775463
9946,-0.06216680625221905
9947,-0.062152335656040024
9948,-0.06213755835062707
9949,-0.062122474408903186
9950,-0.062107083905304575
9951,-0.062091386915780276
9952,-0.06207538351779175
9953,-0.06205907379031256
9954,-0.06204245781382789
9955,-0.06202553567033425
9956,-0.06200830744333901
9957,-0.061990773217859944
9958,-0.06197293308042499
9959,-0.06195478711907158
9960,-0.061936335423346395
9961,-0.061917578084304814
9962,-0.06189851519451052
9963,-0.061879146848035034
9964,-0.061859473140457234
9965,-0.06183949416886289
9966,-0.06181921003184421
9967,-0.06179862082949927
9968,-0.061777726663431703
9969,-0.061756527636749964
9970,-0.06173502385406698
9971,-0.06171321542149956
9972,-0.061691102446667936
9973,-0.06166868503869517
9974,-0.06164596330820665
9975,-0.06162293736732953
9976,-0.06159960732969218
9977,-0.061575973310423616
9978,-0.06155203542615294
9979,-0.061527793795008834
9980,-0.06150324853661882
9981,-0.06147839977210882
9982,-0.06145324762410244
9983,-0.06142779221672047
9984,-0.06140203367558021
9985,-0.06137597212779486
9986,-0.06134960770197289
9987,-0.061322940528217434
9988,-0.06129597073812557
9989,-0.061268698464787844
9990,-0.06124112384278739
9991,-0.0612132470081994
9992,-0.061185068098590416
9993,-0.06115658725301768
9994,-0.06112780461202842
9995,-0.061098720317659165
9996,-0.06106933451343502
9997,-0.061039647344369015
9998,-0.06100965895696128
9999,-0.06097936949919856
10000,-0.060948779120553166
10001,-0.06091788797198244
10002,-0.06088669620592797
10003,-0.060855203976314824
10004,-0.06082341143855081
10005,-0.06079131874952566
10006,-0.060758926067610346
10007,-0.0607262335526562
10008,-0.06069324136599415
10009,-0.06065994967043407
10010,-0.0606263586302637
10011,-0.06059246841124806
10012,-0.06055827918062854
10013,-0.06052379110712208
10014,-0.06048900436092038
10015,-0.060453919113689004
10016,-0.06041853553856657
10017,-0.06038285381016388
10018,-0.060346874104563
10019,-0.06031059659931663
10020,-0.0602740214734469
10021,-0.06023714890744465
10022,-0.060199979083268566
10023,-0.06016251218434422
10024,-0.06012474839556321
10025,-0.060086687903282206
10026,-0.06004833089532206
10027,-0.06000967756096686
10028,-0.059970728090962946
10029,-0.05993148267751823
10030,-0.059891941514300835
10031,-0.05985210479643842
10032,-0.05981197272051716
10033,-0.05977154548458074
10034,-0.05973082328812941
10035,-0.059689806332119004
10036,-0.05964849481895991
10037,-0.05960688895251611
10038,-0.05956498893810411
10039,-0.05952279498249213
10040,-0.059480307293898776
10041,-0.05943752608199222
10042,-0.059394451557889104
10043,-0.05935108393415351
10044,-0.05930742342479591
10045,-0.059263470245272114
10046,-0.05921922461248219
10047,-0.059174686744769396
10048,-0.059129856861919065
10049,-0.059084735185157757
10050,-0.05903932193715177
10051,-0.05899361734200632
10052,-0.05894762162526436
10053,-0.058901335013905466
10054,-0.058854757736344736
10055,-0.05880789002243163
10056,-0.05876073210344885
10057,-0.058713284212111215
10058,-0.05866554658256442
10059,-0.05861751945038418
10060,-0.05856920305257463
10061,-0.05852059762756744
10062,-0.05847170341522058
10063,-0.05842252065681711
10064,-0.05837304959506403
10065,-0.05832329047409104
10066,-0.05827324353944935
10067,-0.0582229090381105
10068,-0.05817228721846508
10069,-0.05812137833032149
10070,-0.058070182624904966
10071,-0.058018700354855915
10072,-0.057966931774228944
10073,-0.057914877138491555
10074,-0.05786253670452287
10075,-0.05780991073061236
10076,-0.05775699947645859
10077,-0.05770380320316793
10078,-0.05765032217325325
10079,-0.05759655665063255
10080,-0.057542506900628
10081,-0.05748817318996414
10082,-0.05743355578676685
10083,-0.057378654960562006
10084,-0.0573234709822741
10085,-0.057268004124224926
10086,-0.05721225466013224
10087,-0.057156222865108394
10088,-0.05709990901565899
10089,-0.05704331338968143
10090,-0.05698643626646387
10091,-0.056929277926683355
10092,-0.056871838652404756
10093,-0.0568141187270793
10094,-0.05675611843554317
10095,-0.056697838064016105
10096,-0.05663927790009997
10097,-0.05658043823277736
10098,-0.05652131935241015
10099,-0.056461921550738
10100,-0.05640224512087727
10101,-0.05634229035731899
10102,-0.05628205755592783
10103,-0.0562215470139405
10104,-0.05616075902996431
10105,-0.05609969390397571
10106,-0.05603835193731877
10107,-0.05597673343270371
10108,-0.05591483869420541
10109,-0.055852668027261826
10110,-0.055790221738672846
10111,-0.055727500136598204
10112,-0.05566450353055635
10113,-0.055601232231422826
10114,-0.05553768655142872
10115,-0.05547386680415914
10116,-0.05540977330455166
10117,-0.055345406368894755
10118,-0.055280766314826285
10119,-0.05521585346133175
10120,-0.055150668128743204
10121,-0.055085210638736996
10122,-0.055019481314332624
10123,-0.054953480479891056
10124,-0.05488720846111308
10125,-0.05482066558503774
10126,-0.054753852180040696
10127,-0.054686768575832614
10128,-0.05461941510345756
10129,-0.0545517920952912
10130,-0.05448389988503966
10131,-0.054415738807737195
10132,-0.05434730919974495
10133,-0.054278611398749246
10134,-0.05420964574375985
10135,-0.054140412575108376
10136,-0.05407091223444652
10137,-0.05400114506474445
10138,-0.05393111141028906
10139,-0.05386081161668219
10140,-0.05379024603083937
10141,-0.053719415000987404
10142,-0.05364831887666314
10143,-0.05357695800871159
10144,-0.053505332749284235
10145,-0.053433443451837294
10146,-0.05336129047112993
10147,-0.05328887416322255
10148,-0.05321619488547501
10149,-0.05314325299654477
10150,-0.05307004885638556
10151,-0.05299658282624493
10152,-0.052922855268662895
10153,-0.0528488665474701
10154,-0.05277461702778593
10155,-0.05270010707601679
10156,-0.05262533705985426
10157,-0.052550307348273276
10158,-0.05247501831153032
10159,-0.0523994703211616
10160,-0.05232366374998108
10161,-0.05224759897207913
10162,-0.05217127636281997
10163,-0.05209469629884026
10164,-0.052017859158047165
10165,-0.05194076531961647
10166,-0.05186341516399072
10167,-0.05178580907287731
10168,-0.05170794742924664
10169,-0.051629830617330216
10170,-0.05155145902261861
10171,-0.05147283303186007
10172,-0.05139395303305789
10173,-0.05131481941546892
10174,-0.05123543256960161
10175,-0.05115579288721402
10176,-0.05107590076131191
10177,-0.0509957565861468
10178,-0.05091536075721402
10179,-0.05083471367125076
10180,-0.05075381572623399
10181,-0.050672667321379
10182,-0.050591268857136655
10183,-0.05050962073519196
10184,-0.050427723358461914
10185,-0.050345577131093555
10186,-0.05026318245846192
10187,-0.0501805397471681
10188,-0.050097649405037206
10189,-0.050014511841116334
10190,-0.04993112746567246
10191,-0.04984749669019091
10192,-0.049763619927372556
10193,-0.0496794975911323
10194,-0.049595130096596884
10195,-0.049510517860102875
10196,-0.04942566129919459
10197,-0.04934056083262202
10198,-0.049255216880338806
10199,-0.049169629863500125
10200,-0.049083800204460494
10201,-0.04899772832677223
10202,-0.048911414655182554
10203,-0.048824859615632016
10204,-0.04873806363525226
10205,-0.04865102714236394
10206,-0.04856375056647458
10207,-0.048476234338276476
10208,-0.048388478889644544
10209,-0.04830048465363423
10210,-0.04821225206447916
10211,-0.04812378155758967
10212,-0.048035073569549704
10213,-0.04794612853811528
10214,-0.04785694690221218
10215,-0.04776752910193378
10216,-0.04767787557853888
10217,-0.047587986774449524
10218,-0.04749786313324882
10219,-0.047407505099678754
10220,-0.04731691311963784
10221,-0.04722608764017951
10222,-0.04713502910950902
10223,-0.047043737976981866
10224,-0.04695221469310134
10225,-0.0468604597095164
10226,-0.04676847347901935
10227,-0.04667625645554369
10228,-0.04658380909416182
10229,-0.04649113185108281
10230,-0.046398225183650006
10231,-0.04630508955033935
10232,-0.046211725410756264
10233,-0.04611813322563393
10234,-0.04602431345683088
10235,-0.045930266567328765
10236,-0.045835993021229995
10237,-0.045741493283755486
10238,-0.045646767821242384
10239,-0.04555181710114173
10240,-0.04545664159201615
10241,-0.045361241763537445
10242,-0.04526561808648481
10243,-0.04516977103274165
10244,-0.04507370107529382
10245,-0.04497740868822718
10246,-0.04488089434672522
10247,-0.044784158527066756
10248,-0.044687201706623526
10249,-0.04459002436385787
10250,-0.04449262697832037
10251,-0.04439501003064731
10252,-0.044297174002558934
10253,-0.04419911937685615
10254,-0.04410084663741874
10255,-0.044002356269202854
10256,-0.043903648758238566
10257,-0.043804724591627535
10258,-0.043705584257540564
10259,-0.04360622824521518
10260,-0.04350665704495327
10261,-0.043406871148118434
10262,-0.04330687104713427
10263,-0.04320665723548094
10264,-0.04310623020769337
10265,-0.043005590459358686
10266,-0.04290473848711372
10267,-0.04280367478864262
10268,-0.04270239986267434
10269,-0.04260091420898019
10270,-0.042499218328371405
10271,-0.042397312722696465
10272,-0.04229519789483929
10273,-0.0421928743487158
10274,-0.04209034258927203
10275,-0.04198760312248152
10276,-0.041884656455342825
10277,-0.04178150309587696
10278,-0.041678143553124936
10279,-0.04157457833714524
10280,-0.04147080795901131
10281,-0.04136683293080887
10282,-0.04126265376563401
10283,-0.04115827097758974
10284,-0.041053685081784044
10285,-0.04094889659432722
10286,-0.0408439060323293
10287,-0.040738713913897516
10288,-0.04063332075813376
10289,-0.04052772708513197
10290,-0.04042193341597562
10291,-0.040315940272734954
10292,-0.04020974817846508
10293,-0.04010335765720238
10294,-0.03999676923396261
10295,-0.039889983434738124
10296,-0.0397830007864953
10297,-0.03967582181717191
10298,-0.03956844705567454
10299,-0.03946087703187597
10300,-0.03935311227661256
10301,-0.039245153321681464
10302,-0.03913700069983868
10303,-0.039028654944795384
10304,-0.03892011659121603
10305,-0.03881138617471549
10306,-0.038702464231856415
10307,-0.03859335130014662
10308,-0.038484047918036404
10309,-0.038374554624915895
10310,-0.038264871961112404
10311,-0.03815500046788756
10312,-0.03804494068743538
10313,-0.037934693162878466
10314,-0.037824258438266124
10315,-0.03771363705857143
10316,-0.03760282956968856
10317,-0.03749183651843012
10318,-0.03738065845252442
10319,-0.037269295920612774
10320,-0.03715774947224681
10321,-0.037046019657885544
10322,-0.036934107028893444
10323,-0.03682201213753656
10324,-0.03670973553698055
10325,-0.0365972777812878
10326,-0.036484639425414626
10327,-0.03637182102520859
10328,-0.03625882313740573
10329,-0.03614564631962781
10330,-0.03603229113037959
10331,-0.03591875812904607
10332,-0.03580504787588949
10333,-0.03569116093204739
10334,-0.03557709785952866
10335,-0.03546285922121155
10336,-0.03534844558084068
10337,-0.03523385750302429
10338,-0.03511909555323141
10339,-0.0350041602977891
10340,-0.034889052303879654
10341,-0.0347737721395378
10342,-0.03465832037364769
10343,-0.03454269757594087
10344,-0.03442690431699232
10345,-0.03431094116821841
10346,-0.03419480870187387
10347,-0.034078507491049
10348,-0.033962038109666796
10349,-0.033845401132480156
10350,-0.03372859713506902
10351,-0.03361162669383754
10352,-0.03349449038601106
10353,-0.03337718878963399
10354,-0.03325972248356585
10355,-0.033142092047479164
10356,-0.03302429806185638
10357,-0.03290634110798706
10358,-0.03278822176796496
10359,-0.03266994062468519
10360,-0.03255149826184132
10361,-0.032432895263922505
10362,-0.03231413221621042
10363,-0.03219520970477712
10364,-0.03207612831648101
10365,-0.0319568886389647
10366,-0.031837491260651954
10367,-0.03171793677074473
10368,-0.0315982257592203
10369,-0.03147835881682836
10370,-0.03135833653508808
10371,-0.031238159506285196
10372,-0.0311178283234689
10373,-0.030997343580449685
10374,-0.030876705871795248
10375,-0.03075591579282834
10376,-0.030634973939623618
10377,-0.03051388090900473
10378,-0.030392637298541338
10379,-0.030271243706546193
10380,-0.03014970073207218
10381,-0.030028008974909343
10382,-0.029906169035581753
10383,-0.02978418151534532
10384,-0.02966204701618363
10385,-0.029539766140805803
10386,-0.029417339492643274
10387,-0.02929476767584685
10388,-0.029172051295283708
10389,-0.029049190956534424
10390,-0.028926187265889976
10391,-0.028803040830348754
10392,-0.02867975225761337
10393,-0.028556322156088443
10394,-0.02843275113487642
10395,-0.028309039803775353
10396,-0.028185188773275697
10397,-0.028061198654557293
10398,-0.027937070059486355
10399,-0.02781280360061245
10400,-0.027688399891165477
10401,-0.027563859545052635
10402,-0.0274391831768552
10403,-0.027314371401826288
10404,-0.027189424835886624
10405,-0.027064344095622295
10406,-0.026939129798281513
10407,-0.026813782561771565
10408,-0.026688303004655772
10409,-0.026562691746150422
10410,-0.026436949406121728
10411,-0.026311076605082764
10412,-0.0261850739641902
10413,-0.026058942105242042
10414,-0.02593268165067336
10415,-0.02580629322355402
10416,-0.0256797774475854
10417,-0.02555313494709733
10418,-0.025426366347044982
10419,-0.025299472273005826
10420,-0.025172453351176505
10421,-0.025045310208369764
10422,-0.024918043472011358
10423,-0.024790653770136742
10424,-0.024663141731388796
10425,-0.024535507985013496
10426,-0.024407753160857623
10427,-0.02427987788936545
10428,-0.024151882801575642
10429,-0.024023768529118122
10430,-0.023895535704210973
10431,-0.023767184959657305
10432,-0.02363871692884215
10433,-0.0235101322457291
10434,-0.02338143154485803
10435,-0.023252615461340727
10436,-0.02312368463085856
10437,-0.022994639689659164
10438,-0.02286548127455328
10439,-0.022736210022911624
10440,-0.022606826572661734
10441,-0.022477331562284826
10442,-0.022347725630812644
10443,-0.022218009417824102
10444,-0.022088183563442942
10445,-0.021958248708333353
10446,-0.021828205493697624
10447,-0.021698054561272776
10448,-0.021567796553327395
10449,-0.021437432112658462
10450,-0.021306961882588186
10451,-0.021176386506960822
10452,-0.021045706630139497
10453,-0.02091492289700283
10454,-0.020784035952942558
10455,-0.020653046443859135
10456,-0.020521955016159353
10457,-0.020390762316752954
10458,-0.02025946899304943
10459,-0.020128075692954845
10460,-0.019996583064868616
10461,-0.019864991757680327
10462,-0.01973330242076652
10463,-0.019601515703987292
10464,-0.019469632257683916
10465,-0.019337652732674373
10466,-0.019205577780250983
10467,-0.01907340805217699
10468,-0.01894114420068332
10469,-0.0188087868784654
10470,-0.018676336738679897
10471,-0.018543794434941523
10472,-0.0184111606213198
10473,-0.018278435952335623
10474,-0.018145621082958873
10475,-0.018012716668603913
10476,-0.017879723365127206
10477,-0.017746641828823875
10478,-0.017613472716424435
10479,-0.017480216685091587
10480,-0.017346874392416955
10481,-0.01721344649641784
10482,-0.01707993365553399
10483,-0.016946336528624113
10484,-0.016812655774963495
10485,-0.01667889205423947
10486,-0.016545046026549003
10487,-0.01641111835239523
10488,-0.016277109692684196
10489,-0.016143020708721593
10490,-0.0160088520622095
10491,-0.015874604415243108
10492,-0.015740278430307467
10493,-0.015605874770273987
10494,-0.015471394098398041
10495,-0.015336837078314387
10496,-0.015202204374034769
10497,-0.01506749664994441
10498,-0.014932714570798747
10499,-0.014797858801720137
10500,-0.014662930008194592
10501,-0.014527928856068474
10502,-0.014392856011545227
10503,-0.014257712141181865
10504,-0.014122497911886548
10505,-0.013987213990913993
10506,-0.013851861045863053
10507,-0.013716439744673193
10508,-0.01358095075562121
10509,-0.013445394747317919
10510,-0.01330977238870487
10511,-0.013174084349051029
10512,-0.013038331297949492
10513,-0.01290251390531417
10514,-0.01276663284137627
10515,-0.012630688776681859
10516,-0.01249468238208724
10517,-0.01235861432875653
10518,-0.012222485288158107
10519,-0.012086295932061317
10520,-0.011950046932533152
10521,-0.011813738961934925
10522,-0.011677372692918967
10523,-0.011540948798425295
10524,-0.01140446795167808
10525,-0.011267930826183194
10526,-0.01113133809572358
10527,-0.010994690434356797
10528,-0.01085798851641148
10529,-0.010721233016484005
10530,-0.01058442460943517
10531,-0.010447563970386852
10532,-0.010310651774718687
10533,-0.010173688698064731
10534,-0.01003667541630991
10535,-0.009899612605587558
10536,-0.009762500942274764
10537,-0.009625341102989921
10538,-0.009488133764589153
10539,-0.00935087960416299
10540,-0.009213579299033013
10541,-0.009076233526748521
10542,-0.008938842965083182
10543,-0.008801408292031694
10544,-0.008663930185806214
10545,-0.008526409324833891
10546,-0.008388846387752202
10547,-0.008251242053406483
10548,-0.008113597000846353
10549,-0.007975911909322368
10550,-0.007838187458282674
10551,-0.007700424327369639
10552,-0.007562623196416516
10553,-0.0074247847454440765
10554,-0.00728690965465704
10555,-0.007148998604441596
10556,-0.007011052275360727
10557,-0.0068730713481517285
10558,-0.006735056503722631
10559,-0.006597008423148841
10560,-0.006458927787669776
10561,-0.00632081527868551
10562,-0.0061826715777534
10563,-0.006044497366584734
10564,-0.00590629332704114
10565,-0.005768060141132103
10566,-0.00562979849101028
10567,-0.005491509058969012
10568,-0.005353192527438741
10569,-0.005214849578983635
10570,-0.005076480896298228
10571,-0.004938087162204045
10572,-0.004799669059646236
10573,-0.004661227271690205
10574,-0.004522762481518014
10575,-0.004384275372425904
10576,-0.00424576662781959
10577,-0.004107236931211776
10578,-0.003968686966218557
10579,-0.0038301174165560523
10580,-0.0036915289660370246
10581,-0.00355292229856751
10582,-0.003414298098143442
10583,-0.003275657048847274
10584,-0.0031369998348443843
10585,-0.0029983271403805868
10586,-0.002859639649777422
10587,-0.002720938047429669
10588,-0.0025822230178017447
10589,-0.002443495245424327
10590,-0.002304755414890977
10591,-0.0021660042108547608
10592,-0.0020272423180248693
10593,-0.0018884704211632414
10594,-0.0017496892050809618
10595,-0.001610899354635769
10596,-0.001472101554727345
10597,-0.0013332964902948224
10598,-0.0011944848463131832
10599,-0.0010556673077898777
10600,-0.000916844559761445
10601,-0.0007780172872901313
10602,-0.0006391861754605111
10603,-0.0005003519093761044
10604,-0.0003615151741559973
10605,-0.00022267665493123847
10606,-8.383703684234636e-05
10607,5.500299496540404e-05
10608,0.00019384275534447404
10609,0.0003326815591486644
10610,0.0004715187212364964
10611,0.0006103535564745929
10612,0.0007491853797410592
10613,0.0008880135059288641
10614,0.0010268372499492209
10615,0.0011656559267351897
10616,0.0013044688512441705
10617,0.001443275338462616
10618,0.0015820747034085228
10619,0.0017208662611350354
10620,0.001859649326733825
10621,0.0019984232153384693
10622,0.002137187242127833
10623,0.0022759407223294473
10624,0.002414682971222888
10625,0.002553413304143377
10626,0.0026921310364842743
10627,0.0028308354837017855
10628,0.002969525961317455
10629,0.003108201784921764
10630,0.003246862270177508
10631,0.0033855067328231745
10632,0.003524134488676319
10633,0.003662744853636942
10634,0.0038013371436908636
10635,0.003939910674913324
10636,0.004078464763471465
10637,0.004216998725629045
10638,0.0043555118777489155
10639,0.004494003536296624
10640,0.004632473017843783
10641,0.0047709196390714435
10642,0.004909342716773471
10643,0.005047741567859909
10644,0.005186115509360358
10645,0.005324463858427562
10646,0.005462785932339896
10647,0.005601081048506058
10648,0.005739348524467558
10649,0.005877587677902307
10650,0.0060157978266279786
10651,0.00615397828860538
10652,0.006292128381941818
10653,0.006430247424894458
10654,0.006568334735873699
10655,0.0067063896334467465
10656,0.0068444114363401
10657,0.006982399463444236
10658,0.007120353033816087
10659,0.007258271466682623
10660,0.00739615408144421
10661,0.007534000197677969
10662,0.007671809135141135
10663,0.0078095802137744105
10664,0.007947312753705325
10665,0.00808500607525181
10666,0.008222659498924671
10667,0.00836027234543226
10668,0.008497843935682948
10669,0.008635373590788703
10670,0.00877286063206843
10671,0.008910304381051323
10672,0.00904770415948022
10673,0.009185059289314942
10674,0.00932236909273564
10675,0.009459632892146366
10676,0.00959685001017753
10677,0.009734019769690561
10678,0.009871141493780383
10679,0.010008214505778957
10680,0.010145238129258629
10681,0.01028221168803547
10682,0.010419134506172607
10683,0.010556005907983569
10684,0.010692825218035605
10685,0.01082959176115325
10686,0.010966304862420775
10687,0.011102963847186835
10688,0.011239568041066917
10689,0.011376116769946893
10690,0.01151260935998634
10691,0.011649045137621872
10692,0.011785423429570459
10693,0.011921743562832751
10694,0.0120580048646964
10695,0.012194206662739382
10696,0.012330348284833524
10697,0.012466429059146963
10698,0.012602448314148751
10699,0.012738405378611319
10700,0.012874299581613988
10701,0.013010130252546291
10702,0.013145896721111277
10703,0.013281598317328823
10704,0.013417234371538937
10705,0.01355280421440506
10706,0.013688307176917594
10707,0.013823742590396332
10708,0.013959109786495056
10709,0.014094408097203968
10710,0.014229636854853213
10711,0.014364795392116157
10712,0.014499883042012697
10713,0.01463489913791254
10714,0.0147698430135385
10715,0.014904714002969784
10716,0.015039511440645489
10717,0.015174234661367034
10718,0.015308883000302727
10719,0.01544345579299019
10720,0.015577952375339843
10721,0.0157123720836382
10722,0.01584671425455112
10723,0.015980978225127108
10724,0.016115163332800556
10725,0.016249268915395045
10726,0.016383294311126794
10727,0.0165172388586071
10728,0.016651101896846862
10729,0.016784882765259
10730,0.016918580803661924
10731,0.017052195352282803
10732,0.017185725751760795
10733,0.01731917134315033
10734,0.017452531467924342
10735,0.017585805467977528
10736,0.017718992685629806
10737,0.01785209246362871
10738,0.0179851041451539
10739,0.018118027073819584
10740,0.018250860593677923
10741,0.018383604049222308
10742,0.01851625678539057
10743,0.01864881814756823
10744,0.01878128748159171
10745,0.018913664133751586
10746,0.019045947450796005
10747,0.019178136779933064
10748,0.019310231468835315
10749,0.019442230865642122
10750,0.019574134318963106
10751,0.01970594117788134
10752,0.01983765079195657
10753,0.019969262511228436
10754,0.020100775686219662
10755,0.020232189667939268
10756,0.020363503807885982
10757,0.020494717458050603
10758,0.02062582997092046
10759,0.020756840699481763
10760,0.020887748997222996
10761,0.021018554218138138
10762,0.02114925571672981
10763,0.0212798528480125
10764,0.021410344967515718
10765,0.021540731431287187
10766,0.02167101159589623
10767,0.021801184818436105
10768,0.02193125045652844
10769,0.02206120786832556
10770,0.022191056412513864
10771,0.022320795448316985
10772,0.022450424335498965
10773,0.02257994243436741
10774,0.022709349105776634
10775,0.022838643711130827
10776,0.02296782561238721
10777,0.02309689417205937
10778,0.0232258487532196
10779,0.023354688719503275
10780,0.023483413435111157
10781,0.023612022264812755
10782,0.023740514573949448
10783,0.023868889728437617
10784,0.023997147094771784
10785,0.02412528604002773
10786,0.024253305931865615
10787,0.024381206138533316
10788,0.02450898602886871
10789,0.024636644972304035
10790,0.024764182338868162
10791,0.024891597499189923
10792,0.025018889824501223
10793,0.02514605868664012
10794,0.025273103458053937
10795,0.025400023511802372
10796,0.02552681822156057
10797,0.02565348696162243
10798,0.025780029106902875
10799,0.025906444032942157
10800,0.02603273111590813
10801,0.02615888973259952
10802,0.026284919260449017
10803,0.026410819077526328
10804,0.02653658856254127
10805,0.02666222709484681
10806,0.02678773405444215
10807,0.026913108821975968
10808,0.02703835077874869
10809,0.02716345930671673
10810,0.02728843378849475
10811,0.027413273607358908
10812,0.027537978147249884
10813,0.027662546792775945
10814,0.027786978929215958
10815,0.027911273942522446
10816,0.0280354312193246
10817,0.028159450146931508
10818,0.0282833301133344
10819,0.028407070507210832
10820,0.028530670717926938
10821,0.028654130135540617
10822,0.02877744815080456
10823,0.02890062415516925
10824,0.029023657540785952
10825,0.02914654770050975
10826,0.029269294027902494
10827,0.02939189591723603
10828,0.029514352763494386
10829,0.02963666396237793
10830,0.02975882891030558
10831,0.029880847004417968
10832,0.030002717642580428
10833,0.030124440223385954
10834,0.03024601414615817
10835,0.030367438810954304
10836,0.030488713618568135
10837,0.03060983797053316
10838,0.030730811269124754
10839,0.0308516329173643
10840,0.030972302319021337
10841,0.03109281887861673
10842,0.03121318200142557
10843,0.03133339109348014
10844,0.031453445561572826
10845,0.03157334481325906
10846,0.03169308825686022
10847,0.03181267530146679
10848,0.031932105356940424
10849,0.03205137783391812
10850,0.032170492143814254
10851,0.032289447698823755
10852,0.03240824391192496
10853,0.03252688019688253
10854,0.03264535596825034
10855,0.03276367064137438
10856,0.03288182363239559
10857,0.03299981435825301
10858,0.03311764223668584
10859,0.033235306686237455
10860,0.03335280712625755
10861,0.03347014297690517
10862,0.03358731365915156
10863,0.03370431859478306
10864,0.03382115720640391
10865,0.033937828917439156
10866,0.034054333152137434
10867,0.03417066933557387
10868,0.03428683689365305
10869,0.03440283525311116
10870,0.03451866384151987
10871,0.03463432208728849
10872,0.034749809419666905
10873,0.034865125268748444
10874,0.03498026906547266
10875,0.03509524024162815
10876,0.03521003822985536
10877,0.035324662463649396
10878,0.03543911237736296
10879,0.035553387406208475
10880,0.03566748698626191
10881,0.03578141055446487
10882,0.03589515754862752
10883,0.03600872740743141
10884,0.03612211957043221
10885,0.036235333478062466
10886,0.0363483685716344
10887,0.036461224293342635
10888,0.03657390008626713
10889,0.03668639539437524
10890,0.03679870966252549
10891,0.036910842336469636
10892,0.03702279286285556
10893,0.03713456068923
10894,0.03724614526404131
10895,0.037357546036642104
10896,0.03746876245729207
10897,0.037579793977160596
10898,0.037690640048329734
10899,0.03780130012379613
10900,0.03791177365747482
10901,0.038022060104201214
10902,0.03813215891973394
10903,0.03824206956075758
10904,0.03835179148488529
10905,0.038461324150661516
10906,0.03857066701756466
10907,0.03867981954600974
10908,0.03878878119735123
10909,0.03889755143388501
10910,0.039006129718852096
10911,0.03911451551644057
10912,0.03922270829178839
10913,0.03933070751098603
10914,0.03943851264107915
10915,0.03954612315007119
10916,0.03965353850692599
10917,0.03976075818157046
10918,0.0398677816448973
10919,0.039974608368766984
10920,0.04008123782601135
10921,0.04018766949043555
10922,0.04029390283682079
10923,0.04039993734092696
10924,0.04050577247949516
10925,0.040611407730250355
10926,0.04071684257190389
10927,0.0408220764841561
10928,0.04092710894769905
10929,0.04103193944421837
10930,0.041136567456396884
10931,0.041240992467916474
10932,0.04134521396346078
10933,0.04144923142871776
10934,0.0415530443503822
10935,0.041656652216158295
10936,0.04176005451476213
10937,0.04186325073592422
10938,0.04196624037039221
10939,0.04206902290993272
10940,0.042171597847334805
10941,0.04227396467641186
10942,0.04237612289200424
10943,0.04247807198998176
10944,0.04257981146724621
10945,0.04268134082173378
10946,0.04278265955241761
10947,0.042883767159310214
10948,0.0429846631434661
10949,0.04308534700698364
10950,0.043185818253008434
10951,0.04328607638573517
10952,0.04338612091041019
10953,0.04348595133333396
10954,0.04358556716186347
10955,0.043684967904414736
10956,0.04378415307046514
10957,0.04388312217055589
10958,0.04398187471629448
10959,0.04408041022035715
10960,0.04417872819649078
10961,0.04427682815951615
10962,0.04437470962532973
10963,0.04447237211090625
10964,0.04456981513430105
10965,0.04466703821465247
10966,0.04476404087218423
10967,0.0448608226282078
10968,0.04495738300512473
10969,0.045053721526429204
10970,0.04514983771670976
10971,0.045245731101652545
10972,0.04534140120804305
10973,0.04543684756376862
10974,0.04553206969782073
10975,0.045627067140297385
10976,0.045721839422405375
10977,0.0458163860764626
10978,0.04591070663590041
10979,0.04600480063526603
10980,0.046098667610224256
10981,0.04619230709756067
10982,0.046285718635183284
10983,0.04637890176212502
10984,0.04647185601854595
10985,0.046564580945735574
10986,0.04665707608611509
10987,0.04674934098323965
10988,0.0468413751818006
10989,0.046933178227627895
10990,0.047024749667691726
10991,0.047116089050105676
10992,0.047207195924128316
10993,0.047298069840165616
10994,0.047388710349773135
10995,0.04747911700565824
10996,0.047569289361682345
10997,0.04765922697286306
10998,0.04774892939537643
10999,0.04783839618655924
11000,0.04792762690491064
11001,0.04801662111009519
11002,0.048105378362944456
11003,0.04819389822545929
11004,0.048282180260812047
11005,0.04837022403334869
11006,0.04845802910859097
11007,0.04854559505323856
11008,0.0486329214351712
11009,0.048720007823450956
11010,0.04880685378832379
11011,0.048893458901222535
11012,0.04897982273476844
11013,0.0490659448627734
11014,0.04915182486024212
11015,0.04923746230337411
11016,0.0493228567695659
11017,0.04940800783741302
11018,0.04949291508671212
11019,0.04957757809846322
11020,0.049661996454871155
11021,0.04974616973934851
11022,0.04983009753651712
11023,0.04991377943221024
11024,0.04999721501347459
11025,0.050080403868572425
11026,0.05016334558698353
11027,0.050246039759407266
11028,0.05032848597776458
11029,0.05041068383520015
11030,0.05049263292608387
11031,0.050574332846013655
11032,0.050655783191816885
11033,0.05073698356155253
11034,0.05081793355451317
11035,0.050898632771226915
11036,0.050979080813459414
11037,0.05105927728421582
11038,0.051139221787742724
11039,0.05121891392953027
11040,0.05129835331631357
11041,0.051377539556075394
11042,0.051456472258047635
11043,0.05153515103271335
11044,0.051613575491808644
11045,0.05169174524832464
11046,0.051769659916509385
11047,0.0518473191118697
11048,0.05192472245117312
11049,0.05200186955244979
11050,0.052078760034994474
11051,0.05215539351936789
11052,0.052231769627399394
11053,0.0523078879821883
11054,0.05238374820810589
11055,0.05245934993079725
11056,0.052534692777183145
11057,0.052609776375461825
11058,0.0526846003551109
11059,0.052759164346889105
11060,0.05283346798283833
11061,0.05290751089628487
11062,0.05298129272184202
11063,0.053054813095411366
11064,0.053128071654184685
11065,0.05320106803664578
11066,0.05327380188257224
11067,0.0533462728330372
11068,0.053418480530411164
11069,0.053490424618363695
11070,0.05356210474186537
11071,0.053633520547189006
11072,0.05370467168191213
11073,0.05377555779491826
11074,0.05384617853639872
11075,0.053916533557854404
11076,0.053986622512097494
11077,0.05405644505325313
11078,0.05412600083676117
11079,0.05419528951937785
11080,0.05426431075917762
11081,0.05433306421555437
11082,0.054401549549223785
11083,0.05446976642222454
11084,0.054537714497920164
11085,0.05460539344100059
11086,0.05467280291748391
11087,0.05473994259471795
11088,0.05480681214138196
11089,0.054873411227488206
11090,0.05493973952438376
11091,0.05500579670475165
11092,0.055071582442613114
11093,0.05513709641332882
11094,0.05520233829360055
11095,0.055267307761472775
11096,0.0553320044963343
11097,0.05539642817891978
11098,0.05546057849131134
11099,0.05552445511694015
11100,0.055588057740588045
11101,0.055651386048388714
11102,0.05571443972782983
11103,0.05577721846775422
11104,0.05583972195836146
11105,0.05590194989120945
11106,0.05596390195921589
11107,0.05602557785665983
11108,0.056086977279183166
11109,0.05614809992379213
11110,0.056208945488858915
11111,0.05626951367412272
11112,0.056329804180691896
11113,0.05638981671104495
11114,0.05644955096903215
11115,0.05650900665987699
11116,0.05656818349017763
11117,0.056627081167908364
11118,0.05668569940242104
11119,0.05674403790444649
11120,0.056802096386096075
11121,0.05685987456086272
11122,0.056917372143622885
11123,0.0569745888506376
11124,0.05703152439955397
11125,0.05708817850940654
11126,0.05714455090061873
11127,0.057200641295004136
11128,0.057256449415768004
11129,0.057311974987508514
11130,0.05736721773621826
11131,0.05742217738928525
11132,0.05747685367549477
11133,0.0575312463250304
11134,0.05758535506947537
11135,0.057639179641813955
11136,0.057692719776432755
11137,0.057745975209122
11138,0.05779894567707689
11139,0.05785163091889885
11140,0.05790403067459684
11141,0.057956144685588726
11142,0.05800797269470221
11143,0.058059514446176616
11144,0.058110769685663796
11145,0.058161738160229494
11146,0.05821241961835457
11147,0.05826281380993625
11148,0.058312920486289374
11149,0.058362739400147606
11150,0.058412270305664656
11151,0.05846151295841558
11152,0.058510467115397674
11153,0.05855913253503212
11154,0.05860750897716491
11155,0.05865559620306804
11156,0.058703393975440776
11157,0.05875090205841074
11158,0.058798120217535145
11159,0.058845048219801896
11160,0.058891685833630775
11161,0.05893803282887464
11162,0.058984088976820274
11163,0.05902985405018996
11164,0.059075327823142294
11165,0.059120510071273384
11166,0.059165400571617954
11167,0.05920999910265044
11168,0.0592543054442861
11169,0.05929831937788207
11170,0.05934204068623847
11171,0.05938546915359954
11172,0.059428604565654415
11173,0.05947144670953861
11174,0.059513995373834803
11175,0.05955625034857391
11176,0.05959821142523616
11177,0.05963987839675211
11178,0.05968125105750366
11179,0.059722329203325084
11180,0.059763112631504016
11181,0.05980360114078253
11182,0.05984379453135789
11183,0.059883692604883874
11184,0.05992329516447154
11185,0.05996260201469026
11186,0.060001612961568654
11187,0.06004032781259557
11188,0.06007874637672104
11189,0.06011686846435719
11190,0.06015469388737922
11191,0.06019222245912635
11192,0.06022945399440255
11193,0.060266388309477746
11194,0.06030302522208856
11195,0.06033936455143922
11196,0.06037540611820247
11197,0.06041114974452044
11198,0.06044659525400556
11199,0.06048174247174139
11200,0.0605165912242835
11201,0.06055114133966039
11202,0.0605853926473741
11203,0.06061934497840139
11204,0.060652998165194365
11205,0.06068635204168133
11206,0.06071940644326764
11207,0.060752161206836505
11208,0.060784616170749754
11209,0.06081677117484871
11210,0.06084862606045491
11211,0.060880180670370966
11212,0.060911434848881146
11213,0.06094238844175245
11214,0.060973041296235125
11215,0.061003393261063535
11216,0.061033444186456856
11217,0.06106319392411983
11218,0.061092642327243506
11219,0.06112178925050596
11220,0.061150634550073
11221,0.06117917808359891
11222,0.06120741971022715
11223,0.061235359290590895
11224,0.061262996686814
11225,0.061290331762511495
11226,0.061317364382790306
11227,0.06134409441424989
11228,0.06137052172498295
11229,0.06139664618457604
11230,0.06142246766411022
11231,0.061447986036161695
11232,0.0614732011748025
11233,0.06149811295560092
11234,0.06152272125562239
11235,0.06154702595342992
11236,0.06157102692908473
11237,0.06159472406414684
11238,0.06161811724167568
11239,0.06164120634623064
11240,0.06166399126387164
11241,0.06168647188215972
11242,0.06170864809015759
11243,0.061730519778430075
11244,0.06175208683904484
11245,0.0617733491655728
11246,0.06179430665308865
11247,0.06181495919817143
11248,0.061835306698904996
11249,0.061855349054878536
11250,0.06187508616718707
11251,0.06189451793843193
11252,0.06191364427272128
11253,0.06193246507567045
11254,0.06195098025440261
11255,0.0619691897175491
11256,0.06198709337524988
11257,0.06200469113915402
11258,0.06202198292242011
11259,0.062038968639716675
11260,0.06205564820722264
11261,0.0620720215426277
11262,0.062088088565132774
11263,0.062103849195450304
11264,0.062119303355804775
11265,0.06213445096993304
11266,0.062149291963084656
11267,0.06216382626202234
11268,0.06217805379502225
11269,0.062191974491874386
11270,0.06220558828388291
11271,0.062218895103866516
11272,0.06223189488615874
11273,0.06224458756660825
11274,0.06225697308257925
11275,0.06226905137295171
11276,0.062280822378121714
11277,0.06229228604000172
11278,0.06230344230202087
11279,0.062314291109125265
11280,0.06232483240777823
11281,0.062335066145960585
11282,0.06234499227317091
11283,0.062354610740425746
11284,0.062363921500259906
11285,0.06237292450672667
11286,0.06238161971539802
11287,0.06239000708336486
11288,0.06239808656923721
11289,0.062405858133144455
11290,0.06241332173673548
11291,0.06242047734317891
11292,0.06242732491716329
11293,0.06243386442489719
11294,0.06244009583410949
11295,0.06244601911404942
11296,0.0624516342354868
11297,0.06245694117071215
11298,0.062461939893536794
11299,0.06246663037929305
11300,0.06247101260483433
11301,0.06247508654853522
11302,0.062478852190291645
11303,0.0624823095115209
11304,0.06248545849516183
11305,0.062488299125674815
11306,0.06249083138904192
11307,0.06249305527276695
11308,0.06249497076587547
11309,0.06249657785891492
11310,0.06249787654395462
11311,0.06249886681458581
11312,0.062499548665921716
11313,0.06249992209459754
11314,0.06249998709877047
11315,0.062499743678119744
11316,0.062499191833846585
11317,0.06249833156867424
11318,0.06249716288684792
11319,0.062495685794134864
11320,0.062493900297824215
11321,0.06249180640672703
11322,0.06248940413117625
11323,0.06248669348302661
11324,0.06248367447565462
11325,0.06248034712395847
11326,0.062476711444357964
11327,0.06247276745479445
11328,0.06246851517473073
11329,0.06246395462515093
11330,0.06245908582856046
11331,0.06245390880898584
11332,0.06244842359197461
11333,0.062442630204595215
11334,0.06243652867543686
11335,0.06243011903460935
11336,0.06242340131374297
11337,0.06241637554598833
11338,0.06240904176601616
11339,0.062401400010017184
11340,0.06239345031570194
11341,0.06238519272230055
11342,0.06237662727056258
11343,0.06236775400275679
11344,0.062358572962671
11345,0.06234908419561176
11346,0.062339287748404235
11347,0.06232918366939191
11348,0.06231877200843638
11349,0.06230805281691708
11350,0.06229702614773107
11351,0.062285692055292725
11352,0.06227405059553351
11353,0.06226210182590166
11354,0.062249845805361984
11355,0.06223728259439545
11356,0.06222441225499896
11357,0.06221123485068505
11358,0.06219775044648155
11359,0.06218395910893127
11360,0.06216986090609168
11361,0.062155455907534574
11362,0.062140744184345696
11363,0.06212572580912442
11364,0.06211040085598344
11365,0.06209476940054828
11366,0.06207883151995703
11367,0.062062587292859905
11368,0.06204603679941889
11369,0.06202918012130733
11370,0.062012017341709524
11371,0.061994548545320334
11372,0.06197677381834474
11373,0.06195869324849741
11374,0.06194030692500236
11375,0.061921614938592356
11376,0.06190261738150858
11377,0.06188331434750015
11378,0.06186370593182363
11379,0.0618437922312426
11380,0.06182357334402716
11381,0.061803049369953435
11382,0.06178222041030309
11383,0.06176108656786281
11384,0.0617396479469239
11385,0.06171790465328161
11386,0.06169585679423469
11387,0.06167350447858489
11388,0.06165084781663637
11389,0.06162788692019518
11390,0.06160462190256872
11391,0.06158105287856514
11392,0.06155717996449284
11393,0.06153300327815978
11394,0.061508522938873114
11395,0.06148373906743833
11396,0.06145865178615883
11397,0.061433261218835286
11398,0.061407567490765036
11399,0.06138157072874143
11400,0.06135527106105325
11401,0.06132866861748404
11402,0.0613017635293115
11403,0.0612745559293068
11404,0.06124704595173392
11405,0.06121923373234914
11406,0.061191119408400094
11407,0.0611627031186253
11408,0.06113398500325342
11409,0.06110496520400255
11410,0.06107564386407955
11411,0.06104602112817931
11412,0.061016097142484065
11413,0.060985872054662625
11414,0.06095534601386967
11415,0.06092451917074514
11416,0.060893391677413235
11417,0.060861963687481854
11418,0.06083023535604178
11419,0.06079820683966594
11420,0.06076587829640859
11421,0.060733249885804565
11422,0.06070032176886849
11423,0.060667094108093976
11424,0.06063356706745277
11425,0.060599740812394165
11426,0.06056561550984384
11427,0.060531191328203275
11428,0.06049646843734887
11429,0.060461447008631077
11430,0.06042612721487358
11431,0.06039050923037244
11432,0.06035459323089522
11433,0.06031837939368012
11434,0.060281867897435074
11435,0.06024505892233705
11436,0.06020795265003087
11437,0.060170549263628484
11438,0.06013284894770807
11439,0.06009485188831307
11440,0.0600565582729513
11441,0.06001796829059404
11442,0.059979082131675056
11443,0.05993989998808969
11444,0.059900422053193854
11445,0.05986064852180332
11446,0.05982057959019237
11447,0.059780215456093105
11448,0.05973955631869437
11449,0.05969860237864081
11450,0.05965735383803185
11451,0.059615810900420715
11452,0.05957397377081343
11453,0.059531842655667765
11454,0.05948941776289222
11455,0.05944669930184521
11456,0.05940368748333365
11457,0.05936038251961218
11458,0.05931678462438208
11459,0.05927289401279014
11460,0.05922871090142767
11461,0.05918423550832942
11462,0.05913946805297248
11463,0.05909440875627521
11464,0.05904905784059606
11465,0.05900341552973281
11466,0.05895748204892096
11467,0.058911257624832986
11468,0.05886474248557708
11469,0.058817936860696085
11470,0.05877084098116629
11471,0.05872345507939638
11472,0.0586757793892262
11473,0.05862781414592567
11474,0.0585795595861935
11475,0.05853101594815637
11476,0.05848218347136725
11477,0.05843306239680457
11478,0.05838365296687091
11479,0.05833395542539184
11480,0.05828397001761469
11481,0.058233696990207376
11482,0.05818313659125714
11483,0.05813228907026933
11484,0.05808115467816613
11485,0.058029733667285616
11486,0.05797802629138001
11487,0.057926032805614786
11488,0.05787375346656729
11489,0.05782118853222553
11490,0.05776833826198683
11491,0.05771520291665661
11492,0.05766178275844709
11493,0.05760807805097596
11494,0.057554089059265116
11495,0.05749981604973925
11496,0.057445259290224884
11497,0.05739041904994853
11498,0.05733529559953571
11499,0.05727988921100952
11500,0.05722420015778932
11501,0.05716822871468934
11502,0.057111975157917355
11503,0.05705543976507332
11504,0.05699862281514798
11505,0.05694152458852145
11506,0.056884145366962104
11507,0.05682648543362476
11508,0.056768545073049535
11509,0.056710324571160424
11510,0.05665182421526385
11511,0.056593044294047275
11512,0.05653398509757773
11513,0.05647464691730045
11514,0.056415030046037366
11515,0.056355134777985615
11516,0.056294961408716454
11517,0.056234510235173216
11518,0.056173781555670245
11519,0.05611277566989132
11520,0.05605149287888817
11521,0.05598993348507902
11522,0.055928097792247035
11523,0.05586598610553888
11524,0.05580359873146321
11525,0.055740935977889025
11526,0.055677998154044554
11527,0.05561478557051517
11528,0.055551298539242205
11529,0.05548753737352136
11530,0.05542350238800111
11531,0.055359193898681186
11532,0.055294612222911016
11533,0.055229757679388126
11534,0.0551646305881566
11535,0.05509923127060539
11536,0.05503356004946715
11537,0.05496761724881598
11538,0.0549014031940663
11539,0.05483491821197112
11540,0.05476816263062039
11541,0.05470113677943945
11542,0.05463384098918734
11543,0.054566275591955204
11544,0.05449844092116465
11545,0.05443033731156597
11546,0.05436196509923696
11547,0.054293324621580576
11548,0.054224416217323726
11549,0.05415524022651548
11550,0.05408579699052539
11551,0.05401608685204182
11552,0.05394611015507022
11553,0.053875867244931486
11554,0.053805358468260185
11555,0.05373458417300281
11556,0.05366354470841643
11557,0.05359224042506637
11558,0.05352067167482487
11559,0.05344883881086927
11560,0.053376742187680265
11561,0.05330438216104014
11562,0.05323175908803101
11563,0.0531588733270331
11564,0.053085725237722925
11565,0.05301231518107143
11566,0.05293864351934267
11567,0.05286471061609129
11568,0.052790516836161275
11569,0.05271606254568394
11570,0.052641348112076186
11571,0.05256637390403867
11572,0.052491140291553974
11573,0.05241564764588479
11574,0.0523398963395721
11575,0.05226388674643319
11576,0.0521876192415603
11577,0.052111094201318056
11578,0.05203431200334209
11579,0.05195727302653705
11580,0.05187997765107474
11581,0.05180242625839226
11582,0.05172461923119005
11583,0.05164655695343011
11584,0.051568239810334024
11585,0.05148966818838108
11586,0.05141084247530626
11587,0.051331763060098796
11588,0.05125243033299952
11589,0.05117284468549943
11590,0.051093006510337644
11591,0.05101291620149943
11592,0.05093257415421431
11593,0.05085198076495407
11594,0.05077113643143083
11595,0.050690041552595044
11596,0.050608696528633465
11597,0.05052710176096761
11598,0.05044525765225109
11599,0.05036316460636803
11600,0.050280823028431065
11601,0.05019823332477926
11602,0.050115395902976145
11603,0.05003231117180767
11604,0.04994897954128022
11605,0.04986540142261857
11606,0.04978157722826374
11607,0.04969750737187149
11608,0.049613192268309445
11609,0.049528632333655634
11610,0.04944382798519627
11611,0.0493587796414237
11612,0.049273487722034326
11613,0.04918795264792658
11614,0.049102174841198776
11615,0.04901615472514709
11616,0.04892989272426328
11617,0.048843389264233206
11618,0.04875664477193384
11619,0.04866965967543175
11620,0.04858243440398083
11621,0.0484949693880202
11622,0.048407265059172054
11623,0.04831932185023956
11624,0.0482311401952047
11625,0.048142720529226156
11626,0.048054063288637
11627,0.04796516891094309
11628,0.047876037834820105
11629,0.04778667050011192
11630,0.0476970673478283
11631,0.04760722882014271
11632,0.047517155360390174
11633,0.04742684741306502
11634,0.047336305423818746
11635,0.04724552983945781
11636,0.047154521107941244
11637,0.04706327967837906
11638,0.04697180600102917
11639,0.0468801005272957
11640,0.04678816370972666
11641,0.04669599600201169
11642,0.046603597858979835
11643,0.046510969736597275
11644,0.046418112091965114
11645,0.04632502538331707
11646,0.04623171007001713
11647,0.04613816661255783
11648,0.046044395472557106
11649,0.04595039711275661
11650,0.045856171997019274
11651,0.045761720590327036
11652,0.04566704335877853
11653,0.04557214076958677
11654,0.04547701329107691
11655,0.045381661392683834
11656,0.045286085544949777
11657,0.04519028621952257
11658,0.045094263889152386
11659,0.04499801902769006
11660,0.04490155211008455
11661,0.04480486361238063
11662,0.04470795401171653
11663,0.04461082378632158
11664,0.044513473415513816
11665,0.044415903379697697
11666,0.04431811416036164
11667,0.044220106240075566
11668,0.044121880102489096
11669,0.04402343623232823
11670,0.04392477511539361
11671,0.04382589723855793
11672,0.04372680308976357
11673,0.043627493158020156
11674,0.04352796793340215
11675,0.043428227907046445
11676,0.04332827357114996
11677,0.04322810541896701
11678,0.043127723944807524
11679,0.043027129644033664
11680,0.042926323013058
11681,0.04282530454934092
11682,0.04272407475138815
11683,0.042622634118748316
11684,0.04252098315201047
11685,0.04241912235280162
11686,0.042317052223784256
11687,0.042214773268653694
11688,0.042112285992136275
11689,0.04200959089998586
11690,0.041906688498982006
11691,0.041803579296927296
11692,0.04170026380264483
11693,0.04159674252597571
11694,0.04149301597777658
11695,0.041389084669916996
11696,0.041284949115277
11697,0.041180609827744366
11698,0.04107606732221276
11699,0.04097132211457818
11700,0.040866374721737084
11701,0.04076122566158369
11702,0.040655875453007376
11703,0.04055032461589017
11704,0.040444573671104156
11705,0.0403386231405089
11706,0.04023247354694889
11707,0.04012612541425077
11708,0.040019579267221474
11709,0.03991283563164454
11710,0.039805895034278296
11711,0.039698758002852996
11712,0.03959142506606826
11713,0.03948389675359049
11714,0.039376173596050196
11715,0.039268256125039425
11716,0.03916014487310912
11717,0.039051840373766314
11718,0.03894334316147221
11719,0.03883465377163847
11720,0.03872577274062531
11721,0.038616700605738644
11722,0.03850743790522744
11723,0.03839798517828108
11724,0.03828834296502669
11725,0.03817851180652645
11726,0.038068492244774974
11727,0.03795828482269643
11728,0.037847890084142535
11729,0.037737308573888885
11730,0.03762654083763292
11731,0.037515587421991056
11732,0.03740444887449602
11733,0.0372931257435941
11734,0.03718161857864249
11735,0.03706992792990655
11736,0.03695805434855709
11737,0.036845998386667474
11738,0.03673376059721162
11739,0.036621341534060194
11740,0.03650874175197859
11741,0.036395961806623994
11742,0.036283002254542694
11743,0.036169863653167274
11744,0.036056546560813904
11745,0.035943051536679566
11746,0.03582937914083929
11747,0.035715529934243255
11748,0.03560150447871466
11749,0.03548730333694594
11750,0.035372927072496695
11751,0.035258376249790696
11752,0.03514365143411314
11753,0.03502875319160784
11754,0.03491368208927444
11755,0.034798438694965614
11756,0.03468302357738424
11757,0.03456743730608064
11758,0.03445168045144956
11759,0.03433575358472807
11760,0.03421965727799169
11761,0.034103392104152266
11762,0.033986958636954966
11763,0.033870357450975455
11764,0.03375358912161705
11765,0.0336366542251079
11766,0.03351955333849812
11767,0.03340228703965695
11768,0.03328485590726972
11769,0.033167260520835753
11770,0.033049501460664356
11771,0.03293157930787274
11772,0.03281349464438291
11773,0.03269524805291887
11774,0.03257684011700367
11775,0.0324582714209566
11776,0.032339542549890236
11777,0.03222065408970759
11778,0.03210160662709904
11779,0.03198240074954016
11780,0.03186303704528773
11781,0.03174351610337752
11782,0.031623838513621265
11783,0.03150400486660373
11784,0.03138401575367977
11785,0.03126387176697144
11786,0.031143573499365088
11787,0.031023121544508366
11788,0.03090251649680718
11789,0.030781758951423488
11790,0.030660849504271215
11791,0.03053978875201408
11792,0.030418577292062467
11793,0.03029721572257047
11794,0.030175704642432945
11795,0.030054044651282544
11796,0.02993223634948678
11797,0.02981028033814504
11798,0.02968817721908543
11799,0.029565927594862595
11800,0.029443532068753563
11801,0.02932099124475556
11802,0.029198305727582818
11803,0.029075476122663608
11804,0.028952503036137243
11805,0.02882938707485109
11806,0.02870612884635757
11807,0.02858272895891117
11808,0.028459188021465232
11809,0.02833550664366975
11810,0.028211685435867162
11811,0.028087725009090143
11812,0.027963625975058384
11813,0.02783938894617557
11814,0.02771501453552638
11815,0.02759050335687342
11816,0.027465856024654227
11817,0.027341073153978244
11818,0.027216155360623544
11819,0.027091103261034637
11820,0.026965917472318194
11821,0.026840598612240824
11822,0.026715147299225805
11823,0.026589564152350056
11824,0.02646384979134106
11825,0.026338004836573822
11826,0.026212029909067798
11827,0.02608592563048383
11828,0.025959692623120888
11829,0.025833331509913786
11830,0.02570684291442892
11831,0.025580227460861985
11832,0.025453485774034685
11833,0.025326618479391678
11834,0.025199626202997455
11835,0.025072509571533272
11836,0.024945269212294056
11837,0.0248179057531853
11838,0.02469041982271977
11839,0.024562812050015214
11840,0.02443508306479003
11841,0.02430723349736099
11842,0.024179263978639908
11843,0.02405117514013053
11844,0.02392296761392543
11845,0.023794642032702876
11846,0.023666199029723715
11847,0.023537639238828244
11848,0.02340896329443309
11849,0.023280171831527863
11850,0.023151265485672857
11851,0.02302224489299467
11852,0.022893110690183887
11853,0.022763863514491736
11854,0.022634504003726956
11855,0.02250503279625262
11856,0.022375450530983013
11857,0.02224575784738046
11858,0.022115955385452187
11859,0.02198604378574694
11860,0.02185602368935266
11861,0.02172589573789208
11862,0.021595660573520376
11863,0.021465318838921804
11864,0.021334871177306525
11865,0.02120431823240742
11866,0.02107366064847693
11867,0.02094289907028386
11868,0.02081203414311021
11869,0.020681066512747783
11870,0.02054999682549582
11871,0.020418825728156568
11872,0.020287553868032923
11873,0.02015618189292502
11874,0.020024710451127054
11875,0.019893140191424047
11876,0.01976147176308869
11877,0.0196297058158781
11878,0.019497843000030636
11879,0.019365883966262473
11880,0.019233829365765235
11881,0.019101679850201517
11882,0.01896943607170251
11883,0.018837098682864574
11884,0.018704668336746017
11885,0.01857214568686387
11886,0.018439531387190667
11887,0.018306826092151215
11888,0.018174030456619368
11889,0.018041145135914573
11890,0.0179081707857995
11891,0.017775108062475512
11892,0.017641957622580307
11893,0.017508720123184423
11894,0.017375396221788044
11895,0.01724198657631771
11896,0.017108491845123103
11897,0.01697491268697378
11898,0.016841249761055933
11899,0.016707503726968907
11900,0.016573675244722825
11901,0.016439764974734022
11902,0.01630577357782266
11903,0.01617170171520924
11904,0.01603755004851135
11905,0.01590331923974039
11906,0.01576900995129832
11907,0.015634622845974364
11908,0.015500158586941773
11909,0.015365617837754317
11910,0.015231001262343868
11911,0.015096309525015849
11912,0.014961543290446801
11913,0.014826703223680893
11914,0.014691789990126648
11915,0.014556804255553642
11916,0.01442174668608924
11917,0.014286617948215289
11918,0.014151418708764843
11919,0.014016149634918647
11920,0.013880811394202715
11921,0.01374540465448374
11922,0.013609930083966656
11923,0.013474388351191127
11924,0.013338780125028255
11925,0.013203106074677267
11926,0.013067366869662223
11927,0.01293156317982871
11928,0.012795695675340526
11929,0.012659765026676175
11930,0.012523771904626408
11931,0.012387716980289626
11932,0.012251600925069418
11933,0.012115424410671054
11934,0.011979188109098149
11935,0.011842892692649357
11936,0.011706538833915056
11937,0.01157012720577402
11938,0.011433658481390108
11939,0.011297133334208934
11940,0.011160552437954328
11941,0.01102391646662589
11942,0.010887226094494346
11943,0.010750481996099098
11944,0.010613684846244675
11945,0.010476835319997406
11946,0.010339934092682088
11947,0.010202981839878649
11948,0.01006597923741882
11949,0.009928926961382796
11950,0.009791825688095683
11951,0.009654676094125035
11952,0.009517478856276204
11953,0.00938023465158987
11954,0.009242944157338487
11955,0.009105608051022939
11956,0.008968227010369196
11957,0.008830801713324968
11958,0.008693332838056367
11959,0.008555821062944547
11960,0.00841826706658215
11961,0.008280671527770829
11962,0.00814303512551658
11963,0.008005358539027273
11964,0.00786764244770908
11965,0.007729887531163118
11966,0.0075920944691821035
11967,0.007454263941746989
11968,0.007316396629023612
11969,0.00717849321135934
11970,0.007040554369279488
11971,0.006902580783484848
11972,0.006764573134847002
11973,0.006626532104405843
11974,0.006488458373366003
11975,0.006350352623093478
11976,0.006212215535112277
11977,0.006074047791101052
11978,0.005935850072889737
11979,0.0057976230624561835
11980,0.005659367441922572
11981,0.005521083893552931
11982,0.005382773099748445
11983,0.005244435743044971
11984,0.005106072506109446
11985,0.004967684071736523
11986,0.004829271122845197
11987,0.004690834342475441
11988,0.004552374413784828
11989,0.004413892020045164
11990,0.004275387844638896
11991,0.00413686257105662
11992,0.003998316882892387
11993,0.0038597514638412074
11994,0.003721166997695463
11995,0.003582564168341526
11996,0.0034439436597563894
11997,0.0033053061560042894
11998,0.003166652341233329
11999,0.0030279828996721044
12000,0.002889298515626103
12001,0.002750599873475217
12002,0.0026118876576690336
12003,0.002473162552724346
12004,0.002334425243221552
12005,0.0021956764138012755
12006,0.002056916749160991
12007,0.0019181469340516404
12008,0.0017793676532742576
12009,0.0016405795916765871
12010,0.0015017834341494833
12011,0.001362979865624418
12012,0.0012241695710687687
12013,0.001085353235483327
12014,0.0009465315438986954
12015,0.0008077051813719073
12016,0.0006688748329830463
12017,0.0005300411838318654
12018,0.0003912049190344059
12019,0.00025236672371961724
12020,0.00011352728302575328
12021,-2.5312717902120262e-05
12022,-0.00016415259391683914
12023,-0.0003029916598716335
12024,-0.00044182923062373086
12025,-0.0005806646210377376
12026,-0.000719497145989019
12027,-0.0008583261203670816
12028,-0.0009971508590789528
12029,-0.001135970677052562
12030,-0.001274784889240122
12031,-0.0014135928106217307
12032,-0.001552393756207864
12033,-0.0016911870410440874
12034,-0.0018299719802135498
12035,-0.001968747888840583
12036,-0.0021075140820940833
12037,-0.0022462698751908906
12038,-0.0023850145833991675
12039,-0.0025237475220417777
12040,-0.0026624680064996657
12041,-0.002801175352215457
12042,-0.0029398688746959476
12043,-0.0030785478895168153
12044,-0.003217211712325108
12045,-0.0033558596588428424
12046,-0.0034944910448703815
12047,-0.0036331051862898128
12048,-0.0037717013990683198
12049,-0.003910278999261562
12050,-0.004048837303017048
12051,-0.004187375626577732
12052,-0.0043258932862845
12053,-0.0044643895985808785
12054,-0.004602863880015513
12055,-0.004741315447245771
12056,-0.004879743617041106
12057,-0.005018147706286438
12058,-0.005156527031985514
12059,-0.00529488091126429
12060,-0.005433208661374289
12061,-0.005571509599696202
12062,-0.005709783043742365
12063,-0.005848028311161458
12064,-0.005986244719740982
12065,-0.006124431587410856
12066,-0.0062625882322467725
12067,-0.00640071397247357
12068,-0.006538808126468595
12069,-0.006676870012765066
12070,-0.006814898950055433
12071,-0.006952894257194969
12072,-0.007090855253204237
12073,-0.007228781257273785
12074,-0.007366671588766616
12075,-0.007504525567221771
12076,-0.007642342512357686
12077,-0.007780121744075547
12078,-0.00791786258246265
12079,-0.008055564347795757
12080,-0.008193226360544441
12081,-0.008330847941374673
12082,-0.008468428411151281
12083,-0.008605967090942631
12084,-0.008743463302023097
12085,-0.008880916365876622
12086,-0.009018325604200073
12087,-0.00915569033890659
12088,-0.00929300989212893
12089,-0.009430283586222804
12090,-0.00956751074377024
12091,-0.009704690687583123
12092,-0.009841822740705676
12093,-0.009978906226419112
12094,-0.01011594046824409
12095,-0.01025292478994428
12096,-0.010389858515529702
12097,-0.010526740969260052
12098,-0.010663571475648044
12099,-0.01080034935946274
12100,-0.010937073945732888
12101,-0.011073744559750463
12102,-0.011210360527073129
12103,-0.011346921173528876
12104,-0.011483425825218472
12105,-0.011619873808519006
12106,-0.011756264450087218
12107,-0.011892597076862814
12108,-0.012028871016071795
12109,-0.01216508559522977
12110,-0.012301240142145281
12111,-0.012437333984923114
12112,-0.012573366451967837
12113,-0.012709336871986242
12114,-0.012845244573991962
12115,-0.012981088887307915
12116,-0.013116869141569829
12117,-0.013252584666729548
12118,-0.013388234793058345
12119,-0.013523818851150221
12120,-0.01365933617192521
12121,-0.013794786086632682
12122,-0.013930167926854859
12123,-0.014065481024509245
12124,-0.014200724711853227
12125,-0.014335898321486504
12126,-0.014471001186354585
12127,-0.0146060326397521
12128,-0.014740992015326075
12129,-0.014875878647079227
12130,-0.015010691869373248
12131,-0.015145431016932094
12132,-0.015280095424845475
12133,-0.015414684428571284
12134,-0.015549197363940163
12135,-0.015683633567157924
12136,-0.015817992374809027
12137,-0.015952273123859877
12138,-0.01608647515166207
12139,-0.01622059779595569
12140,-0.016354640394872545
12141,-0.01648860228693946
12142,-0.01662248281108175
12143,-0.016756281306625615
12144,-0.016889997113302697
12145,-0.01702362957125247
12146,-0.017157178021025725
12147,-0.017290641803587813
12148,-0.017424020260321898
12149,-0.01755731273303221
12150,-0.0176905185639473
12151,-0.017823637095723276
12152,-0.01795666767144725
12153,-0.01808960963463976
12154,-0.018222462329259257
12155,-0.0183552250997045
12156,-0.01848789729081801
12157,-0.018620478247889302
12158,-0.0187529673166581
12159,-0.01888536384331759
12160,-0.019017667174517635
12161,-0.019149876657367986
12162,-0.019281991639441744
12163,-0.01941401146877771
12164,-0.019545935493884878
12165,-0.019677763063744805
12166,-0.01980949352781504
12167,-0.019941126236032322
12168,-0.020072660538815807
12169,-0.020204095787070248
12170,-0.02033543133218922
12171,-0.02046666652605832
12172,-0.02059780072105855
12173,-0.020728833270068702
12174,-0.0208597635264698
12175,-0.020990590844147457
12176,-0.02112131457749525
12177,-0.02125193408141795
12178,-0.021382448711334653
12179,-0.021512857823182
12180,-0.021643160773417346
12181,-0.02177335691902192
12182,-0.021903445617504236
12183,-0.02203342622690239
12184,-0.022163298105788525
12185,-0.02229306061327112
12186,-0.02242271310899839
12187,-0.02255225495316143
12188,-0.022681685506497386
12189,-0.02281100413029259
12190,-0.022940210186385736
12191,-0.02306930303717101
12192,-0.023198282045601447
12193,-0.02332714657519126
12194,-0.02345589599002021
12195,-0.023584529654735908
12196,-0.023713046934557187
12197,-0.0238414471952772
12198,-0.02396972980326657
12199,-0.02409789412547652
12200,-0.024225939529441985
12201,-0.02435386538328473
12202,-0.024481671055716483
12203,-0.024609355916042252
12204,-0.024736919334162603
12205,-0.024864360680578023
12206,-0.024991679326391177
12207,-0.025118874643310245
12208,-0.025245946003652004
12209,-0.025372892780344936
12210,-0.02549971434693232
12211,-0.02562641007757531
12212,-0.025752979347056046
12213,-0.02587942153078093
12214,-0.026005736004782894
12215,-0.026131922145725704
12216,-0.02625797933090622
12217,-0.026383906938257668
12218,-0.02650970434635272
12219,-0.026635370934406554
12220,-0.026760906082279916
12221,-0.026886309170482188
12222,-0.027011579580174434
12223,-0.02713671669317266
12224,-0.027261719891950073
12225,-0.027386588559641305
12226,-0.027511322080044684
12227,-0.027635919837625457
12228,-0.027760381217518837
12229,-0.02788470560553303
12230,-0.028008892388152268
12231,-0.028132940952539844
12232,-0.028256850686541123
12233,-0.02838062097868677
12234,-0.028504251218194974
12235,-0.028627740794975653
12236,-0.028751089099632667
12237,-0.028874295523467024
12238,-0.02899735945847988
12239,-0.029120280297375557
12240,-0.02924305743356452
12241,-0.029365690261166377
12242,-0.02948817817501287
12243,-0.02961052057065106
12244,-0.02973271684434552
12245,-0.029854766393082502
12246,-0.029976668614572103
12247,-0.030098422907251465
12248,-0.030220028670287724
12249,-0.03034148530358098
12250,-0.03046279220776726
12251,-0.030583948784221465
12252,-0.03070495443506035
12253,-0.03082580856314563
12254,-0.03094651057208619
12255,-0.03106705986624217
12256,-0.031187455850727124
12257,-0.03130769793141117
12258,-0.0314277855149239
12259,-0.031547718008657334
12260,-0.03166749482076881
12261,-0.03178711536018393
12262,-0.03190657903659947
12263,-0.0320258852604865
12264,-0.03214503344309248
12265,-0.03226402299644538
12266,-0.032382853333355756
12267,-0.03250152386741988
12268,-0.03262003401302262
12269,-0.032738383185340315
12270,-0.03285657080034368
12271,-0.0329745962748007
12272,-0.03309245902627946
12273,-0.03321015847315127
12274,-0.03332769403459272
12275,-0.033445065130589736
12276,-0.033562271181939635
12277,-0.033679311610254205
12278,-0.03379618583796256
12279,-0.03391289328831397
12280,-0.03402943338538071
12281,-0.03414580555406093
12282,-0.034262009220081456
12283,-0.034378043810000834
12284,-0.0344939087512114
12285,-0.03460960347194326
12286,-0.034725127401266286
12287,-0.034840479969093216
12288,-0.034955660606182395
12289,-0.03507066874414064
12290,-0.035185503815425984
12291,-0.035300165253350536
12292,-0.035414652492083226
12293,-0.03552896496665264
12294,-0.03564310211294998
12295,-0.03575706336773107
12296,-0.03587084816862032
12297,-0.0359844559541127
12298,-0.036097886163576696
12299,-0.036211138237257134
12300,-0.03632421161627788
12301,-0.03643710574264462
12302,-0.036549820059247624
12303,-0.0366623540098645
12304,-0.03677470703916307
12305,-0.03688687859270346
12306,-0.03699886811694187
12307,-0.0371106750592326
12308,-0.03722229886783094
12309,-0.03733373899189593
12310,-0.037444994881493054
12311,-0.037556065987596934
12312,-0.03766695176209408
12313,-0.03777765165778558
12314,-0.03788816512838995
12315,-0.03799849162854518
12316,-0.03810863061381241
12317,-0.038218581540678
12318,-0.038328343866556286
12319,-0.03843791704979237
12320,-0.03854730054966468
12321,-0.03865649382638773
12322,-0.03876549634111474
12323,-0.03887430755594028
12324,-0.03898292693390315
12325,-0.039091353938988285
12326,-0.03919958803613048
12327,-0.0393076286912163
12328,-0.03941547537108691
12329,-0.03952312754354072
12330,-0.039630584677335975
12331,-0.039737846242193405
12332,-0.039844911708798836
12333,-0.0399517805488058
12334,-0.0400584522348383
12335,-0.04016492624049276
12336,-0.04027120204034162
12337,-0.040377279109935243
12338,-0.0404831569258047
12339,-0.040588834965464345
12340,-0.04069431270741437
12341,-0.04079958963114341
12342,-0.04090466521713109
12343,-0.041009538946850596
12344,-0.041114210302771396
12345,-0.041218678768361154
12346,-0.04132294382808923
12347,-0.04142700496742859
12348,-0.04153086167285853
12349,-0.04163451343186715
12350,-0.041737959732953946
12351,-0.041841200065632286
12352,-0.04194423392043198
12353,-0.042047060788901726
12354,-0.04214968016361186
12355,-0.04225209153815615
12356,-0.04235429440715528
12357,-0.042456288266258725
12358,-0.04255807261214737
12359,-0.04265964694253601
12360,-0.04276101075617582
12361,-0.04286216355285684
12362,-0.042963104833410426
12363,-0.04306383409971173
12364,-0.043164350854682315
12365,-0.04326465460229195
12366,-0.04336474484756205
12367,-0.04346462109656746
12368,-0.04356428285643903
12369,-0.04366372963536609
12370,-0.04376296094259887
12371,-0.04386197628845088
12372,-0.043960775184301366
12373,-0.04405935714259773
12374,-0.04415772167685805
12375,-0.044255868301672885
12376,-0.04435379653270861
12377,-0.04445150588670915
12378,-0.04454899588149859
12379,-0.044646266035983456
12380,-0.044743315870155176
12381,-0.044840144905092395
12382,-0.044936752662963375
12383,-0.04503313866702832
12384,-0.04512930244164176
12385,-0.045225243512255014
12386,-0.04532096140541796
12387,-0.04541645564878227
12388,-0.045511725771103115
12389,-0.04560677130224167
12390,-0.04570159177316742
12391,-0.045796186715960474
12392,-0.04589055566381388
12393,-0.045984698151035924
12394,-0.04607861371305243
12395,-0.0461723018864092
12396,-0.046265762208773716
12397,-0.04635899421893828
12398,-0.04645199745682175
12399,-0.046544771463471905
12400,-0.04663731578106776
12401,-0.046729629952921764
12402,-0.04682171352348212
12403,-0.046913566038334985
12404,-0.04700518704420674
12405,-0.04709657608896635
12406,-0.04718773272162704
12407,-0.04727865649234935
12408,-0.04736934695244284
12409,-0.04745980365436839
12410,-0.04755002615174041
12411,-0.0476400139993291
12412,-0.04772976675306259
12413,-0.04781928397002915
12414,-0.04790856520847939
12415,-0.047997610027828534
12416,-0.048086417988658106
12417,-0.04817498865271887
12418,-0.04826332158293248
12419,-0.048351416343393745
12420,-0.0484392724993728
12421,-0.048526889617317256
12422,-0.0486142672648543
12423,-0.04870140501079289
12424,-0.04878830242512583
12425,-0.048874959079032054
12426,-0.04896137454487818
12427,-0.04904754839622147
12428,-0.04913348020781135
12429,-0.04921916955559168
12430,-0.04930461601670281
12431,-0.049389819169483706
12432,-0.049474778593474
12433,-0.049559493869416084
12434,-0.04964396457925716
12435,-0.049728190306151464
12436,-0.04981217063446176
12437,-0.04989590514976219
12438,-0.04997939343883985
12439,-0.05006263508969687
12440,-0.05014562969155249
12441,-0.050228376834845115
12442,-0.050310876111234276
12443,-0.050393127113602706
12444,-0.0504751294360583
12445,-0.05055688267393627
12446,-0.05063838642380064
12447,-0.05071964028344697
12448,-0.05080064385190386
12449,-0.050881396729435056
12450,-0.05096189851754139
12451,-0.051042148818962796
12452,-0.05112214723768022
12453,-0.05120189337891762
12454,-0.05128138684914387
12455,-0.051360627256074876
12456,-0.05143961420867496
12457,-0.05151834731715958
12458,-0.051596826192996735
12459,-0.051675050448909
12460,-0.051753019698875476
12461,-0.05183073355813363
12462,-0.051908191643181265
12463,-0.05198539357177835
12464,-0.052062338962948956
12465,-0.052139027436983225
12466,-0.05221545861543877
12467,-0.05229163212114326
12468,-0.05236754757819583
12469,-0.052443204611969024
12470,-0.052518602849110634
12471,-0.05259374191754558
12472,-0.05266862144647773
12473,-0.05274324106639171
12474,-0.052817600409054755
12475,-0.052891699107518515
12476,-0.052965536796120996
12477,-0.053039113110487854
12478,-0.05311242768753495
12479,-0.05318548016546964
12480,-0.053258270183792686
12481,-0.053330797383300044
12482,-0.05340306140608462
12483,-0.05347506189553803
12484,-0.05354679849635241
12485,-0.053618270854522095
12486,-0.05368947861734554
12487,-0.053760421433426575
12488,-0.05383109895267684
12489,-0.053901510826317035
12490,-0.05397165670687878
12491,-0.0540415362482063
12492,-0.05411114910545816
12493,-0.054180494935108965
12494,-0.05424957339495104
12495,-0.05431838414409612
12496,-0.05438692684297716
12497,-0.05445520115334955
12498,-0.05452320673829345
12499,-0.05459094326221504
12500,-0.054658410390848226
12501,-0.05472560779125635
12502,-0.0547925351318338
12503,-0.054859192082307655
12504,-0.05492557831373932
12505,-0.054991693498526145
12506,-0.05505753731040313
12507,-0.05512310942444414
12508,-0.05518840951706414
12509,-0.05525343726602035
12510,-0.055318192350413936
12511,-0.055382674450691644
12512,-0.055446883248647306
12513,-0.05551081842742347
12514,-0.05557447967151293
12515,-0.055637866666760294
12516,-0.05570097910036363
12517,-0.05576381666087561
12518,-0.05582637903820567
12519,-0.055888665923621086
12520,-0.05595067700974865
12521,-0.056012411990576175
12522,-0.056073870561453985
12523,-0.056135052419096436
12524,-0.056195957261583405
12525,-0.056256584788361784
12526,-0.05631693470024706
12527,-0.05637700669942441
12528,-0.056436800489450725
12529,-0.056496315775255726
12530,-0.056555552263143495
12531,-0.056614509660793906
12532,-0.0566731876772641
12533,-0.056731586022989916
12534,-0.05678970440978729
12535,-0.056847542550853725
12536,-0.05690510016076975
12537,-0.0569623769555
12538,-0.05701937265239514
12539,-0.057076086970192896
12540,-0.057132519629019565
12541,-0.057188670350391366
12542,-0.05724453885721582
12543,-0.057300124873793115
12544,-0.05735542812581748
12545,-0.05741044834037853
12546,-0.05746518524596269
12547,-0.0575196385724542
12548,-0.05757380805113698
12549,-0.05762769341469558
12550,-0.0576812943972166
12551,-0.05773461073419002
12552,-0.057787642162510464
12553,-0.05784038842047854
12554,-0.05789284924780211
12555,-0.05794502438559758
12556,-0.05799691357639117
12557,-0.05804851656412027
12558,-0.058099833094134405
12559,-0.05815086291319692
12560,-0.05820160576948596
12561,-0.05825206141259577
12562,-0.05830222959353794
12563,-0.05835211006474261
12564,-0.05840170258005973
12565,-0.05845100689476023
12566,-0.058500022765537285
12567,-0.05854874995050754
12568,-0.058597188209211996
12569,-0.05864533730261772
12570,-0.058693196993118646
12571,-0.05874076704453686
12572,-0.058788047222123746
12573,-0.05883503729256119
12574,-0.05888173702396266
12575,-0.058928146185874414
12576,-0.0589742645492766
12577,-0.05902009188658448
12578,-0.05906562797164924
12579,-0.05911087257975957
12580,-0.05915582548764245
12581,-0.059200486473464355
12582,-0.05924485531683233
12583,-0.059288931798795096
12584,-0.0593327157018441
12585,-0.05937620680991462
12586,-0.05941940490838681
12587,-0.059462309784086856
12588,-0.059504921225287694
12589,-0.059547239021710545
12590,-0.059589262964525616
12591,-0.05963099284635324
12592,-0.05967242846126486
12593,-0.059713569604784085
12594,-0.059754416073887665
12595,-0.05979496766700653
12596,-0.059835224184026745
12597,-0.05987518542629059
12598,-0.059914851196597264
12599,-0.05995422129920427
12600,-0.05999329553982808
12601,-0.06003207372564522
12602,-0.06007055566529316
12603,-0.06010874116887129
12604,-0.060146630047941865
12605,-0.0601842221155309
12606,-0.06022151718612914
12607,-0.06025851507569299
12608,-0.06029521560164522
12609,-0.060331618582876195
12610,-0.06036772383974454
12611,-0.06040353119407812
12612,-0.060439040469174844
12613,-0.06047425148980362
12614,-0.060509164082205164
12615,-0.06054377807409288
12616,-0.06057809329465369
12617,-0.060612109574548975
12618,-0.06064582674591515
12619,-0.06067924464236482
12620,-0.06071236309898742
12621,-0.06074518195235005
12622,-0.06077770104049828
12623,-0.060809920202956995
12624,-0.06084183928073111
12625,-0.06087345811630642
12626,-0.060904776553650355
12627,-0.0609357944382128
12628,-0.06096651161692666
12629,-0.06099692793820889
12630,-0.061027043251961094
12631,-0.06105685740957027
12632,-0.061086370263909576
12633,-0.061115581669339024
12634,-0.061144491481706226
12635,-0.06117309955834709
12636,-0.06120140575808654
12637,-0.06122940994123922
12638,-0.061257111969610055
12639,-0.06128451170649518
12640,-0.06131160901668241
12641,-0.061338403766452
12642,-0.06136489582357725
12643,-0.06139108505732522
12644,-0.06141697133845732
12645,-0.06144255453922998
12646,-0.06146783453339526
12647,-0.061492811196201494
12648,-0.06151748440439393
12649,-0.0615418540362152
12650,-0.0615659199714061
12651,-0.06158968209120612
12652,-0.06161314027835398
12653,-0.061636294417088275
12654,-0.061659144393147985
12655,-0.061681690093773105
12656,-0.061703931407705144
12657,-0.06172586822518771
12658,-0.06174750043796706
12659,-0.06176882793929254
12660,-0.06178985062391725
12661,-0.061810568388098494
12662,-0.061830981129598284
12663,-0.06185108874768386
12664,-0.06187089114312819
12665,-0.06189038821821043
12666,-0.06190957987671647
12667,-0.061928466023939345
12668,-0.06194704656667975
12669,-0.061965321413246406
12670,-0.06198329047345665
12671,-0.062000953658636816
12672,-0.06201831088162263
12673,-0.06203536205675971
12674,-0.06205210709990395
12675,-0.06206854592842193
12676,-0.06208467846119136
12677,-0.06210050461860144
12678,-0.0621160243225533
12679,-0.062131237496460295
12680,-0.062146144065248494
12681,-0.06216074395535699
12682,-0.06217503709473828
12683,-0.0621890234128586
12684,-0.06220270284069829
12685,-0.06221607531075213
12686,-0.06222914075702969
12687,-0.06224189911505563
12688,-0.06225435032187003
12689,-0.06226649431602868
12690,-0.06227833103760343
12691,-0.062289860428182436
12692,-0.0623010824308705
12693,-0.062311996990289296
12694,-0.062322604052577675
12695,-0.06233290356539193
12696,-0.062342895477906037
12697,-0.062352579740811924
12698,-0.06236195630631973
12699,-0.06237102512815796
12700,-0.06237978616157383
12701,-0.0623882393633334
12702,-0.06239638469172183
12703,-0.06240422210654357
12704,-0.06241175156912255
12705,-0.06241897304230241
12706,-0.062425886490446614
12707,-0.0624324918794387
12708,-0.06243878917668243
12709,-0.062444778351101876
12710,-0.062450459373141684
12711,-0.06245583221476716
12712,-0.06246089684946441
12713,-0.062465653252240495
12714,-0.062470101399623515
12715,-0.062474241269662764
12716,-0.06247807284192883
12717,-0.06248159609751366
12718,-0.0624848110190307
12719,-0.06248771759061497
12720,-0.06249031579792313
12721,-0.06249260562813353
12722,-0.062494587069946345
12723,-0.06249626011358354
12724,-0.062497624750788995
12725,-0.0624986809748285
12726,-0.06249942878048979
12727,-0.06249986816408261
12728,-0.062499999123438676
12729,-0.06249982165791175
12730,-0.062499335768377566
12731,-0.06249854145723391
12732,-0.06249743872840054
12733,-0.06249602758731919
12734,-0.06249430804095357
12735,-0.062492280097789295
12736,-0.062489943767833844
12737,-0.06248729906261654
12738,-0.06248434599518847
12739,-0.06248108458012242
12740,-0.06247751483351283
12741,-0.06247363677297567
12742,-0.062469450417648384
12743,-0.06246495578818979
12744,-0.06246015290677998
12745,-0.062455041797120206
12746,-0.06244962248443276
12747,-0.06244389499546086
12748,-0.0624378593584685
12749,-0.06243151560324034
12750,-0.06242486376108153
12751,-0.06241790386481756
12752,-0.06241063594879413
12753,-0.06240306004887693
12754,-0.06239517620245149
12755,-0.062386984448423013
12756,-0.06237848482721615
12757,-0.062369677380774806
12758,-0.06236056215256196
12759,-0.06235113918755941
12760,-0.06234140853226761
12761,-0.06233137023470538
12762,-0.06232102434440968
12763,-0.06231037091243538
12764,-0.06229940999135505
12765,-0.06228814163525859
12766,-0.06227656589975308
12767,-0.06226468284196243
12768,-0.06225249252052715
12769,-0.06223999499560398
12770,-0.06222719032886573
12771,-0.062214078583500816
12772,-0.062200659824213064
12773,-0.06218693411722135
12774,-0.062172901530259256
12775,-0.06215856213257477
12776,-0.06214391599492993
12777,-0.06212896318960047
12778,-0.06211370379037546
12779,-0.062098137872556934
12780,-0.06208226551295961
12781,-0.062066086789910345
12782,-0.06204960178324788
12783,-0.062032810574322396
12784,-0.06201571324599511
12785,-0.0619983098826379
12786,-0.061980600570132854
12787,-0.06196258539587184
12788,-0.06194426444875612
12789,-0.06192563781919584
12790,-0.06190670559910971
12791,-0.061887467881924396
12792,-0.06186792476257414
12793,-0.0618480763375003
12794,-0.06182792270465084
12795,-0.06180746396347988
12796,-0.06178670021494718
12797,-0.06176563156151763
12798,-0.06174425810716081
12799,-0.06172257995735035
12800,-0.061700597219063624
12801,-0.06167831000078097
12802,-0.061655718412485315
12803,-0.061632822565661584
12804,-0.06160962257329616
12805,-0.061586118549876334
12806,-0.06156231061138971
12807,-0.06153819887532366
12808,-0.06151378346066474
12809,-0.061489064487898044
12810,-0.061464042079006805
12811,-0.06143871635747152
12812,-0.06141308744826951
12813,-0.06138715547787427
12814,-0.061360920574254844
12815,-0.06133438286687518
12816,-0.061307542486693525
12817,-0.06128039956616172
12818,-0.06125295423922461
12819,-0.061225206641319294
12820,-0.06119715690937467
12821,-0.06116880518181044
12822,-0.06114015159853668
12823,-0.061111196300953026
12824,-0.061081939431948035
12825,-0.06105238113589845
12826,-0.0610225215586685
12827,-0.06099236084760916
12828,-0.06096189915155747
12829,-0.06093113662083574
12830,-0.06090007340725081
12831,-0.06086870966409346
12832,-0.0608370455461374
12833,-0.060805081209638644
12834,-0.06077281681233475
12835,-0.06074025251344401
12836,-0.060707388473664664
12837,-0.06067422485517412
12838,-0.060640761821628135
12839,-0.06060699953816003
12840,-0.06057293817137981
12841,-0.06053857788937356
12842,-0.06050391886170227
12843,-0.06046896125940125
12844,-0.06043370525497922
12845,-0.06039815102241745
12846,-0.06036229873716889
12847,-0.06032614857615734
12848,-0.06028970071777655
12849,-0.06025295534188934
12850,-0.06021591262982667
12851,-0.06017857276438697
12852,-0.060140935929834875
12853,-0.06010300231190057
12854,-0.06006477209777881
12855,-0.060026245476127976
12856,-0.05998742263706919
12857,-0.0599483037721853
12858,-0.059908889074520036
12859,-0.059869178738576966
12860,-0.05982917296031852
12861,-0.05978887193716527
12862,-0.05974827586799456
12863,-0.05970738495313981
12864,-0.05966619939438944
12865,-0.05962471939498585
12866,-0.05958294515962448
12867,-0.05954087689445275
12868,-0.05949851480706905
12869,-0.05945585910652175
12870,-0.05941291000330804
12871,-0.05936966770937322
12872,-0.05932613243810922
12873,-0.05928230440435381
12874,-0.059238183824389494
12875,-0.05919377091594243
12876,-0.05914906589818137
12877,-0.05910406899171654
12878,-0.0590587804185986
12879,-0.05901320040231751
12880,-0.05896732916780139
12881,-0.05892116694141567
12882,-0.05887471395096155
12883,-0.058827970425675155
12884,-0.05878093659622635
12885,-0.05873361269471761
12886,-0.058685998954682815
12887,-0.05863809561108617
12888,-0.05858990290032102
12889,-0.058541421060208654
12890,-0.0584926503299971
12891,-0.058443590950360225
12892,-0.05839424316339608
12893,-0.05834460721262604
12894,-0.058294683342993515
12895,-0.058244471800862715
12896,-0.05819397283401747
12897,-0.05814318669165999
12898,-0.05809211362440964
12899,-0.05804075388430171
12900,-0.057989107724786056
12901,-0.05793717540072622
12902,-0.05788495716839766
12903,-0.05783245328548682
12904,-0.05777966401108976
12905,-0.05772658960571091
12906,-0.057673230331261725
12907,-0.05761958645105948
12908,-0.057565658229825886
12909,-0.05751144593368583
12910,-0.05745694983016598
12911,-0.05740217018819377
12912,-0.057347107278095596
12913,-0.057291761371595806
12914,-0.057236132741815285
12915,-0.05718022166327009
12916,-0.05712402841187011
12917,-0.0570675532649177
12918,-0.05701079650110632
12919,-0.05695375840051914
12920,-0.05689643924462768
12921,-0.05683883931629031
12922,-0.05678095889975124
12923,-0.05672279828063855
12924,-0.056664357745963165
12925,-0.05660563758411732
12926,-0.056546638084873174
12927,-0.056487359539381346
12928,-0.05642780224016949
12929,-0.05636796648114087
12930,-0.05630785255757287
12931,-0.056247460766115476
12932,-0.056186791404790194
12933,-0.05612584477298798
12934,-0.056064621171468154
12935,-0.056003120902356845
12936,-0.05594134426914547
12937,-0.055879291576689236
12938,-0.05581696313120567
12939,-0.05575435924027306
12940,-0.055691480212828985
12941,-0.05562832635916865
12942,-0.05556489799094378
12943,-0.05550119542116048
12944,-0.05543721896417806
12945,-0.055372968935707444
12946,-0.05530844565280954
12947,-0.05524364943389373
12948,-0.0551785805987163
12949,-0.05511323946837879
12950,-0.05504762636532651
12951,-0.05498174161334677
12952,-0.05491558553756774
12953,-0.0548491584644562
12954,-0.05478246072181634
12955,-0.054715492638788076
12956,-0.054648254545845376
12957,-0.05458074677479466
12958,-0.05451296965877315
12959,-0.05444492353224724
12960,-0.054376608731010835
12961,-0.054308025592183576
12962,-0.05423917445420964
12963,-0.05417005565685539
12964,-0.05410066954120814
12965,-0.054031016449674354
12966,-0.05396109672597801
12967,-0.053890910715158814
12968,-0.05382045876357057
12969,-0.053749741218879446
12970,-0.05367875843006225
12971,-0.05360751074740461
12972,-0.053535998522499684
12973,-0.05346422210824576
12974,-0.05339218185884496
12975,-0.05331987812980137
12976,-0.05324731127791932
12977,-0.05317448166130155
12978,-0.053101389639347546
12979,-0.053028035572751674
12980,-0.05295441982350146
12981,-0.05288054275487564
12982,-0.05280640473144288
12983,-0.052732006119059247
12984,-0.05265734728486688
12985,-0.05258242859729206
12986,-0.052507250426043386
12987,-0.05243181314210997
12988,-0.052356117117759574
12989,-0.052280162726536815
12990,-0.052203950343261286
12991,-0.05212748034402558
12992,-0.052050753106193975
12993,-0.05197376900839977
12994,-0.05189652843054396
12995,-0.0518190317537932
12996,-0.051741279360577964
12997,-0.05166327163459061
12998,-0.05158500896078353
12999,-0.051506491725367226
13000,-0.05142772031580841
13001,-0.05134869512082808
13002,-0.05126941653039952
13003,-0.05118988493574682
13004,-0.05111010072934221
13005,-0.051030064304904664
13006,-0.050949776057397776
13007,-0.05086923638302785
13008,-0.05078844567924193
13009,-0.05070740434472582
13010,-0.050626112779402176
13011,-0.050544571384428444
13012,-0.05046278056219483
13013,-0.0503807407163228
13014,-0.05029845225166231
13015,-0.050215915574290323
13016,-0.05013313109150868
13017,-0.05005009921184211
13018,-0.04996682034503617
13019,-0.04988329490205527
13020,-0.04979952329508062
13021,-0.04971550593750818
13022,-0.049631243243946535
13023,-0.04954673563021533
13024,-0.04946198351334246
13025,-0.049376987311562516
13026,-0.049291747444314596
13027,-0.04920626433224025
13028,-0.04912053839718138
13029,-0.049034570062178186
13030,-0.048948359751467045
13031,-0.04886190789047844
13032,-0.04877521490583472
13033,-0.04868828122534855
13034,-0.048601107278019966
13035,-0.048513693494034796
13036,-0.048426040304762434
13037,-0.048338148142753674
13038,-0.048250017441738596
13039,-0.048161648636624435
13040,-0.0480730421634934
13041,-0.04798419845960056
13042,-0.04789511796337152
13043,-0.04780580111440084
13044,-0.047716248353449
13045,-0.04762646012244081
13046,-0.047536436864463065
13047,-0.04744617902376237
13048,-0.047355687045742965
13049,-0.0472649613769645
13050,-0.047174002465139836
13051,-0.04708281075913285
13052,-0.04699138670895606
13053,-0.04689973076576899
13054,-0.046807843381875096
13055,-0.046715725010720056
13056,-0.04662337610688945
13057,-0.046530797126106485
13058,-0.04643798852522974
13059,-0.04634495076225094
13060,-0.046251684296292665
13061,-0.0461581895876061
13062,-0.046064467097568625
13063,-0.0459705172886821
13064,-0.04587634062456974
13065,-0.04578193756997437
13066,-0.045687308590756
13067,-0.04559245415388957
13068,-0.04549737472746257
13069,-0.04540207078067278
13070,-0.045306542783825954
13071,-0.04521079120833347
13072,-0.045114816526709886
13073,-0.045018619212571186
13074,-0.04492219974063155
13075,-0.04482555858670162
13076,-0.04472869622768598
13077,-0.04463161314158083
13078,-0.04453430980747161
13079,-0.04443678670553064
13080,-0.04433904431701474
13081,-0.04424108312426288
13082,-0.044142903610693604
13083,-0.044044506260803334
13084,-0.043945891560162965
13085,-0.04384705999541615
13086,-0.04374801205427671
13087,-0.04364874822552626
13088,-0.043549268999011743
13089,-0.04344957486564308
13090,-0.0433496663173907
13091,-0.04324954384728313
13092,-0.04314920794940454
13093,-0.04304865911889219
13094,-0.042947897851934584
13095,-0.042846924645768086
13096,-0.042745739998675085
13097,-0.042644344409981404
13098,-0.0425427383800538
13099,-0.04244092241029753
13100,-0.04233889700315386
13101,-0.04223666266209758
13102,-0.042134219891634545
13103,-0.042031569197298974
13104,-0.04192871108565167
13105,-0.04182564606427648
13106,-0.0417223746417785
13107,-0.041618897327781346
13108,-0.041515214632924693
13109,-0.041411327068861706
13110,-0.04130723514825655
13111,-0.04120293938478185
13112,-0.041098440293116156
13113,-0.04099373838894123
13114,-0.04088883418894016
13115,-0.04078372821079385
13116,-0.04067842097317909
13117,-0.04057291299576585
13118,-0.04046720479921469
13119,-0.04036129690517424
13120,-0.040255189836278585
13121,-0.040148884116144694
13122,-0.04004238026936984
13123,-0.039935678821528854
13124,-0.03982878029917218
13125,-0.03972168522982229
13126,-0.03961439414197174
13127,-0.03950690756508038
13128,-0.03939922602957279
13129,-0.03929135006683562
13130,-0.03918328020921497
13131,-0.03907501699001378
13132,-0.0389665609434892
13133,-0.038857912604849734
13134,-0.03874907251025338
13135,-0.03864004119680385
13136,-0.03853081920254868
13137,-0.03842140706647637
13138,-0.038311805328513734
13139,-0.03820201452952323
13140,-0.03809203521130029
13141,-0.03798186791657066
13142,-0.03787151318898771
13143,-0.03776097157312957
13144,-0.037650243614497154
13145,-0.03753932985951043
13146,-0.03742823085550638
13147,-0.037316947150736184
13148,-0.037205479294362465
13149,-0.03709382783645659
13150,-0.036981993327995975
13151,-0.03686997632086136
13152,-0.03675777736783405
13153,-0.03664539702259308
13154,-0.03653283583971313
13155,-0.03642009437466073
13156,-0.03630717318379227
13157,-0.03619407282435103
13158,-0.036080793854464464
13159,-0.03596733683314143
13160,-0.03585370232026944
13161,-0.03573989087661186
13162,-0.03562590306380522
13163,-0.035511739444356184
13164,-0.03539740058163953
13165,-0.0352828870398943
13166,-0.03516819938422172
13167,-0.03505333818058221
13168,-0.03493830399579264
13169,-0.0348230973975235
13170,-0.03470771895429609
13171,-0.03459216923547976
13172,-0.03447644881128904
13173,-0.0343605582527807
13174,-0.03424449813185162
13175,-0.03412826902123489
13176,-0.03401187149449773
13177,-0.033895306126038416
13178,-0.03377857349108355
13179,-0.0336616741656851
13180,-0.03354460872671767
13181,-0.03342737775187556
13182,-0.03330998181966999
13183,-0.03319242150942618
13184,-0.033074697401280356
13185,-0.03295681007617761
13186,-0.03283876011586791
13187,-0.032720548102903986
13188,-0.032602174620638275
13189,-0.032483640253220016
13190,-0.03236494558559239
13191,-0.032246091203489646
13192,-0.032127077693434154
13193,-0.032007905642733585
13194,-0.03188857563947775
13195,-0.031769088272536536
13196,-0.03164944413155578
13197,-0.03152964380695518
13198,-0.03140968788992516
13199,-0.03128957697242397
13200,-0.031169311647174736
13201,-0.031048892507662577
13202,-0.030928320148131645
13203,-0.0308075951635822
13204,-0.03068671814976749
13205,-0.030565689703191564
13206,-0.030444510421105193
13207,-0.030323180901503682
13208,-0.03020170174312372
13209,-0.03008007354544044
13210,-0.02995829690866446
13211,-0.0298363724337389
13212,-0.029714300722336436
13213,-0.02959208237685634
13214,-0.02946971800042128
13215,-0.02934720819687515
13216,-0.029224553570778918
13217,-0.02910175472740841
13218,-0.028978812272751134
13219,-0.028855726813503298
13220,-0.0287324989570668
13221,-0.028609129311546244
13222,-0.028485618485745937
13223,-0.028361967089166877
13224,-0.02823817573200356
13225,-0.028114245025141742
13226,-0.027990175580154257
13227,-0.02786596800929878
13228,-0.027741622925514603
13229,-0.027617140942419623
13230,-0.02749252267430731
13231,-0.02736776873614366
13232,-0.027242879743564194
13233,-0.027117856312870878
13234,-0.026992699061028913
13235,-0.026867408605664486
13236,-0.026741985565060505
13237,-0.026616430558154366
13238,-0.02649074420453469
13239,-0.026364927124438272
13240,-0.026238979938747006
13241,-0.026112903268984845
13242,-0.025986697737314702
13243,-0.02586036396653541
13244,-0.02573390258007844
13245,-0.025607314202005606
13246,-0.025480599457004816
13247,-0.025353758970387753
13248,-0.025226793368086635
13249,-0.025099703276651078
13250,-0.024972489323245042
13251,-0.02484515213564371
13252,-0.02471769234223041
13253,-0.0245901105719935
13254,-0.02446240745452306
13255,-0.02433458362000862
13256,-0.0242066396992348
13257,-0.02407857632357903
13258,-0.023950394125008226
13259,-0.023822093736075668
13260,-0.02369367578991789
13261,-0.023565140920251533
13262,-0.02343648976137025
13263,-0.023307722948141537
13264,-0.02317884111600343
13265,-0.02304984490096218
13266,-0.022920734939587864
13267,-0.022791511869012085
13268,-0.022662176326924625
13269,-0.02253272895157028
13270,-0.022403170381745725
13271,-0.022273501256796356
13272,-0.02214372221661314
13273,-0.022013833901629448
13274,-0.021883836952817905
13275,-0.021753732011687007
13276,-0.021623519720278803
13277,-0.021493200721164462
13278,-0.021362775657441952
13279,-0.021232245172732638
13280,-0.021101609911178123
13281,-0.020970870517437058
13282,-0.020840027636681968
13283,-0.020709081914596066
13284,-0.020578033997370064
13285,-0.020446884531698777
13286,-0.020315634164778777
13287,-0.020184283544303922
13288,-0.02005283331846302
13289,-0.019921284135936405
13290,-0.019789636645892752
13291,-0.019657891497985854
13292,-0.01952604934235143
13293,-0.01939411082960391
13294,-0.01926207661083323
13295,-0.019129947337601406
13296,-0.018997723661940157
13297,-0.01886540623634643
13298,-0.018732995713780013
13299,-0.018600492747660125
13300,-0.018467897991862152
13301,-0.01833521210071446
13302,-0.018202435728995152
13303,-0.01806956953192882
13304,-0.01793661416518334
13305,-0.017803570284866396
13306,-0.017670438547523117
13307,-0.01753721961013155
13308,-0.017403914130100267
13309,-0.017270522765264907
13310,-0.01713704617388494
13311,-0.01700348501464041
13312,-0.016869839946628683
13313,-0.016736111629361197
13314,-0.016602300722760213
13315,-0.016468407887155336
13316,-0.016334433783281123
13317,-0.01620037907227252
13318,-0.016066244415662477
13319,-0.015932030475378455
13320,-0.015797737913739163
13321,-0.015663367393451297
13322,-0.015528919577606251
13323,-0.01539439512967687
13324,-0.015259794713514154
13325,-0.01512511899334378
13326,-0.01499036863376368
13327,-0.01485554429973947
13328,-0.014720646656602028
13329,-0.014585676370044005
13330,-0.014450634106116524
13331,-0.014315520531225905
13332,-0.014180336312130379
13333,-0.014045082115936781
13334,-0.013909758610097278
13335,-0.013774366462405842
13336,-0.013638906340995838
13337,-0.01350337891433541
13338,-0.013367784851225058
13339,-0.01323212482079412
13340,-0.01309639949249747
13341,-0.012960609536112215
13342,-0.012824755621734385
13343,-0.012688838419775634
13344,-0.01255285860095992
13345,-0.012416816836319997
13346,-0.012280713797194951
13347,-0.012144550155225597
13348,-0.012008326582352031
13349,-0.011872043750810093
13350,-0.011735702333128057
13351,-0.011599303002123303
13352,-0.011462846430899006
13353,-0.011326333292840805
13354,-0.01118976426161349
13355,-0.011053140011157448
13356,-0.010916461215686225
13357,-0.010779728549681874
13358,-0.010642942687892508
13359,-0.010506104305328754
13360,-0.010369214077260411
13361,-0.010232272679213136
13362,-0.010095280786965087
13363,-0.00995823907654361
13364,-0.009821148224221891
13365,-0.00968400890651562
13366,-0.009546821800179435
13367,-0.00940958758220446
13368,-0.009272306929813647
13369,-0.009134980520459314
13370,-0.008997609031819575
13371,-0.008860193141795005
13372,-0.008722733528505293
13373,-0.00858523087028589
13374,-0.008447685845684663
13375,-0.008310099133458555
13376,-0.008172471412570003
13377,-0.008034803362184479
13378,-0.007897095661665807
13379,-0.0077593489905737
13380,-0.007621564028660182
13381,-0.007483741455866235
13382,-0.007345881952318442
13383,-0.007207986198325635
13384,-0.0070700548743755295
13385,-0.0069320886611313765
13386,-0.006794088239428373
13387,-0.006656054290271196
13388,-0.0065179874948293045
13389,-0.006379888534434475
13390,-0.006241758090577206
13391,-0.006103596844903365
13392,-0.005965405479210816
13393,-0.005827184675446063
13394,-0.005688935115700878
13395,-0.00555065748220894
13396,-0.0054123524573422436
13397,-0.005274020723608618
13398,-0.005135662963647035
13399,-0.004997279860225116
13400,-0.004858872096235552
13401,-0.004720440354692726
13402,-0.004581985318729349
13403,-0.004443507671593079
13404,-0.004305008096643163
13405,-0.004166487277347052
13406,-0.004027945897276815
13407,-0.0038893846401066466
13408,-0.0037508041896081677
13409,-0.0036122052296479355
13410,-0.003473588444183848
13411,-0.003334954517261768
13412,-0.003196304133012148
13413,-0.003057637975646655
13414,-0.002918956729454791
13415,-0.0027802610788005217
13416,-0.0026415517081186703
13417,-0.0025028293019124337
13418,-0.00236409454474867
13419,-0.0022253481212554083
13420,-0.00208659071611825
13421,-0.0019478230140769872
13422,-0.0018090456999222259
13423,-0.0016702594584920058
13424,-0.001531464974668421
13425,-0.0013926629333742401
13426,-0.0012538540195693043
13427,-0.001115038918248035
13428,-0.0009762183144347218
13429,-0.0008373928931810306
13430,-0.0006985633395623997
13431,-0.0005597303386746601
13432,-0.00042089457563065414
13433,-0.0002820567355568552
13434,-0.00014321750358998607
13435,-4.377564873638422e-06
13436,0.00013446239544533052
13437,0.0002733016922192908
13438,0.00041213964030455293
13439,0.0005509755545638611
13440,0.0006898087498699959
13441,0.0008286385411091553
13442,0.000967464243184336
13443,0.0011062851710187133
13444,0.0012451006395590232
13445,0.0013839099637789414
13446,0.0015227124586824653
13447,0.001661507439307515
13448,0.0018002942207284267
13449,0.0019390721180606633
13450,0.0020778404464633074
13451,0.0022165985211426618
13452,0.00235534565735563
13453,0.0024940811704130946
13454,0.0026328043756832955
13455,0.0027715145885952096
13456,0.002910211124641928
13457,0.0030488932993842565
13458,0.003187560428453206
13459,0.0033262118275546996
13460,0.003464846812472063
13461,0.003603464699069622
13462,0.00374206480329608
13463,0.003880646441187893
13464,0.0040192089288726435
13465,0.004157751582572418
13466,0.004296273718607177
13467,0.004434774653398357
13468,0.00457325370347135
13469,0.0047117101854602115
13470,0.004850143416110144
13471,0.004988552712281089
13472,0.005126937390951105
13473,0.005265296769219724
13474,0.00540363016431134
13475,0.005541936893578562
13476,0.005680216274505591
13477,0.005818467624711811
13478,0.005956690261954264
13479,0.006094883504132351
13480,0.006233046669290309
13481,0.0063711790756208
13482,0.006509280041468273
13483,0.0066473488853323335
13484,0.006785384925871097
13485,0.006923387481904561
13486,0.007061355872417961
13487,0.007199289416565351
13488,0.007337187433672086
13489,0.007475049243239501
13490,0.007612874164947385
13491,0.007750661518657565
13492,0.007888410624417254
13493,0.008026120802462415
13494,0.008163791373221109
13495,0.00830142165731685
13496,0.008439010975571964
13497,0.008576558649011147
13498,0.008714063998863951
13499,0.008851526346569443
13500,0.008988945013778676
13501,0.00912631932235826
13502,0.009263648594393705
13503,0.009400932152192766
13504,0.009538169318288789
13505,0.009675359415444056
13506,0.00981250176665312
13507,0.009949595695146375
13508,0.010086640524392511
13509,0.010223635578103171
13510,0.010360580180235411
13511,0.010497473654995254
13512,0.01063431532684103
13513,0.0107711045204867
13514,0.010907840560905201
13515,0.011044522773331766
13516,0.011181150483267259
13517,0.011317723016481722
13518,0.011454239699016827
13519,0.011590699857190516
13520,0.011727102817599443
13521,0.011863447907122527
13522,0.011999734452924266
13523,0.012135961782458059
13524,0.012272129223469526
13525,0.012408236103999824
13526,0.012544281752388965
13527,0.012680265497279344
13528,0.01281618666761819
13529,0.012952044592662174
13530,0.013087838601979849
13531,0.013223568025455186
13532,0.01335923219329087
13533,0.013494830436011608
13534,0.01363036208446744
13535,0.013765826469837027
13536,0.013901222923630968
13537,0.014036550777695087
13538,0.014171809364213948
13539,0.014306998015713288
13540,0.014442116065064613
13541,0.014577162845487617
13542,0.014712137690553687
13543,0.014847039934189206
13544,0.014981868910678821
13545,0.015116623954668746
13546,0.01525130440117003
13547,0.015385909585561849
13548,0.015520438843594995
13549,0.015654891511394303
13550,0.0157892669254632
13551,0.015923564422686137
13552,0.016057783340332067
13553,0.016191923016057718
13554,0.016325982787910857
13555,0.01645996199433357
13556,0.0165938599741655
13557,0.01672767606664715
13558,0.016861409611423312
13559,0.016995059948545506
13560,0.017128626418476504
13561,0.017262108362092732
13562,0.017395505120687733
13563,0.017528816035975423
13564,0.017662040450093338
13565,0.01779517770560588
13566,0.017928227145507562
13567,0.018061188113226243
13568,0.018194059952626598
13569,0.018326842008012482
13570,0.01845953362413147
13571,0.0185921341461772
13572,0.018724642919792863
13573,0.018857059291074403
13574,0.01898938260657375
13575,0.01912161221330204
13576,0.01925374745873285
13577,0.019385787690805407
13578,0.019517732257928033
13579,0.019649580508980483
13580,0.01978133179331846
13581,0.019912985460775964
13582,0.020044540861668715
13583,0.020175997346797356
13584,0.020307354267450662
13585,0.020438610975408736
13586,0.020569766822946214
13587,0.020700821162835458
13588,0.020831773348349954
13589,0.020962622733266677
13590,0.021093368671870526
13591,0.021224010518956674
13592,0.021354547629833978
13593,0.021484979360328137
13594,0.021615305066784878
13595,0.02174552410607314
13596,0.021875635835588245
13597,0.022005639613255065
13598,0.0221355347975314
13599,0.022265320747410316
13600,0.022394996822424542
13601,0.02252456238264882
13602,0.02265401678870326
13603,0.022783359401756492
13604,0.022912589583528816
13605,0.02304170669629537
13606,0.02317071010288926
13607,0.023299599166704703
13608,0.02342837325170039
13609,0.023557031722401776
13610,0.02368557394390549
13611,0.023813999281881604
13612,0.02394230710257699
13613,0.024070496772818452
13614,0.02419856766001583
13615,0.024326519132165145
13616,0.0244543505578517
13617,0.024582061306253202
13618,0.024709650747143094
13619,0.024837118250892815
13620,0.02496446318847617
13621,0.025091684931471587
13622,0.025218782852065434
13623,0.02534575632305513
13624,0.02547260471785221
13625,0.025599327410485453
13626,0.025725923775603936
13627,0.02585239318848015
13628,0.025978735025013064
13629,0.02610494866173141
13630,0.026231033475795956
13631,0.026356988845003794
13632,0.026482814147790593
13633,0.02660850876323388
13634,0.02673407207105609
13635,0.026859503451627634
13636,0.02698480228596997
13637,0.02710996795575863
13638,0.027234999843326294
13639,0.02735989733166603
13640,0.027484659804433532
13641,0.02760928664595138
13642,0.02773377724121126
13643,0.027858130975877207
13644,0.027982347236288636
13645,0.028106425409463367
13646,0.028230364883100656
13647,0.028354165045584214
13648,0.028477825285985216
13649,0.028601344994065536
13650,0.028724723560279938
13651,0.0288479603757803
13652,0.028971054832417804
13653,0.029094006322746148
13654,0.02921681424002454
13655,0.02933947797822069
13656,0.029461996932013804
13657,0.02958437049679757
13658,0.029706598068683143
13659,0.029828679044502312
13660,0.029950612821809712
13661,0.03007239879888695
13662,0.03019403637474481
13663,0.0303155249491264
13664,0.03043686392251012
13665,0.030558052696112625
13666,0.03067909067189177
13667,0.030799977252549578
13668,0.03092071184153516
13669,0.031041293843047886
13670,0.03116172266203952
13671,0.031281997704218335
13672,0.03140211837605127
13673,0.03152208408476706
13674,0.031641894238359135
13675,0.03176154824558856
13676,0.03188104551598696
13677,0.03200038545985942
13678,0.032119567488287405
13679,0.03223859101313183
13680,0.03235745544703526
13681,0.032476160203425884
13682,0.032594704696519684
13683,0.0327130883413235
13684,0.032831310553637943
13685,0.032949370750060256
13686,0.033067268347987185
13687,0.03318500276561789
13688,0.03330257342195676
13689,0.03341997973681654
13690,0.03353722113082037
13691,0.03365429702540582
13692,0.03377120684282698
13693,0.0338879500061575
13694,0.03400452593929341
13695,0.03412093406695602
13696,0.03423717381469471
13697,0.03435324460888978
13698,0.03446914587675527
13699,0.03458487704634203
13700,0.03470043754653969
13701,0.03481582680708071
13702,0.03493104425854236
13703,0.035046089332349775
13704,0.03516096146077873
13705,0.03527566007695846
13706,0.035390184614874434
13707,0.03550453450937117
13708,0.03561870919615501
13709,0.0357327081117971
13710,0.03584653069373544
13711,0.035960176380278736
13712,0.03607364461060845
13713,0.036186934824781775
13714,0.03630004646373436
13715,0.0364129789692831
13716,0.03652573178412886
13717,0.036638304351859254
13718,0.036750696116951385
13719,0.03686290652477457
13720,0.036974935021593276
13721,0.037086781054569105
13722,0.03719844407176465
13723,0.03730992352214544
13724,0.0374212188555829
13725,0.03753232952285701
13726,0.037643254975659055
13727,0.0377539946665943
13728,0.03786454804918473
13729,0.0379749145778717
13730,0.03808509370801885
13731,0.038195084895914055
13732,0.038304887598773166
13733,0.03841450127474201
13734,0.03852392538289921
13735,0.03863315938325888
13736,0.03874220273677328
13737,0.03885105490533544
13738,0.03895971535178191
13739,0.03906818353989528
13740,0.039176458934407125
13741,0.03928454100099987
13742,0.03939242920631051
13743,0.039500123017932515
13744,0.039607621904418654
13745,0.039714925335283625
13746,0.03982203278100664
13747,0.039928943713034085
13748,0.040035657603782075
13749,0.04014217392663909
13750,0.04024849215596875
13751,0.040354611767111706
13752,0.04046053223638926
13753,0.040566253041105275
13754,0.04067177365954892
13755,0.040777093570997215
13756,0.04088221225571768
13757,0.040987129194970794
13758,0.041091843871012654
13759,0.04119635576709745
13760,0.04130066436748024
13761,0.0414047691574188
13762,0.04150866962317717
13763,0.0416123652520275
13764,0.04171585553225281
13765,0.04181913995314943
13766,0.04192221800502961
13767,0.04202508917922395
13768,0.042127752968083965
13769,0.04223020886498458
13770,0.04233245636432678
13771,0.04243449496153947
13772,0.042536324153082915
13773,0.042637943436450616
13774,0.0427393523101719
13775,0.04284055027381446
13776,0.042941536827986765
13777,0.04304231147434054
13778,0.04314287371557324
13779,0.043243223055430505
13780,0.04334335899870875
13781,0.043443281051256985
13782,0.04354298871998021
13783,0.04364248151284119
13784,0.04374175893886308
13785,0.04384082050813181
13786,0.043939665731798534
13787,0.04403829412208202
13788,0.04413670519227105
13789,0.044234898456726866
13790,0.04433287343088568
13791,0.04443062963126046
13792,0.04452816657544422
13793,0.04462548378211184
13794,0.04472258077102254
13795,0.044819457063022275
13796,0.04491611218004609
13797,0.04501254564512049
13798,0.04510875698236579
13799,0.04520474571699845
13800,0.04530051137533359
13801,0.04539605348478671
13802,0.04549137157387693
13803,0.04558646517222871
13804,0.04568133381057434
13805,0.04577597702075624
13806,0.04587039433572925
13807,0.045964585289562994
13808,0.046058549417444104
13809,0.04615228625567858
13810,0.04624579534169405
13811,0.04633907621404218
13812,0.0464321284124004
13813,0.04652495147757503
13814,0.046617544951502984
13815,0.04670990837725415
13816,0.04680204129903366
13817,0.04689394326218414
13818,0.04698561381318795
13819,0.04707705249966941
13820,0.047168258870397065
13821,0.047259232475286024
13822,0.04734997286539962
13823,0.047440479592952466
13824,0.04753075221131215
13825,0.047620790275001504
13826,0.04771059333970085
13827,0.047800160962250204
13828,0.047889492700651404
13829,0.04797858811407036
13830,0.04806744676283918
13831,0.04815606820845852
13832,0.04824445201359912
13833,0.0483325977421049
13834,0.04842050495899448
13835,0.04850817323046347
13836,0.04859560212388665
13837,0.048682791207820084
13838,0.04876974005200321
13839,0.048856448227361064
13840,0.04894291530600627
13841,0.049029140861241396
13842,0.049115124467560445
13843,0.04920086570065182
13844,0.04928636413739983
13845,0.049371619355886937
13846,0.04945663093539585
13847,0.04954139845641159
13848,0.04962592150062353
13849,0.04971019965092752
13850,0.04979423249142788
13851,0.049878019607439636
13852,0.04996156058549002
13853,0.050044855013321295
13854,0.05012790247989227
13855,0.05021070257538045
13856,0.05029325489118408
13857,0.05037555901992413
13858,0.05045761455544635
13859,0.05053942109282323
13860,0.050620978228356
13861,0.050702285559576794
13862,0.05078334268525009
13863,0.05086414920537544
13864,0.050944704721189
13865,0.05102500883516553
13866,0.051105061151020446
13867,0.051184861273711725
13868,0.05126440880944186
13869,0.05134370336565982
13870,0.05142274455106297
13871,0.05150153197559914
13872,0.05158006525046803
13873,0.05165834398812391
13874,0.051736367802277
13875,0.05181413630789553
13876,0.05189164912120761
13877,0.05196890585970316
13878,0.05204590614213576
13879,0.05212264958852455
13880,0.05219913582015611
13881,0.05227536445958645
13882,0.05235133513064238
13883,0.052427047458424074
13884,0.05250250106930648
13885,0.05257769559094126
13886,0.05265263065225862
13887,0.05272730588346916
13888,0.05280172091606568
13889,0.052875875382825004
13890,0.052949768917809815
13891,0.05302340115637043
13892,0.05309677173514671
13893,0.05316988029206944
13894,0.05324272646636276
13895,0.053315309898545486
13896,0.053387630230433046
13897,0.05345968710513918
13898,0.05353148016707777
13899,0.05360300906196453
13900,0.053674273436818805
13901,0.05374527293996528
13902,0.053816007221035855
13903,0.0538864759309709
13904,0.053956678722021666
13905,0.054026615247751535
13906,0.05409628516303788
13907,0.05416568812407373
13908,0.05423482378836946
13909,0.054303691814754536
13910,0.05437229186337914
13911,0.05444062359571587
13912,0.05450868667456154
13913,0.05457648076403836
13914,0.054644005529596286
13915,0.054711260638014236
13916,0.05477824575740182
13917,0.05484496055720099
13918,0.05491140470818768
13919,0.0549775778824734
13920,0.055043479753506895
13921,0.05510910999607573
13922,0.055174468286308016
13923,0.05523955430167356
13924,0.05530436772098611
13925,0.05536890822440453
13926,0.05543317549343447
13927,0.05549716921092991
13928,0.05556088906109477
13929,0.05562433472948446
13930,0.0556875059030074
13931,0.0557504022699266
13932,0.05581302351986128
13933,0.05587536934378801
13934,0.055937439434042835
13935,0.055999233484322376
13936,0.056060751189685475
13937,0.05612199224655466
13938,0.05618295635271768
13939,0.056243643207328976
13940,0.05630405251091116
13941,0.05636418396535652
13942,0.05642403727392855
13943,0.056483612141263066
13944,0.05654290827337021
13945,0.05660192537763554
13946,0.05666066316282155
13947,0.05671912133906913
13948,0.05677729961789897
13949,0.05683519771221302
13950,0.05689281533629585
13951,0.056950152205816125
13952,0.05700720803782805
13953,0.057063982550772434
13954,0.05712047546447859
13955,0.0571766865001654
13956,0.05723261538044274
13957,0.057288261829312875
13958,0.05734362557217181
13959,0.05739870633581065
13960,0.057453503848416944
13961,0.05750801783957601
13962,0.05756224804027241
13963,0.05761619418289085
13964,0.05766985600121811
13965,0.057723233230443934
13966,0.057776325607162476
13967,0.05782913286937357
13968,0.057881654756484026
13969,0.05793389100930894
13970,0.057985841370072934
13971,0.05803750558241147
13972,0.058088883391372165
13973,0.05813997454341574
13974,0.05819077878641774
13975,0.058241295869669495
13976,0.05829152554387939
13977,0.05834146756117411
13978,0.05839112167509988
13979,0.05844048764062367
13980,0.05848956521413441
13981,0.058538354153444175
13982,0.058586854217789384
13983,0.058635065167832096
13984,0.05868298676566085
13985,0.05873061877479229
13986,0.058777960960172085
13987,0.05882501308817609
13988,0.05887177492661155
13989,0.05891824624471824
13990,0.058964426813169574
13991,0.05901031640407376
13992,0.059055914790974946
13993,0.05910122174885435
13994,0.05914623705413114
13995,0.059190960484663935
13996,0.05923539181975164
13997,0.05927953084013458
13998,0.05932337732799559
13999,0.059366931066961115
14000,0.05941019184210222
14001,0.05945315943993574
14002,0.05949583364842522
14003,0.05953821425698214
14004,0.05958030105646661
14005,0.05962209383918883
14006,0.05966359239890986
14007,0.059704796530842666
14008,0.0597457060316532
14009,0.0597863206994613
14010,0.059826640333841795
14011,0.05986666473582542
14012,0.05990639370789984
14013,0.059945827054010636
14014,0.0599849645795621
14015,0.06002380609141848
14016,0.06006235139790478
14017,0.06010060030880767
14018,0.060138552635376506
14019,0.06017620819032421
14020,0.060213566787828215
14021,0.06025062824353139
14022,0.06028739237454292
14023,0.0603238589994393
14024,0.06036002793826498
14025,0.0603958990125336
14026,0.06043147204522866
14027,0.0604667468608044
14028,0.06050172328518675
14029,0.06053640114577409
14030,0.06057078027143819
14031,0.060604860492525
14032,0.06063864164085551
14033,0.06067212354972661
14034,0.060705306053911744
14035,0.060738188989662
14036,0.060770772194706724
14037,0.06080305550825437
14038,0.06083503877099331
14039,0.06086672182509259
14040,0.06089810451420274
14041,0.06092918668345651
14042,0.06095996817946967
14043,0.06099044885034181
14044,0.06102062854565686
14045,0.061050507116484166
14046,0.06108008441537901
14047,0.06110936029638339
14048,0.06113833461502675
14049,0.061167007228326666
14050,0.06119537799478958
14051,0.06122344677441148
14052,0.061251213428678605
14053,0.06127867782056817
14054,0.06130583981454885
14055,0.061332699276581734
14056,0.061359256074120794
14057,0.06138551007611359
14058,0.061411461153001924
14059,0.061437109176722474
14060,0.06146245402070741
14061,0.06148749555988504
14062,0.061512233670680434
14063,0.061536668231016035
14064,0.06156079912031214
14065,0.06158462621948773
14066,0.06160814941096088
14067,0.06163136857864936
14068,0.0616542836079713
14069,0.06167689438584563
14070,0.06169920080069274
14071,0.06172120274243496
14072,0.061742900102497146
14073,0.06176429277380722
14074,0.06178538065079669
14075,0.06180616362940107
14076,0.0618266416070606
14077,0.06184681448272058
14078,0.06186668215683194
14079,0.061886244531351726
14080,0.06190550150974356
14081,0.061924452996978144
14082,0.06194309889953371
14083,0.0619614391253965
14084,0.061979473584061216
14085,0.061997202186531396
14086,0.06201462484531999
14087,0.06203174147444969
14088,0.06204855198945339
14089,0.06206505630737459
14090,0.06208125434676781
14091,0.062097146027698995
14092,0.06211273127174591
14093,0.06212801000199852
14094,0.06214298214305939
14095,0.062157647621043983
14096,0.06217200636358115
14097,0.0621860582998134
14098,0.06219980336039725
14099,0.06221324147750361
14100,0.06222637258481808
14101,0.06223919661754129
14102,0.06225171351238924
14103,0.06226392320759357
14104,0.06227582564290192
14105,0.06228742075957813
14106,0.06229870850040267
14107,0.0623096888096728
14108,0.06232036163320293
14109,0.062330726918324815
14110,0.062340784613887874
14111,0.062350534670259396
14112,0.06235997703932483
14113,0.062369111674488
14114,0.06237793853067131
14115,0.06238645756431601
14116,0.06239466873338238
14117,0.06240257199734997
14118,0.062410167317217755
14119,0.06241745465550438
14120,0.062424433976248285
14121,0.062431105245007945
14122,0.062437468428861984
14123,0.06244352349640938
14124,0.062449270417769605
14125,0.06245470916458274
14126,0.06245983971000968
14127,0.06246466202873222
14128,0.06246917609695318
14129,0.06247338189239656
14130,0.0624772793943076
14131,0.06248086858345291
14132,0.06248414944212057
14133,0.06248712195412021
14134,0.062489786104783084
14135,0.06249214188096213
14136,0.06249418927103208
14137,0.06249592826488948
14138,0.06249735885395273
14139,0.062498481031162186
14140,0.06249929479098011
14141,0.06249980012939077
14142,0.06249999704390043
14143,0.06249988553353734
14144,0.06249946559885179
14145,0.062498737241916076
14146,0.06249770046632448
14147,0.0624963552771933
14148,0.06249470168116076
14149,0.06249273968638702
14150,0.06249046930255414
14151,0.062487890540865995
14152,0.06248500341404826
14153,0.06248180793634832
14154,0.06247830412353521
14155,0.06247449199289954
14156,0.06247037156325342
14157,0.06246594285493032
14158,0.06246120588978503
14159,0.062456160691193516
14160,0.06245080728405281
14161,0.06244514569478091
14162,0.0624391759513166
14163,0.06243289808311937
14164,0.06242631212116923
14165,0.062419418097966556
14166,0.06241221604753199
14167,0.062404706005406194
14168,0.06239688800864969
14169,0.06238876209584273
14170,0.06238032830708505
14171,0.0623715866839957
14172,0.06236253726971281
14173,0.06235318010889344
14174,0.06234351524771326
14175,0.06233354273386641
14176,0.06232326261656527
14177,0.062312674946540116
14178,0.06230177977603897
14179,0.062290577158827305
14180,0.062279067150187765
14181,0.06226724980691992
14182,0.062255125187339985
14183,0.062242693351280506
14184,0.06222995436009008
14185,0.06221690827663304
14186,0.06220355516528922
14187,0.06218989509195351
14188,0.06217592812403561
14189,0.062161654330459684
14190,0.06214707378166403
14191,0.06213218654960072
14192,0.06211699270773523
14193,0.0621014923310461
14194,0.06208568549602457
14195,0.062069572280674154
14196,0.062053152764510365
14197,0.06203642702856018
14198,0.062019395155361735
14199,0.062002057228963875
14200,0.06198441333492578
14201,0.061966463560316494
14202,0.061948207993714546
14203,0.06192964672520746
14204,0.061910779846391366
14205,0.06189160745037046
14206,0.06187212963175671
14207,0.061852346486669194
14208,0.06183225811273373
14209,0.06181186460908241
14210,0.061791166076353043
14211,0.06177016261668872
14212,0.061748854333737266
14213,0.06172724133265076
14214,0.06170532372008501
14215,0.061683101604198966
14216,0.061660575094654356
14217,0.06163774430261493
14218,0.061614609340746036
14219,0.06159117032321404
14220,0.06156742736568576
14221,0.06154338058532791
14222,0.0615190301008065
14223,0.061494376032286246
14224,0.061469418501430007
14225,0.061444157631398114
14226,0.061418593546847956
14227,0.06139272637393308
14228,0.061366556240302766
14229,0.06134008327510135
14230,0.06131330760896757
14231,0.061286229374033926
14232,0.061258848703926054
14233,0.06123116573376203
14234,0.06120318060015172
14235,0.06117489344119608
14236,0.06114630439648661
14237,0.06111741360710444
14238,0.06108822121561978
14239,0.061058727366091185
14240,0.061028932204064856
14241,0.060998835876573905
14242,0.06096843853213764
14243,0.06093774032076081
14244,0.06090674139393291
14245,0.06087544190462731
14246,0.06084384200730081
14247,0.060811941857892446
14248,0.06077974161382303
14249,0.06074724143399427
14250,0.060714441478787996
14251,0.060681341910065356
14252,0.060647942891166054
14253,0.060614244586907506
14254,0.060580247163584046
14255,0.06054595078896609
14256,0.06051135563229927
14257,0.06047646186430382
14258,0.06044126965717338
14259,0.0604057791845744
14260,0.06036999062164519
14261,0.0603339041449951
14262,0.060297519932703596
14263,0.06026083816431942
14264,0.06022385902085972
14265,0.06018658268480909
14266,0.06014900934011865
14267,0.060111139172205424
14268,0.06007297236795098
14269,0.06003450911570078
14270,0.05999574960526323
14271,0.05995669402790867
14272,0.05991734257636852
14273,0.05987769544483424
14274,0.05983775282895642
14275,0.05979751492584381
14276,0.05975698193406227
14277,0.059716154053634084
14278,0.05967503148603652
14279,0.059633614434201156
14280,0.05959190310251279
14281,0.05954989769680842
14282,0.059507598424376244
14283,0.05946500549395465
14284,0.059422119115731135
14285,0.05937893950134133
14286,0.05933546686386785
14287,0.05929170141783953
14288,0.059247643379229935
14289,0.0592032929654566
14290,0.05915865039537987
14291,0.05911371588930181
14292,0.05906848966896515
14293,0.059022971957552156
14294,0.05897716297968355
14295,0.05893106296141739
14296,0.05888467213024789
14297,0.05883799071510459
14298,0.058791018946350776
14299,0.05874375705578266
14300,0.05869620527662811
14301,0.05864836384354558
14302,0.05860023299262288
14303,0.05855181296137606
14304,0.058503103988748174
14305,0.0584541063151082
14306,0.058404820182249684
14307,0.05835524583338989
14308,0.05830538351316816
14309,0.05825523346764498
14310,0.0582047959443007
14311,0.05815407119203432
14312,0.05810305946116227
14313,0.05805176100341712
14314,0.05800017607194643
14315,0.057948304921311415
14316,0.05789614780748566
14317,0.057843704987854155
14318,0.05779097672121155
14319,0.05773796326776121
14320,0.05768466488911382
14321,0.05763108184828612
14322,0.057577214409699616
14323,0.05752306283917923
14324,0.057468627403952054
14325,0.05741390837264596
14326,0.05735890601528825
14327,0.05730362060330462
14328,0.05724805240951734
14329,0.05719220170814423
14330,0.05713606877479724
14331,0.057079653886481056
14332,0.05702295732159177
14333,0.05696597935991549
14334,0.056908720282626966
14335,0.05685118037228818
14336,0.05679335991284688
14337,0.05673525918963557
14338,0.05667687848936948
14339,0.0566182181001456
14340,0.05655927831144111
14341,0.05650005941411196
14342,0.05644056170039147
14343,0.056380785463888854
14344,0.05632073099958776
14345,0.056260398603844866
14346,0.05619978857438837
14347,0.05613890121031642
14348,0.05607773681209609
14349,0.05601629568156123
14350,0.055954578121911416
14351,0.05589258443771036
14352,0.05583031493488439
14353,0.05576776992072092
14354,0.055704949703866975
14355,0.055641854594327654
14356,0.05557848490346459
14357,0.055514840943994316
14358,0.05545092302998713
14359,0.055386731476864945
14360,0.055322266601400105
14361,0.05525752872171378
14362,0.05519251815727433
14363,0.055127235228895774
14364,0.055061680258736194
14365,0.05499585357029613
14366,0.05492975548841701
14367,0.054863386339279424
14368,0.054796746450401945
14369,0.05472983615063886
14370,0.05466265577017901
14371,0.054595205640544
14372,0.054527486094586616
14373,0.054459497466489155
14374,0.05439124009176177
14375,0.05432271430724083
14376,0.05425392045108726
14377,0.05418485886278474
14378,0.0541155298831385
14379,0.05404593385427295
14380,0.05397607111963044
14381,0.05390594202396947
14382,0.05383554691336299
14383,0.05376488613519664
14384,0.05369396003816712
14385,0.0536227689722804
14386,0.05355131328885002
14387,0.05347959334049525
14388,0.05340760948113978
14389,0.053335362066009334
14390,0.0532628514516303
14391,0.05319007799582796
14392,0.0531170420577246
14393,0.05304374399773785
14394,0.052970184177578844
14395,0.05289636296025045
14396,0.05282228071004548
14397,0.05274793779254476
14398,0.052673334574615836
14399,0.05259847142441041
14400,0.05252334871136302
14401,0.05244796680618909
14402,0.05237232608088312
14403,0.05229642690871682
14404,0.05222026966423728
14405,0.052143854723265146
14406,0.05206718246289273
14407,0.051990253261482024
14408,0.0519130674986635
14409,0.051835625555332825
14410,0.05175792781365085
14411,0.05167997465703975
14412,0.051601766470182886
14413,0.05152330363902212
14414,0.051444586550755185
14415,0.05136561559383553
14416,0.05128639115796839
14417,0.051206913634110875
14418,0.051127183414468015
14419,0.051047200892492865
14420,0.05096696646288251
14421,0.0508864805215782
14422,0.05080574346576129
14423,0.05072475569385312
14424,0.050643517605512244
14425,0.050562029601631725
14426,0.05048029208433894
14427,0.05039830545699152
14428,0.050316070124177444
14429,0.05023358649171097
14430,0.05015085496663269
14431,0.050067875957205465
14432,0.0499846498729145
14433,0.049901177124463174
14434,0.04981745812377294
14435,0.049733493283980426
14436,0.049649283019434644
14437,0.04956482774569679
14438,0.04948012787953606
14439,0.04939518383892974
14440,0.04930999604305899
14441,0.04922456491230892
14442,0.0491388908682644
14443,0.0490529743337098
14444,0.048966815732626165
14445,0.04888041549018825
14446,0.048793774032764366
14447,0.04870689178791207
14448,0.04861976918437827
14449,0.048532406652094864
14450,0.04844480462217888
14451,0.0483569635269281
14452,0.04826888379982116
14453,0.048180565875513184
14454,0.04809201018983558
14455,0.04800321717979307
14456,0.04791418728356067
14457,0.04782492094048353
14458,0.047735418591072463
14459,0.047645680677004074
14460,0.04755570764111629
14461,0.04746549992740844
14462,0.04737505798103684
14463,0.04728438224831452
14464,0.04719347317670821
14465,0.04710233121483525
14466,0.04701095681246342
14467,0.046919350420506364
14468,0.04682751249102373
14469,0.04673544347721658
14470,0.046643143833427506
14471,0.04655061401513603
14472,0.04645785447895873
14473,0.0463648656826446
14474,0.046271648085074876
14475,0.0461782021462599
14476,0.04608452832733592
14477,0.04599062709056493
14478,0.04589649889932998
14479,0.045802144218135304
14480,0.04570756351260161
14481,0.04561275724946619
14482,0.045517725896578216
14483,0.04542246992289855
14484,0.045326989798496496
14485,0.045231285994546594
14486,0.045135358983328405
14487,0.04503920923822177
14488,0.04494283723370689
14489,0.044846243445359535
14490,0.044749428349851184
14491,0.04465239242494417
14492,0.044555136149491824
14493,0.044457660003433624
14494,0.04435996446779498
14495,0.04426205002468396
14496,0.04416391715728796
14497,0.0440655663498735
14498,0.04396699808778134
14499,0.04386821285742659
14500,0.043769211146293806
14501,0.04366999344293707
14502,0.04357056023697511
14503,0.04347091201909103
14504,0.043371049281029
14505,0.04327097251559085
14506,0.04317068221663586
14507,0.043070178879075764
14508,0.042969462998874906
14509,0.04286853507304518
14510,0.04276739559964618
14511,0.04266604507778015
14512,0.04256448400759211
14513,0.04246271289026479
14514,0.04236073222801845
14515,0.042258542524107406
14516,0.04215614428281657
14517,0.042053538009461246
14518,0.04195072421038203
14519,0.04184770339294495
14520,0.041744476065536266
14521,0.04164104273756269
14522,0.04153740391944614
14523,0.04143356012262394
14524,0.04132951185954361
14525,0.04122525964366266
14526,0.04112080398944507
14527,0.041016145412357756
14528,0.040911284428870334
14529,0.040806221556449924
14530,0.040700957313561284
14531,0.04059549221966152
14532,0.04048982679520028
14533,0.04038396156161442
14534,0.040277897041327844
14535,0.040171633757747904
14536,0.04006517223526177
14537,0.039958512999236265
14538,0.039851656576012494
14539,0.039744603492906046
14540,0.03963735427820158
14541,0.03952990946115302
14542,0.039422269571978176
14543,0.03931443514185885
14544,0.03920640670293552
14545,0.039098184788307074
14546,0.038989769932027164
14547,0.03888116266910053
14548,0.0387723635354828
14549,0.03866337306807504
14550,0.038554191804723914
14551,0.038444820284216225
14552,0.03833525904627905
14553,0.03822550863157429
14554,0.03811556958169845
14555,0.038005442439178895
14556,0.037895127747470156
14557,0.03778462605095368
14558,0.03767393789493233
14559,0.037563063825630516
14560,0.037452004390188705
14561,0.0373407601366635
14562,0.03722933161402213
14563,0.03711771937214259
14564,0.03700592396180804
14565,0.036893945934706636
14566,0.0367817858434277
14567,0.03666944424145793
14568,0.03655692168318119
14569,0.036444218723872865
14570,0.036331335919700045
14571,0.03621827382771586
14572,0.03610503300585965
14573,0.03599161401295128
14574,0.03587801740869096
14575,0.03576424375365538
14576,0.03565029360929383
14577,0.03553616753792801
14578,0.03542186610274632
14579,0.03530738986780401
14580,0.03519273939801747
14581,0.035077915259164344
14582,0.034962918017877875
14583,0.03484774824164697
14584,0.03473240649881049
14585,0.034616893358557034
14586,0.03450120939092101
14587,0.0343853551667787
14588,0.03426933125784808
14589,0.03415313823668297
14590,0.034036776676673236
14591,0.033920247152038945
14592,0.03380355023783053
14593,0.033686686509922965
14594,0.033569656545015536
14595,0.03345246092062788
14596,0.03333510021509601
14597,0.03321757500757206
14598,0.03309988587801847
14599,0.03298203340720811
14600,0.03286401817671836
14601,0.032745840768931334
14602,0.03262750176702794
14603,0.03250900175498802
14604,0.03239034131758446
14605,0.032271521040382965
14606,0.032152541509737995
14607,0.03203340331278876
14608,0.031914107037459
14609,0.03179465327245097
14610,0.03167504260724567
14611,0.031555275632096834
14612,0.031435352938031076
14613,0.03131527511684193
14614,0.03119504276108997
14615,0.031074656464096847
14616,0.030954116819945022
14617,0.0308334244234737
14618,0.030712579870274734
14619,0.030591583756692374
14620,0.030470436679817258
14621,0.030349139237486528
14622,0.030227692028277815
14623,0.03010609565150936
14624,0.029984350707233966
14625,0.029862457796238757
14626,0.02974041752004104
14627,0.029618230480884168
14628,0.029495897281737304
14629,0.029373418526289316
14630,0.02925079481894893
14631,0.029128026764838607
14632,0.029005114969794712
14633,0.028882060040361354
14634,0.028758862583790575
14635,0.028635523208036164
14636,0.028512042521753447
14637,0.02838842113429509
14638,0.0282646596557069
14639,0.028140758696727594
14640,0.0280167188687826
14641,0.02789254078398424
14642,0.027768225055125502
14643,0.02764377229568022
14644,0.02751918311979685
14645,0.027394458142298225
14646,0.027269597978677347
14647,0.027144603245093123
14648,0.02701947455837014
14649,0.026894212535992418
14650,0.02676881779610355
14651,0.026643290957500485
14652,0.02651763263963363
14653,0.02639184346260063
14654,0.02626592404714649
14655,0.02613987501465731
14656,0.02601369698716003
14657,0.025887390587318156
14658,0.025760956438427476
14659,0.02563439516441581
14660,0.025507707389836695
14661,0.02538089373986954
14662,0.025253954840313304
14663,0.025126891317586657
14664,0.024999703798721625
14665,0.024872392911363353
14666,0.024744959283765793
14667,0.024617403544787354
14668,0.024489726323890692
14669,0.024361928251136308
14670,0.024234009957182716
14671,0.024105972073280066
14672,0.023977815231270294
14673,0.023849540063580733
14674,0.023721147203224272
14675,0.023592637283792947
14676,0.023464010939457682
14677,0.023335268804963945
14678,0.023206411515627363
14679,0.023077439707333485
14680,0.022948354016531326
14681,0.02281915508023355
14682,0.022689843536010005
14683,0.0225604200219879
14684,0.02243088517684532
14685,0.022301239639811014
14686,0.022171484050659947
14687,0.02204161904970894
14688,0.0219116452778164
14689,0.021781563376375827
14690,0.021651373987315984
14691,0.021521077753094406
14692,0.021390675316697548
14693,0.021260167321634278
14694,0.021129554411936053
14695,0.020998837232150392
14696,0.02086801642734061
14697,0.020737092643081403
14698,0.020606066525454384
14699,0.02047493872104784
14700,0.020343709876950188
14701,0.02021238064075013
14702,0.020080951660530102
14703,0.01994942358486644
14704,0.019817797062822818
14705,0.019686072743950397
14706,0.019554251278281264
14707,0.019422333316328172
14708,0.01929031950908007
14709,0.019158210507997604
14710,0.019026006965012887
14711,0.01889370953252287
14712,0.01876131886338954
14713,0.01862883561093328
14714,0.018496260428933053
14715,0.01836359397161978
14716,0.01823083689367608
14717,0.01809798985023177
14718,0.017965053496859344
14719,0.017832028489573735
14720,0.017698915484825658
14721,0.017565715139501777
14722,0.017432428110918066
14723,0.017299055056819966
14724,0.01716559663537573
14725,0.01703205350517659
14726,0.01689842632523009
14727,0.016764715754959823
14728,0.0166309224542009
14729,0.0164970470831954
14730,0.016363090302592122
14731,0.01622905277343989
14732,0.016094935157187715
14733,0.015960738115678115
14734,0.015826462311147264
14735,0.015692108406218302
14736,0.015557677063901062
14737,0.015423168947587525
14738,0.015288584721047238
14739,0.015153925048427063
14740,0.015019190594244447
14741,0.014884382023387592
14742,0.01474950000110873
14743,0.014614545193024282
14744,0.01447951826510813
14745,0.01434441988369178
14746,0.014209250715457613
14747,0.01407401142743863
14748,0.013938702687013861
14749,0.013803325161903766
14750,0.01366787952016998
14751,0.013532366430208543
14752,0.013396786560750076
14753,0.013261140580853006
14754,0.013125429159903737
14755,0.012989652967609877
14756,0.01285381267399997
14757,0.012717908949418886
14758,0.012581942464523209
14759,0.012445913890280975
14760,0.012309823897964879
14761,0.012173673159152435
14762,0.012037462345719199
14763,0.011901192129838914
14764,0.011764863183976723
14765,0.011628476180889339
14766,0.011492031793618225
14767,0.011355530695489332
14768,0.011218973560108468
14769,0.01108236106135667
14770,0.010945693873389922
14771,0.010808972670632343
14772,0.010672198127776351
14773,0.01053537091977584
14774,0.010398491721846344
14775,0.010261561209458207
14776,0.010124580058336313
14777,0.009987548944455436
14778,0.009850468544035595
14779,0.009713339533541778
14780,0.009576162589677105
14781,0.009438938389382985
14782,0.009301667609832278
14783,0.009164350928429458
14784,0.009026989022803758
14785,0.00888958257080934
14786,0.008752132250518439
14787,0.008614638740221085
14788,0.008477102718420445
14789,0.008339524863828154
14790,0.008201905855364037
14791,0.008064246372149251
14792,0.007926547093506446
14793,0.007788808698952893
14794,0.007651031868200654
14795,0.007513217281149704
14796,0.0073753656178881
14797,0.0072374775586851
14798,0.00709955378399089
14799,0.0069615949744319065
14800,0.006823601810806152
14801,0.006685574974082924
14802,0.006547515145395925
14803,0.006409423006043431
14804,0.0062712992374814
14805,0.006133144521323639
14806,0.0059949595393349086
14807,0.005856744973430651
14808,0.005718501505672298
14809,0.005580229818262583
14810,0.005441930593545261
14811,0.005303604513998215
14812,0.005165252262233616
14813,0.0050268745209910235
14814,0.004888471973137549
14815,0.004750045301660951
14816,0.004611595189669805
14817,0.004473122320386587
14818,0.004334627377147406
14819,0.004196111043397302
14820,0.0040575740026855414
14821,0.003919016938665351
14822,0.0037804405350869937
14823,0.0036418454757979417
14824,0.003503232444735958
14825,0.003364602125929265
14826,0.0032259552034896223
14827,0.0030872923616120573
14828,0.002948614284570155
14829,0.0028099216567113536
14830,0.0026712151624566694
14831,0.002532495486293774
14832,0.0023937633127771615
14833,0.0022550193265212246
14834,0.0021162642122004244
14835,0.0019774986545423607
14836,0.0018387233383279455
14837,0.0016999389483844712
14838,0.001561146169585339
14839,0.0014223456868453473
14840,0.0012835381851159804
14841,0.0011447243493851354
14842,0.0010059048646701907
14843,0.0008670804160181772
14844,0.0007282516884988458
14845,0.0005894193672048389
14846,0.0004505841372447572
14847,0.0003117466837428873
14848,0.00017290769183448855
14849,3.4067846661079744e-05
14850,-0.00010477216662983326
14851,-0.00024361166289169132
14852,-0.00038244995697871045
14853,-0.0005212863637528153
14854,-0.0006601201980834682
14855,-0.0007989507748546015
14856,-0.0009377774089644474
14857,-0.00107659941533247
14858,-0.0012154161088996389
14859,-0.0013542268046331403
14860,-0.0014930308175310917
14861,-0.0016318274626228122
14862,-0.001770616054975756
14863,-0.0019093959096953396
14864,-0.002048166341931874
14865,-0.002186926666880393
14866,-0.0023256761997875824
14867,-0.0024644142559520532
14868,-0.0026031401507290533
14869,-0.002741853199535174
14870,-0.002880552717848624
14871,-0.003019238021216159
14872,-0.0031579084252529063
14873,-0.003296563245649293
14874,-0.003435201798170874
14875,-0.003573823398665258
14876,-0.0037124273630619337
14877,-0.003851013007379194
14878,-0.003989579647724407
14879,-0.004128126600298724
14880,-0.004266653181401779
14881,-0.004405158707431963
14882,-0.004543642494893341
14883,-0.004682103860395484
14884,-0.00482054212066038
14885,-0.004958956592522267
14886,-0.005097346592934543
14887,-0.005235711438969598
14888,-0.005374050447825726
14889,-0.0055123629368273915
14890,-0.005650648223429932
14891,-0.005788905625224248
14892,-0.005927134459937078
14893,-0.006065334045437902
14894,-0.006203503699738771
14895,-0.006341642741001208
14896,-0.006479750487536037
14897,-0.006617826257810283
14898,-0.006755869370447442
14899,-0.00689387914423217
14900,-0.007031854898114966
14901,-0.007169795951212445
14902,-0.007307701622814231
14903,-0.007445571232382781
14904,-0.007583404099560278
14905,-0.007721199544168454
14906,-0.007858956886215478
14907,-0.007996675445895789
14908,-0.008134354543596964
14909,-0.008271993499900003
14910,-0.00840959163558399
14911,-0.008547148271630774
14912,-0.008684662729225235
14913,-0.008822134329762156
14914,-0.00895956239484605
14915,-0.00909694624629803
14916,-0.009234285206155634
14917,-0.009371578596679688
14918,-0.00950882574035458
14919,-0.009646025959892909
14920,-0.009783178578240159
14921,-0.00992028291857496
14922,-0.010057338304315936
14923,-0.01019434405912154
14924,-0.010331299506896896
14925,-0.010468203971793634
14926,-0.01060505677821672
14927,-0.010741857250824298
14928,-0.010878604714534515
14929,-0.011015298494525799
14930,-0.011151937916241493
14931,-0.011288522305394498
14932,-0.011425050987967544
14933,-0.011561523290220008
14934,-0.011697938538687745
14935,-0.011834296060189906
14936,-0.011970595181828766
14937,-0.012106835230996541
14938,-0.01224301553537564
14939,-0.012379135422943313
14940,-0.012515194221976252
14941,-0.01265119126105087
14942,-0.012787125869050094
14943,-0.012922997375163198
14944,-0.013058805108892586
14945,-0.01319454840005363
14946,-0.013330226578781449
14947,-0.013465838975530744
14948,-0.01360138492108257
14949,-0.01373686374654461
14950,-0.013872274783355763
14951,-0.014007617363290755
14952,-0.014142890818460402
14953,-0.014278094481318367
14954,-0.014413227684660994
14955,-0.014548289761634057
14956,-0.014683280045732598
14957,-0.014818197870807672
14958,-0.014953042571066607
14959,-0.015087813481077586
14960,-0.01522250993577423
14961,-0.015357131270455853
14962,-0.0154916768207942
14963,-0.015626145922833266
14964,-0.015760537912996034
14965,-0.01589485212808429
14966,-0.016029087905285348
14967,-0.01616324458217188
14968,-0.016297321496708612
14969,-0.016431317987252603
14970,-0.016565233392557784
14971,-0.01669906705177951
14972,-0.016832818304474823
14973,-0.01696648649060914
14974,-0.017100070950556084
14975,-0.01723357102510415
14976,-0.017366986055456567
14977,-0.017500315383237933
14978,-0.017633558350494065
14979,-0.017766714299698665
14980,-0.017899782573753565
14981,-0.018032762515993266
14982,-0.018165653470189436
14983,-0.01829845478055118
14984,-0.01843116579173169
14985,-0.018563785848828052
14986,-0.018696314297387894
14987,-0.018828750483409224
14988,-0.018961093753347036
14989,-0.019093343454113575
14990,-0.019225498933082834
14991,-0.019357559538095037
14992,-0.01948952461745691
14993,-0.019621393519948252
14994,-0.019753165594821806
14995,-0.019884840191809812
14996,-0.020016416661123866
14997,-0.020147894353461485
14998,-0.020279272620005947
14999,-0.020410550812432867
15000,-0.02054172828291043
15001,-0.020672804384103873
15002,-0.02080377846917993
15003,-0.02093464989180708
15004,-0.021065418006162104
15005,-0.021196082166929905
15006,-0.02132664172931006
15007,-0.02145709604901664
15008,-0.021587444482284734
15009,-0.02171768638587071
15010,-0.02184782111705665
15011,-0.021977848033654736
15012,-0.022107766494007555
15013,-0.022237575856994547
15014,-0.022367275482031875
15015,-0.02249686472907889
15016,-0.022626342958637982
15017,-0.022755709531761044
15018,-0.022884963810049317
15019,-0.02301410515565985
15020,-0.023143132931305748
15021,-0.023272046500260567
15022,-0.02340084522636268
15023,-0.023529528474015543
15024,-0.02365809560819412
15025,-0.02378654599444473
15026,-0.02391487899889146
15027,-0.024043093988236005
15028,-0.024171190329764093
15029,-0.024299167391345713
15030,-0.024427024541439486
15031,-0.024554761149096997
15032,-0.024682376583963047
15033,-0.024809870216282035
15034,-0.024937241416897796
15035,-0.025064489557259973
15036,-0.025191614009423866
15037,-0.02531861414605676
15038,-0.025445489340437805
15039,-0.02557223896646433
15040,-0.025698862398652104
15041,-0.025825359012139636
15042,-0.025951728182692473
15043,-0.026077969286703456
15044,-0.02620408170119902
15045,-0.026330064803839037
15046,-0.02645591797292313
15047,-0.0265816405873905
15048,-0.026707232026826223
15049,-0.026832691671461083
15050,-0.026958018902177857
15051,-0.02708321310051155
15052,-0.027208273648653657
15053,-0.027333199929456414
15054,-0.02745799132643303
15055,-0.02758264722376395
15056,-0.027707167006296676
15057,-0.027831550059552006
15058,-0.027955795769723877
15059,-0.028079903523685577
15060,-0.028203872708989986
15061,-0.0283277027138738
15062,-0.028451392927261728
15063,-0.02857494273876673
15064,-0.028698351538696213
15065,-0.028821618718051865
15066,-0.02894474366853582
15067,-0.029067725782550503
15068,-0.02919056445320479
15069,-0.02931325907431384
15070,-0.02943580904040525
15071,-0.02955821374671927
15072,-0.029680472589212987
15073,-0.02980258496456447
15074,-0.029924550270173003
15075,-0.0300463679041652
15076,-0.03016803726539484
15077,-0.030289557753448954
15078,-0.030410928768647684
15079,-0.030532149712050337
15080,-0.03065321998545563
15081,-0.03077413899140581
15082,-0.030894906133190764
15083,-0.03101552081484824
15084,-0.031135982441169895
15085,-0.031256290417701144
15086,-0.031376444150747175
15087,-0.031496443047372785
15088,-0.03161628651540841
15089,-0.03173597396344995
15090,-0.03185550480086478
15091,-0.03197487843779193
15092,-0.03209409428514623
15093,-0.03221315175462229
15094,-0.03233205025869477
15095,-0.03245078921062429
15096,-0.03256936802445734
15097,-0.032687786115032154
15098,-0.032806042897978595
15099,-0.03292413778972406
15100,-0.033042070207493716
15101,-0.0331598395693145
15102,-0.03327744529401913
15103,-0.03339488680124634
15104,-0.033512163511446744
15105,-0.033629274845882684
15106,-0.033746220226634115
15107,-0.033862999076598434
15108,-0.03397961081949633
15109,-0.03409605487987164
15110,-0.03421233068309716
15111,-0.034328437655374903
15112,-0.034444375223740026
15113,-0.03456014281606475
15114,-0.03467573986105864
15115,-0.03479116578827435
15116,-0.03490642002810747
15117,-0.03502150201180233
15118,-0.03513641117145183
15119,-0.0352511469400032
15120,-0.03536570875125818
15121,-0.03548009603987702
15122,-0.03559430824138224
15123,-0.03570834479215895
15124,-0.03582220512946053
15125,-0.03593588869140844
15126,-0.03604939491699798
15127,-0.036162723246098115
15128,-0.03627587311945713
15129,-0.036388843978702505
15130,-0.036501635266346574
15131,-0.036614246425786735
15132,-0.03672667690130928
15133,-0.03683892613809322
15134,-0.0369509935822105
15135,-0.03706287868063163
15136,-0.037174580881225494
15137,-0.037286099632765
15138,-0.03739743438492691
15139,-0.03750858458829738
15140,-0.03761954969437189
15141,-0.03773032915556074
15142,-0.03784092242518929
15143,-0.03795132895750172
15144,-0.03806154820766478
15145,-0.038171579631768
15146,-0.03828142268682923
15147,-0.03839107683079444
15148,-0.038500541522543265
15149,-0.03860981622188884
15150,-0.038718900389583276
15151,-0.03882779348731787
15152,-0.03893649497772681
15153,-0.03904500432439087
15154,-0.03915332099183764
15155,-0.0392614444455469
15156,-0.03936937415195054
15157,-0.03947710957843794
15158,-0.03958465019335581
15159,-0.03969199546601361
15160,-0.0397991448666834
15161,-0.03990609786660519
15162,-0.04001285393798717
15163,-0.04011941255400932
15164,-0.040225773188827064
15165,-0.040331935317571455
15166,-0.04043789841635449
15167,-0.04054366196226898
15168,-0.040649225433393846
15169,-0.040754588308793985
15170,-0.04085975006852554
15171,-0.040964710193636115
15172,-0.04106946816616835
15173,-0.04117402346916344
15174,-0.041278375586661406
15175,-0.04138252400370628
15176,-0.04148646820634597
15177,-0.04159020768163747
15178,-0.04169374191764675
15179,-0.04179707040345391
15180,-0.04190019262915306
15181,-0.04200310808585749
15182,-0.042105816265699855
15183,-0.04220831666183569
15184,-0.04231060876844688
15185,-0.042412692080741866
15186,-0.04251456609496076
15187,-0.042616230308375205
15188,-0.04271768421929347
15189,-0.042818927327060344
15190,-0.04291995913206215
15191,-0.04302077913572701
15192,-0.043121386840528214
15193,-0.043221781749987705
15194,-0.043321963368676206
15195,-0.0434219312022183
15196,-0.04352168475729225
15197,-0.043621223541635036
15198,-0.043720547064042214
15199,-0.04381965483437287
15200,-0.04391854636354953
15201,-0.04401722116356308
15202,-0.044115678747472985
15203,-0.044213918629410626
15204,-0.044311940324582626
15205,-0.044409743349271086
15206,-0.04450732722083844
15207,-0.044604691457727344
15208,-0.04470183557946556
15209,-0.04479875910666584
15210,-0.04489546156103075
15211,-0.04499194246535288
15212,-0.04508820134351813
15213,-0.04518423772050898
15214,-0.04528005112240468
15215,-0.04537564107638603
15216,-0.0454710071107353
15217,-0.04556614875484095
15218,-0.04566106553919756
15219,-0.04575575699541057
15220,-0.04585022265619614
15221,-0.0459444620553859
15222,-0.046038474727927145
15223,-0.04613226020988599
15224,-0.04622581803845061
15225,-0.04631914775193142
15226,-0.046412248889765695
15227,-0.046505120992517524
15228,-0.046597763601882405
15229,-0.04669017626068718
15230,-0.046782358512894605
15231,-0.04687430990360328
15232,-0.04696602997905224
15233,-0.04705751828662112
15234,-0.04714877437483331
15235,-0.047239797793359
15236,-0.0473305880930154
15237,-0.047421144825771304
15238,-0.047511467544746916
15239,-0.047601555804218425
15240,-0.04769140915961788
15241,-0.047781027167537675
15242,-0.04787040938573074
15243,-0.047959555373113576
15244,-0.0480484646897693
15245,-0.04813713689694782
15246,-0.04822557155707023
15247,-0.04831376823372878
15248,-0.04840172649169122
15249,-0.048489445896900754
15250,-0.048576926016480365
15251,-0.048664166418732765
15252,-0.048751166673144726
15253,-0.04883792635038727
15254,-0.04892444502231863
15255,-0.04901072226198717
15256,-0.04909675764363156
15257,-0.04918255074268512
15258,-0.04926810113577566
15259,-0.04935340840072981
15260,-0.04943847211657288
15261,-0.049523291863533145
15262,-0.049607867223042
15263,-0.04969219777773684
15264,-0.04977628311146394
15265,-0.0498601228092786
15266,-0.04994371645744938
15267,-0.05002706364345795
15268,-0.05011016395600331
15269,-0.05019301698500164
15270,-0.05027562232159051
15271,-0.050357979558128714
15272,-0.05044008828820044
15273,-0.05052194810661541
15274,-0.05060355860941168
15275,-0.050684919393858406
15276,-0.05076603005845602
15277,-0.05084689020294028
15278,-0.050927499428282175
15279,-0.051007857336691956
15280,-0.05108796353161904
15281,-0.05116781761775605
15282,-0.051247419201038924
15283,-0.05132676788864965
15284,-0.05140586328901898
15285,-0.05148470501182657
15286,-0.05156329266800494
15287,-0.05164162586973935
15288,-0.051719704230471765
15289,-0.05179752736490073
15290,-0.05187509488898528
15291,-0.05195240641994484
15292,-0.052029461576263106
15293,-0.052106259977688175
15294,-0.052182801245235194
15295,-0.05225908500118895
15296,-0.052335110869104
15297,-0.05241087847380853
15298,-0.05248638744140421
15299,-0.05256163739926999
15300,-0.052636627976062056
15301,-0.05271135880171752
15302,-0.052785829507454585
15303,-0.05286003972577512
15304,-0.05293398909046714
15305,-0.053007677236604996
15306,-0.05308110380055301
15307,-0.053154268419965456
15308,-0.05322717073379015
15309,-0.053299810382268435
15310,-0.05337218700693876
15311,-0.05344430025063662
15312,-0.05351614975749819
15313,-0.05358773517296041
15314,-0.05365905614376347
15315,-0.05373011231795324
15316,-0.053800903344881364
15317,-0.053871428875208884
15318,-0.05394168856090608
15319,-0.054011682055256034
15320,-0.05408140901285453
15321,-0.05415086908961354
15322,-0.05422006194276117
15323,-0.05428898723084508
15324,-0.054357644613732686
15325,-0.054426033752613415
15326,-0.05449415431000112
15327,-0.05456200594973415
15328,-0.054629588336978806
15329,-0.0546969011382292
15330,-0.05476394402131067
15331,-0.054830716655379697
15332,-0.05489721871092723
15333,-0.054963449859778836
15334,-0.055029409775096946
15335,-0.055095098131383115
15336,-0.055160514604478135
15337,-0.05522565887156533
15338,-0.05529053061117048
15339,-0.05535512950316505
15340,-0.055419455228766124
15341,-0.05548350747053966
15342,-0.05554728591240034
15343,-0.055610790239614835
15344,-0.05567402013880191
15345,-0.055736975297934574
15346,-0.05579965540634221
15347,-0.05586206015471074
15348,-0.05592418923508573
15349,-0.05598604234087229
15350,-0.05604761916683824
15351,-0.05610891940911396
15352,-0.056169942765195525
15353,-0.0562306889339448
15354,-0.05629115761559149
15355,-0.05635134851173525
15356,-0.05641126132534577
15357,-0.05647089576076579
15358,-0.056530251523711016
15359,-0.05658932832127313
15360,-0.05664812586191966
15361,-0.056706643855497
15362,-0.05676488201323029
15363,-0.05682284004772633
15364,-0.05688051767297374
15365,-0.05693791460434489
15366,-0.056995030558597885
15367,-0.057051865253876635
15368,-0.05710841840971377
15369,-0.0571646897470305
15370,-0.057220678988139505
15371,-0.057276385856744806
15372,-0.05733181007794462
15373,-0.05738695137823141
15374,-0.05744180948549382
15375,-0.05749638412901851
15376,-0.05755067503949027
15377,-0.05760468194899477
15378,-0.05765840459101846
15379,-0.05771184270045129
15380,-0.05776499601358663
15381,-0.05781786426812394
15382,-0.05787044720316873
15383,-0.057922744559235156
15384,-0.05797475607824614
15385,-0.058026481503535184
15386,-0.05807792057984807
15387,-0.05812907305334302
15388,-0.05817993867159322
15389,-0.05823051718358678
15390,-0.058280808339729276
15391,-0.058330811891843685
15392,-0.05838052759317288
15393,-0.058429955198379756
15394,-0.058479094463548896
15395,-0.058527945146188254
15396,-0.05857650700522926
15397,-0.058624779801029245
15398,-0.058672763295371404
15399,-0.05872045725146718
15400,-0.05876786143395621
15401,-0.05881497560890873
15402,-0.05886179954382549
15403,-0.05890833300764013
15404,-0.058954575770719234
15405,-0.05900052760486396
15406,-0.05904618828331157
15407,-0.05909155758073553
15408,-0.05913663527324782
15409,-0.059181421138398825
15410,-0.05922591495517963
15411,-0.05927011650402194
15412,-0.059314025566800314
15413,-0.05935764192683211
15414,-0.05940096536887966
15415,-0.0594439956791504
15416,-0.05948673264529829
15417,-0.05952917605642529
15418,-0.05957132570308147
15419,-0.059613181377267094
15420,-0.059654742872432595
15421,-0.05969600998348064
15422,-0.0597369825067661
15423,-0.05977766024009811
15424,-0.05981804298274013
15425,-0.05985813053541134
15426,-0.05989792270028803
15427,-0.05993741928100362
15428,-0.05997662008265073
15429,-0.06001552491178104
15430,-0.06005413357640734
15431,-0.060092445886003404
15432,-0.06013046165150596
15433,-0.06016818068531464
15434,-0.06020560280129386
15435,-0.06024272781477291
15436,-0.06027955554254723
15437,-0.060316085802879636
15438,-0.060352318415500435
15439,-0.06038825320160924
15440,-0.06042388998387489
15441,-0.06045922858643729
15442,-0.06049426883490734
15443,-0.060529010556368716
15444,-0.06056345357937791
15445,-0.060597597733965454
15446,-0.060631442851637046
15447,-0.06066498876537365
15448,-0.06069823530963316
15449,-0.06073118232035039
15450,-0.06076382963493868
15451,-0.06079617709228994
15452,-0.06082822453277618
15453,-0.06085997179824955
15454,-0.0608914187320439
15455,-0.06092256517897487
15456,-0.06095341098534091
15457,-0.060983955998924415
15458,-0.06101420006899169
15459,-0.061044143046294554
15460,-0.06107378478307026
15461,-0.06110312513304302
15462,-0.06113216395142393
15463,-0.06116090109491247
15464,-0.06118933642169654
15465,-0.061217469791453455
15466,-0.06124530106535089
15467,-0.06127283010604695
15468,-0.06130005677769155
15469,-0.06132698094592638
15470,-0.061353602477886286
15471,-0.0613799212421992
15472,-0.0614059371089875
15473,-0.061431649949867974
15474,-0.0614570596379531
15475,-0.06148216604785112
15476,-0.06150696905566688
15477,-0.0615314685390027
15478,-0.061555664376958426
15479,-0.061579556450132626
15480,-0.061603144640622595
15481,-0.061626428832025515
15482,-0.06164940890943846
15483,-0.061672084759459525
15484,-0.0616944562701879
15485,-0.06171652333122462
15486,-0.061738285833673336
15487,-0.061759743670140345
15488,-0.0617808967347357
15489,-0.06180174492307315
15490,-0.06182228813227123
15491,-0.061842526260953226
15492,-0.061862459209248176
15493,-0.061882086878790876
15494,-0.06190140917272287
15495,-0.06192042599569246
15496,-0.06193913725385542
15497,-0.06195754285487558
15498,-0.06197564270792489
15499,-0.06199343672368435
15500,-0.06201092481434396
15501,-0.06202810689360365
15502,-0.062044982876673205
15503,-0.06206155268027316
15504,-0.06207781622263478
15505,-0.06209377342350087
15506,-0.0621094242041258
15507,-0.062124768487276084
15508,-0.06213980619723088
15509,-0.06215453725978204
15510,-0.06216896160223481
15511,-0.0621830791534079
15512,-0.062196889843634126
15513,-0.06221039360476043
15514,-0.062223590370148574
15515,-0.062236480074675124
15516,-0.06224906265473196
15517,-0.06226133804822666
15518,-0.06227330619458256
15519,-0.062284967034739354
15520,-0.062296320511153074
15521,-0.062307366567796674
15522,-0.06231810515016002
15523,-0.06232853620525045
15524,-0.062338659681592745
15525,-0.062348475529229654
15526,-0.06235798369972192
15527,-0.062367184146148606
15528,-0.062376076823107425
15529,-0.06238466168671476
15530,-0.0623929386946061
15531,-0.06240090780593601
15532,-0.0624085689813786
15533,-0.06241592218312747
15534,-0.06242296737489608
15535,-0.06242970452191783
15536,-0.06243613359094623
15537,-0.06244225455025515
15538,-0.06244806736963887
15539,-0.06245357202041233
15540,-0.06245876847541115
15541,-0.06246365670899191
15542,-0.06246823669703214
15543,-0.062472508416930535
15544,-0.06247647184760701
15545,-0.06248012696950285
15546,-0.06248347376458075
15547,-0.06248651221632495
15548,-0.06248924230974132
15549,-0.062491664031357384
15550,-0.06249377736922245
15551,-0.06249558231290761
15552,-0.06249707885350583
15553,-0.062498266983632
15554,-0.06249914669742292
15555,-0.06249971799053739
15556,-0.062499980860156186
15557,-0.0624999353049821
15558,-0.06249958132523995
15559,-0.06249891892267655
15560,-0.06249794810056071
15561,-0.06249666886368325
15562,-0.06249508121835695
15563,-0.06249318517241651
15564,-0.062490980735218554
15565,-0.0624884679176415
15566,-0.06248564673208563
15567,-0.06248251719247291
15568,-0.062479079314246976
15569,-0.062475333114373095
15570,-0.06247127861133797
15571,-0.06246691582514979
15572,-0.062462244777337986
15573,-0.062457265490953276
15574,-0.0624519779905674
15575,-0.06244638230227312
15576,-0.06244047845368404
15577,-0.062434266473934436
15578,-0.062427746393679207
15579,-0.0624209182450936
15580,-0.06241378206187318
15581,-0.06240633787923354
15582,-0.06239858573391025
15583,-0.06239052566415856
15584,-0.062382157709753305
15585,-0.06237348191198862
15586,-0.06236449831367784
15587,-0.06235520695915323
15588,-0.06234560789426571
15589,-0.06233570116638477
15590,-0.062325486824398056
15591,-0.06231496491871135
15592,-0.06230413550124807
15593,-0.06229299862544927
15594,-0.06228155434627311
15595,-0.06226980272019488
15596,-0.062257743805206406
15597,-0.06224537766081603
15598,-0.06223270434804823
15599,-0.06221972392944316
15600,-0.062206436469056645
15601,-0.06219284203245955
15602,-0.062178940686737745
15603,-0.06216473250049149
15604,-0.06215021754383541
15605,-0.062135395888397775
15606,-0.062120267607320534
15607,-0.06210483277525873
15608,-0.06208909146838006
15609,-0.062073043764364795
15610,-0.06205668974240501
15611,-0.06204002948320461
15612,-0.0620230630689785
15613,-0.062005790583452625
15614,-0.0619882121118631
15615,-0.06197032774095625
15616,-0.06195213755898773
15617,-0.06193364165572246
15618,-0.061914840122434055
15619,-0.06189573305190417
15620,-0.061876320538422465
15621,-0.06185660267778565
15622,-0.06183657956729752
15623,-0.06181625130576795
15624,-0.061795617993512936
15625,-0.06177467973235358
15626,-0.06175343662561605
15627,-0.06173188877813085
15628,-0.06171003629623212
15629,-0.0616878792877576
15630,-0.061665417862047496
15631,-0.061642652129944575
15632,-0.06161958220379297
15633,-0.06159620819743827
15634,-0.061572530226226316
15635,-0.06154854840700328
15636,-0.06152426285811444
15637,-0.06149967369940416
15638,-0.06147478105221506
15639,-0.061449585039387154
15640,-0.06142408578525786
15641,-0.06139828341566069
15642,-0.06137217805792528
15643,-0.06134576984087615
15644,-0.061319058894832676
15645,-0.06129204535160782
15646,-0.061264729344508065
15647,-0.06123711100833247
15648,-0.061209190479371775
15649,-0.06118096789540834
15650,-0.06115244339571473
15651,-0.06112361712105379
15652,-0.061094489213677175
15653,-0.06106505981732542
15654,-0.06103532907722647
15655,-0.061005297140095706
15656,-0.0609749641541345
15657,-0.06094433026903011
15658,-0.06091339563595467
15659,-0.06088216040756416
15660,-0.06085062473799832
15661,-0.06081878878287913
15662,-0.060786652699310786
15663,-0.060754216645878184
15664,-0.0607214807826469
15665,-0.060688445271161615
15666,-0.06065511027444601
15667,-0.06062147595700167
15668,-0.06058754248480696
15669,-0.06055331002531693
15670,-0.06051877874746163
15671,-0.06048394882164618
15672,-0.060448820419749014
15673,-0.060413393715121916
15674,-0.06037766888258832
15675,-0.06034164609844327
15676,-0.060305325540451725
15677,-0.06026870738784842
15678,-0.06023179182133666
15679,-0.06019457902308708
15680,-0.06015706917673757
15681,-0.06011926246739142
15682,-0.06008115908161734
15683,-0.060042759207447616
15684,-0.060004063034378115
15685,-0.0599650707533664
15686,-0.05992578255683176
15687,-0.059886198638653264
15688,-0.059846319194169675
15689,-0.059806144420178155
15690,-0.05976567451493282
15691,-0.059724909678144776
15692,-0.05968385011097998
15693,-0.059642496016059386
15694,-0.05960084759745683
15695,-0.05955890506069914
15696,-0.05951666861276399
15697,-0.05947413846207985
15698,-0.05943131481852459
15699,-0.059388197893423963
15700,-0.05934478789955157
15701,-0.05930108505112669
15702,-0.05925708956381435
15703,-0.059212801654723105
15704,-0.05916822154240515
15705,-0.059123349446854045
15706,-0.05907818558950482
15707,-0.0590327301932317
15708,-0.05898698348234805
15709,-0.05894094568260479
15710,-0.05889461702118888
15711,-0.05884799772672322
15712,-0.058801088029264315
15713,-0.05875388816030235
15714,-0.058706398352758864
15715,-0.05865861884098677
15716,-0.05861054986076801
15717,-0.05856219164931346
15718,-0.05851354444526127
15719,-0.058464608488675296
15720,-0.0584153840210449
15721,-0.05836587128528259
15722,-0.05831607052572404
15723,-0.05826598198812562
15724,-0.05821560591966449
15725,-0.05816494256893605
15726,-0.05811399218595403
15727,-0.058062755022147985
15728,-0.05801123133036312
15729,-0.05795942136485864
15730,-0.05790732538130592
15731,-0.05785494363678847
15732,-0.05780227638979928
15733,-0.05774932390024094
15734,-0.057696086429422956
15735,-0.05764256424006184
15736,-0.057588757596278455
15737,-0.0575346667635979
15738,-0.05748029200894769
15739,-0.057425633600655925
15740,-0.05737069180845116
15741,-0.05731546690345971
15742,-0.05725995915820569
15743,-0.05720416884660826
15744,-0.05714809624398171
15745,-0.057091741627032656
15746,-0.057035105273860125
15747,-0.05697818746395272
15748,-0.056920988478188536
15749,-0.05686350859883321
15750,-0.05680574810953797
15751,-0.05674770729533956
15752,-0.056689386442657294
15753,-0.05663078583929319
15754,-0.05657190577442904
15755,-0.056512746538626445
15756,-0.056453308423823914
15757,-0.056393591723336745
15758,-0.05633359673185499
15759,-0.05627332374544145
15760,-0.05621277306153153
15761,-0.056151944978930245
15762,-0.0560908397978123
15763,-0.05602945781971904
15764,-0.055967799347558536
15765,-0.05590586468560251
15766,-0.055843654139486415
15767,-0.05578116801620635
15768,-0.05571840662411891
15769,-0.055655370272939104
15770,-0.05559205927373821
15771,-0.05552847393894363
15772,-0.05546461458233576
15773,-0.055400481519048035
15774,-0.05533607506556378
15775,-0.05527139553971625
15776,-0.05520644326068545
15777,-0.05514121854899818
15778,-0.0550757217265248
15779,-0.05500995311647913
15780,-0.054943913043416205
15781,-0.05487760183323003
15782,-0.05481101981315347
15783,-0.05474416731175494
15784,-0.05467704465893845
15785,-0.05460965218594034
15786,-0.05454199022532928
15787,-0.05447405911100296
15788,-0.05440585917818795
15789,-0.05433739076343736
15790,-0.05426865420462857
15791,-0.05419964984096306
15792,-0.054130378012963
15793,-0.054060839062471326
15794,-0.053991033332648285
15795,-0.05392096116797151
15796,-0.05385062291423254
15797,-0.05378001891853691
15798,-0.05370914952930066
15799,-0.05363801509625012
15800,-0.05356661597041962
15801,-0.05349495250414896
15802,-0.053423025051083345
15803,-0.05335083396616979
15804,-0.05327837960565719
15805,-0.05320566232709272
15806,-0.05313268248932195
15807,-0.05305944045248518
15808,-0.05298593657801732
15809,-0.05291217122864539
15810,-0.052838144768386025
15811,-0.052763857562545355
15812,-0.05268930997771526
15813,-0.052614502381773516
15814,-0.05253943514388002
15815,-0.05246410863447694
15816,-0.0523885232252849
15817,-0.05231267928930314
15818,-0.052236577200805684
15819,-0.05216021733534122
15820,-0.052083600069730535
15821,-0.05200672578206386
15822,-0.05192959485170081
15823,-0.051852207659266444
15824,-0.05177456458665145
15825,-0.051696666017008217
15826,-0.05161851233475097
15827,-0.051540103925551854
15828,-0.05146144117634081
15829,-0.05138252447530286
15830,-0.051303354211875506
15831,-0.05122393077674853
15832,-0.051144254561860045
15833,-0.0510643259603966
15834,-0.05098414536678921
15835,-0.05090371317671343
15836,-0.050823029787085375
15837,-0.050742095596061805
15838,-0.0506609110030361
15839,-0.05057947640863811
15840,-0.05049779221473137
15841,-0.05041585882441039
15842,-0.05033367664200043
15843,-0.05025124607305345
15844,-0.05016856752434821
15845,-0.05008564140388611
15846,-0.05000246812089138
15847,-0.04991904808580684
15848,-0.049835381710293794
15849,-0.049751469407229194
15850,-0.049667311590702784
15851,-0.04958290867601694
15852,-0.04949826107968248
15853,-0.04941336921941874
15854,-0.04932823351414938
15855,-0.049242854384002485
15856,-0.049157232250306264
15857,-0.04907136753558923
15858,-0.04898526066357587
15859,-0.04889891205918649
15860,-0.048812322148534315
15861,-0.04872549135892252
15862,-0.048638420118844075
15863,-0.048551108857977435
15864,-0.04846355800718661
15865,-0.04837576799851681
15866,-0.04828773926519459
15867,-0.04819947224162341
15868,-0.04811096736338378
15869,-0.048022225067228856
15870,-0.04793324579108424
15871,-0.047844029974044994
15872,-0.04775457805637259
15873,-0.04766489047949477
15874,-0.04757496768600106
15875,-0.047484810119642853
15876,-0.04739441822532899
15877,-0.047303792449125796
15878,-0.047212933238252604
15879,-0.04712184104108159
15880,-0.04703051630713464
15881,-0.04693895948708031
15882,-0.04684717103273361
15883,-0.04675515139705146
15884,-0.04666290103413278
15885,-0.0465704203992139
15886,-0.046477709948668684
15887,-0.0463847701400039
15888,-0.04629160143185935
15889,-0.04619820428400321
15890,-0.04610457915733184
15891,-0.04601072651386667
15892,-0.04591664681675094
15893,-0.045822340530249576
15894,-0.045727808119744466
15895,-0.04563305005173458
15896,-0.04553806679383127
15897,-0.04544285881475833
15898,-0.04534742658434734
15899,-0.04525177057353738
15900,-0.04515589125437189
15901,-0.04505978909999532
15902,-0.04496346458465304
15903,-0.04486691818368649
15904,-0.04477015037353326
15905,-0.04467316163172238
15906,-0.044575952436874317
15907,-0.04447852326869622
15908,-0.044380874607981985
15909,-0.04428300693660744
15910,-0.04418492073753008
15911,-0.04408661649478584
15912,-0.043988094693485684
15913,-0.04388935581981544
15914,-0.043790400361030914
15915,-0.043691228805457935
15916,-0.0435918416424875
15917,-0.043492239362575826
15918,-0.043392422457239434
15919,-0.04329239141905492
15920,-0.0431921467416556
15921,-0.04309168891972808
15922,-0.04299101844901209
15923,-0.04289013582629543
15924,-0.04278904154941414
15925,-0.042687736117247424
15926,-0.04258622002971779
15927,-0.04248449378778601
15928,-0.04238255789345119
15929,-0.04228041284974576
15930,-0.04217805916073522
15931,-0.042075497331514694
15932,-0.04197272786820547
15933,-0.04186975127795474
15934,-0.04176656806893056
15935,-0.041663178750321904
15936,-0.04155958383233352
15937,-0.041455783826186095
15938,-0.04135177924411105
15939,-0.041247570599350664
15940,-0.04114315840615291
15941,-0.04103854317977122
15942,-0.04093372543646097
15943,-0.04082870569347589
15944,-0.04072348446906789
15945,-0.04061806228248182
15946,-0.04051243965395555
15947,-0.04040661710471477
15948,-0.04030059515697308
15949,-0.04019437433392673
15950,-0.04008795515975437
15951,-0.0399813381596135
15952,-0.039874523859636815
15953,-0.039767512786932004
15954,-0.03966030546957645
15955,-0.0395529024366173
15956,-0.03944530421806616
15957,-0.039337511344899226
15958,-0.03922952434905188
15959,-0.03912134376341883
15960,-0.03901297012184877
15961,-0.038904403959144074
15962,-0.0387956458110572
15963,-0.03868669621428697
15964,-0.038577555706478354
15965,-0.03846822482621703
15966,-0.03835870411302953
15967,-0.03824899410737778
15968,-0.03813909535065921
15969,-0.038029008385201304
15970,-0.03791873375426137
15971,-0.03780827200202282
15972,-0.037697623673591404
15973,-0.037586789314995
15974,-0.03747576947317808
15975,-0.03736456469600188
15976,-0.037253175532238815
15977,-0.03714160253157265
15978,-0.037029846244592914
15979,-0.036917907222795046
15980,-0.0368057860185748
15981,-0.03669348318522807
15982,-0.036580999276947024
15983,-0.03646833484881633
15984,-0.036355490456812925
15985,-0.03624246665780039
15986,-0.036129264009529094
15987,-0.036015883070630535
15988,-0.03590232440061748
15989,-0.03578858855987834
15990,-0.03567467610967689
15991,-0.03556058761214845
15992,-0.035446323630296
15993,-0.03533188472798997
15994,-0.0352172714699625
15995,-0.03510248442180765
15996,-0.03498752414997558
15997,-0.034872391221772776
15998,-0.034757086205356266
15999,-0.03464160966973378
16000,-0.03452596218475797
16001,-0.03441014432112622
16002,-0.034294156650376675
16003,-0.03417799974488434
16004,-0.03406167417786085
16005,-0.03394518052334866
16006,-0.03382851935622119
16007,-0.03371169125217702
16008,-0.03359469678773999
16009,-0.03347753654025345
16010,-0.03336021108787994
16011,-0.03324272100959726
16012,-0.0331250668851945
16013,-0.033007249295271775
16014,-0.032889268821234344
16015,-0.03277112604529281
16016,-0.03265282155045716
16017,-0.03253435592053697
16018,-0.03241572974013545
16019,-0.03229694359464963
16020,-0.0321779980702644
16021,-0.032058893753952294
16022,-0.031939631233469476
16023,-0.031820211097351635
16024,-0.031700633934913826
16025,-0.03158090033624443
16026,-0.03146101089220538
16027,-0.031340966194426105
16028,-0.031220766835303736
16029,-0.031100413407997088
16030,-0.030979906506426808
16031,-0.03085924672526936
16032,-0.030738434659956803
16033,-0.030617470906672686
16034,-0.030496356062347945
16035,-0.030375090724660676
16036,-0.030253675492030063
16037,-0.030132110963616565
16038,-0.03001039773931581
16039,-0.029888536419758787
16040,-0.02976652760630573
16041,-0.029644371901045897
16042,-0.029522069906793444
16043,-0.02939962222708324
16044,-0.029277029466170664
16045,-0.029154292229025464
16046,-0.02903141112133192
16047,-0.02890838674948272
16048,-0.028785219720579094
16049,-0.028661910642424692
16050,-0.028538460123525712
16051,-0.02841486877308477
16052,-0.02829113720100063
16053,-0.028167266017864026
16054,-0.02804325583495346
16055,-0.027919107264234952
16056,-0.027794820918355848
16057,-0.02767039741064498
16058,-0.027545837355106455
16059,-0.027421141366419807
16060,-0.027296310059933777
16061,-0.02717134405166607
16062,-0.02704624395829912
16063,-0.026921010397175843
16064,-0.02679564398629939
16065,-0.026670145344326896
16066,-0.026544515090569636
16067,-0.02641875384498676
16068,-0.02629286222818544
16069,-0.02616684086141459
16070,-0.026040690366565034
16071,-0.025914411366163195
16072,-0.025788004483370864
16073,-0.0256614703419809
16074,-0.025534809566412953
16075,-0.02540802278171319
16076,-0.025281110613548007
16077,-0.025154073688204145
16078,-0.025026912632582388
16079,-0.024899628074197697
16080,-0.024772220641172862
16081,-0.024644690962238265
16082,-0.024517039666727546
16083,-0.024389267384573265
16084,-0.024261374746306675
16085,-0.02413336238305131
16086,-0.024005230926523177
16087,-0.023876981009024332
16088,-0.023748613263443054
16089,-0.02362012832324745
16090,-0.023491526822485585
16091,-0.023362809395779095
16092,-0.023233976678322915
16093,-0.02310502930588092
16094,-0.022975967914781546
16095,-0.022846793141917537
16096,-0.02271750562473951
16097,-0.022588106001256086
16098,-0.02245859491002748
16099,-0.022328972990165608
16100,-0.022199240881327666
16101,-0.022069399223715837
16102,-0.021939448658072923
16103,-0.021809389825677906
16104,-0.02167922336834571
16105,-0.021548949928420703
16106,-0.02141857014877685
16107,-0.021288084672811222
16108,-0.021157494144444147
16109,-0.02102679920811269
16110,-0.020896000508770822
16111,-0.020765098691882897
16112,-0.02063409440342338
16113,-0.02050298828987242
16114,-0.020371780998211388
16115,-0.020240473175922633
16116,-0.020109065470982915
16117,-0.01997755853186358
16118,-0.019845953007524
16119,-0.019714249547411713
16120,-0.01958244880145588
16121,-0.019450551420067425
16122,-0.019318558054132462
16123,-0.01918646935501204
16124,-0.01905428597453766
16125,-0.018922008565006775
16126,-0.01878963777918256
16127,-0.01865717427028728
16128,-0.01852461869200247
16129,-0.01839197169846231
16130,-0.01825923394425379
16131,-0.018126406084410095
16132,-0.01799348877441033
16133,-0.017860482670175027
16134,-0.017727388428061614
16135,-0.017594206704864168
16136,-0.017460938157806766
16137,-0.01732758344454365
16138,-0.01719414322315256
16139,-0.017060618152134915
16140,-0.016927008890409146
16141,-0.016793316097310843
16142,-0.01665954043258611
16143,-0.01652568255639128
16144,-0.016391743129288393
16145,-0.016257722812240635
16146,-0.016123622266612077
16147,-0.015989442154160996
16148,-0.015855183137040027
16149,-0.015720845877789467
16150,-0.015586431039337439
16151,-0.015451939284993185
16152,-0.015317371278446804
16153,-0.015182727683764682
16154,-0.015048009165384926
16155,-0.014913216388117097
16156,-0.014778350017135492
16157,-0.014643410717979295
16158,-0.014508399156545851
16159,-0.014373315999090839
16160,-0.014238161912221511
16161,-0.01410293756289688
16162,-0.013967643618420955
16163,-0.013832280746442481
16164,-0.013696849614950348
16165,-0.013561350892268995
16166,-0.013425785247058139
16167,-0.013290153348306015
16168,-0.01315445586532954
16169,-0.013018693467767541
16170,-0.012882866825580921
16171,-0.01274697660904588
16172,-0.012611023488753648
16173,-0.012475008135605873
16174,-0.012338931220810003
16175,-0.012202793415879026
16176,-0.012066595392624661
16177,-0.011930337823157541
16178,-0.011794021379880403
16179,-0.011657646735488258
16180,-0.011521214562961582
16181,-0.011384725535566487
16182,-0.011248180326847905
16183,-0.011111579610629323
16184,-0.010974924061008149
16185,-0.010838214352351064
16186,-0.01070145115929377
16187,-0.01056463515673415
16188,-0.010427767019832439
16189,-0.0102908474240044
16190,-0.010153877044921484
16191,-0.010016856558503992
16192,-0.009879786640920814
16193,-0.009742667968584768
16194,-0.009605501218147957
16195,-0.009468287066501489
16196,-0.009331026190768634
16197,-0.009193719268304994
16198,-0.009056366976691644
16199,-0.008918969993735301
16200,-0.008781528997461475
16201,-0.00864404466611462
16202,-0.00850651767815129
16203,-0.008368948712239858
16204,-0.008231338447255848
16205,-0.008093687562277265
16206,-0.007955996736584333
16207,-0.007818266649652607
16208,-0.007680497981153152
16209,-0.007542691410945666
16210,-0.007404847619078643
16211,-0.0072669672857824975
16212,-0.007129051091469732
16213,-0.00699109971672805
16214,-0.00685311384232009
16215,-0.006715094149178735
16216,-0.006577041318402438
16217,-0.0064389560312549405
16218,-0.006300838969158386
16219,-0.006162690813693488
16220,-0.006024512246592629
16221,-0.005886303949740039
16222,-0.0057480666051648865
16223,-0.005609800895041013
16224,-0.005471507501682239
16225,-0.005333187107537666
16226,-0.005194840395191412
16227,-0.005056468047355698
16228,-0.004918070746871022
16229,-0.004779649176699247
16230,-0.004641204019923775
16231,-0.004502735959742628
16232,-0.004364245679468628
16233,-0.004225733862522474
16234,-0.004087201192432472
16235,-0.003948648352829838
16236,-0.0038100760274439867
16237,-0.0036714849001022675
16238,-0.0035328756547230384
16239,-0.0033942489753158406
16240,-0.003255605545974475
16241,-0.0031169460508771733
16242,-0.0029782711742796755
16243,-0.0028395816005149558
16244,-0.0027008780139885164
16245,-0.002562161099173679
16246,-0.002423431540611312
16247,-0.0022846900229029033
16248,-0.002145937230710732
16249,-0.0020071738487509394
16250,-0.0018684005617937002
16251,-0.0017296180546562932
16252,-0.0015908270122032718
16253,-0.0014520281193395345
16254,-0.0013132220610100516
16255,-0.0011744095221951534
16256,-0.001035591187905818
16257,-0.0008967677431833997
16258,-0.0007579398730926948
16259,-0.0006191082627221146
16260,-0.0004802735971767516
16261,-0.0003414365615785511
16262,-0.00020259784105937793
16263,-6.375812076074392e-05
16264,7.508191417090538e-05
16265,0.00021392157858890408
16266,0.0003527601873466383
16267,0.00049159705530448
16268,0.0006304314973296154
16269,0.0007692628283029782
16270,0.0009080903631190788
16271,0.0010469134166929365
16272,0.0011857313039599087
16273,0.0013245433398826236
16274,0.0014633488394512528
16275,0.0016021471176882233
16276,0.0017409374896529292
16277,0.001879719270442006
16278,0.0020184917751962595
16279,0.0021572543191004955
16280,0.0022960062173904504
16281,0.0024347467853526195
16282,0.0025734753383311847
16283,0.0027121911917282896
16284,0.0028508936610087475
16285,0.0029895820617047496
16286,0.00312825570941614
16287,0.003266913919817338
16288,0.0034055560086571706
16289,0.0035441812917657947
16290,0.0036827890850545256
16291,0.003821378704522762
16292,0.0039599494662578135
16293,0.00409850068644182
16294,0.004237031681352028
16295,0.00437554176736549
16296,0.004514030260963769
16297,0.004652496478733212
16298,0.004790939737371861
16299,0.004929359353689287
16300,0.005067754644613505
16301,0.005206124927190795
16302,0.005344469518592622
16303,0.005482787736115461
16304,0.005621078897187707
16305,0.005759342319369944
16306,0.0058975773203596435
16307,0.006035783217995856
16308,0.006173959330259484
16309,0.00631210497528018
16310,0.006450219471336182
16311,0.006588302136861206
16312,0.006726352290444281
16313,0.00686436925083664
16314,0.007002352336951995
16315,0.007140300867871219
16316,0.007278214162847034
16317,0.007416091541304277
16318,0.007553932322846793
16319,0.007691735827257259
16320,0.007829501374504071
16321,0.007967228284741175
16322,0.00810491587831494
16323,0.008242563475764002
16324,0.008380170397826124
16325,0.00851773596543847
16326,0.008655259499742293
16327,0.008792740322087577
16328,0.008930177754033333
16329,0.009067571117354446
16330,0.009204919734041514
16331,0.009342222926307714
16332,0.009479480016588618
16333,0.009616690327549065
16334,0.00975385318208342
16335,0.009890967903320237
16336,0.010028033814626913
16337,0.01016505023960996
16338,0.01030201650212185
16339,0.010438931926260837
16340,0.010575795836377811
16341,0.01071260755707612
16342,0.010849366413218405
16343,0.010986071729926435
16344,0.011122722832587934
16345,0.011259319046856852
16346,0.011395859698657997
16347,0.01153234411419168
16348,0.011668771619933984
16349,0.011805141542643569
16350,0.011941453209361514
16351,0.012077705947418124
16352,0.012213899084432763
16353,0.012350031948320654
16354,0.01248610386729315
16355,0.012622114169862357
16356,0.012758062184845745
16357,0.01289394724136643
16358,0.013029768668859947
16359,0.01316552579707409
16360,0.0133012179560757
16361,0.013436844476250483
16362,0.013572404688309803
16363,0.0137078979232905
16364,0.01384332351256167
16365,0.013978680787824925
16366,0.014113969081118997
16367,0.014249187724824324
16368,0.01438433605166332
16369,0.014519413394707132
16370,0.014654419087375466
16371,0.014789352463443338
16372,0.014924212857040904
16373,0.015058999602660198
16374,0.0151937120351554
16375,0.015328349489747409
16376,0.01546291130202842
16377,0.015597396807962184
16378,0.015731805343890726
16379,0.015866136246534192
16380,0.016000388852997535
16381,0.016134562500770385
16382,0.01626865652773372
16383,0.016402670272159723
16384,0.016536603072718464
16385,0.01667045426847817
16386,0.016804223198909778
16387,0.016937909203891467
16388,0.017071511623708922
16389,0.017205029799062018
16390,0.017338463071064653
16391,0.017471810781251408
16392,0.01760507227157739
16393,0.017738246884424887
16394,0.017871333962603212
16395,0.01800433284935534
16396,0.018137242888358183
16397,0.018270063423727088
16398,0.018402793800020373
16399,0.018535433362239565
16400,0.01866798145583604
16401,0.018800437426710854
16402,0.01893280062122137
16403,0.01906507038618109
16404,0.019197246068866258
16405,0.019329327017016135
16406,0.01946131257883747
16407,0.019593202103008998
16408,0.019724994938681687
16409,0.01985669043548533
16410,0.01998828794352839
16411,0.020119786813404563
16412,0.020251186396192618
16413,0.02038248604346297
16414,0.02051368510727752
16415,0.020644782940196203
16416,0.02077577889527725
16417,0.02090667232608164
16418,0.02103746258667754
16419,0.021168149031640576
16420,0.02129873101606035
16421,0.02142920789554028
16422,0.02155957902620414
16423,0.02168984376469587
16424,0.021820001468186107
16425,0.02195005149437243
16426,0.022079993201483798
16427,0.022209825948284932
16428,0.0223395490940766
16429,0.022469161998702088
16430,0.022598664022547035
16431,0.02272805452654592
16432,0.02285733287218188
16433,0.022986498421493206
16434,0.023115550537073145
16435,0.023244488582076377
16436,0.02337331192021926
16437,0.0235020199157842
16438,0.023630611933624042
16439,0.0237590873391623
16440,0.0238874454983996
16441,0.024015685777913506
16442,0.024143807544864938
16443,0.024271810166998014
16444,0.024399693012646443
16445,0.02452745545073378
16446,0.024655096850777766
16447,0.024782616582894663
16448,0.02491001401779952
16449,0.025037288526812515
16450,0.025164439481858817
16451,0.025291466255474935
16452,0.025418368220808563
16453,0.02554514475162492
16454,0.025671795222306604
16455,0.02579831900785991
16456,0.025924715483915086
16457,0.02605098402673062
16458,0.026177124013197543
16459,0.026303134820839676
16460,0.026429015827819917
16461,0.026554766412940092
16462,0.026680385955647243
16463,0.02680587383603348
16464,0.026931229434842233
16465,0.02705645213346852
16466,0.027181541313963192
16467,0.027306496359037192
16468,0.027431316652061787
16469,0.027556001577074815
16470,0.02768055051878054
16471,0.027804962862555866
16472,0.02792923799445018
16473,0.028053375301191587
16474,0.028177374170186734
16475,0.028301233989527018
16476,0.028424954147988832
16477,0.02854853403503776
16478,0.028671973040832795
16479,0.02879527055622656
16480,0.02891842597277149
16481,0.02904143868271967
16482,0.029164308079028978
16483,0.029287033555362964
16484,0.029409614506096953
16485,0.0295320503263179
16486,0.02965434041183053
16487,0.02977648415915755
16488,0.02989848096554383
16489,0.030020330228960532
16490,0.03014203134810535
16491,0.030263583722408595
16492,0.030384986752033057
16493,0.03050623983788006
16494,0.030627342381589318
16495,0.03074829378554499
16496,0.03086909345287592
16497,0.03098974078745974
16498,0.03111023519392698
16499,0.031230576077661276
16500,0.03135076284480543
16501,0.031470794902261234
16502,0.03159067165769547
16503,0.031710392519539776
16504,0.03182995689699662
16505,0.031949364200039174
16506,0.032068613839417254
16507,0.032187705226657565
16508,0.03230663777406777
16509,0.0324254108947405
16510,0.03254402400255363
16511,0.03266247651217616
16512,0.032780767839068095
16513,0.03289889739948637
16514,0.0330168646104847
16515,0.033134668889919436
16516,0.03325230965644987
16517,0.03336978632954218
16518,0.03348709832947344
16519,0.03360424507733186
16520,0.03372122599502263
16521,0.03383804050526777
16522,0.03395468803161201
16523,0.03407116799842258
16524,0.0341874798308951
16525,0.034303622955053424
16526,0.03441959679775539
16527,0.03453540078669313
16528,0.03465103435039696
16529,0.034766496918239305
16530,0.03488178792043497
16531,0.03499690678804686
16532,0.03511185295298584
16533,0.03522662584801654
16534,0.03534122490675715
16535,0.03545564956368516
16536,0.03556989925413762
16537,0.035683973414315
16538,0.03579787148128507
16539,0.035911592892983124
16540,0.03602513708821767
16541,0.03613850350667029
16542,0.03625169158890132
16543,0.036364700776349686
16544,0.03647753051133858
16545,0.036590180237075304
16546,0.03670264939765692
16547,0.03681493743807045
16548,0.036927043804196716
16549,0.037038967942814145
16550,0.037150709301598986
16551,0.03726226732913089
16552,0.037373641474892805
16553,0.037484831189276493
16554,0.037595835923582455
16555,0.03770665513002543
16556,0.03781728826173464
16557,0.03792773477275756
16558,0.03803799411806364
16559,0.038148065753544576
16560,0.03825794913601975
16561,0.038367643723236144
16562,0.03847714897387382
16563,0.03858646434754574
16564,0.03869558930480332
16565,0.0388045233071362
16566,0.038913265816977766
16567,0.03902181629770533
16568,0.03913017421364383
16569,0.039238339030069506
16570,0.039346310213210126
16571,0.03945408723025038
16572,0.039561669549331754
16573,0.039669056639557894
16574,0.03977624797099451
16575,0.03988324301467468
16576,0.03999004124259877
16577,0.04009664212773978
16578,0.04020304514404349
16579,0.04030924976643217
16580,0.040415255470808105
16581,0.04052106173405386
16582,0.04062666803403756
16583,0.04073207384961274
16584,0.040837278660623665
16585,0.040942281947905126
16586,0.04104708319328778
16587,0.041151681879598286
16588,0.0412560774906629
16589,0.041360269511311026
16590,0.041464257427375396
16591,0.041568040725697294
16592,0.041671618894126426
16593,0.04177499142152609
16594,0.04187815779777306
16595,0.04198111751376276
16596,0.04208387006140911
16597,0.04218641493364967
16598,0.04228875162444586
16599,0.042390879628786446
16600,0.04249279844269099
16601,0.04259450756321005
16602,0.042696006488430305
16603,0.042797294717474385
16604,0.04289837175050597
16605,0.042999237088729644
16606,0.04309989023439598
16607,0.043200330690801675
16608,0.04330055796229304
16609,0.04340057155426935
16610,0.04350037097318308
16611,0.04359995572654486
16612,0.04369932532292341
16613,0.04379847927195045
16614,0.043897417084320614
16615,0.04399613827179641
16616,0.04409464234720806
16617,0.04419292882445845
16618,0.04429099721852335
16619,0.04438884704545471
16620,0.044486477822384005
16621,0.04458388906752242
16622,0.04468108030016576
16623,0.04477805104069426
16624,0.04487480081057752
16625,0.04497132913237433
16626,0.04506763552973752
16627,0.04516371952741414
16628,0.04525958065124875
16629,0.045355218428186655
16630,0.04545063238627412
16631,0.04554582205466313
16632,0.045640786963611256
16633,0.04573552664448646
16634,0.04583004062976693
16635,0.045924328453045817
16636,0.04601838964903115
16637,0.046112223753550494
16638,0.04620583030355119
16639,0.04629920883710349
16640,0.0463923588934038
16641,0.04648528001277477
16642,0.04657797173667003
16643,0.04667043360767404
16644,0.04676266516950671
16645,0.046854665967023305
16646,0.04694643554621905
16647,0.04703797345422929
16648,0.04712927923933263
16649,0.04722035245095404
16650,0.04731119263966501
16651,0.047401799357188114
16652,0.047492172156396915
16653,0.04758231059132047
16654,0.047672214217143204
16655,0.04776188259020945
16656,0.047851315268023296
16657,0.047940511809253114
16658,0.04802947177373168
16659,0.048118194722459234
16660,0.0482066802176065
16661,0.04829492782251485
16662,0.04838293710170072
16663,0.04847070762085553
16664,0.048558238946850026
16665,0.04864553064773423
16666,0.04873258229274176
16667,0.04881939345228977
16668,0.04890596369798326
16669,0.04899229260261525
16670,0.04907837974016976
16671,0.04916422468582467
16672,0.04924982701595195
16673,0.04933518630812194
16674,0.0494203021411032
16675,0.049505174094866815
16676,0.04958980175058628
16677,0.049674184690641734
16678,0.04975832249862013
16679,0.04984221475931809
16680,0.049925861058744775
16681,0.05000926098412204
16682,0.05009241412388862
16683,0.05017532006770002
16684,0.050257978406432674
16685,0.05034038873218382
16686,0.05042255063827566
16687,0.05050446371925525
16688,0.05058612757089859
16689,0.05066754179021078
16690,0.050748705975428826
16691,0.050829619726024365
16692,0.050910282642703863
16693,0.0509906943274126
16694,0.05107085438333465
16695,0.0511507624148968
16696,0.051230418027768544
16697,0.051309820828866017
16698,0.051388970426352154
16699,0.05146786642963942
16700,0.05154650844939247
16701,0.051624896097528294
16702,0.05170302898722017
16703,0.051780906732897564
16704,0.051858528950250005
16705,0.05193589525622702
16706,0.052013005269042
16707,0.05208985860817209
16708,0.05216645489436208
16709,0.05224279374962449
16710,0.052318874797242246
16711,0.05239469766177121
16712,0.052470261969040366
16713,0.05254556734615559
16714,0.052620613421499554
16715,0.05269539982473551
16716,0.05276992618680717
16717,0.052844192139942445
16718,0.05291819731765361
16719,0.05299194135473982
16720,0.053065423887289596
16721,0.053138644552681
16722,0.05321160298958529
16723,0.05328429883796685
16724,0.05335673173908679
16725,0.0534289013355029
16726,0.053500807271073245
16727,0.053572449190956085
16728,0.053643826741613464
16729,0.053714939570811346
16730,0.05378578732762204
16731,0.05385636966242662
16732,0.05392668622691505
16733,0.053996736674089725
16734,0.054066520658265387
16735,0.054136037835072585
16736,0.05420528786145765
16737,0.054274270395686115
16738,0.05434298509734287
16739,0.054411431627334514
16740,0.054479609647891676
16741,0.054547518822569134
16742,0.05461515881624927
16743,0.054682529295141905
16744,0.05474962992678778
16745,0.05481646038005837
16746,0.05488302032515931
16747,0.05494930943363027
16748,0.05501532737834832
16749,0.05508107383352799
16750,0.055146548474723604
16751,0.05521175097883142
16752,0.05527668102408983
16753,0.05534133829008258
16754,0.0554057224577387
16755,0.05546983320933571
16756,0.0555336702284996
16757,0.055597233200207964
16758,0.055660521810789954
16759,0.05572353574792945
16760,0.0557862747006652
16761,0.05584873835939292
16762,0.055910926415867465
16763,0.055972838563202926
16764,0.056034474495875744
16765,0.05609583390972464
16766,0.05615691650195368
16767,0.05621772197113221
16768,0.05627825001719789
16769,0.05633850034145685
16770,0.056398472646585686
16771,0.05645816663663357
16772,0.056517582017022325
16773,0.05657671849454942
16774,0.05663557577738789
16775,0.0566941535750893
16776,0.056752451598583664
16777,0.056810469560182375
16778,0.056868207173578135
16779,0.05692566415384783
16780,0.05698284021745268
16781,0.057039735082240174
16782,0.05709634846744598
16783,0.05715268009369413
16784,0.05720872968299976
16785,0.057264496958769104
16786,0.057319981645802265
16787,0.05737518347029316
16788,0.05743010215983227
16789,0.05748473744340678
16790,0.0575390890514024
16791,0.05759315671560527
16792,0.057646940169202035
16793,0.057700439146782544
16794,0.057753653384339805
16795,0.05780658261927262
16796,0.057859226590385573
16797,0.05791158503789162
16798,0.05796365770341206
16799,0.05801544432997911
16800,0.05806694466203608
16801,0.058118158445439036
16802,0.05816908542745863
16803,0.05821972535678017
16804,0.05827007798350613
16805,0.058320143059156136
16806,0.05836992033666947
16807,0.05841940957040499
16808,0.058468610516143646
16809,0.05851752293108852
16810,0.05856614657386657
16811,0.05861448120453025
16812,0.05866252658455758
16813,0.058710282476854635
16814,0.05875774864575541
16815,0.058804924857024245
16816,0.05885181087785575
16817,0.058898406476877184
16818,0.05894471142414836
16819,0.058990725491164006
16820,0.05903644845085385
16821,0.05908188007758416
16822,0.05912702014715931
16823,0.05917186843682189
16824,0.059216424725254915
16825,0.05926068879258182
16826,0.059304660420368645
16827,0.059348339391624
16828,0.059391725490801246
16829,0.05943481850379861
16830,0.059477618217960625
16831,0.05952012442207962
16832,0.059562336906395785
16833,0.05960425546259929
16834,0.05964587988383025
16835,0.059687209964680826
16836,0.05972824550119513
16837,0.059768986290871344
16838,0.05980943213266163
16839,0.05984958282697417
16840,0.05988943817567327
16841,0.0599289979820807
16842,0.05996826205097704
16843,0.06000723018860181
16844,0.060045902202655335
16845,0.0600842779022988
16846,0.0601223570981561
16847,0.06016013960231386
16848,0.06019762522832329
16849,0.06023481379120014
16850,0.0602717051074266
16851,0.06030829899495134
16852,0.06034459527319081
16853,0.06038059376303043
16854,0.06041629428682468
16855,0.06045169666839891
16856,0.06048680073304929
16857,0.060521606307544565
16858,0.06055611322012602
16859,0.06059032130050924
16860,0.06062423037988413
16861,0.06065784029091612
16862,0.06069115086774731
16863,0.060724161945996495
16864,0.06075687336276088
16865,0.06078928495661602
16866,0.06082139656761745
16867,0.06085320803730064
16868,0.06088471920868261
16869,0.06091592992626189
16870,0.06094684003602008
16871,0.06097744938542193
16872,0.06100775782341638
16873,0.061037765200437605
16874,0.061067471368405055
16875,0.06109687618072498
16876,0.06112597949229038
16877,0.06115478115948246
16878,0.06118328104017063
16879,0.061211478993713916
16880,0.061239374880961005
16881,0.06126696856425124
16882,0.06129425990741555
16883,0.061321248775776466
16884,0.06134793503614956
16885,0.06137431855684335
16886,0.061400399207660654
16887,0.06142617685989855
16888,0.06145165138634969
16889,0.06147682266130227
16890,0.06150169056054129
16891,0.0615262549613486
16892,0.06155051574250377
16893,0.06157447278428488
16894,0.06159812596846862
16895,0.06162147517833146
16896,0.0616445202986496
16897,0.06166726121570017
16898,0.06168969781726119
16899,0.0617118299926127
16900,0.06173365763253682
16901,0.061755180629318465
16902,0.061776398876746144
16903,0.06179731227011194
16904,0.06181792070621262
16905,0.061838224083349574
16906,0.06185822230132986
16907,0.06187791526146619
16908,0.061897302866577894
16909,0.061916385020990936
16910,0.06193516163053886
16911,0.061953632602562814
16912,0.06197179784591223
16913,0.061989657270945416
16914,0.062007210789529595
16915,0.0620244583150418
16916,0.06204139976236888
16917,0.06205803504790831
16918,0.0620743640895682
16919,0.062090386806768136
16920,0.06210610312043915
16921,0.06212151295302448
16922,0.06213661622847969
16923,0.0621514128722731
16924,0.062165902811386356
16925,0.062180085974314445
16926,0.0621939622910664
16927,0.06220753169316532
16928,0.062220794113649024
16929,0.06223374948707006
16930,0.06224639774949637
16931,0.06225873883851127
16932,0.06227077269321395
16933,0.06228249925421983
16934,0.06229391846366064
16935,0.06230503026518495
16936,0.06231583460395819
16937,0.062326331426663203
16938,0.06233652068150021
16939,0.062346402318187374
16940,0.06235597628796073
16941,0.06236524254357475
16942,0.062374201039302295
16943,0.06238285173093496
16944,0.06239119457578339
16945,0.062399229532677285
16946,0.062406956561965786
16947,0.06241437562551753
16948,0.06242148668672097
16949,0.06242828971048442
16950,0.06243478466323637
16951,0.06244097151292552
16952,0.06244685022902099
16953,0.062452420782512535
16954,0.062457683145910575
16955,0.06246263729324644
16956,0.06246728320007238
16957,0.062471620843461806
16958,0.0624756502020093
16959,0.06247937125583082
16960,0.062482783986563685
16961,0.06248588837736679
16962,0.06248868441292057
16963,0.06249117207942714
16964,0.062493351364610414
16965,0.06249522225771602
16966,0.06249678474951149
16967,0.06249803883228624
16968,0.06249898449985163
16969,0.062499621747540986
16970,0.062499950572209605
16971,0.062499970972234815
16972,0.06249968294751594
16973,0.062499086499474325
16974,0.06249818163105332
16975,0.06249696834671827
16976,0.062495446652456495
16977,0.06249361655577723
16978,0.062491478065711654
16979,0.06248903119281277
16980,0.062486275949155415
16981,0.06248321234833614
16982,0.062479840405473205
16983,0.06247616013720649
16984,0.06247217156169734
16985,0.062467874698628606
16986,0.0624632695692044
16987,0.06245835619615015
16988,0.062453134603712324
16989,0.06244760481765845
16990,0.06244176686527689
16991,0.06243562077537677
16992,0.06242916657828781
16993,0.06242240430586015
16994,0.06241533399146427
16995,0.06240795566999071
16996,0.06240026937785003
16997,0.0623922751529725
16998,0.06238397303480804
16999,0.06237536306432589
17000,0.062366445284014554
17001,0.062357219737881435
17002,0.06234768647145277
17003,0.06233784553177333
17004,0.06232769696740611
17005,0.062317240828432284
17006,0.06230647716645072
17007,0.062295406034578005
17008,0.062284027487447845
17009,0.062272341581211164
17010,0.062260348373535467
17011,0.0622480479236049
17012,0.06223544029211961
17013,0.062222525541295766
17014,0.062209303734865086
17015,0.06219577493807444
17016,0.0621819392176858
17017,0.06216779664197556
17018,0.062153347280734565
17019,0.062138591205267414
17020,0.06212352848839244
17021,0.06210815920444104
17022,0.06209248342925755
17023,0.06207650124019882
17024,0.06206021271613363
17025,0.06204361793744266
17026,0.06202671698601768
17027,0.062009509945261596
17028,0.06199199690008756
17029,0.06197417793691904
17030,0.0619560531436889
17031,0.06193762260983945
17032,0.06191888642632155
17033,0.06189984468559453
17034,0.0618804974816256
17035,0.0618608449098892
17036,0.061840887067366915
17037,0.06182062405254655
17038,0.061800055965422124
17039,0.06177918290749286
17040,0.061758004981763225
17041,0.06173652229274187
17042,0.06171473494644159
17043,0.06169264305037863
17044,0.06167024671357189
17045,0.06164754604654291
17046,0.061624541161314765
17047,0.061601232171412064
17048,0.06157761919185981
17049,0.06155370233918346
17050,0.061529481731407695
17051,0.061504957488056476
17052,0.06148012973015185
17053,0.06145499858021386
17054,0.06142956416225974
17055,0.06140382660180305
17056,0.061377786025853635
17057,0.061351442562916296
17058,0.06132479634299088
17059,0.06129784749757094
17060,0.06127059615964376
17061,0.061243042463689015
17062,0.06121518654567872
17063,0.06118702854307631
17064,0.06115856859483566
17065,0.061129806841401055
17066,0.06110074342470575
17067,0.06107137848817203
17068,0.06104171217670976
17069,0.061011744636716374
17070,0.060981476016075446
17071,0.0609509064641567
17072,0.060920036131814514
17073,0.060888865171387856
17074,0.060857393736699204
17075,0.06082562198305356
17076,0.0607935500672383
17077,0.06076117814752166
17078,0.06072850638365274
17079,0.0606955349368599
17080,0.06066226396985076
17081,0.060628693646810644
17082,0.06059482413340241
17083,0.06056065559676539
17084,0.0605261882055142
17085,0.06049142212973867
17086,0.060456357541002155
17087,0.060420994612341544
17088,0.060385333518265534
17089,0.060349374434754646
17090,0.06031311753925948
17091,0.06027656301070072
17092,0.06023971102946737
17093,0.06020256177741662
17094,0.06016511543787266
17095,0.060127372195625375
17096,0.0600893322369303
17097,0.0600509957495067
17098,0.06001236292253766
17099,0.059973433946668125
17100,0.059934209014004994
17101,0.05989468831811514
17102,0.059854872054025475
17103,0.05981476041822097
17104,0.05977435360864459
17105,0.0597336518246959
17106,0.05969265526722974
17107,0.059651364138556116
17108,0.05960977864243814
17109,0.05956789898409211
17110,0.059525725370185426
17111,0.05948325800883663
17112,0.059440497109613306
17113,0.059397442883532
17114,0.05935409554305677
17115,0.05931045530209771
17116,0.0592665223760109
17117,0.05922229698159615
17118,0.059177779337097176
17119,0.05913296966219926
17120,0.0590878681780294
17121,0.059042475107154026
17122,0.05899679067357908
17123,0.05895081510274773
17124,0.058904548621540286
17125,0.058857991458272634
17126,0.05881114384269469
17127,0.058764006005990285
17128,0.058716578180774824
17129,0.05866886060109536
17130,0.05862085350242821
17131,0.05857255712167903
17132,0.058523971697180405
17133,0.05847509746869175
17134,0.05842593467739768
17135,0.05837648356590632
17136,0.05832674437824927
17137,0.05827671735987904
17138,0.05822640275766921
17139,0.058175800819911846
17140,0.05812491179631764
17141,0.05807373593801332
17142,0.05802227349754175
17143,0.05797052472885936
17144,0.057918489887336035
17145,0.0578661692297534
17146,0.057813563014302995
17147,0.05776067150058622
17148,0.05770749494961168
17149,0.05765403362379526
17150,0.057600287786957485
17151,0.05754625770432354
17152,0.05749194364252065
17153,0.05743734586957792
17154,0.0573824646549245
17155,0.057327300269387774
17156,0.0572718529851932
17157,0.057216123075961585
17158,0.057160110816709145
17159,0.0571038164838447
17160,0.0570472403551698
17161,0.05699038270987585
17162,0.056933243828544235
17163,0.05687582399314342
17164,0.056818123487028895
17165,0.05676014259494119
17166,0.05670188160300396
17167,0.056643340798723796
17168,0.05658452047098738
17169,0.05652542091006154
17170,0.0564660424075903
17171,0.05640638525659498
17172,0.056346449751471184
17173,0.05628623618798873
17174,0.0562257448632896
17175,0.056164976075885886
17176,0.05610393012565967
17177,0.05604260731386003
17178,0.05598100794310303
17179,0.05591913231736876
17180,0.055856980742001336
17181,0.05579455352370584
17182,0.0557318509705484
17183,0.055668873391953054
17184,0.05560562109870165
17185,0.055542094402931695
17186,0.05547829361813421
17187,0.055414219059153585
17188,0.055349871042184445
17189,0.05528524988477167
17190,0.05522035590580722
17191,0.05515518942553021
17192,0.05508975076552363
17193,0.055024040248714504
17194,0.05495805819937054
17195,0.054891804943100045
17196,0.05482528080684969
17197,0.05475848611890222
17198,0.05469142120887639
17199,0.05462408640772356
17200,0.054556482047727804
17201,0.05448860846250258
17202,0.05442046598699076
17203,0.054352054957461274
17204,0.05428337571150896
17205,0.05421442858805227
17206,0.05414521392733089
17207,0.05407573207090566
17208,0.05400598336165506
17209,0.053935968143775354
17210,0.05386568676277706
17211,0.05379513956548506
17212,0.053724326900035084
17213,0.0536532491158738
17214,0.05358190656375527
17215,0.05351029959574082
17216,0.05343842856519663
17217,0.05336629382679125
17218,0.05329389573649553
17219,0.053221234651578984
17220,0.05314831093060984
17221,0.05307512493345151
17222,0.053001677021262565
17223,0.05292796755649317
17224,0.052853996902884885
17225,0.05277976542546821
17226,0.05270527349056002
17227,0.05263052146576346
17228,0.052555509719964213
17229,0.05248023862333058
17230,0.05240470854730976
17231,0.05232891986462791
17232,0.052252872949286405
17233,0.05217656817656191
17234,0.052100005923002596
17235,0.05202318656642797
17236,0.05194611048592632
17237,0.05186877806185203
17238,0.051791189675825515
17239,0.0517133457107293
17240,0.051635246550708155
17241,0.051556892581165165
17242,0.05147828418876186
17243,0.051399421761414286
17244,0.051320305688292864
17245,0.0512409363598197
17246,0.05116131416766591
17247,0.05108143950475145
17248,0.05100131276524115
17249,0.05092093434454482
17250,0.050840304639313216
17251,0.05075942404743819
17252,0.05067829296804863
17253,0.05059691180151054
17254,0.05051528094942305
17255,0.050433400814618196
17256,0.05035127180115818
17257,0.05026889431433259
17258,0.050186268760658216
17259,0.050103395547874977
17260,0.05002027508494597
17261,0.04993690778205338
17262,0.049853294050598566
17263,0.04976943430319787
17264,0.049685328953682495
17265,0.04960097841709564
17266,0.049516383109689636
17267,0.0494315434489258
17268,0.04934645985347019
17269,0.04926113274319373
17270,0.04917556253916794
17271,0.04908974966366505
17272,0.04900369454015375
17273,0.048917397593299244
17274,0.048830859248959003
17275,0.04874407993418257
17276,0.04865706007720862
17277,0.04856980010746205
17278,0.04848230045555374
17279,0.04839456155327627
17280,0.048306583833603964
17281,0.048218367730688556
17282,0.04812991367985928
17283,0.04804122211761846
17284,0.04795229348164162
17285,0.04786312821077307
17286,0.04777372674502571
17287,0.04768408952557802
17288,0.04759421699477101
17289,0.04750410959610806
17290,0.04741376777425043
17291,0.04732319197501735
17292,0.04723238264538153
17293,0.04714134023346927
17294,0.047050065188555916
17295,0.04695855796106569
17296,0.04686681900256858
17297,0.04677484876577726
17298,0.04668264770454686
17299,0.04659021627387043
17300,0.04649755492987902
17301,0.04640466412983706
17302,0.04631154433214252
17303,0.04621819599632219
17304,0.04612461958303187
17305,0.04603081555405169
17306,0.04593678437228589
17307,0.045842526501759684
17308,0.045748042407616034
17309,0.04565333255611549
17310,0.04555839741463144
17311,0.04546323745165027
17312,0.04536785313676657
17313,0.045272244940683305
17314,0.045176413335207014
17315,0.045080358793247635
17316,0.04498408178881526
17317,0.04488758279701686
17318,0.0447908622940561
17319,0.04469392075722853
17320,0.04459675866492169
17321,0.044499376496610274
17322,0.04440177473285625
17323,0.04430395385530401
17324,0.04420591434668047
17325,0.044107656690790184
17326,0.04400918137251517
17327,0.043910488877811585
17328,0.04381157969370632
17329,0.04371245430829688
17330,0.0436131132107464
17331,0.0435135568912838
17332,0.04341378584119877
17333,0.04331380055284195
17334,0.04321360151961993
17335,0.04311318923599503
17336,0.04301256419748193
17337,0.04291172690064425
17338,0.04281067784309434
17339,0.042709417523488266
17340,0.042607946441525914
17341,0.042506265097945944
17342,0.04240437399452592
17343,0.04230227363407723
17344,0.0421999645204452
17345,0.042097447158504
17346,0.04199472205415645
17347,0.04189178971433054
17348,0.04178865064697594
17349,0.04168530536106379
17350,0.04158175436658156
17351,0.041477998174533175
17352,0.04137403729693384
17353,0.041269872246810176
17354,0.04116550353819501
17355,0.04106093168612719
17356,0.040956157206648046
17357,0.040851180616797815
17358,0.04074600243461546
17359,0.040640623179133396
17360,0.04053504337037768
17361,0.04042926352936267
17362,0.04032328417809122
17363,0.040217105839549364
17364,0.04011072903770645
17365,0.04000415429750984
17366,0.03989738214488473
17367,0.039790413106730475
17368,0.039683247710917004
17369,0.039575886486284614
17370,0.0394683299626386
17371,0.03936057867074937
17372,0.039252633142347136
17373,0.03914449391012197
17374,0.039036161507718485
17375,0.038927636469735905
17376,0.038818919331722705
17377,0.038710010630176366
17378,0.038600910902539705
17379,0.03849162068719716
17380,0.03838214052347458
17381,0.03827247095163379
17382,0.038162612512872694
17383,0.03805256574931982
17384,0.03794233120403443
17385,0.037831909421001064
17386,0.037721300945129294
17387,0.037610506322249965
17388,0.03749952609911149
17389,0.037388360823379575
17390,0.037277011043631715
17391,0.03716547730935731
17392,0.03705376017095213
17393,0.036941860179718414
17394,0.036829777887859315
17395,0.03671751384847905
17396,0.036605068615577274
17397,0.03649244274404889
17398,0.036379636789680196
17399,0.03626665130914509
17400,0.03615348686000485
17401,0.03604014400070246
17402,0.035926623290562794
17403,0.03581292528978692
17404,0.035699050559452244
17405,0.035584999661506855
17406,0.03547077315876929
17407,0.03535637161492466
17408,0.035241795594520745
17409,0.035127045662967836
17410,0.035012122386532944
17411,0.03489702633233998
17412,0.03478175806836402
17413,0.03466631816343141
17414,0.03455070718721405
17415,0.034434925710229526
17416,0.034318974303835306
17417,0.03420285354022856
17418,0.0340865639924422
17419,0.03397010623434092
17420,0.03385348084062101
17421,0.033736688386804506
17422,0.033619729449239334
17423,0.033502604605093515
17424,0.03338531443235526
17425,0.033267859509827157
17426,0.033150240417125915
17427,0.0330324577346784
17428,0.03291451204371763
17429,0.03279640392628253
17430,0.03267813396521209
17431,0.03255970274414545
17432,0.03244111084751602
17433,0.03232235886055164
17434,0.03220344736926865
17435,0.032084376960472005
17436,0.0319651482217494
17437,0.031845761741470975
17438,0.0317262181087853
17439,0.031606517913615316
17440,0.03148666174665809
17441,0.03136665019937886
17442,0.031246483864011146
17443,0.031126163333550807
17444,0.03100568920175615
17445,0.030885062063141927
17446,0.030764282512979114
17447,0.030643351147290804
17448,0.030522268562848103
17449,0.03040103535716991
17450,0.030279652128516854
17451,0.030158119475891452
17452,0.030036437999032033
17453,0.029914608298412918
17454,0.029792630975238307
17455,0.029670506631442457
17456,0.02954823586968358
17457,0.029425819293343605
17458,0.029303257506524016
17459,0.029180551114041716
17460,0.02905770072142878
17461,0.02893470693492631
17462,0.028811570361484615
17463,0.028688291608757042
17464,0.028564871285100154
17465,0.028441309999567548
17466,0.028317608361910024
17467,0.028193766982569406
17468,0.02806978647267831
17469,0.027945667444055924
17470,0.02782141050920382
17471,0.02769701628130569
17472,0.02757248537422114
17473,0.027447818402485873
17474,0.02732301598130544
17475,0.027198078726555393
17476,0.027073007254775076
17477,0.026947802183167367
17478,0.026822464129594423
17479,0.026696993712573443
17480,0.02657139155127642
17481,0.02644565826552387
17482,0.02631979447578499
17483,0.026193800803171373
17484,0.026067677869437176
17485,0.02594142629697282
17486,0.025815046708805144
17487,0.0256885397285911
17488,0.025561905980617514
17489,0.02543514608979678
17490,0.02530826068166257
17491,0.02518125038236958
17492,0.02505411581868719
17493,0.024926857617999627
17494,0.024799476408299624
17495,0.024671972818188555
17496,0.024544347476870093
17497,0.024416601014149948
17498,0.02428873406043154
17499,0.02416074724671167
17500,0.024032641204580256
17501,0.023904416566213935
17502,0.02377607396437625
17503,0.023647614032411213
17504,0.023519037404243492
17505,0.02339034471437198
17506,0.023261536597869944
17507,0.02313261369037863
17508,0.023003576628106974
17509,0.02287442604782726
17510,0.022745162586870708
17511,0.022615786883127237
17512,0.022486299575039014
17513,0.0223567013016006
17514,0.022226992702352486
17515,0.022097174417381273
17516,0.021967247087313162
17517,0.021837211353313728
17518,0.02170706785708349
17519,0.021576817240853505
17520,0.02144646014738512
17521,0.021315997219963436
17522,0.02118542910239752
17523,0.021054756439013843
17524,0.020923979874656464
17525,0.0207931000546805
17526,0.020662117624952292
17527,0.020531033231842858
17528,0.020399847522227642
17529,0.020268561143482067
17530,0.020137174743477083
17531,0.020005688970578896
17532,0.01987410447364242
17533,0.019742421902011437
17534,0.01961064190551202
17535,0.019478765134452704
17536,0.019346792239617893
17537,0.01921472387226762
17538,0.019082560684133037
17539,0.01895030332741197
17540,0.01881795245476863
17541,0.018685508719327015
17542,0.01855297277467108
17543,0.018420345274838122
17544,0.01828762687431893
17545,0.018154818228051182
17546,0.018021919991419597
17547,0.0178889328202493
17548,0.01775585737080557
17549,0.017622694299789323
17550,0.017489444264332587
17551,0.01735610792199825
17552,0.0172226859307734
17553,0.017089178949069497
17554,0.016955587635715696
17555,0.016821912649959022
17556,0.016688154651457704
17557,0.01655431430028132
17558,0.016420392256904146
17559,0.01628638918220486
17560,0.016152305737462028
17561,0.016018142584349533
17562,0.01588390038493632
17563,0.015749579801679688
17564,0.015615181497425475
17565,0.015480706135401328
17566,0.01534615437921688
17567,0.01521152689285704
17568,0.015076824340681708
17569,0.01494204738742123
17570,0.014807196698171812
17571,0.014672272938395252
17572,0.014537276773912214
17573,0.01440220887090239
17574,0.014267069895897763
17575,0.014131860515782763
17576,0.013996581397787535
17577,0.013861233209488089
17578,0.013725816618799557
17579,0.013590332293975917
17580,0.013454780903605407
17581,0.013319163116605916
17582,0.013183479602224721
17583,0.013047731030031717
17584,0.012911918069919582
17585,0.012776041392096997
17586,0.012640101667088819
17587,0.012504099565729284
17588,0.012368035759161754
17589,0.012231910918834092
17590,0.012095725716494043
17591,0.011959480824188969
17592,0.011823176914259046
17593,0.011686814659337439
17594,0.011550394732343481
17595,0.011413917806482859
17596,0.011277384555240784
17597,0.011140795652382171
17598,0.01100415177194482
17599,0.010867453588239144
17600,0.010730701775843529
17601,0.010593897009599697
17602,0.010457039964612438
17603,0.010320131316242775
17604,0.010183171740108134
17605,0.01004616191207551
17606,0.00990910250826163
17607,0.009771994205026118
17608,0.009634837678971222
17609,0.009497633606937152
17610,0.009360382665997442
17611,0.009223085533458665
17612,0.009085742886853586
17613,0.008948355403941328
17614,0.008810923762700514
17615,0.008673448641329438
17616,0.008535930718239203
17617,0.008398370672053889
17618,0.008260769181603681
17619,0.00812312692592461
17620,0.007985444584253867
17621,0.007847722836025145
17622,0.007709962360868359
17623,0.007572163838602774
17624,0.007434327949237169
17625,0.007296455372962962
17626,0.007158546790154374
17627,0.007020602881361551
17628,0.006882624327310284
17629,0.0067446118088973364
17630,0.0066065660071857515
17631,0.006468487603404586
17632,0.0063303772789420135
17633,0.0061922357153455
17634,0.006054063594314898
17635,0.0059158615977026275
17636,0.005777630407506767
17637,0.005639370705871229
17638,0.005501083175078856
17639,0.005362768497551147
17640,0.0052244273558435675
17641,0.0050860604326408475
17642,0.004947668410756716
17643,0.0048092519731269875
17644,0.004670811802809734
17645,0.004532348582978374
17646,0.00439386299692184
17647,0.004255355728037667
17648,0.004116827459832162
17649,0.003978278875913487
17650,0.0038397106599913854
17651,0.0037011234958724847
17652,0.0035625180674555856
17653,0.0034238950587313927
17654,0.003285255153775593
17655,0.003146599036749026
17656,0.0030079273918907617
17657,0.00286924090351827
17658,0.0027305402560204965
17659,0.00259182613385759
17660,0.002453099221556194
17661,0.002314360203704738
17662,0.002175609764953165
17663,0.002036848590006002
17664,0.0018980773636225327
17665,0.0017592967706098672
17666,0.0016205074958231137
17667,0.001481710224158447
17668,0.0013429056405532816
17669,0.0012040944299793377
17670,0.0010652772774423715
17671,0.0009264548679774611
17672,0.0007876278866442943
17673,0.0006487970185268964
17674,0.000509962948726697
17675,0.0003711263623627016
17676,0.0002322879445645582
17677,9.344838047272879e-05
17678,-4.539164476844418e-05
17679,-0.00018423144601101038
17680,-0.00032307033810812484
17681,-0.00046190763591876134
17682,-0.0006007426543079847
17683,-0.0007395747081538846
17684,-0.0008784031123474039
17685,-0.001017227181799272
17686,-0.001156046231439833
17687,-0.0012948595762259792
17688,-0.001433666531140979
17689,-0.0015724664112014095
17690,-0.0017112585314574286
17691,-0.0018500422069974876
17692,-0.001988816752953043
17693,-0.0021275814844988264
17694,-0.0022663357168597803
17695,-0.00240507876531088
17696,-0.0025438099451840683
17697,-0.002682528571868081
17698,-0.0028212339608153767
17699,-0.002959925427542409
17700,-0.0030986022876343332
17701,-0.0032372638567497183
17702,-0.0033759094506208153
17703,-0.003514538385060485
17704,-0.003653149975962024
17705,-0.003791743539306091
17706,-0.003930318391160532
17707,-0.0040688738476873055
17708,-0.004207409225142307
17709,-0.004345923839882292
17710,-0.004484417008365147
17711,-0.00462288804715459
17712,-0.004761336272924874
17713,-0.00489976100246106
17714,-0.005038161552665926
17715,-0.005176537240559802
17716,-0.005314887383287478
17717,-0.005453211298118034
17718,-0.005591508302451749
17719,-0.005729777713820372
17720,-0.00586801884989182
17721,-0.006006231028474869
17722,-0.006144413567519424
17723,-0.006282565785123425
17724,-0.006420686999532673
17725,-0.006558776529147732
17726,-0.006696833692523758
17727,-0.006834857808377392
17728,-0.006972848195586592
17729,-0.007110804173197529
17730,-0.007248725060424851
17731,-0.00738661017665637
17732,-0.007524458841457748
17733,-0.007662270374572758
17734,-0.007800044095930177
17735,-0.007937779325643613
17736,-0.008075475384018382
17737,-0.008213131591551345
17738,-0.008350747268937775
17739,-0.008488321737071196
17740,-0.008625854317050253
17741,-0.008763344330178974
17742,-0.008900791097971454
17743,-0.009038193942156509
17744,-0.009175552184677952
17745,-0.009312865147701454
17746,-0.009450132153614375
17747,-0.009587352525032618
17748,-0.009724525584800466
17749,-0.009861650655997428
17750,-0.00999872706193851
17751,-0.010135754126178875
17752,-0.010272731172518488
17753,-0.01040965752500239
17754,-0.010546532507927543
17755,-0.01068335544584265
17756,-0.010820125663554999
17757,-0.010956842486130292
17758,-0.011093505238899475
17759,-0.011230113247458566
17760,-0.011366665837675484
17761,-0.01150316233569032
17762,-0.01163960206791996
17763,-0.011775984361062735
17764,-0.011912308542098678
17765,-0.01204857393829634
17766,-0.012184779877212613
17767,-0.012320925686699551
17768,-0.012457010694904186
17769,-0.012593034230275336
17770,-0.012728995621563868
17771,-0.012864894197827319
17772,-0.013000729288434508
17773,-0.013136500223065808
17774,-0.013272206331719922
17775,-0.013407846944713723
17776,-0.013543421392689025
17777,-0.01367892900661242
17778,-0.013814369117782048
17779,-0.013949741057827422
17780,-0.014085044158716205
17781,-0.014220277752754465
17782,-0.014355441172591273
17783,-0.014490533751223295
17784,-0.01462555482199505
17785,-0.01476050371860567
17786,-0.014895379775108715
17787,-0.01503018232591893
17788,-0.015164910705812067
17789,-0.015299564249931622
17790,-0.015434142293789099
17791,-0.015568644173268576
17792,-0.015703069224631282
17793,-0.01583741678451586
17794,-0.01597168618994507
17795,-0.01610587677832563
17796,-0.01623998788745493
17797,-0.01637401885552085
17798,-0.016507969021108466
17799,-0.016641837723199892
17800,-0.016775624301180948
17801,-0.016909328094841445
17802,-0.017042948444379716
17803,-0.01717648469040715
17804,-0.01730993617394848
17805,-0.017443302236448403
17806,-0.017576582219771472
17807,-0.017709775466208715
17808,-0.017842881318477485
17809,-0.017975899119728116
17810,-0.018108828213543756
17811,-0.018241667943946993
17812,-0.018374417655400148
17813,-0.018507076692809755
17814,-0.018639644401531087
17815,-0.018772120127368404
17816,-0.018904503216581582
17817,-0.019036793015885945
17818,-0.01916898887245887
17819,-0.019301090133939644
17820,-0.01943309614843604
17821,-0.0195650062645246
17822,-0.01969681983125509
17823,-0.019828536198155007
17824,-0.019960154715229817
17825,-0.020091674732969543
17826,-0.020223095602348598
17827,-0.02035441667483235
17828,-0.020485637302376968
17829,-0.020616756837435975
17830,-0.020747774632960087
17831,-0.020878690042403766
17832,-0.02100950241972546
17833,-0.021140211119392068
17834,-0.021270815496383374
17835,-0.021401314906192296
17836,-0.02153170870483142
17837,-0.021661996248832822
17838,-0.021792176895254603
17839,-0.021922250001680712
17840,-0.022052214926227446
17841,-0.02218207102754372
17842,-0.022311817664815457
17843,-0.022441454197770022
17844,-0.02257097998667645
17845,-0.022700394392351945
17846,-0.0228296967761617
17847,-0.022958886500025377
17848,-0.023087962926416926
17849,-0.02321692541837106
17850,-0.02334577333948308
17851,-0.023474506053915326
17852,-0.02360312292639741
17853,-0.02373162332223062
17854,-0.02386000660729225
17855,-0.02398827214803588
17856,-0.024116419311497765
17857,-0.0242444474652967
17858,-0.024372355977640398
17859,-0.024500144217325343
17860,-0.024627811553743183
17861,-0.024755357356880964
17862,-0.02488278099732548
17863,-0.025010081846267594
17864,-0.02513725927550249
17865,-0.02526431265743604
17866,-0.025391241365084624
17867,-0.0255180447720815
17868,-0.02564472225267663
17869,-0.025771273181743024
17870,-0.025897696934776577
17871,-0.026023992887902386
17872,-0.026150160417875004
17873,-0.026276198902082732
17874,-0.02640210771855189
17875,-0.02652788624594707
17876,-0.02665353386357743
17877,-0.026779049951396523
17878,-0.026904433890008597
17879,-0.027029685060668412
17880,-0.027154802845287516
17881,-0.02727978662643449
17882,-0.0274046357873392
17883,-0.02752934971189703
17884,-0.027653927784669127
17885,-0.02777836939088865
17886,-0.027902673916460573
17887,-0.02802684074796796
17888,-0.028150869272671745
17889,-0.028274758878516992
17890,-0.0283985089541327
17891,-0.028522118888838013
17892,-0.02864558807264245
17893,-0.02876891589625011
17894,-0.028892101751063864
17895,-0.029015145029185587
17896,-0.02913804512342232
17897,-0.029260801427286112
17898,-0.029383413335000164
17899,-0.02950588024149867
17900,-0.029628201542432942
17901,-0.029750376634171263
17902,-0.02987240491380499
17903,-0.029994285779148804
17904,-0.030116018628744832
17905,-0.030237602861866816
17906,-0.030359037878520314
17907,-0.03048032307944881
17908,-0.03060145786613353
17909,-0.03072244164079953
17910,-0.03084327380641552
17911,-0.030963953766699914
17912,-0.03108448092612108
17913,-0.031204854689901425
17914,-0.03132507446402148
17915,-0.03144513965522017
17916,-0.031565049671000746
17917,-0.03168480391963073
17918,-0.031804401810147834
17919,-0.03192384275235984
17920,-0.03204312615685056
17921,-0.03216225143497971
17922,-0.032281217998888834
17923,-0.03240002526150157
17924,-0.032518672636527676
17925,-0.03263715953846706
17926,-0.03275548538261001
17927,-0.03287364958504312
17928,-0.032991651562649146
17929,-0.03310949073311289
17930,-0.033227166514921073
17931,-0.03334467832736822
17932,-0.03346202559055686
17933,-0.033579207725401565
17934,-0.0336962241536329
17935,-0.03381307429779765
17936,-0.03392975758126469
17937,-0.034046273428224805
17938,-0.034162621263696555
17939,-0.03427880051352611
17940,-0.034394810604393054
17941,-0.034510650963810265
17942,-0.034626321020129684
17943,-0.03474182020254255
17944,-0.03485714794108335
17945,-0.03497230366663369
17946,-0.035087286810922574
17947,-0.03520209680653213
17948,-0.03531673308689745
17949,-0.035431195086312366
17950,-0.03554548223992928
17951,-0.035659593983764885
17952,-0.03577352975470038
17953,-0.035887288990485364
17954,-0.0360008711297417
17955,-0.03611427561196372
17956,-0.03622750187752392
17957,-0.036340549367672795
17958,-0.03645341752454453
17959,-0.036566105791156815
17960,-0.03667861361141652
17961,-0.036790940430119545
17962,-0.03690308569295641
17963,-0.03701504884651253
17964,-0.03712682933827197
17965,-0.03723842661662128
17966,-0.037349840130849694
17967,-0.03746106933115472
17968,-0.037572113668641986
17969,-0.03768297259533081
17970,-0.037793645564154044
17971,-0.03790413202896364
17972,-0.03801443144453082
17973,-0.0381245432665499
17974,-0.038234466951641934
17975,-0.03834420195735504
17976,-0.038453747742169794
17977,-0.038563103765499165
17978,-0.03867226948769394
17979,-0.03878124437004262
17980,-0.03889002787477684
17981,-0.038998619465071264
17982,-0.039107018605049004
17983,-0.03921522475978183
17984,-0.03932323739529386
17985,-0.03943105597856522
17986,-0.039538679977532284
17987,-0.039646108861093016
17988,-0.039753342099106866
17989,-0.039860379162400136
17990,-0.03996721952276583
17991,-0.04007386265296901
17992,-0.04018030802674667
17993,-0.040286555118813065
17994,-0.040392603404859874
17995,-0.040498452361559883
17996,-0.04060410146657053
17997,-0.04070955019853411
17998,-0.0408147980370831
17999,-0.04091984446283998
18000,-0.041024688957422506
18001,-0.04112933100344359
18002,-0.041233770084516515
18003,-0.04133800568525516
18004,-0.04144203729127754
18005,-0.04154586438920933
18006,-0.0416494864666841
18007,-0.04175290301234847
18008,-0.04185611351586199
18009,-0.041959117467902325
18010,-0.042061914360165084
18011,-0.04216450368536901
18012,-0.04226688493725584
18013,-0.0423690576105954
18014,-0.04247102120118585
18015,-0.04257277520585711
18016,-0.04267431912247435
18017,-0.0427756524499382
18018,-0.042876774688189775
18019,-0.042977685338210586
18020,-0.043078383902027596
18021,-0.04317886988271306
18022,-0.04327914278438959
18023,-0.04337920211223032
18024,-0.04347904737246235
18025,-0.04357867807237011
18026,-0.04367809372029556
18027,-0.04377729382564318
18028,-0.04387627789887983
18029,-0.04397504545153971
18030,-0.04407359599622427
18031,-0.044171929046607064
18032,-0.04427004411743372
18033,-0.04436794072452678
18034,-0.04446561838478594
18035,-0.04456307661619134
18036,-0.04466031493780691
18037,-0.044757332869780515
18038,-0.04485412993334887
18039,-0.044950705650837385
18040,-0.04504705954566499
18041,-0.04514319114234405
18042,-0.045239099966485154
18043,-0.0453347855447973
18044,-0.045430247405091155
18045,-0.04552548507628232
18046,-0.04562049808839149
18047,-0.045715285972549244
18048,-0.04580984826099589
18049,-0.045904184487086226
18050,-0.045998294185289404
18051,-0.04609217689119366
18052,-0.046185832141506185
18053,-0.04627925947405782
18054,-0.04637245842780322
18055,-0.04646542854282408
18056,-0.04655816936033223
18057,-0.04665068042266985
18058,-0.04674296127331412
18059,-0.04683501145687707
18060,-0.0469268305191102
18061,-0.04701841800690439
18062,-0.04710977346829446
18063,-0.04720089645245933
18064,-0.0472917865097252
18065,-0.04738244319156854
18066,-0.047472866050616354
18067,-0.047563054640650644
18068,-0.04765300851660835
18069,-0.04774272723458582
18070,-0.04783221035183871
18071,-0.04792145742678648
18072,-0.04801046801901224
18073,-0.04809924168926725
18074,-0.04818777799947108
18075,-0.048276076512714636
18076,-0.048364136793263124
18077,-0.048451958406556264
18078,-0.04853954091921269
18079,-0.04862688389902982
18080,-0.04871398691498821
18081,-0.04880084953725152
18082,-0.048887471337170786
18083,-0.048973851887284356
18084,-0.049059990761322184
18085,-0.049145887534206054
18086,-0.04923154178205244
18087,-0.049316953082175465
18088,-0.04940212101308705
18089,-0.04948704515450119
18090,-0.049571725087333846
18091,-0.049656160393707176
18092,-0.049740350656949435
18093,-0.049824295461599215
18094,-0.04990799439340557
18095,-0.0499914470393309
18096,-0.050074652987553765
18097,-0.05015761182746907
18098,-0.05024032314969221
18099,-0.050322786546058984
18100,-0.05040500160962969
18101,-0.05048696793468906
18102,-0.05056868511675034
18103,-0.05065015275255521
18104,-0.05073137044007784
18105,-0.05081233777852508
18106,-0.05089305436833919
18107,-0.05097351981120061
18108,-0.051053733710028096
18109,-0.051133695668982765
18110,-0.051213405293467976
18111,-0.05129286219013332
18112,-0.05137206596687454
18113,-0.05145101623283749
18114,-0.051529712598418285
18115,-0.05160815467526599
18116,-0.0516863420762853
18117,-0.05176427441563665
18118,-0.05184195130874018
18119,-0.051919372372275605
18120,-0.05199653722418609
18121,-0.05207344548367817
18122,-0.0521500967712256
18123,-0.052226490708569245
18124,-0.05230262691872094
18125,-0.0523785050259636
18126,-0.05245412465585384
18127,-0.05252948543522453
18128,-0.052604586992184954
18129,-0.05267942895612456
18130,-0.05275401095771288
18131,-0.05282833262890327
18132,-0.05290239360293279
18133,-0.052976193514325975
18134,-0.0530497319988949
18135,-0.05312300869374176
18136,-0.05319602323726132
18137,-0.05326877526914107
18138,-0.05334126443036488
18139,-0.05341349036321291
18140,-0.05348545271126522
18141,-0.05355715111940168
18142,-0.05362858523380557
18143,-0.053699754701963504
18144,-0.05377065917266896
18145,-0.05384129829602247
18146,-0.05391167172343399
18147,-0.05398177910762529
18148,-0.05405162010263015
18149,-0.05412119436379779
18150,-0.05419050154779282
18151,-0.05425954131259873
18152,-0.054328313317517765
18153,-0.0543968172231744
18154,-0.05446505269151546
18155,-0.054533019385812474
18156,-0.054600716970663946
18157,-0.05466814511199552
18158,-0.05473530347706337
18159,-0.054802191734454074
18160,-0.054868809554088016
18161,-0.05493515660721927
18162,-0.05500123256643894
18163,-0.05506703710567509
18164,-0.055132569900196014
18165,-0.05519783062661038
18166,-0.05526281896286946
18167,-0.05532753458826937
18168,-0.05539197718345112
18169,-0.05545614643040392
18170,-0.05552004201246509
18171,-0.05558366361432323
18172,-0.05564701092201816
18173,-0.05571008362294412
18174,-0.055772881405849635
18175,-0.05583540396084074
18176,-0.055897650979381035
18177,-0.05595962215429384
18178,-0.05602131717976432
18179,-0.05608273575133958
18180,-0.05614387756593175
18181,-0.05620474232181792
18182,-0.0562653297186432
18183,-0.056325639457420626
18184,-0.05638567124053419
18185,-0.05644542477173896
18186,-0.05650489975616313
18187,-0.05656409590031004
18188,-0.056623012912058276
18189,-0.05668165050066466
18190,-0.05674000837676415
18191,-0.05679808625237278
18192,-0.05685588384088757
18193,-0.056913400857089465
18194,-0.05697063701714323
18195,-0.057027592038600326
18196,-0.057084265640399035
18197,-0.05714065754286639
18198,-0.05719676746772009
18199,-0.057252595138068615
18200,-0.05730814027841405
18201,-0.05736340261465197
18202,-0.057418381874074255
18203,-0.057473077785369
18204,-0.05752749007862328
18205,-0.05758161848532322
18206,-0.057635462738355896
18207,-0.05768902257201112
18208,-0.05774229772198158
18209,-0.05779528792536551
18210,-0.0578479929206666
18211,-0.05790041244779668
18212,-0.05795254624807563
18213,-0.05800439406423399
18214,-0.058055955640412917
18215,-0.05810723072216678
18216,-0.05815821905646323
18217,-0.05820892039168495
18218,-0.05825933447763143
18219,-0.058309461065518986
18220,-0.05835929990798336
18221,-0.05840885075907959
18222,-0.05845811337428455
18223,-0.05850708751049685
18224,-0.05855577292603934
18225,-0.05860416938065915
18226,-0.058652276635529396
18227,-0.058700094453250785
18228,-0.05874762259785174
18229,-0.058794860834790755
18230,-0.05884180893095636
18231,-0.058888466654669486
18232,-0.05893483377568337
18233,-0.05898091006518593
18234,-0.05902669529579968
18235,-0.05907218924158404
18236,-0.05911739167803542
18237,-0.05916230238208878
18238,-0.05920692113211914
18239,-0.059251247707941684
18240,-0.059295281890814
18241,-0.05933902346343599
18242,-0.0593824722099521
18243,-0.059425627915951275
18244,-0.05946849036846907
18245,-0.05951105935598779
18246,-0.05955333466843796
18247,-0.059595316097199695
18248,-0.05963700343510286
18249,-0.059678396476429106
18250,-0.05971949501691188
18251,-0.05976029885373843
18252,-0.0598008077855498
18253,-0.05984102161244285
18254,-0.05988094013597019
18255,-0.059920563159142216
18256,-0.05995989048642719
18257,-0.059998921923752564
18258,-0.06003765727850631
18259,-0.06007609635953703
18260,-0.06011423897715585
18261,-0.06015208494313642
18262,-0.06018963407071677
18263,-0.060226886174599294
18264,-0.06026384107095262
18265,-0.06030049857741154
18266,-0.06033685851307891
18267,-0.06037292069852566
18268,-0.06040868495579207
18269,-0.060444151108388966
18270,-0.06047931898129783
18271,-0.06051418840097253
18272,-0.06054875919533928
18273,-0.06058303119379842
18274,-0.06061700422722433
18275,-0.060650678127967164
18276,-0.06068405272985291
18277,-0.060717127868184534
18278,-0.06074990337974311
18279,-0.06078237910278791
18280,-0.06081455487705799
18281,-0.06084643054377219
18282,-0.060878005945630725
18283,-0.060909280926815176
18284,-0.06094025533299001
18285,-0.060970929011302584
18286,-0.06100130181038469
18287,-0.061031373580352585
18288,-0.061061144172808064
18289,-0.06109061344083946
18290,-0.061119781239021675
18291,-0.061148647423417704
18292,-0.06117721185157858
18293,-0.06120547438254478
18294,-0.06123343487684625
18295,-0.06126109319650376
18296,-0.06128844920502901
18297,-0.06131550276742551
18298,-0.06134225375018958
18299,-0.061368702021310347
18300,-0.061394847450271094
18301,-0.061420689908049234
18302,-0.061446229267117625
18303,-0.06147146540144452
18304,-0.06149639818649484
18305,-0.061521027499230184
18306,-0.06154535321811
18307,-0.06156937522309171
18308,-0.06159309339563148
18309,-0.061616507618685076
18310,-0.06163961777670788
18311,-0.06166242375565607
18312,-0.0616849254429866
18313,-0.06170712272765833
18314,-0.06172901550013199
18315,-0.06175060365237132
18316,-0.06177188707784305
18317,-0.061792865671517726
18318,-0.06181353932987035
18319,-0.06183390795088046
18320,-0.061853971434033136
18321,-0.06187372968031903
18322,-0.06189318259223531
18323,-0.06191233007378563
18324,-0.06193117203048119
18325,-0.06194970836934059
18326,-0.06196793899889087
18327,-0.061985863829167494
18328,-0.062003482771714975
18329,-0.062020795739587506
18330,-0.062037802647348976
18331,-0.06205450341107383
18332,-0.06207089794834707
18333,-0.06208698617826506
18334,-0.06210276802143554
18335,-0.06211824339997838
18336,-0.06213341223752568
18337,-0.062148274459222226
18338,-0.06216282999172606
18339,-0.062177078763208465
18340,-0.06219102070335472
18341,-0.06220465574336408
18342,-0.062217983815950464
18343,-0.06223100485534243
18344,-0.06224371879728386
18345,-0.06225612557903394
18346,-0.062268225139367785
18347,-0.062280017418576465
18348,-0.06229150235846742
18349,-0.06230267990236487
18350,-0.06231354999510982
18351,-0.062324112583060615
18352,-0.06233436761409296
18353,-0.062344315037600406
18354,-0.06235395480449437
18355,-0.0623632868672046
18356,-0.06237231117967919
18357,-0.06238102769738504
18358,-0.06238943637730786
18359,-0.062397537177952496
18360,-0.06240533005934318
18361,-0.062412814983023555
18362,-0.06241999191205709
18363,-0.062426860811027045
18364,-0.06243342164603683
18365,-0.06243967438471001
18366,-0.06244561899619061
18367,-0.06245125545114316
18368,-0.062456583721752876
18369,-0.062461603781725855
18370,-0.062466315606289076
18371,-0.062470719172190665
18372,-0.062474814457699895
18373,-0.06247860144260737
18374,-0.06248208010822507
18375,-0.062485250437386494
18376,-0.062488112414446705
18377,-0.06249066602528242
18378,-0.062492911257292096
18379,-0.06249484809939595
18380,-0.062496476542036064
18381,-0.0624977965771764
18382,-0.062498808198302856
18383,-0.062499511400423285
18384,-0.062499906180067524
18385,-0.062499992535287416
18386,-0.062499770465656815
18387,-0.062499239972271595
18388,-0.06249840105774963
18389,-0.06249725372623078
18390,-0.06249579798337692
18391,-0.06249403383637183
18392,-0.062491961293921226
18393,-0.062489580366252684
18394,-0.0624868910651156
18395,-0.06248389340378114
18396,-0.06248058739704215
18397,-0.06247697306121311
18398,-0.062473050414130024
18399,-0.06246881947515039
18400,-0.06246428026515302
18401,-0.06245943280653802
18402,-0.06245427712322658
18403,-0.062448813240661
18404,-0.0624430411858044
18405,-0.062436960987140744
18406,-0.06243057267467454
18407,-0.06242387627993085
18408,-0.062416871835955054
18409,-0.062409559377312615
18410,-0.062401938940089094
18411,-0.062394010561889764
18412,-0.06238577428183961
18413,-0.062377230140582975
18414,-0.06236837818028352
18415,-0.06235921844462382
18416,-0.062349750978805386
18417,-0.06233997582954819
18418,-0.062329893045090665
18419,-0.06231950267518933
18420,-0.0623088047711185
18421,-0.06229779938567025
18422,-0.06228648657315386
18423,-0.062274866389395854
18424,-0.062262938891739415
18425,-0.06225070413904442
18426,-0.06223816219168681
18427,-0.06222531311155863
18428,-0.062212156962067514
18429,-0.06219869380813633
18430,-0.062184923716203114
18431,-0.0621708467542204
18432,-0.062156462991655254
18433,-0.06214177249948854
18434,-0.06212677535021496
18435,-0.06211147161784234
18436,-0.062095861377891595
18437,-0.062079944707396015
18438,-0.06206372168490121
18439,-0.062047192390464564
18440,-0.06203035690565471
18441,-0.06201321531355148
18442,-0.06199576769874506
18443,-0.061978014147336016
18444,-0.06195995474693443
18445,-0.06194158958665991
18446,-0.06192291875714071
18447,-0.06190394235051372
18448,-0.06188466046042355
18449,-0.061865073182022494
18450,-0.0618451806119699
18451,-0.06182498284843144
18452,-0.06180447999107914
18453,-0.06178367214109033
18454,-0.061762559401147686
18455,-0.06174114187543819
18456,-0.06171941966965313
18457,-0.06169739289098708
18458,-0.06167506164813781
18459,-0.06165242605130558
18460,-0.06162948621219234
18461,-0.06160624224400171
18462,-0.06158269426143785
18463,-0.061558842380705435
18464,-0.06153468671950854
18465,-0.06151022739705063
18466,-0.06148546453403336
18467,-0.06146039825265664
18468,-0.061435028676617334
18469,-0.061409355931109265
18470,-0.06138338014282233
18471,-0.06135710143994165
18472,-0.06133051995214747
18473,-0.06130363581061391
18474,-0.061276449148008956
18475,-0.06124896009849312
18476,-0.061221168797719494
18477,-0.06119307538283236
18478,-0.06116467999246715
18479,-0.06113598276674946
18480,-0.06110698384729413
18481,-0.061077683377205164
18482,-0.06104808150107428
18483,-0.06101817836498096
18484,-0.06098797411649094
18485,-0.0609574689046563
18486,-0.060926662880013895
18487,-0.06089555619458545
18488,-0.060864149001875964
18489,-0.060832441456873707
18490,-0.06080043371604912
18491,-0.060768125937353736
18492,-0.06073551828022012
18493,-0.060702610905560284
18494,-0.060669403975765694
18495,-0.06063589765470562
18496,-0.06060209210772722
18497,-0.060567987501653826
18498,-0.0605335840047849
18499,-0.06049888178689486
18500,-0.06046388101923193
18501,-0.060428581874518064
18502,-0.060392984526947184
18503,-0.060357089152185246
18504,-0.06032089592736845
18505,-0.06028440503110329
18506,-0.060247616643464744
18507,-0.060210530945996314
18508,-0.060173148121708195
18509,-0.06013546835507721
18510,-0.060097491832045505
18511,-0.06005921874001932
18512,-0.0600206492678689
18513,-0.05998178360592655
18514,-0.059942621945986714
18515,-0.05990316448130403
18516,-0.05986341140659339
18517,-0.05982336291802792
18518,-0.059783019213238975
18519,-0.059742380491314716
18520,-0.059701446952798776
18521,-0.05966021879969017
18522,-0.059618696235441256
18523,-0.05957687946495776
18524,-0.05953476869459676
18525,-0.05949236413216665
18526,-0.059449665986925145
18527,-0.059406674469579236
18528,-0.0593633897922831
18529,-0.05931981216863805
18530,-0.059275941813690974
18531,-0.05923177894393296
18532,-0.05918732377729913
18533,-0.05914257653316648
18534,-0.05909753743235392
18535,-0.05905220669712003
18536,-0.05900658455116313
18537,-0.05896067121961902
18538,-0.058914466929061
18539,-0.058867971907497645
18540,-0.05882118638437264
18541,-0.05877411059056326
18542,-0.05872674475837874
18543,-0.0586790891215602
18544,-0.0586311439152783
18545,-0.05858290937613326
18546,-0.05853438574215248
18547,-0.058485573252790614
18548,-0.05843647214892714
18549,-0.05838708267286625
18550,-0.0583374050683352
18551,-0.05828743958048263
18552,-0.05823718645587845
18553,-0.05818664594251138
18554,-0.058135818289788956
18555,-0.05808470374853509
18556,-0.05803330257099003
18557,-0.0579816150108079
18558,-0.05792964132305671
18559,-0.05787738176421578
18560,-0.05782483659217566
18561,-0.05777200606623633
18562,-0.057718890447105445
18563,-0.0576654899968982
18564,-0.05761180497913471
18565,-0.057557835658740036
18566,-0.05750358230204154
18567,-0.057449045176768944
18568,-0.0573942245520516
18569,-0.05733912069841839
18570,-0.05728373388779591
18571,-0.05722806439350653
18572,-0.05717211249026832
18573,-0.05711587845419229
18574,-0.057059362562782406
18575,-0.057002565094932824
18576,-0.056945486330927955
18577,-0.05688812655243962
18578,-0.056830486042527106
18579,-0.05677256508563434
18580,-0.05671436396758973
18581,-0.05665588297560424
18582,-0.05659712239826939
18583,-0.05653808252555715
18584,-0.056478763648816994
18585,-0.05641916606077599
18586,-0.056359290055535825
18587,-0.05629913592857289
18588,-0.05623870397673528
18589,-0.05617799449824266
18590,-0.056117007792684255
18591,-0.05605574416101677
18592,-0.05599420390556425
18593,-0.055932387330015036
18594,-0.05587029473942186
18595,-0.05580792644019872
18596,-0.05574528274012099
18597,-0.05568236394832229
18598,-0.055619170375294555
18599,-0.05555570233288492
18600,-0.05549196013429556
18601,-0.055427944094081576
18602,-0.055363654528148794
18603,-0.05529909175375365
18604,-0.055234256089500014
18605,-0.0551691478553392
18606,-0.055103767372566795
18607,-0.05503811496382271
18608,-0.05497219095308791
18609,-0.05490599566568429
18610,-0.05483952942827246
18611,-0.05477279256884945
18612,-0.05470578541674862
18613,-0.05463850830263633
18614,-0.05457096155851198
18615,-0.05450314551770469
18616,-0.054435060514873373
18617,-0.054366706886003334
18618,-0.054298084968406386
18619,-0.05422919510071741
18620,-0.054160037622894196
18621,-0.05409061287621519
18622,-0.05402092120327704
18623,-0.05395096294799455
18624,-0.05388073845559714
18625,-0.053810248072628956
18626,-0.053739492146945365
18627,-0.05366847102771303
18628,-0.05359718506540639
18629,-0.05352563461180774
18630,-0.053453820020003665
18631,-0.053381741644384924
18632,-0.05330939984064398
18633,-0.05323679496577257
18634,-0.05316392737806157
18635,-0.053090797437097347
18636,-0.053017405503761876
18637,-0.052943751940229065
18638,-0.052869837109964866
18639,-0.05279566137772356
18640,-0.05272122510954767
18641,-0.05264652867276539
18642,-0.05257157243598808
18643,-0.05249635676911013
18644,-0.05242088204330519
18645,-0.05234514863102628
18646,-0.052269156906002034
18647,-0.052192907243236754
18648,-0.05211640001900666
18649,-0.05203963561085995
18650,-0.05196261439761299
18651,-0.05188533675935018
18652,-0.051807803077421305
18653,-0.05173001373443896
18654,-0.051651969114278336
18655,-0.051573669602073394
18656,-0.05149511558421692
18657,-0.051416307448356645
18658,-0.05133724558339532
18659,-0.051257930379486775
18660,-0.051178362228035804
18661,-0.05109854152169543
18662,-0.051018468654364206
18663,-0.0509381440211861
18664,-0.05085756801854645
18665,-0.05077674104407208
18666,-0.05069566349662728
18667,-0.05061433577631391
18668,-0.05053275828446734
18669,-0.050450931423656545
18670,-0.05036885559768004
18671,-0.05028653121156574
18672,-0.050203958671568134
18673,-0.05012113838516551
18674,-0.05003807076105981
18675,-0.04995475620917245
18676,-0.049871195140644475
18677,-0.04978738796783236
18678,-0.04970333510430812
18679,-0.04961903696485514
18680,-0.049534493965467996
18681,-0.049449706523349596
18682,-0.049364675056908315
18683,-0.04927939998575783
18684,-0.04919388173071287
18685,-0.04910812071378929
18686,-0.04902211735819987
18687,-0.04893587208835436
18688,-0.04884938532985521
18689,-0.04876265750949767
18690,-0.04867568905526548
18691,-0.048588480396330694
18692,-0.048501031963050716
18693,-0.048413344186965364
18694,-0.04832541750079667
18695,-0.04823725233844453
18696,-0.0481488491349868
18697,-0.04806020832667487
18698,-0.04797133035093381
18699,-0.04788221564635793
18700,-0.04779286465271088
18701,-0.04770327781092122
18702,-0.04761345556308221
18703,-0.047523398352448815
18704,-0.047433106623434605
18705,-0.047342580821611635
18706,-0.04725182139370588
18707,-0.047160828787597385
18708,-0.047069603452315714
18709,-0.046978145838040074
18710,-0.04688645639609475
18711,-0.04679453557894892
18712,-0.04670238384021357
18713,-0.04661000163463835
18714,-0.04651738941811138
18715,-0.04642454764765466
18716,-0.04633147678142421
18717,-0.04623817727870536
18718,-0.04614464959991293
18719,-0.04605089420658654
18720,-0.045956911561390736
18721,-0.04586270212811031
18722,-0.045768266371650095
18723,-0.045673604758031804
18724,-0.045578717754390784
18725,-0.04548360582897586
18726,-0.04538826945114458
18727,-0.04529270909136334
18728,-0.045196925221202625
18729,-0.04510091831333711
18730,-0.0450046888415409
18731,-0.044908237280687324
18732,-0.04481156410674569
18733,-0.04471466979677797
18734,-0.04461755482893865
18735,-0.044520219682469886
18736,-0.04442266483770161
18737,-0.044324890776046656
18738,-0.04422689798000092
18739,-0.04412868693313845
18740,-0.04403025812011156
18741,-0.04393161202664597
18742,-0.04383274913954054
18743,-0.04373366994666399
18744,-0.04363437493695152
18745,-0.04353486460040459
18746,-0.04343513942808598
18747,-0.043335199912119954
18748,-0.043235046545687196
18749,-0.043134679823025004
18750,-0.043034100239422265
18751,-0.042933308291219247
18752,-0.04283230447580419
18753,-0.042731089291609896
18754,-0.04262966323811352
18755,-0.042528026815831524
18756,-0.042426180526319794
18757,-0.04232412487216855
18758,-0.04222186035700252
18759,-0.042119387485475786
18760,-0.04201670676327195
18761,-0.04191381869709899
18762,-0.04181072379468908
18763,-0.041707422564795094
18764,-0.0416039155171871
18765,-0.041500203162652134
18766,-0.041396286012989086
18767,-0.041292164581008775
18768,-0.0411878393805288
18769,-0.041083310926373635
18770,-0.04097857973436944
18771,-0.04087364632134384
18772,-0.0407685112051224
18773,-0.040663174904525014
18774,-0.04055763793936575
18775,-0.04045190083044757
18776,-0.04034596409956243
18777,-0.04023982826948604
18778,-0.040133493863978
18779,-0.04002696140777644
18780,-0.03992023142659822
18781,-0.03981330444713359
18782,-0.03970618099704594
18783,-0.03959886160496823
18784,-0.039491346800499316
18785,-0.03938363711420374
18786,-0.039275733077606394
18787,-0.0391676352231926
18788,-0.03905934408440278
18789,-0.03895086019563252
18790,-0.03884218409222724
18791,-0.038733316310482276
18792,-0.03862425738763746
18793,-0.038515007861876914
18794,-0.03840556827232536
18795,-0.03829593915904437
18796,-0.03818612106303221
18797,-0.03807611452621831
18798,-0.03796592009146345
18799,-0.037855538302554205
18800,-0.03774496970420314
18801,-0.03763421484204328
18802,-0.03752327426262785
18803,-0.03741214851342659
18804,-0.037300838142821945
18805,-0.03718934370010882
18806,-0.037077665735489096
18807,-0.036965804800071694
18808,-0.03685376144586705
18809,-0.036741536225787214
18810,-0.036629129693640294
18811,-0.03651654240413055
18812,-0.03640377491285282
18813,-0.03629082777629227
18814,-0.0361777015518206
18815,-0.03606439679769217
18816,-0.0359509140730438
18817,-0.035837253937889106
18818,-0.03572341695311865
18819,-0.03560940368049424
18820,-0.03549521468264912
18821,-0.0353808505230822
18822,-0.0352663117661579
18823,-0.035151598977102246
18824,-0.03503671272199895
18825,-0.03492165356778925
18826,-0.03480642208226611
18827,-0.03469101883407439
18828,-0.0345754443927051
18829,-0.03445969932849552
18830,-0.03434378421262345
18831,-0.034227699617107324
18832,-0.034111446114800464
18833,-0.03399502427939081
18834,-0.033878434685396995
18835,-0.033761677908164395
18836,-0.03364475452386489
18837,-0.03352766510949104
18838,-0.03341041024285623
18839,-0.0332929905025888
18840,-0.03317540646813223
18841,-0.03305765871973926
18842,-0.03293974783847163
18843,-0.03282167440619613
18844,-0.03270343900558055
18845,-0.03258504222009351
18846,-0.032466484633998476
18847,-0.032347766832353984
18848,-0.03222888940100766
18849,-0.032109852926596405
18850,-0.031990657996540425
18851,-0.03187130519904342
18852,-0.031751795123086596
18853,-0.03163212835842843
18854,-0.031512305495600655
18855,-0.03139232712590414
18856,-0.0312721938414087
18857,-0.031151906234947086
18858,-0.031031464900115126
18859,-0.03091087043126573
18860,-0.030790123423509043
18861,-0.030669224472706404
18862,-0.030548174175470125
18863,-0.030426973129159384
18864,-0.03030562193187611
18865,-0.030184121182464746
18866,-0.030062471480506194
18867,-0.029940673426317968
18868,-0.029818727620948098
18869,-0.029696634666175312
18870,-0.02957439516450292
18871,-0.029452009719158977
18872,-0.029329478934090172
18873,-0.029206803413961598
18874,-0.029083983764152582
18875,-0.028961020590752524
18876,-0.028837914500560655
18877,-0.0287146661010799
18878,-0.028591276000517033
18879,-0.028467744807776505
18880,-0.028344073132460613
18881,-0.02822026158486333
18882,-0.028096310775970447
18883,-0.0279722213174534
18884,-0.027847993821669022
18885,-0.027723628901655334
18886,-0.027599127171127318
18887,-0.027474489244476694
18888,-0.027349715736765676
18889,-0.027224807263727144
18890,-0.027099764441758406
18891,-0.026974587887921352
18892,-0.02684927821993622
18893,-0.026723836056181328
18894,-0.026598262015688844
18895,-0.02647255671814051
18896,-0.026346720783867413
18897,-0.026220754833843684
18898,-0.02609465948968667
18899,-0.025968435373650647
18900,-0.02584208310862696
18901,-0.025715603318137728
18902,-0.025588996626336007
18903,-0.02546226365799946
18904,-0.025335405038530115
18905,-0.025208421393950062
18906,-0.025081313350897153
18907,-0.024954081536624744
18908,-0.02482672657899534
18909,-0.024699249106480786
18910,-0.024571649748155854
18911,-0.02444392913369845
18912,-0.024316087893383215
18913,-0.02418812665808128
18914,-0.024060046059255925
18915,-0.02393184672895824
18916,-0.023803529299826872
18917,-0.023675094405081615
18918,-0.023546542678523578
18919,-0.023417874754528768
18920,-0.023289091268048248
18921,-0.023160192854601712
18922,-0.02303118015027764
18923,-0.022902053791726867
18924,-0.02277281441616233
18925,-0.022643462661354676
18926,-0.02251399916562789
18927,-0.02238442456785902
18928,-0.022254739507471734
18929,-0.022124944624436458
18930,-0.02199504055926392
18931,-0.0218650279530053
18932,-0.021734907447245735
18933,-0.021604679684104084
18934,-0.02147434530622849
18935,-0.021343904956791972
18936,-0.021213359279492174
18937,-0.021082708918544822
18938,-0.020951954518683927
18939,-0.020821096725155225
18940,-0.020690136183716356
18941,-0.020559073540630326
18942,-0.020427909442665673
18943,-0.020296644537089906
18944,-0.020165279471669267
18945,-0.020033814894664267
18946,-0.019902251454825215
18947,-0.019770589801391986
18948,-0.019638830584087424
18949,-0.019506974453117523
18950,-0.01937502205916483
18951,-0.019242974053388633
18952,-0.019110831087418345
18953,-0.018978593813353258
18954,-0.018846262883758055
18955,-0.01871383895165833
18956,-0.0185813226705403
18957,-0.018448714694344233
18958,-0.018316015677464572
18959,-0.01818322627474334
18960,-0.01805034714147029
18961,-0.017917378933376287
18962,-0.017784322306633446
18963,-0.01765117791784852
18964,-0.017517946424062625
18965,-0.017384628482746724
18966,-0.0172512247517971
18967,-0.017117735889535097
18968,-0.016984162554700456
18969,-0.016850505406451485
18970,-0.016716765104358388
18971,-0.016582942308403414
18972,-0.016449037678974203
18973,-0.016315051876863936
18974,-0.016180985563264652
18975,-0.016046839399766977
18976,-0.015912614048355592
18977,-0.015778310171404655
18978,-0.01564392843167756
18979,-0.015509469492320212
18980,-0.015374934016861203
18981,-0.015240322669205095
18982,-0.015105636113632581
18983,-0.014970875014793777
18984,-0.014836040037707936
18985,-0.014701131847758895
18986,-0.014566151110690482
18987,-0.014431098492606258
18988,-0.014295974659962777
18989,-0.014160780279569747
18990,-0.01402551601858329
18991,-0.0138901825445061
18992,-0.013754780525180699
18993,-0.01361931062878959
18994,-0.013483773523848509
18995,-0.01334816987920615
18996,-0.013212500364039568
18997,-0.013076765647849575
18998,-0.01294096640046047
18999,-0.012805103292013268
19000,-0.012669176992965858
19001,-0.012533188174086227
19002,-0.012397137506452624
19003,-0.012261025661446769
19004,-0.01212485331075358
19005,-0.01198862112635657
19006,-0.0118523297805332
19007,-0.011715979945854632
19008,-0.011579572295178912
19009,-0.011443107501651142
19010,-0.011306586238696664
19011,-0.011170009180021236
19012,-0.011033376999604204
19013,-0.010896690371698683
19014,-0.010759949970824722
19015,-0.010623156471769042
19016,-0.010486310549580394
19017,-0.010349412879564911
19018,-0.010212464137285845
19019,-0.010075464998556728
19020,-0.009938416139441537
19021,-0.009801318236247858
19022,-0.009664171965527057
19023,-0.009526978004067422
19024,-0.009389737028893907
19025,-0.009252449717263467
19026,-0.009115116746660405
19027,-0.00897773879479609
19028,-0.008840316539602119
19029,-0.008702850659230463
19030,-0.008565341832046623
19031,-0.008427790736629791
19032,-0.008290198051765984
19033,-0.008152564456448219
19034,-0.008014890629869629
19035,-0.007877177251423208
19036,-0.007739425000697127
19037,-0.0076016345574700635
19038,-0.007463806601710931
19039,-0.007325941813571995
19040,-0.007188040873389045
19041,-0.00705010446167451
19042,-0.0069121332591176275
19043,-0.006774127946577558
19044,-0.00663608920508311
19045,-0.006498017715828057
19046,-0.006359914160166452
19047,-0.006221779219612356
19048,-0.006083613575832942
19049,-0.005945417910648663
19050,-0.005807192906026355
19051,-0.005668939244079405
19052,-0.00553065760706085
19053,-0.005392348677363549
19054,-0.005254013137513273
19055,-0.005115651670168439
19056,-0.004977264958115406
19057,-0.004838853684263789
19058,-0.0047004185316461755
19059,-0.004561960183411223
19060,-0.004423479322823825
19061,-0.004284976633258195
19062,-0.004146452798198044
19063,-0.004007908501229656
19064,-0.0038693444260420647
19065,-0.0037307612564201316
19066,-0.003592159676244276
19067,-0.003453540369485769
19068,-0.0033149040202020293
19069,-0.00317625131253635
19070,-0.0030375829307109758
19071,-0.0028988995590272745
19072,-0.002760201881858812
19073,-0.0026214905836515223
19074,-0.0024827663489167826
19075,-0.00234402986223114
19076,-0.002205281808231602
19077,-0.0020665228716109296
19078,-0.0019277537371173588
19079,-0.0017889750895476778
19080,-0.0016501876137473938
19081,-0.0015113919946038044
19082,-0.0013725889170461685
19083,-0.0012337790660387753
19084,-0.0010949631265811152
19085,-0.0009561417837009479
19086,-0.00081731572245403
19087,-0.0006784856279194025
19088,-0.0005396521851946773
19089,-0.00040081607939576553
19090,-0.0002619779956499437
19091,-0.00012313861909602527
19092,1.570136512257277e-05
19093,0.0001545412718576584
19094,0.0002933804159631984
19095,0.0004322181122955906
19096,0.0005710536757183773
19097,0.0007098864211069585
19098,0.0008487156633488647
19099,0.0009875407173506893
19100,0.0011263608980379182
19101,0.001265175520361862
19102,0.0014039838992994846
19103,0.001542785349860336
19104,0.0016815791870863803
19105,0.0018203647260589275
19106,0.001959141281898906
19107,0.0020979081697715747
19108,0.002236664704891233
19109,0.0023754102025214936
19110,0.002514143977982213
19111,0.0026528653466493185
19112,0.0027915736239617376
19113,0.0029302681254212257
19114,0.003068948166599295
19115,0.0032076130631374837
19116,0.003346262130752067
19117,0.0034848946852387643
19118,0.0036235100424730072
19119,0.0037621075184168687
19120,0.0039006864291188863
19121,0.004039246090720989
19122,0.004177785819458322
19123,0.004316304931666167
19124,0.004454802743779774
19125,0.004593278572341274
19126,0.004731731733999957
19127,0.0048701615455169645
19128,0.005008567323770001
19129,0.005146948385753593
19130,0.005285304048586014
19131,0.0054236336295091
19132,0.0055619364458951714
19133,0.0057002118152468546
19134,0.00583845905520399
19135,0.005976677483543903
19136,0.006114866418186105
19137,0.00625302517719697
19138,0.006391153078790022
19139,0.0065292494413328244
19140,0.006667313583346813
19141,0.0068053448235141905
19142,0.00694334248067776
19143,0.007081305873847814
19144,0.007219234322201966
19145,0.007357127145092041
19146,0.007494983662044342
19147,0.00763280319276434
19148,0.007770585057141341
19149,0.007908328575248771
19150,0.008046033067351044
19151,0.008183697853903401
19152,0.008321322255558783
19153,0.008458905593167658
19154,0.0085964471877849
19155,0.00873394636066962
19156,0.008871402433292023
19157,0.009008814727333688
19158,0.00914618256469224
19159,0.009283505267486
19160,0.009420782158054261
19161,0.00955801255896415
19162,0.009695195793010456
19163,0.009832331183222479
19164,0.009969418052863865
19165,0.010106455725439455
19166,0.01024344352469555
19167,0.010380380774624567
19168,0.01051726679946969
19169,0.01065410092372513
19170,0.010790882472142977
19171,0.010927610769733018
19172,0.011064285141769567
19173,0.01120090491379131
19174,0.01133746941160811
19175,0.011473977961300862
19176,0.01161042988922829
19177,0.011746824522027232
19178,0.011883161186617261
19179,0.012019439210205327
19180,0.012155657920286009
19181,0.012291816644648335
19182,0.012427914711375606
19183,0.0125639514488522
19184,0.012699926185763398
19185,0.012835838251102185
19186,0.012971686974169507
19187,0.013107471684578901
19188,0.01324319171226109
19189,0.013378846387464255
19190,0.013514435040760822
19191,0.013649957003047277
19192,0.013785411605550956
19193,0.013920798179829861
19194,0.014056116057779436
19195,0.014191364571632396
19196,0.014326543053965484
19197,0.014461650837699735
19198,0.014596687256105073
19199,0.014731651642804884
19200,0.014866543331776293
19201,0.015001361657356901
19202,0.015136105954244614
19203,0.015270775557504382
19204,0.015405369802568026
19205,0.01553988802524097
19206,0.015674329561702505
19207,0.015808693748510343
19208,0.015942979922605197
19209,0.016077187421311045
19210,0.016211315582341814
19211,0.016345363743801244
19212,0.016479331244189568
19213,0.016613217422403348
19214,0.016747021617742167
19215,0.01688074316990847
19216,0.01701438141901424
19217,0.01714793570558125
19218,0.01728140537054563
19219,0.017414789755262366
19220,0.017548088201505586
19221,0.01768130005147521
19222,0.01781442464779679
19223,0.017947461333528158
19224,0.018080409452159264
19225,0.018213268347618827
19226,0.018346037364274582
19227,0.018478715846937797
19228,0.018611303140867792
19229,0.018743798591772172
19230,0.018876201545813473
19231,0.019008511349608993
19232,0.019140727350237398
19233,0.019272848895238552
19234,0.01940487533262015
19235,0.019536806010857513
19236,0.019668640278900213
19237,0.019800377486172326
19238,0.01993201698257689
19239,0.020063558118500406
19240,0.020195000244813063
19241,0.02032634271287534
19242,0.02045758487453782
19243,0.020588726082147762
19244,0.020719765688548927
19245,0.020850703047088148
19246,0.02098153751161514
19247,0.02111226843648906
19248,0.02124289517657876
19249,0.021373417087267223
19250,0.02150383352445599
19251,0.021634143844565426
19252,0.021764347404541237
19253,0.0218944435618543
19254,0.022024431674507152
19255,0.022154311101033868
19256,0.02228408120050652
19257,0.02241374133253543
19258,0.022543290857273607
19259,0.022672729135421114
19260,0.02280205552822534
19261,0.02293126939748747
19262,0.0230603701055623
19263,0.023189357015364717
19264,0.02331822949036953
19265,0.023446986894617897
19266,0.023575628592717196
19267,0.02370415394984743
19268,0.02383256233176148
19269,0.02396085310478949
19270,0.024089025635843204
19271,0.02421707929241623
19272,0.024345013442590425
19273,0.024472827455035765
19274,0.024600520699016703
19275,0.02472809254439204
19276,0.02485554236162127
19277,0.024982869521764865
19278,0.02511007339648857
19279,0.025237153358067758
19280,0.02536410877938764
19281,0.02549093903394965
19282,0.02561764349587126
19283,0.025744221539892337
19284,0.02587067254137496
19285,0.02599699587630977
19286,0.026123190921315792
19287,0.026249257053646752
19288,0.026375193651191325
19289,0.02650100009247741
19290,0.02662667575667642
19291,0.026752220023603498
19292,0.026877632273723834
19293,0.02700291188815248
19294,0.02712805824866062
19295,0.027253070737675418
19296,0.027377948738286268
19297,0.02750269163424504
19298,0.027627298809970318
19299,0.02775176965055163
19300,0.027876103541749703
19301,0.028000299870002666
19302,0.028124358022425914
19303,0.028248277386818288
19304,0.028372057351661942
19305,0.02849569730612852
19306,0.028619196640079003
19307,0.0287425547440699
19308,0.028865771009353457
19309,0.02898884482788188
19310,0.0291117755923115
19311,0.029234562696003018
19312,0.029357205533027633
19313,0.02947970349816692
19314,0.029602055986918917
19315,0.029724262395498004
19316,0.029846322120840995
19317,0.02996823456060739
19318,0.03008999911318351
19319,0.03021161517768664
19320,0.030333082153965265
19321,0.03045439944260515
19322,0.030575566444929175
19323,0.030696582563003418
19324,0.03081744719963698
19325,0.03093815975838804
19326,0.031058719643563715
19327,0.031179126260226064
19328,0.03129937901419236
19329,0.031419477312039125
19330,0.031539420561106285
19331,0.03165920816949733
19332,0.031778839546085354
19333,0.031898314100512894
19334,0.0320176312431979
19335,0.03213679038533358
19336,0.032255790938894385
19337,0.03237463231663583
19338,0.03249331393210046
19339,0.032611835199618085
19340,0.03273019553430977
19341,0.032848394352091914
19342,0.03296643106967645
19343,0.033084305104576744
19344,0.03320201587510748
19345,0.03331956280039051
19346,0.033436945300354716
19347,0.03355416279574191
19348,0.03367121470810703
19349,0.033788100459822126
19350,0.03390481947408037
19351,0.03402137117489621
19352,0.03413775498711129
19353,0.03425397033639422
19354,0.03437001664924646
19355,0.034485893353002124
19356,0.03460159987583381
19357,0.034717135646752446
19358,0.03483250009561304
19359,0.03494769265311495
19360,0.035062712750805795
19361,0.035177559821085336
19362,0.03529223329720572
19363,0.03540673261327721
19364,0.03552105720426807
19365,0.035635206506010236
19366,0.03574917995519922
19367,0.03586297698939976
19368,0.03597659704704611
19369,0.03609003956744584
19370,0.03620330399078374
19371,0.03631638975812201
19372,0.03642929631140593
19373,0.03654202309346372
19374,0.03665456954801219
19375,0.03676693511965657
19376,0.03687911925389616
19377,0.03699112139712419
19378,0.03710294099663338
19379,0.037214577500616235
19380,0.03732603035816877
19381,0.03743729901929433
19382,0.03754838293490383
19383,0.037659281556821265
19384,0.037769994337783615
19385,0.03788052073144634
19386,0.037990860192383305
19387,0.03810101217609223
19388,0.03821097613899495
19389,0.03832075153844115
19390,0.038430337832712096
19391,0.03853973448102083
19392,0.03864894094351768
19393,0.03875795668129008
19394,0.038866781156368074
19395,0.038975413831724134
19396,0.039083854171278624
19397,0.03919210163989966
19398,0.03930015570340853
19399,0.039408015828579876
19400,0.03951568148314541
19401,0.039623152135797535
19402,0.039730427256189596
19403,0.03983750631494119
19404,0.0399443887836381
19405,0.04005107413483759
19406,0.040157561842068305
19407,0.04026385137983557
19408,0.040369942223621634
19409,0.040475833849889245
19410,0.04058152573608528
19411,0.04068701736064094
19412,0.040792308202977
19413,0.040897397743503754
19414,0.04100228546362618
19415,0.041106970845743884
19416,0.041211453373256296
19417,0.04131573253056256
19418,0.04141980780306675
19419,0.04152367867717806
19420,0.041627344640314354
19421,0.041730805180905696
19422,0.04183405978839452
19423,0.04193710795324086
19424,0.042039949166922136
19425,0.042142582921938385
19426,0.04224500871181207
19427,0.04234722603109325
19428,0.04244923437535942
19429,0.04255103324122065
19430,0.04265262212631975
19431,0.04275400052933574
19432,0.042855167949987324
19433,0.04295612388903304
19434,0.04305686784827635
19435,0.0431573993305655
19436,0.04325771783979855
19437,0.04335782288092327
19438,0.04345771395994212
19439,0.04355739058391246
19440,0.04365685226094995
19441,0.04375609850023193
19442,0.04385512881199759
19443,0.04395394270755296
19444,0.04405253969927078
19445,0.04415091930059543
19446,0.04424908102604278
19447,0.04434702439120518
19448,0.044444748912751235
19449,0.044542254108430795
19450,0.044639539497075074
19451,0.04473660459860001
19452,0.04483344893400953
19453,0.044930072025395756
19454,0.045026473395943865
19455,0.04512265256993192
19456,0.04521860907273573
19457,0.04531434243082869
19458,0.04540985217178662
19459,0.04550513782428792
19460,0.045600198918116806
19461,0.04569503498416658
19462,0.04578964555443979
19463,0.04588403016205296
19464,0.04597818834123651
19465,0.04607211962733942
19466,0.04616582355682915
19467,0.046259299667296305
19468,0.046352547497454565
19469,0.04644556658714529
19470,0.046538356477337756
19471,0.04663091671013227
19472,0.046723246828763366
19473,0.046815346377599945
19474,0.046907214902149906
19475,0.04699885194906004
19476,0.04709025706612059
19477,0.047181429802265175
19478,0.04727236970757531
19479,0.047363076333280636
19480,0.04745354923176197
19481,0.04754378795655439
19482,0.04763379206234741
19483,0.04772356110498953
19484,0.04781309464148806
19485,0.04790239223001362
19486,0.047991453429900084
19487,0.04808027780164895
19488,0.04816886490692932
19489,0.04825721430858227
19490,0.048345325570621045
19491,0.048433198258234056
19492,0.0485208319377879
19493,0.04860822617682749
19494,0.04869538054408045
19495,0.048782294609457
19496,0.04886896794405434
19497,0.048955400120156485
19498,0.04904159071123865
19499,0.04912753929196737
19500,0.0492132454382035
19501,0.049298708727005015
19502,0.049383928736627315
19503,0.04946890504652738
19504,0.04955363723736373
19505,0.04963812489100064
19506,0.049722367590508056
19507,0.04980636492016579
19508,0.04989011646546344
19509,0.04997362181310456
19510,0.05005688055100684
19511,0.05013989226830495
19512,0.05022265655535336
19513,0.05030517300372646
19514,0.05038744120622278
19515,0.0504694607568648
19516,0.050551231250903134
19517,0.05063275228481635
19518,0.050714023456315135
19519,0.05079504436434212
19520,0.05087581460907602
19521,0.05095633379193169
19522,0.051036601515562975
19523,0.05111661738386536
19524,0.051196381001976175
19525,0.05127589197627857
19526,0.05135514991440142
19527,0.051434154425223304
19528,0.0515129051188724
19529,0.05159140160673043
19530,0.05166964350143282
19531,0.05174763041687135
19532,0.05182536196819684
19533,0.051902837771819275
19534,0.051980057445411676
19535,0.052057020607910065
19536,0.05213372687951724
19537,0.05221017588170275
19538,0.052286367237206685
19539,0.05236230057003959
19540,0.05243797550548629
19541,0.052513391670105984
19542,0.0525885486917349
19543,0.05266344619948877
19544,0.052738083823763035
19545,0.05281246119623656
19546,0.05288657794987154
19547,0.052960433718917226
19548,0.05303402813890984
19549,0.05310736084667623
19550,0.05318043148033406
19551,0.05325323967929425
19552,0.053325785084263506
19553,0.05339806733724443
19554,0.05347008608153915
19555,0.053541840961749236
19556,0.05361333162377929
19557,0.05368455771483688
19558,0.05375551888343606
19559,0.053826214779397336
19560,0.053896645053851173
19561,0.053966809359238165
19562,0.054036707349311396
19563,0.05410633867913883
19564,0.05417570300510347
19565,0.054244799984906805
19566,0.05431362927756875
19567,0.05438219054343106
19568,0.054450483444157295
19569,0.05451850764273621
19570,0.05458626280348189
19571,0.054653748592036075
19572,0.05472096467537045
19573,0.05478791072178678
19574,0.05485458640092026
19575,0.05492099138373944
19576,0.05498712534254956
19577,0.05505298795099246
19578,0.055118578884049876
19579,0.055183897818043365
19580,0.055248944430637596
19581,0.05531371840084045
19582,0.05537821940900524
19583,0.05544244713683293
19584,0.05550640126737224
19585,0.05557008148502284
19586,0.0556334874755353
19587,0.05569661892601426
19588,0.055759475524918355
19589,0.05582205696206334
19590,0.05588436292862207
19591,0.05594639311712756
19592,0.05600814722147315
19593,0.0560696249369146
19594,0.05613082596007219
19595,0.056191749988930825
19596,0.05625239672284311
19597,0.05631276586252925
19598,0.05637285711008013
19599,0.05643267016895718
19600,0.0564922047439954
19601,0.05655146054140349
19602,0.056610437268765856
19603,0.05666913463504463
19604,0.05672755235057978
19605,0.05678569012709204
19606,0.05684354767768285
19607,0.05690112471683723
19608,0.05695842096042376
19609,0.057015436125697386
19610,0.05707216993129943
19611,0.05712862209726036
19612,0.05718479234499996
19613,0.05724068039732919
19614,0.057296285978452176
19615,0.05735160881396622
19616,0.057406648630864664
19617,0.05746140515753675
19618,0.05751587812377043
19619,0.057570067260752256
19620,0.057623972301070116
19621,0.057677592978713346
19622,0.057730929029074556
19623,0.057783980188951437
19624,0.05783674619654688
19625,0.05788922679147162
19626,0.05794142171474418
19627,0.057993330708793485
19628,0.05804495351745879
19629,0.05809628988599228
19630,0.05814733956105901
19631,0.058198102290739455
19632,0.05824857782452964
19633,0.058298765913342813
19634,0.05834866630951122
19635,0.05839827876678615
19636,0.058447603040340454
19637,0.05849663888676849
19638,0.058545386064088545
19639,0.05859384433174285
19640,0.05864201345059992
19641,0.058689893182954735
19642,0.05873748329253032
19643,0.058784783544479385
19644,0.058831793705384446
19645,0.05887851354326013
19646,0.05892494282755318
19647,0.05897108132914474
19648,0.05901692882035031
19649,0.05906248507492209
19650,0.059107749868048835
19651,0.05915272297635824
19652,0.05919740417791693
19653,0.05924179325223206
19654,0.0592858899802528
19655,0.059329694144370386
19656,0.05937320552842041
19657,0.05941642391768268
19658,0.05945934909888346
19659,0.059501980860195355
19660,0.059544318991239506
19661,0.05958636328308564
19662,0.05962811352825353
19663,0.0596695695207144
19664,0.05971073105589104
19665,0.05975159793065984
19666,0.05979216994335076
19667,0.05983244689374936
19668,0.05987242858309676
19669,0.059912114814091644
19670,0.05995150539089023
19671,0.059990600119108214
19672,0.06002939880582088
19673,0.060067901259564405
19674,0.06010610729033721
19675,0.060144016709599984
19676,0.06018162933027765
19677,0.060218944966759266
19678,0.06025596343489994
19679,0.06029268455202076
19680,0.06032910813691066
19681,0.06036523400982637
19682,0.06040106199249423
19683,0.06043659190811025
19684,0.060471823581341365
19685,0.06050675683832659
19686,0.06054139150667714
19687,0.060575727415478134
19688,0.06060976439528857
19689,0.06064350227814303
19690,0.06067694089755168
19691,0.060710080088501865
19692,0.060742919687458284
19693,0.06077545953236402
19694,0.06080769946264172
19695,0.06083963931919364
19696,0.060871278944403216
19697,0.0609026181821351
19698,0.060933656877736664
19699,0.060964394878038015
19700,0.06099483203135352
19701,0.061024968187481786
19702,0.06105480319770714
19703,0.061084336914799746
19704,0.06111356919301656
19705,0.06114249988810239
19706,0.061171128857289904
19707,0.061199455959301104
19708,0.06122748105434726
19709,0.061255204004130384
19710,0.061282624671843124
19711,0.0613097429221702
19712,0.06133655862128842
19713,0.061363071636867654
19714,0.06138928183807167
19715,0.061415189095558265
19716,0.061440793281480506
19717,0.06146609426948674
19718,0.06149109193472186
19719,0.06151578615382727
19720,0.06154017680494215
19721,0.061564263767703395
19722,0.061588046923246854
19723,0.06161152615420739
19724,0.06163470134471965
19725,0.0616575723804189
19726,0.06168013914844104
19727,0.06170240153742378
19728,0.06172435943750658
19729,0.061746012740331764
19730,0.061767361339044514
19731,0.061788405128293956
19732,0.06180914400423315
19733,0.06182957786451988
19734,0.06184970660831729
19735,0.06186953013629396
19736,0.061889048350624906
19737,0.06190826115499157
19738,0.061927168454582744
19739,0.06194577015609461
19740,0.06196406616773163
19741,0.061982056399206585
19742,0.06199974076174141
19743,0.06201711916806729
19744,0.06203419153242525
19745,0.06205095777056672
19746,0.06206741779975359
19747,0.06208357153875904
19748,0.062099418907867535
19749,0.062114959828875604
19750,0.062130194225091834
19751,0.06214512202133765
19752,0.06215974314394735
19753,0.06217405752076859
19754,0.06218806508116291
19755,0.062201765756005736
19756,0.062215159477687076
19757,0.062228246180111545
19758,0.06224102579869899
19759,0.06225349827038448
19760,0.062265663533618974
19761,0.062277521528369274
19762,0.06228907219611864
19763,0.06230031547986682
19764,0.06231125132413045
19765,0.06232187967494341
19766,0.06233220047985687
19767,0.062342213687939796
19768,0.062351919249778974
19769,0.06236131711747947
19770,0.062370407244664645
19771,0.06237918958647661
19772,0.06238766409957624
19773,0.06239583074214356
19774,0.06240368947387782
19775,0.06241124025599773
19776,0.062418483051241765
19777,0.06242541782386814
19778,0.06243204453965519
19779,0.06243836316590137
19780,0.06244437367142559
19781,0.062450076026567165
19782,0.06245547020318616
19783,0.06246055617466339
19784,0.06246533391590058
19785,0.062469803403320597
19786,0.06247396461486738
19787,0.06247781753000622
19788,0.06248136212972372
19789,0.06248459839652804
19790,0.06248752631444883
19791,0.062490145869037415
19792,0.06249245704736681
19793,0.062494459838031834
19794,0.06249615423114911
19795,0.06249754021835714
19796,0.062498617792816374
19797,0.06249938694920919
19798,0.06249984768373996
19799,0.06249999999413505
19800,0.06249984387964284
19801,0.06249937934103372
19802,0.0624986063806001
19803,0.06249752500215638
19804,0.06249613521103895
19805,0.06249443701410614
19806,0.06249243041973821
19807,0.06249011543783731
19808,0.0624874920798274
19809,0.06248456035865421
19810,0.06248132028878522
19811,0.062477771886209496
19812,0.062473915168437706
19813,0.06246975015450196
19814,0.06246527686495576
19815,0.062460495321873914
19816,0.06245540554885234
19817,0.06245000757100806
19818,0.06244430141497899
19819,0.062438287108923886
19820,0.062431964682522094
19821,0.06242533416697356
19822,0.06241839559499849
19823,0.06241114900083736
19824,0.062403594420250674
19825,0.06239573189051872
19826,0.06238756145044154
19827,0.06237908314033855
19828,0.06237029700204856
19829,0.06236120307892934
19830,0.06235180141585761
19831,0.06234209205922863
19832,0.06233207505695617
19833,0.062321750458472054
19834,0.062311118314726126
19835,0.06230017867818591
19836,0.06228893160283622
19837,0.062277377144179184
19838,0.06226551535923365
19839,0.0622533463065352
19840,0.06224087004613559
19841,0.06222808663960273
19842,0.06221499615002005
19843,0.06220159864198652
19844,0.062187894181616195
19845,0.06217388283653772
19846,0.062159564675894355
19847,0.062144939770343244
19848,0.06213000819205543
19849,0.06211477001471514
19850,0.06209922531351981
19851,0.0620833741651793
19852,0.06206721664791593
19853,0.062050752841463684
19854,0.06203398282706817
19855,0.0620169066874861
19856,0.06199952450698464
19857,0.06198183637134148
19858,0.061963842367843865
19859,0.0619455425852887
19860,0.061926937113981596
19861,0.06190802604573692
19862,0.06188880947387685
19863,0.06186928749323142
19864,0.06184946020013755
19865,0.06182932769243898
19866,0.06180889006948563
19867,0.06178814743213293
19868,0.06176709988274173
19869,0.06174574752517732
19870,0.061724090464809395
19871,0.06170212880851105
19872,0.06167986266465877
19873,0.06165729214313132
19874,0.06163441735530976
19875,0.06161123841407662
19876,0.061587755433815145
19877,0.061563968530409255
19878,0.06153987782124237
19879,0.061515483425197436
19880,0.061490785462655705
19881,0.06146578405549681
19882,0.06144047932709748
19883,0.06141487140233161
19884,0.06138896040756897
19885,0.06136274647067519
19886,0.06133622972101082
19887,0.061309410289430516
19888,0.061282288308282924
19889,0.06125486391140938
19890,0.061227137234143914
19891,0.06119910841331192
19892,0.061170777587230135
19893,0.061142144895705304
19894,0.06111321048003406
19895,0.061083974483002
19896,0.06105443704888269
19897,0.06102459832343759
19898,0.060994458453914595
19899,0.060964017589048076
19900,0.06093327587905737
19901,0.06090223347564679
19902,0.06087089053200415
19903,0.060839247202800754
19904,0.060807303644189827
19905,0.0607750600138065
19906,0.06074251647076668
19907,0.06070967317566598
19908,0.060676530290579636
19909,0.0606430879790609
19910,0.060609346406141025
19911,0.060575305738327666
19912,0.06054096614360486
19913,0.06050632779143136
19914,0.06047139085274054
19915,0.06043615549993927
19916,0.06040062190690668
19917,0.060364790248994105
19918,0.06032866070302331
19919,0.06029223344728655
19920,0.060255508661544756
19921,0.060218486527027555
19922,0.06018116722643148
19923,0.06014355094391999
19924,0.060105637865121596
19925,0.060067428177129824
19926,0.06002892206850189
19927,0.05999011972925743
19928,0.059951021350878396
19929,0.05991162712630715
19930,0.05987193724994649
19931,0.059831951917657694
19932,0.05979167132676057
19933,0.059751095676031436
19934,0.05971022516570308
19935,0.059669059997463345
19936,0.05962760037445377
19937,0.059585846501269496
19938,0.05954379858395719
19939,0.059501456830015106
19940,0.059458821448390986
19941,0.05941589264948211
19942,0.05937267064513316
19943,0.05932915564863628
19944,0.05928534787472892
19945,0.05924124753959375
19946,0.05919685486085715
19947,0.05915217005758776
19948,0.05910719335029635
19949,0.0590619249609336
19950,0.05901636511289018
19951,0.05897051403099443
19952,0.05892437194151251
19953,0.058877939072146
19954,0.05883121565203205
19955,0.05878420191174101
19956,0.05873689808327635
19957,0.05868930440007306
19958,0.05864142109699607
19959,0.05859324841034012
19960,0.058544786577827385
19961,0.05849603583860754
19962,0.058446996433255335
19963,0.05839766860377065
19964,0.05834805259357606
19965,0.05829814864751672
19966,0.05824795701185869
19967,0.058197477934287235
19968,0.05814671166390675
19969,0.05809565845123821
19970,0.05804431854821924
19971,0.057992692208201566
19972,0.05794077968595109
19973,0.057888581237645315
19974,0.05783609712087337
19975,0.05778332759463344
19976,0.05773027291933267
19977,0.057676933356785344
19978,0.05762330917021109
19979,0.057569400624234796
19980,0.05751520798488391
19981,0.05746073151958851
19982,0.05740597149717863
19983,0.057350928187884266
19984,0.05729560186333269
19985,0.057239992796548324
19986,0.05718410126195088
19987,0.05712792753535343
19988,0.05707147189396235
19989,0.05701473461637447
19990,0.056957715982577165
19991,0.05690041627394553
19992,0.05684283577324242
19993,0.05678497476461564
19994,0.05672683353359793
19995,0.05666841236710418
19996,0.05660971155343124
19997,0.05655073138225596
19998,0.056491472144633216
19999,0.05643193413299576
20000,0.05637211764115129
20001,0.0563120229642825
20002,0.0562516503989441
20003,0.056191000243062915
20004,0.056130072795934835
20005,0.05606886835822471
20006,0.05600738723196429
20007,0.055945629720550116
20008,0.05588359612874345
20009,0.055821286762667156
20010,0.055758701929805775
20011,0.05569584193900243
20012,0.05563270710045889
20013,0.055569297725732436
20014,0.05550561412773595
20015,0.05544165662073472
20016,0.05537742552034634
20017,0.05531292114353855
20018,0.055248143808627005
20019,0.05518309383527519
20020,0.0551177715444912
20021,0.05505217725862775
20022,0.054986311301379015
20023,0.0549201739977806
20024,0.05485376567420633
20025,0.054787086658368095
20026,0.05472013727931361
20027,0.0546529178674241
20028,0.054585428754414245
20029,0.05451767027332875
20030,0.0544496427585425
20031,0.054381346545757096
20032,0.05431278197200101
20033,0.05424394937562615
20034,0.05417484909630792
20035,0.0541054814750418
20036,0.05403584685414324
20037,0.05396594557724525
20038,0.0538957779892961
20039,0.05382534443655911
20040,0.053754645266609204
20041,0.05368368082833296
20042,0.05361245147192512
20043,0.05354095754888863
20044,0.05346919941203112
20045,0.05339717741546497
20046,0.053324891914603746
20047,0.05325234326616203
20048,0.05317953182815299
20049,0.05310645795988593
20050,0.05303312202196609
20051,0.052959524376291076
20052,0.05288566538605087
20053,0.05281154541572422
20054,0.052737164831078695
20055,0.052662523999166995
20056,0.0525876232883268
20057,0.05251246306817824
20058,0.05243704370962136
20059,0.05236136558483595
20060,0.05228542906727781
20061,0.0522092345316788
20062,0.0521327823540431
20063,0.05205607291164727
20064,0.05197910658303643
20065,0.051901883748024374
20066,0.051824404787689723
20067,0.051746670084375744
20068,0.051668680021687764
20069,0.051590434984490514
20070,0.051511935358907954
20071,0.0514331815323194
20072,0.051354173893359584
20073,0.05127491283191477
20074,0.0511953987391228
20075,0.051115632007369176
20076,0.05103561303028686
20077,0.05095534220275363
20078,0.05087481992088929
20079,0.05079404658205558
20080,0.05071302258485211
20081,0.05063174832911646
20082,0.05055022421592018
20083,0.05046845064756882
20084,0.050386428027597935
20085,0.05030415676077311
20086,0.05022163725308592
20087,0.05013886991175375
20088,0.050055855145217
20089,0.049972593363136246
20090,0.04988908497639211
20091,0.04980533039708111
20092,0.04972133003851572
20093,0.049637084315220216
20094,0.04955259364293079
20095,0.04946785843859131
20096,0.04938287912035319
20097,0.04929765610757248
20098,0.049212189820807
20099,0.049126480681816194
20100,0.0490405291135568
20101,0.048954335540183025
20102,0.048867900387042196
20103,0.048781224080674916
20104,0.0486943070488107
20105,0.048607149720368115
20106,0.048519752525450446
20107,0.048432115895345476
20108,0.04834424026252258
20109,0.048256126060629706
20110,0.04816777372449322
20111,0.04807918369011351
20112,0.04799035639466508
20113,0.047901292276492154
20114,0.04781199177510873
20115,0.04772245533119421
20116,0.04763268338659314
20117,0.04754267638431226
20118,0.047452434768517376
20119,0.04736195898453323
20120,0.04727124947883897
20121,0.047180306699068295
20122,0.04708913109400489
20123,0.04699772311358253
20124,0.04690608320888059
20125,0.04681421183212408
20126,0.04672210943667912
20127,0.04662977647705274
20128,0.046537213408889756
20129,0.046444420688969645
20130,0.04635139877520634
20131,0.04625814812664361
20132,0.04616466920345521
20133,0.04607096246694014
20134,0.04597702837952284
20135,0.04588286740474848
20136,0.04578848000728306
20137,0.045693866652908754
20138,0.04559902780852365
20139,0.04550396394213863
20140,0.04540867552287408
20141,0.04531316302095972
20142,0.04521742690772986
20143,0.045121467655623526
20144,0.045025285738179634
20145,0.04492888163003716
20146,0.0448322558069303
20147,0.04473540874568831
20148,0.044638340924232196
20149,0.04454105282157145
20150,0.04444354491780384
20151,0.044345817694110584
20152,0.044247871632756425
20153,0.04414970721708479
20154,0.04405132493151788
20155,0.0439527252615518
20156,0.043853908693756646
20157,0.043754875715771614
20158,0.04365562681630478
20159,0.04355616248512974
20160,0.04345648321308228
20161,0.04335658949206011
20162,0.04325648181501796
20163,0.04315616067596765
20164,0.04305562656997312
20165,0.04295487999315052
20166,0.04285392144266325
20167,0.0427527514167217
20168,0.04265137041457985
20169,0.04254977893653184
20170,0.04244797748391178
20171,0.042345966559088614
20172,0.04224374666546634
20173,0.04214131830747885
20174,0.04203868199059008
20175,0.041935838221288865
20176,0.04183278750708913
20177,0.04172953035652469
20178,0.041626067279149075
20179,0.04152239878553202
20180,0.04141852538725596
20181,0.04131444759691582
20182,0.04121016592811382
20183,0.04110568089545963
20184,0.04100099301456512
20185,0.04089610280204453
20186,0.04079101077550922
20187,0.04068571745356747
20188,0.04058022335582092
20189,0.040474529002860964
20190,0.04036863491626859
20191,0.040262541618609066
20192,0.04015624963343209
20193,0.04004975948526646
20194,0.039943071699620275
20195,0.03983618680297553
20196,0.0397291053227883
20197,0.0396218277874834
20198,0.03951435472645417
20199,0.03940668667005881
20200,0.039298824149616766
20201,0.03919076769740849
20202,0.0390825178466701
20203,0.038974075131593434
20204,0.03886544008732072
20205,0.03875661324994468
20206,0.03864759515650309
20207,0.038538386344978595
20208,0.03842898735429499
20209,0.03831939872431351
20210,0.03820962099583264
20211,0.0380996547105826
20212,0.03798950041122554
20213,0.03787915864134998
20214,0.037768629945471005
20215,0.0376579148690247
20216,0.03754701395836834
20217,0.03743592776077483
20218,0.03732465682443249
20219,0.0372132016984413
20220,0.0371015629328091
20221,0.03698974107845138
20222,0.036877736687185705
20223,0.03676555031173187
20224,0.03665318250570627
20225,0.03654063382362208
20226,0.036427904820883615
20227,0.036314996053786464
20228,0.036201908079511895
20229,0.03608864145612659
20230,0.035975196742578854
20231,0.035861574498694725
20232,0.03574777528517777
20233,0.035633799663603416
20234,0.03551964819641909
20235,0.035405321446938504
20236,0.03529081997934184
20237,0.03517614435866999
20238,0.03506129515082437
20239,0.03494627292256302
20240,0.034831078241496685
20241,0.0347157116760886
20242,0.034600173795648746
20243,0.03448446517033399
20244,0.03436858637114231
20245,0.034252537969912934
20246,0.03413632053932056
20247,0.0340199346528755
20248,0.03390338088491787
20249,0.03378665981061737
20250,0.033669772005969316
20251,0.03355271804779069
20252,0.0334354985137199
20253,0.03331811398221095
20254,0.03320056503253356
20255,0.03308285224476732
20256,0.03296497619980184
20257,0.03284693747933086
20258,0.03272873666585202
20259,0.03261037434266286
20260,0.0324918510938568
20261,0.03237316750432292
20262,0.03225432415974002
20263,0.03213532164657678
20264,0.03201616055208583
20265,0.03189684146430389
20266,0.0317773649720458
20267,0.03165773166490472
20268,0.031537942133246115
20269,0.03141799696820752
20270,0.031297896761694505
20271,0.03117764210637659
20272,0.031057233595687
20273,0.030936671823816663
20274,0.030815957385714365
20275,0.03069509087708073
20276,0.030574072894368354
20277,0.03045290403477579
20278,0.03033158489624729
20279,0.030210116077468714
20280,0.03008849817786339
20281,0.02996673179759189
20282,0.029844817537545948
20283,0.02972275599934861
20284,0.029600547785348163
20285,0.029478193498618254
20286,0.02935569374295182
20287,0.029233049122861215
20288,0.029110260243572106
20289,0.028987327711023223
20290,0.028864252131862205
20291,0.028741034113441404
20292,0.02861767426381767
20293,0.02849417319174617
20294,0.028370531506680566
20295,0.028246749818766834
20296,0.028122828738843413
20297,0.027998768878435033
20298,0.027874570849752468
20299,0.027750235265688317
20300,0.027625762739812806
20301,0.02750115388637353
20302,0.02737640932028923
20303,0.02725152965714997
20304,0.027126515513210887
20305,0.027001367505392348
20306,0.02687608625127372
20307,0.026750672369093512
20308,0.02662512647774312
20309,0.02649944919676658
20310,0.02637364114635632
20311,0.026247702947348874
20312,0.026121635221224643
20313,0.02599543859010161
20314,0.025869113676735486
20315,0.025742661104513422
20316,0.025616081497454153
20317,0.025489375480201682
20318,0.02536254367802545
20319,0.02523558671681399
20320,0.025108505223074694
20321,0.02498129982392949
20322,0.024853971147110545
20323,0.024726519820959997
20324,0.0245989464744236
20325,0.0244712517370509
20326,0.024343436238988832
20327,0.024215500610981905
20328,0.024087445484365807
20329,0.023959271491067156
20330,0.02383097926359915
20331,0.02370256943505723
20332,0.0235740426391188
20333,0.02344539951003684
20334,0.02331664068264006
20335,0.023187766792326453
20336,0.023058778475063497
20337,0.02292967636738168
20338,0.022800461106374674
20339,0.022671133329692887
20340,0.022541693675543217
20341,0.022412142782684646
20342,0.02228248129042386
20343,0.022152709838614986
20344,0.02202282906765312
20345,0.02189283961847449
20346,0.02176274213254996
20347,0.021632537251885204
20348,0.021502225619014197
20349,0.02137180787699897
20350,0.021241284669425174
20351,0.021110656640397667
20352,0.020979924434540248
20353,0.020849088696989128
20354,0.020718150073393112
20355,0.020587109209907046
20356,0.02045596675319198
20357,0.02032472335040864
20358,0.02019337964921757
20359,0.02006193629777259
20360,0.019930393944720532
20361,0.019798753239196786
20362,0.01966701483082083
20363,0.019535179369695958
20364,0.019403247506402727
20365,0.019271219891999106
20366,0.01913909717801388
20367,0.01900688001644682
20368,0.018874569059762102
20369,0.01874216496088801
20370,0.01860966837321248
20371,0.01847707995057859
20372,0.01834440034728429
20373,0.0182116302180758
20374,0.018078770218147768
20375,0.01794582100313663
20376,0.01781278322912078
20377,0.01767965755261394
20378,0.017546444630565306
20379,0.017413145120352913
20380,0.017279759679783374
20381,0.017146288967087343
20382,0.017012733640915
20383,0.016879094360335783
20384,0.016745371784831715
20385,0.016611566574297583
20386,0.016477679389034234
20387,0.016343710889748772
20388,0.016209661737547846
20389,0.016075532593937396
20390,0.015941324120818112
20391,0.015807036980480867
20392,0.015672671835606455
20393,0.015538229349258893
20394,0.015403710184885578
20395,0.015269115006310582
20396,0.01513444447773481
20397,0.014999699263729281
20398,0.014864880029235297
20399,0.014729987439557711
20400,0.014595022160364663
20401,0.014459984857683
20402,0.014324876197893696
20403,0.014189696847731588
20404,0.014054447474278623
20405,0.01391912874496403
20406,0.013783741327557568
20407,0.013648285890169684
20408,0.01351276310124476
20409,0.013377173629561276
20410,0.013241518144225048
20411,0.013105797314668951
20412,0.012970011810648326
20413,0.012834162302236368
20414,0.012698249459823849
20415,0.012562273954112352
20416,0.01242623645611443
20417,0.012290137637146809
20418,0.012153978168830567
20419,0.012017758723084334
20420,0.011881479972124017
20421,0.01174514258845819
20422,0.011608747244883455
20423,0.011472294614484178
20424,0.011335785370625682
20425,0.011199220186954413
20426,0.011062599737391118
20427,0.010925924696131017
20428,0.010789195737636986
20429,0.010652413536639717
20430,0.010515578768130892
20431,0.010378692107362919
20432,0.010241754229844283
20433,0.010104765811334897
20434,0.00996772752784584
20435,0.009830640055632512
20436,0.009693504071194795
20437,0.009556320251270225
20438,0.009419089272834146
20439,0.009281811813092863
20440,0.009144488549483378
20441,0.009007120159668723
20442,0.008869707321533303
20443,0.008732250713182621
20444,0.008594751012936422
20445,0.008457208899328859
20446,0.008319625051101624
20447,0.008182000147204126
20448,0.008044334866786611
20449,0.007906629889200338
20450,0.0077688858939907
20451,0.007631103560896958
20452,0.007493283569847561
20453,0.007355426600955472
20454,0.0072175333345178925
20455,0.007079604451009384
20456,0.0069416406310820345
20457,0.006803642555558572
20458,0.0066656109054325325
20459,0.006527546361861371
20460,0.006389449606166191
20461,0.006251321319827055
20462,0.006113162184478297
20463,0.005974972881908253
20464,0.005836754094052362
20465,0.005698506502993331
20466,0.005560230790954239
20467,0.005421927640298706
20468,0.0052835977335239865
20469,0.005145241753261138
20470,0.005006860382268119
20471,0.004868454303429512
20472,0.004730024199751826
20473,0.004591570754358805
20474,0.004453094650491145
20475,0.0043145965714995885
20476,0.004176077200845092
20477,0.00403753722209191
20478,0.003898977318907766
20479,0.003760398175056935
20480,0.0036218004744004114
20481,0.0034831849008889926
20482,0.003344552138563004
20483,0.003205902871547595
20484,0.003067237784048031
20485,0.0029285575603494236
20486,0.0027898628848098033
20487,0.0026511544418602916
20488,0.002512432915998176
20489,0.0023736989917870796
20490,0.002234953353850034
20491,0.0020961966868692067
20492,0.001957429675581192
20493,0.0018186530047722986
20494,0.00167986735927828
20495,0.0015410734239774012
20496,0.0014022718837906117
20497,0.0012634634236746143
20498,0.0011246487286220353
20499,0.0009858284836544936
20500,0.0008470033738227721
20501,0.0007081740841998844
20502,0.0005693412998808025
20503,0.00043050570597774444
20504,0.00029166798761546056
20505,0.00015282882993096126
20506,1.3988918066583422e-05
20507,-0.00012485106282983797
20508,-0.0002636904276119037
20509,-0.0004025284911344785
20510,-0.000541364568260625
20511,-0.0006801979738618759
20512,-0.0008190280228229476
20513,-0.0009578540300464528
20514,-0.0010966753104531732
20515,-0.0012354911789889927
20516,-0.0013743009506247254
20517,-0.0015131039403630483
20518,-0.0016518994632383301
20519,-0.0017906868343235628
20520,-0.0019294653687301894
20521,-0.002068234381615037
20522,-0.002206993188180586
20523,-0.002345741103679685
20524,-0.0024844774434202585
20525,-0.002623201522765579
20526,-0.0027619126571411974
20527,-0.002900610162034771
20528,-0.0030392933530029895
20529,-0.003177961545671405
20530,-0.0033166140557413576
20531,-0.0034552501989902466
20532,-0.003593869291276239
20533,-0.0037324706485429753
20534,-0.0038710535868198407
20535,-0.004009617422228887
20536,-0.004148161470984664
20537,-0.004286685049401134
20538,-0.004425187473891507
20539,-0.004563668060975155
20540,-0.00470212612727744
20541,-0.004840560989536631
20542,-0.004978971964604177
20543,-0.005117358369449406
20544,-0.00525571952116422
20545,-0.005394054736963374
20546,-0.005532363334191378
20547,-0.005670644630322332
20548,-0.005808897942966829
20549,-0.005947122589871787
20550,-0.006085317888927351
20551,-0.006223483158167167
20552,-0.006361617715773071
20553,-0.006499720880079782
20554,-0.00663779196957517
20555,-0.006775830302907153
20556,-0.006913835198883531
20557,-0.007051805976478876
20558,-0.007189741954834359
20559,-0.007327642453264644
20560,-0.007465506791257721
20561,-0.007603334288481783
20562,-0.007741124264785505
20563,-0.007878876040202721
20564,-0.008016588934957096
20565,-0.008154262269462408
20566,-0.008291895364329411
20567,-0.008429487540365679
20568,-0.008567038118582468
20569,-0.008704546420194555
20570,-0.008842011766627097
20571,-0.008979433479515476
20572,-0.009116810880712145
20573,-0.009254143292286916
20574,-0.009391430036531612
20575,-0.009528670435964733
20576,-0.009665863813331725
20577,-0.009803009491611836
20578,-0.009940106794017939
20579,-0.010077155044003394
20580,-0.010214153565261865
20581,-0.010351101681734176
20582,-0.010487998717608566
20583,-0.010624843997325354
20584,-0.010761636845581575
20585,-0.010898376587331254
20586,-0.011035062547792233
20587,-0.011171694052446009
20588,-0.011308270427044551
20589,-0.011444790997610138
20590,-0.011581255090442178
20591,-0.01171766203211704
20592,-0.011854011149494866
20593,-0.01199030176971984
20594,-0.012126533220224821
20595,-0.012262704828735965
20596,-0.012398815923272988
20597,-0.012534865832155982
20598,-0.012670853884005228
20599,-0.012806779407748005
20600,-0.012942641732618413
20601,-0.013078440188164165
20602,-0.013214174104246855
20603,-0.01334984281104656
20604,-0.013485445639066463
20605,-0.013620981919133104
20606,-0.013756450982403157
20607,-0.01389185216036327
20608,-0.014027184784836815
20609,-0.01416244818798374
20610,-0.014297641702307313
20611,-0.014432764660653954
20612,-0.014567816396219997
20613,-0.014702796242551951
20614,-0.01483770353355108
20615,-0.014972537603477993
20616,-0.015107297786952899
20617,-0.015241983418962352
20618,-0.015376593834859075
20619,-0.015511128370368693
20620,-0.01564558636158956
20621,-0.015779967144999487
20622,-0.01591427005745599
20623,-0.016048494436200874
20624,-0.016182639618864778
20625,-0.01631670494346743
20626,-0.016450689748424376
20627,-0.016584593372546773
20628,-0.016718415155048124
20629,-0.01685215443554408
20630,-0.016985810554059132
20631,-0.01711938285102646
20632,-0.01725287066729458
20633,-0.017386273344127633
20634,-0.017519590223209904
20635,-0.01765282064665035
20636,-0.01778596395698287
20637,-0.01791901949717294
20638,-0.018051986610617476
20639,-0.01818486464115145
20640,-0.018317652933047754
20641,-0.01845035083102381
20642,-0.018582957680241843
20643,-0.018715472826313397
20644,-0.018847895615303804
20645,-0.018980225393732487
20646,-0.019112461508579537
20647,-0.019244603307285564
20648,-0.019376650137758307
20649,-0.019508601348372456
20650,-0.019640456287976265
20651,-0.019772214305891368
20652,-0.01990387475191938
20653,-0.020035436976342146
20654,-0.02016690032992622
20655,-0.020298264163927323
20656,-0.0204295278300906
20657,-0.02056069068065719
20658,-0.020691752068364055
20659,-0.020822711346450536
20660,-0.02095356786865818
20661,-0.0210843209892373
20662,-0.021214970062946793
20663,-0.021345514445060682
20664,-0.02147595349136837
20665,-0.021606286558179064
20666,-0.021736513002326218
20667,-0.021866632181167776
20668,-0.021996643452592685
20669,-0.02212654617502072
20670,-0.022256339707408996
20671,-0.02238602340925179
20672,-0.022515596640587034
20673,-0.022645058761996566
20674,-0.02277440913461053
20675,-0.022903647120111763
20676,-0.023032772080736067
20677,-0.023161783379278638
20678,-0.023290680379093934
20679,-0.023419462444102094
20680,-0.02354812893878879
20681,-0.023676679228211664
20682,-0.023805112678000152
20683,-0.023933428654361922
20684,-0.024061626524083113
20685,-0.0241897056545327
20686,-0.024317665413666843
20687,-0.02444550517002913
20688,-0.02457322429275698
20689,-0.02470082215158148
20690,-0.024828298116833767
20691,-0.024955651559444854
20692,-0.025082881850952025
20693,-0.025209988363499053
20694,-0.025336970469840545
20695,-0.025463827543346244
20696,-0.025590558958001282
20697,-0.025717164088412514
20698,-0.025843642309808356
20699,-0.02596999299804512
20700,-0.026096215529606854
20701,-0.026222309281611636
20702,-0.02634827363181145
20703,-0.02647410795859844
20704,-0.026599811641005208
20705,-0.026725384058709035
20706,-0.026850824592036193
20707,-0.026976132621962155
20708,-0.02710130753011789
20709,-0.027226348698789676
20710,-0.027351255510925387
20711,-0.02747602735013431
20712,-0.0276006636006934
20713,-0.027725163647547506
20714,-0.027849526876313625
20715,-0.027973752673285123
20716,-0.028097840425431956
20717,-0.02822178952040691
20718,-0.02834559934654542
20719,-0.028469269292871767
20720,-0.028592798749098935
20721,-0.028716187105634776
20722,-0.02883943375358186
20723,-0.028962538084743646
20724,-0.0290854994916247
20725,-0.0292083173674349
20726,-0.029330991106093607
20727,-0.029453520102229885
20728,-0.02957590375118865
20729,-0.02969814144903051
20730,-0.02982023259253788
20731,-0.029942176579214812
20732,-0.030063972807293136
20733,-0.030185620675732643
20734,-0.03030711958422527
20735,-0.030428468933199195
20736,-0.030549668123819096
20737,-0.030670716557992198
20738,-0.030791613638368135
20739,-0.030912358768344986
20740,-0.031032951352069127
20741,-0.031153390794441262
20742,-0.03127367650111629
20743,-0.031393807878509275
20744,-0.03151378433379574
20745,-0.03163360527491569
20746,-0.03175327011057775
20747,-0.031872778250259325
20748,-0.03199212910421263
20749,-0.03211132208346453
20750,-0.03223035659982248
20751,-0.032349232065874395
20752,-0.03246794789499462
20753,-0.03258650350134371
20754,-0.032704898299874455
20755,-0.032823131706332026
20756,-0.03294120313725805
20757,-0.03305911200999459
20758,-0.0331768577426844
20759,-0.03329443975427681
20760,-0.033411857464527565
20761,-0.03352911029400471
20762,-0.03364619766408845
20763,-0.03376311899697698
20764,-0.03387987371568676
20765,-0.03399646124405642
20766,-0.03411288100675079
20767,-0.0342291324292611
20768,-0.034345214937910776
20769,-0.03446112795985532
20770,-0.0345768709230881
20771,-0.03469244325644021
20772,-0.03480784438958625
20773,-0.03492307375304418
20774,-0.035038130778181076
20775,-0.03515301489721337
20776,-0.035267725543210754
20777,-0.035382262150100076
20778,-0.03549662415266556
20779,-0.035610810986554525
20780,-0.03572482208827727
20781,-0.035838656895212734
20782,-0.0359523148456084
20783,-0.036065795378585945
20784,-0.036179097934141466
20785,-0.036292221953149364
20786,-0.036405166877366155
20787,-0.03651793214943071
20788,-0.036630517212869876
20789,-0.03674292151209838
20790,-0.036855144492424406
20791,-0.03696718560004947
20792,-0.037079044282074036
20793,-0.03719071998649736
20794,-0.037302212162223104
20795,-0.03741352025905951
20796,-0.03752464372772323
20797,-0.03763558201984309
20798,-0.03774633458796029
20799,-0.037856900885533964
20800,-0.037967280366941046
20801,-0.038077472487481764
20802,-0.03818747670337955
20803,-0.03829729247178648
20804,-0.03840691925078357
20805,-0.03851635649938443
20806,-0.03862560367753901
20807,-0.038734660246133854
20808,-0.03884352566699749
20809,-0.038952199402900345
20810,-0.039060680917560146
20811,-0.03916896967564183
20812,-0.03927706514276291
20813,-0.03938496678549339
20814,-0.039492674071361124
20815,-0.039600186468852036
20816,-0.03970750344741381
20817,-0.0398146244774595
20818,-0.03992154903036775
20819,-0.040028276578488155
20820,-0.04013480659514112
20821,-0.04024113855462319
20822,-0.04034727193220693
20823,-0.040453206204146205
20824,-0.04055894084767644
20825,-0.04066447534101815
20826,-0.04076980916338059
20827,-0.040874941794961935
20828,-0.04097987271695453
20829,-0.04108460141154479
20830,-0.0411891273619184
20831,-0.04129345005226022
20832,-0.04139756896775949
20833,-0.04150148359460973
20834,-0.04160519342001386
20835,-0.04170869793218451
20836,-0.041811996620347465
20837,-0.041915088974745204
20838,-0.0420179744866371
20839,-0.04212065264830458
20840,-0.042223122953050966
20841,-0.04232538489520665
20842,-0.042427437970128934
20843,-0.04252928167420714
20844,-0.04263091550486247
20845,-0.042732338960553146
20846,-0.042833551540774555
20847,-0.04293455274606272
20848,-0.04303534207799771
20849,-0.04313591903920387
20850,-0.04323628313335485
20851,-0.043336433865173433
20852,-0.04343637074043663
20853,-0.04353609326597548
20854,-0.04363560094968009
20855,-0.04373489330049979
20856,-0.043833969828446555
20857,-0.043932830044598345
20858,-0.04403147346109932
20859,-0.04412989959116475
20860,-0.04422810794908092
20861,-0.044326098050210025
20862,-0.044423869410990066
20863,-0.04452142154893973
20864,-0.04461875398265829
20865,-0.044715866231830444
20866,-0.044812757817226524
20867,-0.044909428260705805
20868,-0.04500587708521977
20869,-0.04510210381481232
20870,-0.045198107974624584
20871,-0.04529388909089479
20872,-0.04538944669096306
20873,-0.04548478030327133
20874,-0.04557988945736805
20875,-0.045674773683908446
20876,-0.045769432514657704
20877,-0.0458638654824942
20878,-0.0459580721214097
20879,-0.04605205196651404
20880,-0.04614580455403505
20881,-0.04623932942132324
20882,-0.04633262610685166
20883,-0.04642569415022059
20884,-0.04651853309215743
20885,-0.04661114247452131
20886,-0.046703521840303346
20887,-0.046795670733629696
20888,-0.04688758869976477
20889,-0.04697927528511135
20890,-0.04707073003721525
20891,-0.04716195250476512
20892,-0.04725294223759708
20893,-0.04734369878669458
20894,-0.04743422170419295
20895,-0.04752451054337956
20896,-0.047614564858696924
20897,-0.047704384205745756
20898,-0.047793968141285115
20899,-0.04788331622323693
20900,-0.047972428010685894
20901,-0.04806130306388387
20902,-0.04814994094424985
20903,-0.048238341214374335
20904,-0.04832650343801927
20905,-0.048414427180122455
20906,-0.04850211200679766
20907,-0.04858955748533769
20908,-0.04867676318421732
20909,-0.048763728673093455
20910,-0.04885045352280952
20911,-0.048936937305395334
20912,-0.049023179594071424
20913,-0.049109179963248956
20914,-0.049194937988534006
20915,-0.04928045324672776
20916,-0.0493657253158294
20917,-0.04945075377503901
20918,-0.04953553820475777
20919,-0.04962007818659217
20920,-0.04970437330335391
20921,-0.04978842313906415
20922,-0.049872227278953365
20923,-0.04995578530946559
20924,-0.050039096818258244
20925,-0.0501221613942064
20926,-0.05020497862740286
20927,-0.05028754810916104
20928,-0.050369869432017725
20929,-0.05045194218973328
20930,-0.050533765977295725
20931,-0.050615340390920666
20932,-0.05069666502805535
20933,-0.050777739487378584
20934,-0.0508585633688048
20935,-0.050939136273483926
20936,-0.05101945780380546
20937,-0.05109952756339859
20938,-0.05117934515713497
20939,-0.051258910191131386
20940,-0.05133822227274994
20941,-0.05141728101060203
20942,-0.05149608601454822
20943,-0.051574636895702235
20944,-0.05165293326643082
20945,-0.05173097474035769
20946,-0.05180876093236367
20947,-0.05188629145858934
20948,-0.051963565936437715
20949,-0.05204058398457433
20950,-0.05211734522293116
20951,-0.0521938492727065
20952,-0.052270095756368776
20953,-0.0523460842976565
20954,-0.052421814521582046
20955,-0.05249728605443155
20956,-0.052572498523768704
20957,-0.05264745155843492
20958,-0.05272214478855186
20959,-0.05279657784552398
20960,-0.052870750362038685
20961,-0.05294466197207005
20962,-0.05301831231087873
20963,-0.053091701015015626
20964,-0.05316482772232183
20965,-0.05323769207193227
20966,-0.05331029370427584
20967,-0.053382632261077916
20968,-0.053454707385362774
20969,-0.05352651872145376
20970,-0.05359806591497688
20971,-0.05366934861286072
20972,-0.05374036646334
20973,-0.053811119115955514
20974,-0.053881606221557646
20975,-0.05395182743230631
20976,-0.05402178240167444
20977,-0.05409147078444816
20978,-0.054160892236729145
20979,-0.054230046415936976
20980,-0.0542989329808093
20981,-0.05436755159140526
20982,-0.05443590190910541
20983,-0.05450398359661517
20984,-0.05457179631796472
20985,-0.05463933973851239
20986,-0.054706613524944825
20987,-0.05477361734527924
20988,-0.05484035086886574
20989,-0.05490681376638742
20990,-0.054973005709863715
20991,-0.05503892637265032
20992,-0.0551045754294425
20993,-0.05516995255627498
20994,-0.055235057430525245
20995,-0.055299889730913473
20996,-0.05536444913750575
20997,-0.05542873533171424
20998,-0.05549274799629932
20999,-0.05555648681537184
21000,-0.05561995147439317
21001,-0.05568314166017844
21002,-0.055746057060896415
21003,-0.055808697366072704
21004,-0.055871062266589645
21005,-0.05593315145468943
21006,-0.05599496462397425
21007,-0.05605650146940839
21008,-0.05611776168732032
21009,-0.05617874497540286
21010,-0.05623945103271615
21011,-0.05629987955968769
21012,-0.05636003025811526
21013,-0.056419902831166914
21014,-0.05647949698338399
21015,-0.05653881242068097
21016,-0.056597848850348534
21017,-0.05665660598105362
21018,-0.056715083522841464
21019,-0.056773281187137564
21020,-0.056831198686747825
21021,-0.05688883573586144
21022,-0.05694619205005084
21023,-0.057003267346274554
21024,-0.057060061342877146
21025,-0.05711657375959207
21026,-0.057172804317541584
21027,-0.0572287527392396
21028,-0.05728441874859177
21029,-0.05733980207089739
21030,-0.057394902432851294
21031,-0.057449719562543966
21032,-0.057504253189464276
21033,-0.05755850304449944
21034,-0.057612468859937725
21035,-0.05766615036946836
21036,-0.05771954730818428
21037,-0.057772659412582195
21038,-0.05782548642056442
21039,-0.057878028071440664
21040,-0.05793028410592816
21041,-0.05798225426615425
21042,-0.05803393829565634
21043,-0.05808533593938452
21044,-0.05813644694370145
21045,-0.05818727105638498
21046,-0.05823780802662802
21047,-0.05828805760504117
21048,-0.058338019543652725
21049,-0.05838769359591044
21050,-0.05843707951668322
21051,-0.05848617706226118
21052,-0.058534985990358175
21053,-0.058583506060111666
21054,-0.05863173703208522
21055,-0.05867967866826841
21056,-0.058727330732079246
21057,-0.058774692988364255
21058,-0.05882176520340011
21059,-0.05886854714489522
21060,-0.05891503858198986
21061,-0.05896123928525846
21062,-0.05900714902670959
21063,-0.05905276757978821
21064,-0.059098094719375695
21065,-0.05914313022179204
21066,-0.05918787386479584
21067,-0.05923232542758653
21068,-0.05927648469080449
21069,-0.05932035143653251
21070,-0.05936392544829734
21071,-0.059407206511069746
21072,-0.0594501944112667
21073,-0.0594928889367513
21074,-0.05953528987683497
21075,-0.059577397022277344
21076,-0.05961921016528842
21077,-0.05966072909952866
21078,-0.059701953620110354
21079,-0.059742883523599084
21080,-0.05978351860801377
21081,-0.05982385867282873
21082,-0.05986390351897364
21083,-0.0599036529488355
21084,-0.05994310676625865
21085,-0.05998226477654672
21086,-0.060021126786462584
21087,-0.0600596926042303
21088,-0.06009796203953523
21089,-0.0601359349035253
21090,-0.06017361100881234
21091,-0.06021099016947213
21092,-0.0602480722010463
21093,-0.06028485692054226
21094,-0.060321344146435085
21095,-0.06035753369866744
21096,-0.060393425398651425
21097,-0.060429019069268626
21098,-0.06046431453487135
21099,-0.060499311621283816
21100,-0.060534010155802245
21101,-0.0605684099671966
21102,-0.060602510885710524
21103,-0.06063631274306309
21104,-0.060669815372448734
21105,-0.06070301860853895
21106,-0.06073592228748227
21107,-0.06076852624690588
21108,-0.06080083032591571
21109,-0.06083283436509756
21110,-0.060864538206518146
21111,-0.06089594169372522
21112,-0.060927044671749093
21113,-0.06095784698710266
21114,-0.0609883484877829
21115,-0.061018549023270884
21116,-0.061048448444533235
21117,-0.061078046604022156
21118,-0.061107343355676906
21119,-0.06113633855492382
21120,-0.06116503205867735
21121,-0.061193423725341034
21122,-0.06122151341480755
21123,-0.06124930098846011
21124,-0.061276786309172486
21125,-0.06130396924131034
21126,-0.061330849650731205
21127,-0.061357427404785864
21128,-0.061383702372318376
21129,-0.061409674423666995
21130,-0.06143534343066506
21131,-0.06146070926664103
21132,-0.06148577180641979
21133,-0.061510530926322596
21134,-0.06153498650416836
21135,-0.061559138419273574
21136,-0.06158298655245357
21137,-0.06160653078602247
21138,-0.061629771003794374
21139,-0.061652707091083433
21140,-0.061675338934704615
21141,-0.06169766642297447
21142,-0.06171968944571122
21143,-0.06174140789423582
21144,-0.06176282166137199
21145,-0.06178393064144722
21146,-0.06180473473029285
21147,-0.061825233825245005
21148,-0.06184542782514474
21149,-0.06186531663033866
21150,-0.06188490014267967
21151,-0.06190417826552695
21152,-0.06192315090374699
21153,-0.061941817963713515
21154,-0.061960179353308484
21155,-0.061978234981922016
21156,-0.06199598476045334
21157,-0.06201342860131078
21158,-0.062030566418412605
21159,-0.0620473981271871
21160,-0.06206392364457311
21161,-0.062080142889020654
21162,-0.06209605578049093
21163,-0.062111662240457145
21164,-0.06212696219190445
21165,-0.062141955559330775
21166,-0.06215664226874679
21167,-0.06217102224767663
21168,-0.06218509542515796
21169,-0.062198861731742446
21170,-0.06221232109949623
21171,-0.06222547346199996
21172,-0.062238318754349466
21173,-0.062250856913155746
21174,-0.06226308787654559
21175,-0.062275011584161585
21176,-0.062286627977162716
21177,-0.062297936998224356
21178,-0.06230893859153884
21179,-0.062319632702815486
21180,-0.06233001927928098
21181,-0.06234009826967974
21182,-0.062349869624273906
21183,-0.062359333294843874
21184,-0.062368489234688296
21185,-0.0623773373986245
21186,-0.06238587774298853
21187,-0.06239411022563557
21188,-0.06240203480593994
21189,-0.062409651444795426
21190,-0.06241696010461549
21191,-0.06242396074933333
21192,-0.06243065334440222
21193,-0.06243703785679551
21194,-0.06244311425500696
21195,-0.062448882509050736
21196,-0.0624543425904617
21197,-0.06245949447229542
21198,-0.06246433812912844
21199,-0.06246887353705826
21200,-0.06247310067370355
21201,-0.062477019518204266
21202,-0.06248063005122169
21203,-0.062483932254938576
21204,-0.062486926113059206
21205,-0.06248961161080951
21206,-0.062491988734937075
21207,-0.062494057473711305
21208,-0.06249581781692336
21209,-0.06249726975588632
21210,-0.06249841328343515
21211,-0.06249924839392679
21212,-0.06249977508324011
21213,-0.062499993348776026
21214,-0.06249990318945743
21215,-0.062499504605729256
21216,-0.06249879759955841
21217,-0.06249778217443385
21218,-0.062496458335366475
21219,-0.06249482608888917
21220,-0.06249288544305675
21221,-0.0624906364074459
21222,-0.062488078993155165
21223,-0.06248521321280485
21224,-0.06248203908053703
21225,-0.06247855661201539
21226,-0.06247476582442521
21227,-0.062470666736473265
21228,-0.06246625936838773
21229,-0.06246154374191807
21230,-0.062456519880334946
21231,-0.06245118780843013
21232,-0.06244554755251628
21233,-0.06243959914042696
21234,-0.06243334260151634
21235,-0.06242677796665922
21236,-0.06241990526825072
21237,-0.06241272454020624
21238,-0.06240523581796119
21239,-0.06239743913847092
21240,-0.06238933454021051
21241,-0.06238092206317445
21242,-0.06237220174887668
21243,-0.06236317364035013
21244,-0.06235383778214675
21245,-0.06234419422033707
21246,-0.06233424300251016
21247,-0.062323984177773226
21248,-0.062313417796751557
21249,-0.06230254391158805
21250,-0.06229136257594316
21251,-0.06227987384499455
21252,-0.06226807777543674
21253,-0.06225597442548101
21254,-0.062243563854854876
21255,-0.06223084612480208
21256,-0.062217821298081975
21257,-0.06220448943896953
21258,-0.062190850613254696
21259,-0.06217690488824237
21260,-0.06216265233275193
21261,-0.062148093017116775
21262,-0.062133227013184286
21263,-0.06211805439431509
21264,-0.06210257523538311
21265,-0.06208678961277475
21266,-0.062070697604389
21267,-0.062054299289636544
21268,-0.06203759474943988
21269,-0.062020584066232426
21270,-0.06200326732395853
21271,-0.061985644608072876
21272,-0.061967716005539894
21273,-0.06194948160483374
21274,-0.06193094149593738
21275,-0.06191209577034262
21276,-0.06189294452104922
21277,-0.06187348784256483
21278,-0.06185372583090411
21279,-0.06183365858358866
21280,-0.06181328619964638
21281,-0.06179260877961072
21282,-0.06177162642552072
21283,-0.06175033924091992
21284,-0.061728747330856426
21285,-0.06170685080188181
21286,-0.06168464976205117
21287,-0.06166214432092202
21288,-0.061639334589554305
21289,-0.0616162206805093
21290,-0.06159280270784956
21291,-0.061569080787138124
21292,-0.06154505503543774
21293,-0.06152072557131079
21294,-0.06149609251481812
21295,-0.06147115598751905
21296,-0.06144591611247015
21297,-0.06142037301422526
21298,-0.06139452681883427
21299,-0.06136837765384309
21300,-0.06134192564829242
21301,-0.061315170932717634
21302,-0.061288113639147955
21303,-0.06126075390110549
21304,-0.06123309185360519
21305,-0.061205127633153514
21306,-0.06117686137774842
21307,-0.061148293226877995
21308,-0.06111942332152048
21309,-0.06109025180414285
21310,-0.061060778818700735
21311,-0.061031004510637483
21312,-0.0610009290268831
21313,-0.06097055251585422
21314,-0.060939875127452595
21315,-0.06090889701306516
21316,-0.06087761832556243
21317,-0.060846039219298646
21318,-0.06081415985011011
21319,-0.06078198037531528
21320,-0.060749500953713155
21321,-0.06071672174558325
21322,-0.060683642912684424
21323,-0.06065026461825385
21324,-0.06061658702700688
21325,-0.06058261030513542
21326,-0.060548334620307946
21327,-0.06051376014166783
21328,-0.06047888703983337
21329,-0.06044371548689605
21330,-0.06040824565642052
21331,-0.06037247772344334
21332,-0.060336411864471806
21333,-0.06030004825748389
21334,-0.06026338708192642
21335,-0.06022642851871513
21336,-0.06018917275023285
21337,-0.0601516199603295
21338,-0.06011377033432029
21339,-0.06007562405898572
21340,-0.06003718132256972
21341,-0.05999844231477957
21342,-0.05995940722678456
21343,-0.05992007625121474
21344,-0.05988044958216078
21345,-0.05984052741517204
21346,-0.059800309947256616
21347,-0.059759797376879344
21348,-0.05971898990396183
21349,-0.059677887729880474
21350,-0.05963649105746632
21351,-0.05959480009100374
21352,-0.05955281503622898
21353,-0.05951053610033006
21354,-0.05946796349194475
21355,-0.059425097421160526
21356,-0.05938193809951255
21357,-0.059338485739983626
21358,-0.0592947405570021
21359,-0.05925070276644191
21360,-0.05920637258562038
21361,-0.059161750233298144
21362,-0.059116835929677654
21363,-0.05907162989640165
21364,-0.05902613235655307
21365,-0.05898034353465279
21366,-0.05893426365665971
21367,-0.058887892949968434
21368,-0.05884123164340934
21369,-0.05879427996724625
21370,-0.058747038153176376
21371,-0.058699506434328676
21372,-0.05865168504526229
21373,-0.05860357422196643
21374,-0.05855517420185799
21375,-0.058506485223781615
21376,-0.05845750752800727
21377,-0.058408241356230316
21378,-0.05835868695156906
21379,-0.0583088445585648
21380,-0.058258714423179356
21381,-0.05820829679279501
21382,-0.058157591916212746
21383,-0.05810660004365057
21384,-0.05805532142674341
21385,-0.05800375631854058
21386,-0.05795190497350579
21387,-0.057899767647514644
21388,-0.05784734459785466
21389,-0.05779463608322266
21390,-0.05774164236372488
21391,-0.05768836370087428
21392,-0.05763480035759049
21393,-0.057580952598197975
21394,-0.0575268206884242
21395,-0.05747240489539957
21396,-0.0574177054876547
21397,-0.05736272273512047
21398,-0.057307456909125316
21399,-0.0572519082823953
21400,-0.05719607712905132
21401,-0.05713996372460904
21402,-0.05708356834597695
21403,-0.05702689127145452
21404,-0.05696993278073202
21405,-0.05691269315488776
21406,-0.0568551726763881
21407,-0.056797371629084624
21408,-0.056739290298214215
21409,-0.05668092897039614
21410,-0.056622287933632144
21411,-0.05656336747730354
21412,-0.05650416789217108
21413,-0.056444689470372955
21414,-0.0563849325054228
21415,-0.056324897292209554
21416,-0.0562645841269945
21417,-0.05620399330741131
21418,-0.05614312513246308
21419,-0.056081979902522346
21420,-0.0560205579193281
21421,-0.05595885948598562
21422,-0.05589688490696443
21423,-0.05583463448809617
21424,-0.05577210853657449
21425,-0.055709307360951935
21426,-0.05564623127114006
21427,-0.05558288057840621
21428,-0.05551925559537369
21429,-0.05545535663601855
21430,-0.05539118401566965
21431,-0.05532673805100552
21432,-0.05526201906005419
21433,-0.05519702736219104
21434,-0.055131763278136556
21435,-0.05506622712995624
21436,-0.05500041924105735
21437,-0.054934339936188945
21438,-0.05486798954143865
21439,-0.054801368384232683
21440,-0.0547344767933326
21441,-0.0546673150988351
21442,-0.054599883632169825
21443,-0.05453218272609701
21444,-0.0544642127147074
21445,-0.054395973933418856
21446,-0.054327466718976425
21447,-0.054258691409448945
21448,-0.05418964834422913
21449,-0.054120337864030144
21450,-0.05405076031088564
21451,-0.05398091602814638
21452,-0.05391080536048001
21453,-0.05384042865386876
21454,-0.05376978625560703
21455,-0.05369887851430124
21456,-0.05362770577986633
21457,-0.05355626840352585
21458,-0.05348456673780837
21459,-0.05341260113654759
21460,-0.05334037195487879
21461,-0.05326787954923885
21462,-0.05319512427736271
21463,-0.05312210649828319
21464,-0.053048826572328504
21465,-0.05297528486111986
21466,-0.05290148172757121
21467,-0.05282741753588567
21468,-0.05275309265155554
21469,-0.05267850744135866
21470,-0.052603662273358456
21471,-0.052528557516900255
21472,-0.05245319354261112
21473,-0.052377570722397286
21474,-0.05230168942944163
21475,-0.05222555003820352
21476,-0.05214915292441497
21477,-0.05207249846508084
21478,-0.0519955870384749
21479,-0.051918419024140024
21480,-0.051840994802884295
21481,-0.05176331475678112
21482,-0.051685379269165346
21483,-0.05160718872463313
21484,-0.051528743509039285
21485,-0.05145004400949461
21486,-0.051371090614365754
21487,-0.05129188371327129
21488,-0.05121242369708181
21489,-0.051132710957915925
21490,-0.05105274588914044
21491,-0.050972528885366325
21492,-0.05089206034244855
21493,-0.050811340657483405
21494,-0.05073037022880572
21495,-0.050649149455988744
21496,-0.050567678739840076
21497,-0.05048595848240178
21498,-0.05040398908694633
21499,-0.05032177095797665
21500,-0.050239304501222104
21501,-0.05015659012363854
21502,-0.05007362823340418
21503,-0.04999041923991949
21504,-0.049906963553804314
21505,-0.0498232615868951
21506,-0.04973931375224469
21507,-0.04965512046411817
21508,-0.049570682137992976
21509,-0.04948599919055466
21510,-0.049401072039697014
21511,-0.04931590110451785
21512,-0.04923048680531882
21513,-0.04914482956360253
21514,-0.04905892980206963
21515,-0.04897278794461865
21516,-0.04888640441634173
21517,-0.048799779643524714
21518,-0.0487129140536428
21519,-0.04862580807536071
21520,-0.04853846213852831
21521,-0.04845087667418073
21522,-0.048363052114534004
21523,-0.048274988892984885
21524,-0.04818668744410789
21525,-0.048098148203652276
21526,-0.0480093716085419
21527,-0.04792035809687077
21528,-0.047831108107903184
21529,-0.047741622082069245
21530,-0.047651900460965
21531,-0.047561943687347986
21532,-0.047471752205137004
21533,-0.0473813264594091
21534,-0.047290666896396515
21535,-0.04719977396348647
21536,-0.04710864810921667
21537,-0.0470172897832754
21538,-0.04692569943649697
21539,-0.04683387752086185
21540,-0.04674182448949207
21541,-0.046649540796651366
21542,-0.046557026897740536
21543,-0.0464642832492973
21544,-0.04637131030899315
21545,-0.04627810853563018
21546,-0.04618467838914093
21547,-0.046091020330583723
21548,-0.045997134822142786
21549,-0.045903022327123545
21550,-0.045808683309952775
21551,-0.04571411823617389
21552,-0.04561932757244704
21553,-0.04552431178654443
21554,-0.045429071347350074
21555,-0.04533360672485664
21556,-0.04523791839016216
21557,-0.045142006815469864
21558,-0.045045872474083405
21559,-0.044949515840406976
21560,-0.044852937389940506
21561,-0.044756137599279766
21562,-0.04465911694611157
21563,-0.04456187590921359
21564,-0.044464414968451
21565,-0.04436673460477328
21566,-0.04426883530021392
21567,-0.04417071753788562
21568,-0.04407238180198035
21569,-0.0439738285777645
21570,-0.04387505835157898
21571,-0.04377607161083428
21572,-0.043676868844010626
21573,-0.043577450540653026
21574,-0.04347781719137105
21575,-0.0433779692878355
21576,-0.043277907322774985
21577,-0.04317763178997576
21578,-0.04307714318427668
21579,-0.04297644200156941
21580,-0.042875528738793287
21581,-0.04277440389393557
21582,-0.0426730679660263
21583,-0.04257152145513816
21584,-0.04246976486238301
21585,-0.04236779868990846
21586,-0.04226562344089763
21587,-0.04216323961956412
21588,-0.04206064773115207
21589,-0.04195784828193109
21590,-0.04185484177919637
21591,-0.04175162873126357
21592,-0.0416482096474689
21593,-0.041544585038164016
21594,-0.04144075541471577
21595,-0.041336721289502755
21596,-0.041232483175911695
21597,-0.04112804158833733
21598,-0.04102339704217714
21599,-0.04091855005383152
21600,-0.04081350114069852
21601,-0.040708250821174
21602,-0.040602799614646384
21603,-0.04049714804149642
21604,-0.040391296623093646
21605,-0.04028524588179277
21606,-0.040178996340933484
21607,-0.04007254852483514
21608,-0.03996590295879692
21609,-0.039859060169092485
21610,-0.03975202068297013
21611,-0.03964478502864742
21612,-0.03953735373531137
21613,-0.039429727333113035
21614,-0.03932190635316734
21615,-0.0392138913275494
21616,-0.039105682789290885
21617,-0.03899728127237979
21618,-0.038888687311755016
21619,-0.03877990144330656
21620,-0.038670924203870014
21621,-0.038561756131226775
21622,-0.03845239776409855
21623,-0.038342849642147146
21624,-0.03823311230597081
21625,-0.03812318629710044
21626,-0.0380130721579994
21627,-0.03790277043205806
21628,-0.037792281663593864
21629,-0.037681606397845895
21630,-0.03757074518097496
21631,-0.037459698560058076
21632,-0.03734846708308863
21633,-0.03723705129897079
21634,-0.03712545175751933
21635,-0.03701366900945582
21636,-0.03690170360640485
21637,-0.03678955610089381
21638,-0.03667722704634728
21639,-0.0365647169970872
21640,-0.03645202650832724
21641,-0.036339156136172945
21642,-0.0362261064376161
21643,-0.03611287797053486
21644,-0.03599947129368816
21645,-0.03588588696671542
21646,-0.03577212555013273
21647,-0.035658187605328996
21648,-0.03554407369456572
21649,-0.03542978438097128
21650,-0.03531532022854112
21651,-0.03520068180213199
21652,-0.035085869667462126
21653,-0.03497088439110551
21654,-0.03485572654049165
21655,-0.03474039668390165
21656,-0.03462489539046436
21657,-0.03450922323015609
21658,-0.034393380773794856
21659,-0.03427736859304056
21660,-0.03416118726038914
21661,-0.034044837349172796
21662,-0.0339283194335541
21663,-0.0338116340885262
21664,-0.033694781889906975
21665,-0.03357776341433883
21666,-0.033460579239284687
21667,-0.033343229943024064
21668,-0.033225716104652796
21669,-0.03310803830407722
21670,-0.032990197122014286
21671,-0.032872193139985684
21672,-0.032754026940318016
21673,-0.03263569910613687
21674,-0.0325172102213666
21675,-0.03239856087072634
21676,-0.03227975163972592
21677,-0.03216078311466568
21678,-0.03204165588263052
21679,-0.03192237053149005
21680,-0.031802927649892655
21681,-0.0316833278272656
21682,-0.031563571653809123
21683,-0.03144365972049653
21684,-0.03132359261906825
21685,-0.03120337094203158
21686,-0.031082995282656622
21687,-0.030962466234972192
21688,-0.030841784393765587
21689,-0.03072095035457657
21690,-0.03059996471369751
21691,-0.03047882806816736
21692,-0.030357541015771792
21693,-0.030236104155037156
21694,-0.030114518085230246
21695,-0.029992783406354164
21696,-0.02987090071914421
21697,-0.029748870625067623
21698,-0.029626693726317512
21699,-0.029504370625813004
21700,-0.02938190192719313
21701,-0.029259288234816983
21702,-0.02913653015375761
21703,-0.029013628289802154
21704,-0.028890583249445722
21705,-0.02876739563989115
21706,-0.02864406606904483
21707,-0.028520595145512518
21708,-0.02839698347859909
21709,-0.02827323167830239
21710,-0.028149340355313367
21711,-0.028025310121009908
21712,-0.027901141587456983
21713,-0.027776835367400454
21714,-0.027652392074266827
21715,-0.02752781232215904
21716,-0.027403096725852234
21717,-0.027278245900793502
21718,-0.027153260463095675
21719,-0.027028141029537465
21720,-0.02690288821755723
21721,-0.026777502645253113
21722,-0.026651984931376816
21723,-0.02652633569533373
21724,-0.02640055555717667
21725,-0.026274645137605638
21726,-0.026148605057963552
21727,-0.026022435940231962
21728,-0.025896138407030807
21729,-0.025769713081612123
21730,-0.025643160587860182
21731,-0.025516481550285196
21732,-0.025389676594023462
21733,-0.025262746344831034
21734,-0.025135691429083895
21735,-0.025008512473771595
21736,-0.024881210106497024
21737,-0.02475378495547208
21738,-0.024626237649513355
21739,-0.02449856881804188
21740,-0.02437077909107676
21741,-0.024242869099235318
21742,-0.024114839473726744
21743,-0.023986690846352215
21744,-0.02385842384949853
21745,-0.023730039116137844
21746,-0.023601537279823316
21747,-0.023472918974684755
21748,-0.023344184835428366
21749,-0.023215335497330323
21750,-0.02308637159623693
21751,-0.02295729376855819
21752,-0.02282810265126796
21753,-0.022698798881897506
21754,-0.02256938309853566
21755,-0.022439855939822374
21756,-0.02231021804494845
21757,-0.022180470053651154
21758,-0.022050612606209802
21759,-0.02192064634344553
21760,-0.021790571906714785
21761,-0.021660389937909492
21762,-0.021530101079450567
21763,-0.021399705974288065
21764,-0.021269205265894677
21765,-0.02113859959826549
21766,-0.02100788961591353
21767,-0.020877075963865344
21768,-0.02074615928766075
21769,-0.02061514023334628
21770,-0.020484019447475372
21771,-0.0203527975771018
21772,-0.020221475269779857
21773,-0.020090053173557786
21774,-0.01995853193697795
21775,-0.019826912209070274
21776,-0.019695194639351966
21777,-0.01956337987782308
21778,-0.019431468574962023
21779,-0.01929946138172529
21780,-0.0191673589495409
21781,-0.019035161930308544
21782,-0.018902870976392983
21783,-0.01877048674062423
21784,-0.018638009876290926
21785,-0.01850544103714008
21786,-0.01837278087737259
21787,-0.018240030051638725
21788,-0.018107189215037865
21789,-0.017974259023111883
21790,-0.017841240131845307
21791,-0.01770813319765866
21792,-0.01757493887740866
21793,-0.017441657828381547
21794,-0.01730829070829325
21795,-0.01717483817528274
21796,-0.017041300887911764
21797,-0.016907679505160318
21798,-0.016773974686422097
21799,-0.016640187091504263
21800,-0.01650631738062074
21801,-0.016372366214392392
21802,-0.016238334253840334
21803,-0.016104222160386105
21804,-0.01597003059584496
21805,-0.01583576022242562
21806,-0.01570141170272571
21807,-0.015566985699727207
21808,-0.015432482876796166
21809,-0.015297903897676015
21810,-0.015163249426487717
21811,-0.015028520127723054
21812,-0.01489371666624479
21813,-0.014758839707279939
21814,-0.014623889916419936
21815,-0.014488867959613906
21816,-0.014353774503168389
21817,-0.014218610213742761
21818,-0.014083375758344651
21819,-0.013948071804329668
21820,-0.013812699019394659
21821,-0.013677258071577861
21822,-0.013541749629252156
21823,-0.013406174361125227
21824,-0.013270532936232792
21825,-0.013134826023938782
21826,-0.012999054293928553
21827,-0.01286321841620863
21828,-0.012727319061102086
21829,-0.012591356899243952
21830,-0.012455332601580923
21831,-0.012319246839364592
21832,-0.012183100284151602
21833,-0.012046893607796856
21834,-0.011910627482453688
21835,-0.011774302580567055
21836,-0.011637919574873272
21837,-0.011501479138395389
21838,-0.01136498194443855
21839,-0.011228428666589737
21840,-0.011091819978710945
21841,-0.010955156554939356
21842,-0.01081843906968051
21843,-0.010681668197608483
21844,-0.010544844613659054
21845,-0.010407968993029872
21846,-0.010271042011173629
21847,-0.010134064343797784
21848,-0.009997036666859922
21849,-0.009859959656563102
21850,-0.00972283398935558
21851,-0.009585660341923978
21852,-0.00944843939119344
21853,-0.009311171814320788
21854,-0.00917385828869469
21855,-0.009036499491928808
21856,-0.008899096101861525
21857,-0.00876164879655128
21858,-0.008624158254271909
21859,-0.008486625153512372
21860,-0.008349050172969887
21861,-0.008211433991550098
21862,-0.008073777288360211
21863,-0.007936080742709156
21864,-0.00779834503410072
21865,-0.007660570842233707
21866,-0.007522758846995071
21867,-0.007384909728459639
21868,-0.007247024166885433
21869,-0.007109102842708991
21870,-0.006971146436545098
21871,-0.006833155629179895
21872,-0.0066951311015710545
21873,-0.006557073534840881
21874,-0.0064189836102764904
21875,-0.0062808620093229095
21876,-0.006142709413582807
21877,-0.0060045265048118066
21878,-0.005866313964913793
21879,-0.005728072475940643
21880,-0.005589802720085322
21881,-0.005451505379682057
21882,-0.005313181137199431
21883,-0.005174830675240548
21884,-0.005036454676536136
21885,-0.004898053823944709
21886,-0.004759628800445658
21887,-0.004621180289138983
21888,-0.00448270897324059
21889,-0.004344215536077595
21890,-0.004205700661088046
21891,-0.004067165031814014
21892,-0.003928609331901758
21893,-0.00379003424509481
21894,-0.0036514404552341452
21895,-0.0035128286462512612
21896,-0.0033741995021679063
21897,-0.003235553707091374
21898,-0.0030968919452097976
21899,-0.0029582149007918762
21900,-0.0028195232581799514
21901,-0.002680817701790179
21902,-0.0025420989161056007
21903,-0.0024033675856763178
21904,-0.0022646243951125623
21905,-0.0021258700290848675
21906,-0.001987105172317142
21907,-0.0018483305095863942
21908,-0.0017095467257180238
21909,-0.0015707545055811093
21910,-0.001431954534088136
21911,-0.0012931474961880654
21912,-0.001154334076866506
21913,-0.0010155149611387809
21914,-0.0008766908340501002
21915,-0.0007378623806686282
21916,-0.0005990302860856543
21917,-0.0004601952354086603
21918,-0.00032135791376104825
21919,-0.0001825190062774268
21920,-4.367919809889815e-05
21921,9.516082562721447e-05
21922,0.00023400037975430043
21923,0.0003728387791362901
21924,0.0005116753386345887
21925,0.0006505093731179046
21926,0.0007893401974691827
21927,0.0009281671265858774
21928,0.001066989475384665
21929,0.001205806558806157
21930,0.0013446176918151722
21931,0.00148342218940767
21932,0.0016222193666105777
21933,0.0017610085384887233
21934,0.001899789020144664
21935,0.0020385601267256166
21936,0.0021773211734232873
21937,0.0023160714754808
21938,0.002454810348192971
21939,0.0025935371069110173
21940,0.0027322510670472673
21941,0.0028709515440754336
21942,0.0030096378535375396
21943,0.003148309311043748
21944,0.003286965232279287
21945,0.00342560493300428
21946,0.0035642277290606683
21947,0.003702832936372485
21948,0.0038414198709505586
21949,0.0039799878488972215
21950,0.004118536186406579
21951,0.0042570641997714325
21952,0.004395571205383104
21953,0.004534056519738357
21954,0.004672519459439229
21955,0.004810959341199937
21956,0.004949375481846719
21957,0.0050877671983247386
21958,0.005226133807698359
21959,0.005364474627155845
21960,0.005502788974014052
21961,0.00564107616571871
21962,0.005779335519851316
21963,0.005917566354128975
21964,0.0060557679864113
21965,0.00619393973470024
21966,0.0063320809171469854
21967,0.006470190852052236
21968,0.006608268857870892
21969,0.0067463142532167425
21970,0.006884326356862737
21971,0.007022304487747877
21972,0.0071602479649770494
21973,0.007298156107827913
21974,0.007436028235750731
21975,0.007573863668375258
21976,0.007711661725510567
21977,0.007849421727151936
21978,0.007987142993481116
21979,0.00812482484487101
21980,0.008262466601890346
21981,0.00840006758530395
21982,0.008537627116079619
21983,0.008675144515387945
21984,0.008812619104609195
21985,0.008950050205333135
21986,0.009087437139365896
21987,0.009224779228730244
21988,0.009362075795670244
21989,0.009499326162655924
21990,0.009636529652383543
21991,0.009773685587782443
21992,0.009910793292014886
21993,0.010047852088482898
21994,0.010184861300828097
21995,0.010321820252938547
21996,0.010458728268948583
21997,0.01059558467324565
21998,0.010732388790470572
21999,0.0108691399455222
22000,0.011005837463562058
22001,0.011142480670014604
22002,0.011279068890574062
22003,0.011415601451204257
22004,0.011552077678145426
22005,0.011688496897914057
22006,0.011824858437309703
22007,0.011961161623414814
22008,0.012097405783601547
22009,0.012233590245532024
22010,0.012369714337162977
22011,0.012505777386750353
22012,0.012641778722849592
22013,0.012777717674322413
22014,0.012913593570336654
22015,0.01304940574037306
22016,0.013185153514225107
22017,0.013320836222005797
22018,0.013456453194147911
22019,0.013592003761408627
22020,0.013727487254874118
22021,0.013862903005959819
22022,0.013998250346417189
22023,0.014133528608333551
22024,0.014268737124138849
22025,0.014403875226605476
22026,0.014538942248855035
22027,0.01467393752435816
22028,0.014808860386941278
22029,0.014943710170786852
22030,0.015078486210437983
22031,0.015213187840802979
22032,0.01534781439715561
22033,0.015482365215141854
22034,0.015616839630779714
22035,0.015751236980465946
22036,0.015885556600975896
22037,0.016019797829470196
22038,0.016153960003495046
22039,0.016288042460986762
22040,0.016422044540276334
22041,0.016555965580089687
22042,0.016689804919554366
22043,0.01682356189819939
22044,0.016957235855961914
22045,0.017090826133187076
22046,0.017224332070634677
22047,0.017357753009478998
22048,0.017491088291315484
22049,0.017624337258161003
22050,0.017757499252458366
22051,0.01789057361708086
22052,0.018023559695332488
22053,0.01815645683095465
22054,0.018289264368125953
22055,0.018421981651468845
22056,0.01855460802604947
22057,0.018687142837384277
22058,0.0188195854314403
22059,0.01895193515463964
22060,0.019084191353863966
22061,0.01921635337645478
22062,0.01934842057022002
22063,0.019480392283433883
22064,0.019612267864843446
22065,0.019744046663668486
22066,0.019875728029608065
22067,0.02000731131284037
22068,0.020138795864029297
22069,0.0202701810343247
22070,0.02040146617536686
22071,0.020532650639290932
22072,0.020663733778727225
22073,0.02079471494680774
22074,0.020925593497166
22075,0.02105636878394361
22076,0.021187040161790092
22077,0.021317606985869392
22078,0.021448068611860167
22079,0.021578424395960208
22080,0.021708673694890854
22081,0.021838815865897268
22082,0.021968850266754936
22083,0.022098776255769493
22084,0.02222859319178324
22085,0.022358300434174957
22086,0.022487897342866416
22087,0.02261738327832219
22088,0.022746757601556148
22089,0.022876019674131703
22090,0.023005168858166194
22091,0.023134204516335292
22092,0.023263126011873234
22093,0.02339193270857928
22094,0.023520623970817552
22095,0.02364919916352347
22096,0.023777657652203573
22097,0.02390599880294197
22098,0.024034221982400166
22099,0.024162326557823455
22100,0.024290311897041207
22101,0.024418177368471187
22102,0.02454592234112392
22103,0.02467354618460292
22104,0.0248010482691111
22105,0.024928427965450584
22106,0.02505568464502909
22107,0.025182817679859772
22108,0.02530982644256757
22109,0.025436710306389467
22110,0.025563468645178795
22111,0.02569010083340954
22112,0.0258166062461766
22113,0.0259429842592021
22114,0.026069234248835244
22115,0.026195355592058617
22116,0.026321347666488033
22117,0.02644720985037884
22118,0.026572941522625747
22119,0.02669854206276914
22120,0.026824010850995287
22121,0.026949347268140644
22122,0.027074550695696083
22123,0.027199620515807158
22124,0.027324556111280346
22125,0.027449356865582895
22126,0.027574022162849068
22127,0.02769855138787998
22128,0.027822943926149833
22129,0.02794719916380616
22130,0.028071316487674036
22131,0.028195295285260307
22132,0.02831913494475384
22133,0.028442834855031695
22134,0.028566394405658987
22135,0.028689812986895057
22136,0.028813089989693327
22137,0.02893622480570745
22138,0.029059216827291172
22139,0.029182065447504475
22140,0.029304770060113818
22141,0.029427330059596298
22142,0.029549744841143845
22143,0.02967201380066343
22144,0.029794136334783193
22145,0.02991611184085229
22146,0.030037939716946994
22147,0.030159619361870546
22148,0.030281150175159227
22149,0.030402531557082616
22150,0.030523762908647695
22151,0.030644843631602987
22152,0.03076577312843878
22153,0.03088655080239319
22154,0.031007176057451995
22155,0.03112764829835467
22156,0.03124796693059426
22157,0.03136813136042335
22158,0.031488140994853975
22159,0.03160799524166356
22160,0.03172769350939521
22161,0.03184723520736174
22162,0.031966619745649766
22163,0.032085846535119915
22164,0.032204914987412805
22165,0.0323238245149489
22166,0.032442574530934416
22167,0.03256116444936125
22168,0.03267959368501284
22169,0.03279786165346442
22170,0.03291596777108707
22171,0.03303391145505166
22172,0.03315169212332919
22173,0.03326930919469657
22174,0.03338676208873653
22175,0.033504050225843504
22176,0.03362117302722344
22177,0.03373812991489971
22178,0.03385492031171292
22179,0.03397154364132679
22180,0.034087999328228334
22181,0.03420428679773187
22182,0.034320405475982946
22183,0.03443635478995859
22184,0.034552134167473054
22185,0.034667743037177755
22186,0.034783180828566976
22187,0.03489844697197778
22188,0.035013540898595756
22189,0.035128462040454854
22190,0.03524320983044317
22191,0.03535778370230314
22192,0.03547218309063548
22193,0.035586407430903015
22194,0.035700456159430946
22195,0.035814328713412544
22196,0.03592802453090901
22197,0.03604154305085515
22198,0.03615488371305925
22199,0.03626804595820875
22200,0.036381029227870426
22201,0.0364938329644943
22202,0.036606456611417405
22203,0.03671889961286406
22204,0.03683116141395146
22205,0.03694324146068955
22206,0.03705513919998664
22207,0.037166854079649245
22208,0.037278385548387694
22209,0.03738973305581599
22210,0.037500896052457364
22211,0.0376118739897445
22212,0.037722666320023315
22213,0.037833272496556734
22214,0.03794369197352489
22215,0.03805392420603065
22216,0.03816396865009949
22217,0.038273824762684976
22218,0.03838349200166868
22219,0.03849296982586559
22220,0.03860225769502441
22221,0.038711355069831185
22222,0.038820261411913096
22223,0.03892897618383863
22224,0.03903749884912302
22225,0.03914582887222811
22226,0.039253965718567804
22227,0.03936190885450788
22228,0.039469657747371455
22229,0.039577211865438784
22230,0.03968457067795268
22231,0.03979173365511875
22232,0.03989870026810896
22233,0.04000546998906536
22234,0.040112042291100235
22235,0.04021841664830146
22236,0.040324592535732375
22237,0.04043056942943708
22238,0.04053634680644031
22239,0.040641924144752734
22240,0.04074730092337116
22241,0.0408524766222821
22242,0.040957450722465386
22243,0.04106222270589435
22244,0.041166792055541065
22245,0.04127115825537622
22246,0.041375320790374356
22247,0.04147927914651371
22248,0.041583032810781434
22249,0.04168658127117348
22250,0.04178992401669975
22251,0.04189306053738432
22252,0.041995990324268935
22253,0.04209871286941654
22254,0.04220122766591144
22255,0.04230353420786446
22256,0.0424056319904128
22257,0.04250752050972517
22258,0.042609199263001635
22259,0.04271066774847872
22260,0.042811925465429584
22261,0.04291297191416752
22262,0.04301380659604934
22263,0.043114429013475584
22264,0.04321483866989558
22265,0.0433150350698073
22266,0.043415017718762355
22267,0.043514786123365914
22268,0.04361433979128168
22269,0.043713678231231755
22270,0.043812800953001614
22271,0.04391170746744031
22272,0.04401039728646384
22273,0.0441088699230585
22274,0.044207124891281056
22275,0.04430516170626372
22276,0.04440297988421394
22277,0.04450057894241939
22278,0.04459795839924779
22279,0.044695117774151784
22280,0.044792056587668855
22281,0.04488877436142613
22282,0.044985270618140616
22283,0.045081544881622436
22284,0.045177596676778155
22285,0.04527342552961093
22286,0.04536903096722532
22287,0.04546441251782718
22288,0.04555956971072841
22289,0.04565450207634686
22290,0.04574920914621107
22291,0.04584369045296045
22292,0.04593794553034854
22293,0.04603197391324613
22294,0.04612577513764154
22295,0.046219348740645254
22296,0.04631269426048982
22297,0.04640581123653454
22298,0.04649869920926533
22299,0.04659135772029938
22300,0.04668378631238505
22301,0.046775984529406484
22302,0.04686795191638378
22303,0.046959688019476156
22304,0.04705119238598505
22305,0.047142464564354274
22306,0.04723350410417465
22307,0.04732431055618383
22308,0.04741488347227088
22309,0.04750522240547616
22310,0.047595326909995836
22311,0.047685196541182084
22312,0.04777483085554611
22313,0.04786422941076125
22314,0.047953391765663086
22315,0.048042317480253977
22316,0.04813100611570288
22317,0.048219457234349866
22318,0.048307670399705925
22319,0.048395645176457475
22320,0.04848338113046616
22321,0.04857087782877333
22322,0.04865813483960015
22323,0.048745151732350604
22324,0.04883192807761444
22325,0.04891846344716735
22326,0.04900475741397531
22327,0.04909080955219444
22328,0.04917661943717537
22329,0.049262186645463085
22330,0.04934751075480121
22331,0.049432591344132235
22332,0.04951742799360033
22333,0.0496020202845543
22334,0.04968636779954772
22335,0.04977047012234316
22336,0.0498543268379121
22337,0.049937937532439095
22338,0.05002130179332172
22339,0.050104419209174696
22340,0.05018728936982981
22341,0.05026991186634009
22342,0.05035228629097991
22343,0.05043441223724785
22344,0.05051628929986946
22345,0.050597917074797445
22346,0.05067929515921572
22347,0.05076042315153935
22348,0.05084130065141857
22349,0.050921927259738736
22350,0.05100230257862432
22351,0.05108242621143882
22352,0.0511622977627888
22353,0.051241916838524006
22354,0.05132128304574012
22355,0.051400395992781435
22356,0.05147925528924101
22357,0.05155786054596464
22358,0.05163621137505074
22359,0.05171430738985429
22360,0.051792148204986704
22361,0.05186973343631977
22362,0.051947062700985785
22363,0.05202413561738018
22364,0.052100951805164164
22365,0.05217751088526486
22366,0.05225381247987914
22367,0.05232985621247356
22368,0.052405641707788116
22369,0.0524811685918362
22370,0.05255643649190837
22371,0.05263144503657225
22372,0.05270619385567628
22373,0.05278068258034989
22374,0.052854910843006
22375,0.05292887827734362
22376,0.053002584518347884
22377,0.05307602920229386
22378,0.05314921196674637
22379,0.05322213245056372
22380,0.05329479029389756
22381,0.05336718513819656
22382,0.05343931662620656
22383,0.05351118440197297
22384,0.05358278811084329
22385,0.05365412739946721
22386,0.05372520191580019
22387,0.053796011309103386
22388,0.053866555229947176
22389,0.0539368333302111
22390,0.054006845263087355
22391,0.05407659068308075
22392,0.05414606924601215
22393,0.054215280609018646
22394,0.0542842244305559
22395,0.054352900370400525
22396,0.054421308089650164
22397,0.05448944725072696
22398,0.05455731751737748
22399,0.054624918554676084
22400,0.054692250029024864
22401,0.05475931160815701
22402,0.05482610296113695
22403,0.05489262375836262
22404,0.05495887367156773
22405,0.05502485237382192
22406,0.05509055953953401
22407,0.055155994844452
22408,0.05522115796566626
22409,0.05528604858160954
22410,0.05535066637206015
22411,0.05541501101814193
22412,0.05547908220232743
22413,0.0555428796084381
22414,0.055606402921646404
22415,0.05566965182847801
22416,0.055732626016811934
22417,0.055795325175883655
22418,0.05585774899628509
22419,0.05591989716996767
22420,0.055981769390242304
22421,0.05604336535178247
22422,0.05610468475062433
22423,0.056165727284168826
22424,0.05622649265118377
22425,0.05628698055180394
22426,0.05634719068753415
22427,0.05640712276124915
22428,0.05646677647719662
22429,0.05652615154099713
22430,0.05658524765964711
22431,0.05664406454151876
22432,0.05670260189636301
22433,0.05676085943530964
22434,0.05681883687086927
22435,0.05687653391693532
22436,0.056933950288784146
22437,0.05699108570307791
22438,0.0570479398778645
22439,0.05710451253258041
22440,0.057160803388050636
22441,0.05721681216649153
22442,0.057272538591510706
22443,0.05732798238810987
22444,0.05738314328268489
22445,0.05743802100302771
22446,0.0574926152783282
22447,0.057546925839174284
22448,0.05760095241755466
22449,0.057654694746858706
22450,0.05770815256187922
22451,0.05776132559881234
22452,0.05781421359526019
22453,0.057866816290231014
22454,0.05791913342414096
22455,0.05797116473881587
22456,0.058022909977491356
22457,0.05807436888481545
22458,0.058125541206848506
22459,0.058176426691065763
22460,0.0582270250863573
22461,0.058277336143030566
22462,0.058327359612810326
22463,0.05837709524884119
22464,0.058426542805687647
22465,0.05847570203933584
22466,0.05852457270719518
22467,0.05857315456809847
22468,0.05862144738230435
22469,0.05866945091149721
22470,0.05871716491878963
22471,0.05876458916872231
22472,0.05881172342726645
22473,0.05885856746182384
22474,0.05890512104122847
22475,0.05895138393574813
22476,0.05899735591708447
22477,0.059043036758375335
22478,0.05908842623419469
22479,0.05913352412055494
22480,0.059178330194906814
22481,0.059222844236141665
22482,0.059267066024591405
22483,0.05931099534203071
22484,0.05935463197167712
22485,0.05939797569819254
22486,0.05944102630768469
22487,0.05948378358770725
22488,0.05952624732726192
22489,0.05956841731679846
22490,0.05961029334821675
22491,0.05965187521486675
22492,0.059693162711550604
22493,0.05973415563452272
22494,0.059774853781491166
22495,0.05981525695161906
22496,0.05985536494552465
22497,0.05989517756528334
22498,0.059934694614427624
22499,0.0599739158979491
22500,0.0600128412222984
22501,0.06005147039538714
22502,0.060089803226587905
22503,0.060127839526736164
22504,0.060165579108130314
22505,0.060203021784533024
22506,0.06024016737117248
22507,0.060277015684742474
22508,0.060313566543404244
22509,0.06034981976678645
22510,0.060385775175986985
22511,0.06042143259357292
22512,0.06045679184358233
22513,0.06049185275152434
22514,0.060526615144380326
22515,0.060561078850605125
22516,0.06059524370012708
22517,0.060629109524349765
22518,0.060662676156151965
22519,0.06069594342988933
22520,0.060728911181394375
22521,0.0607615792479781
22522,0.06079394746842998
22523,0.0608260156830196
22524,0.06085778373349668
22525,0.060889251463092195
22526,0.06092041871651946
22527,0.06095128533997417
22528,0.06098185118113596
22529,0.06101211608916837
22530,0.061042079914720396
22531,0.061071742509926405
22532,0.061101103728407664
22533,0.0611301634252723
22534,0.06115892145711676
22535,0.06118737768202586
22536,0.0612155319595738
22537,0.06124338415082506
22538,0.061270934118334536
22539,0.06129818172614886
22540,0.061325126839806426
22541,0.0613517693263387
22542,0.06137810905427022
22543,0.06140414589361991
22544,0.06142987971590114
22545,0.0614553103941226
22546,0.0614804378027892
22547,0.061505261817902085
22548,0.06152978231695991
22549,0.0615539991789588
22550,0.06157791228439358
22551,0.06160152151525775
22552,0.06162482675504468
22553,0.06164782788874755
22554,0.06167052480286057
22555,0.061692917385378965
22556,0.06171500552579979
22557,0.06173678911512267
22558,0.06175826804584985
22559,0.061779442211987286
22560,0.061800311509044595
22561,0.06182087583403614
22562,0.061841135085481
22563,0.061861089163404
22564,0.0618807379693357
22565,0.06190008140631317
22566,0.06191911937888057
22567,0.06193785179308921
22568,0.061956278556498545
22569,0.06197439957817609
22570,0.06199221476869838
22571,0.062009724040150926
22572,0.062026927306129125
22573,0.06204382448173821
22574,0.06206041548359415
22575,0.06207670022982364
22576,0.06209267864006469
22577,0.06210835063546717
22578,0.06212371613869285
22579,0.06213877507391617
22580,0.06215352736682423
22581,0.06216797294461753
22582,0.06218211173600997
22583,0.06219594367122957
22584,0.062209468682018446
22585,0.06222268670163338
22586,0.062235597664846196
22587,0.0622482015079438
22588,0.06226049816872887
22589,0.062272487586519765
22590,0.062284169702151226
22591,0.06229554445797428
22592,0.06230661179785688
22593,0.062317371667183874
22594,0.06232782401285753
22595,0.062337968783297615
22596,0.0623478059284417
22597,0.0623573353997455
22598,0.062366557150182966
22599,0.062375471134246664
22600,0.06238407730794782
22601,0.062392375628816776
22602,0.06240036605590293
22603,0.06240804854977518
22604,0.06241542307252195
22605,0.06242248958775144
22606,0.062429248060591865
22607,0.06243569845769148
22608,0.062441840747218924
22609,0.0624476748988632
22610,0.06245320088383397
22611,0.06245841867486159
22612,0.06246332824619735
22613,0.06246792957361347
22614,0.06247222263440336
22615,0.062476207407381606
22616,0.062479883872884154
22617,0.062483252012768414
22618,0.062486311810413274
22619,0.06248906325071926
22620,0.06249150632010857
22621,0.062493641006525144
22622,0.06249546729943474
22623,0.06249698518982497
22624,0.06249819467020535
22625,0.06249909573460734
22626,0.06249968837858436
22627,0.06249997259921185
22628,0.06249994839508722
22629,0.062499615766329925
22630,0.062498974714581414
22631,0.062498025243005156
22632,0.062496767356286585
22633,0.06249520106063314
22634,0.06249332636377416
22635,0.06249114327496089
22636,0.062488651804966454
22637,0.06248585196608573
22638,0.06248274377213538
22639,0.06247932723845369
22640,0.06247560238190059
22641,0.062471569220857476
22642,0.062467227775227195
22643,0.06246257806643389
22644,0.06245762011742296
22645,0.062452353952660855
22646,0.06244677959813505
22647,0.06244089708135387
22648,0.062434706431346326
22649,0.06242820767866205
22650,0.06242140085537105
22651,0.06241428599506365
22652,0.062406863132850224
22653,0.06239913230536113
22654,0.0623910935507464
22655,0.06238274690867569
22656,0.06237409242033803
22657,0.0623651301284415
22658,0.06235586007721327
22659,0.062346282312399116
22660,0.06233639688126343
22661,0.06232620383258876
22662,0.0623157032166758
22663,0.06230489508534292
22664,0.06229377949192612
22665,0.06228235649127855
22666,0.06227062613977044
22667,0.06225858849528875
22668,0.062246243617236754
22669,0.06223359156653401
22670,0.062220632405615754
22671,0.06220736619843291
22672,0.06219379301045145
22673,0.0621799129086524
22674,0.06216572596153118
22675,0.062151232239097555
22676,0.06213643181287516
22677,0.06212132475590103
22678,0.062105911142725526
22679,0.06209019104941163
22680,0.06207416455353492
22681,0.062057831734182826
22682,0.06204119267195462
22683,0.0620242474489606
22684,0.06200699614882214
22685,0.06198943885667081
22686,0.06197157565914836
22687,0.06195340664440612
22688,0.061934931902104404
22689,0.06191615152341244
22690,0.06189706560100751
22691,0.061877674229074885
22692,0.06185797750330697
22693,0.06183797552090324
22694,0.061817668380569325
22695,0.06179705618251693
22696,0.06177613902846315
22697,0.06175491702162979
22698,0.06173339026674331
22699,0.06171155887003376
22700,0.061689422939234816
22701,0.0616669825835827
22702,0.06164423791381616
22703,0.06162118904217542
22704,0.06159783608240216
22705,0.06157417914973837
22706,0.061550218360926306
22707,0.06152595383420771
22708,0.06150138568932298
22709,0.06147651404751109
22710,0.06145133903150843
22711,0.061425860765548776
22712,0.061400079375362064
22713,0.061373994988174425
22714,0.06134760773270688
22715,0.06132091773917537
22716,0.06129392513928946
22717,0.06126663006625227
22718,0.06123903265475956
22719,0.061211133040998816
22720,0.06118293136264918
22721,0.06115442775888006
22722,0.06112562237035117
22723,0.06109651533921111
22724,0.06106710680909739
22725,0.061037396925134976
22726,0.06100738583393625
22727,0.060977073683599996
22728,0.06094646062371035
22729,0.060915546805336784
22730,0.06088433238103256
22731,0.06085281750483476
22732,0.06082100233226274
22733,0.06078888702031815
22734,0.06075647172748338
22735,0.06072375661372156
22736,0.06069074184047497
22737,0.06065742757066495
22738,0.060623813968690814
22739,0.06058990120042868
22740,0.06055568943323144
22741,0.060521178835927045
22742,0.06048636957881854
22743,0.060451261833682365
22744,0.06041585577376839
22745,0.06038015157379814
22746,0.06034414940996475
22747,0.06030784945993175
22748,0.06027125190283184
22749,0.06023435691926681
22750,0.060197164691305725
22751,0.06015967540248496
22752,0.06012188923780635
22753,0.060083806383737226
22754,0.06004542702820856
22755,0.060006751360614966
22756,0.059967779571812804
22757,0.05992851185412012
22758,0.0598889484013153
22759,0.05984908940863574
22760,0.05980893507277779
22761,0.05976848559189473
22762,0.05972774116559686
22763,0.059686701994949416
22764,0.0596453682824727
22765,0.059603740232139976
22766,0.0595618180493774
22767,0.05951960194106263
22768,0.05947709211552336
22769,0.05943428878253727
22770,0.059391192153329914
22771,0.05934780244057472
22772,0.05930411985839089
22773,0.059260144622343434
22774,0.059215876949440985
22775,0.05917131705813585
22776,0.05912646516832183
22777,0.05908132150133409
22778,0.05903588627994765
22779,0.05899015972837588
22780,0.058944142072270375
22781,0.058897833538718684
22782,0.05885123435624437
22783,0.05880434475480469
22784,0.058757164965790684
22785,0.05870969522202477
22786,0.05866193575776072
22787,0.05861388680868199
22788,0.05856554861190015
22789,0.058516921405954755
22790,0.05846800543081094
22791,0.05841880092785948
22792,0.05836930813991436
22793,0.05831952731121281
22794,0.058269458687412866
22795,0.05821910251559339
22796,0.058168459044251615
22797,0.05811752852330301
22798,0.05806631120407958
22799,0.05801480733932814
22800,0.05796301718321018
22801,0.057910940991299356
22802,0.057858579020581495
22803,0.05780593152945202
22804,0.05775299877771601
22805,0.05769978102658557
22806,0.057646278538679915
22807,0.057592491578022674
22808,0.05753842041004181
22809,0.05748406530156781
22810,0.05742942652083182
22811,0.05737450433746554
22812,0.05731929902249851
22813,0.05726381084835817
22814,0.0572080400888671
22815,0.057151987019243115
22816,0.05709565191609644
22817,0.05703903505742962
22818,0.0569821367226356
22819,0.05692495719249582
22820,0.056867496749180096
22821,0.056809755676243745
22822,0.05675173425862768
22823,0.05669343278265552
22824,0.056634851536033655
22825,0.056575990807848336
22826,0.05651685088856576
22827,0.056457432070029116
22828,0.05639773464545846
22829,0.05633775890944875
22830,0.056277505157967735
22831,0.05621697368835592
22832,0.05615616479932349
22833,0.056095078790950444
22834,0.056033715964683505
22835,0.05597207662333623
22836,0.05591016107108595
22837,0.0558479696134736
22838,0.05578550255740168
22839,0.05572276021113211
22840,0.0556597428842861
22841,0.05559645088784104
22842,0.05553288453413057
22843,0.05546904413684141
22844,0.05540493001101344
22845,0.05534054247303653
22846,0.05527588184065059
22847,0.055210948432942386
22848,0.05514574257034539
22849,0.05508026457463757
22850,0.05501451476893922
22851,0.05494849347771277
22852,0.05488220102675956
22853,0.05481563774321986
22854,0.05474880395556964
22855,0.05468169999362057
22856,0.054614326188516735
22857,0.054546682872734474
22858,0.05447877038008012
22859,0.05441058904568769
22860,0.05434213920601875
22861,0.054273421198858994
22862,0.05420443536331837
22863,0.05413518203982761
22864,0.05406566157013833
22865,0.05399587429731958
22866,0.05392582056575791
22867,0.0538555007211539
22868,0.05378491511052202
22869,0.053714064082188234
22870,0.05364294798578763
22871,0.053571567172264224
22872,0.053499921993867494
22873,0.05342801280415238
22874,0.05335583995797576
22875,0.053283403811496544
22876,0.053210704722172014
22877,0.05313774304875775
22878,0.05306451915130512
22879,0.0529910333911588
22880,0.05291728613095667
22881,0.0528432777346261
22882,0.052769008567384056
22883,0.052694478995733436
22884,0.052619689387463094
22885,0.052544640111644184
22886,0.05246933153863022
22887,0.05239376404005332
22888,0.05231793798882409
22889,0.05224185375912902
22890,0.052165511726427964
22891,0.05208891226745393
22892,0.052012055760209286
22893,0.05193494258396589
22894,0.05185757311926121
22895,0.05177994774789843
22896,0.0517020668529426
22897,0.05162393081872073
22898,0.051545540030817856
22899,0.05146689487607697
22900,0.051387995742596275
22901,0.051308843019726574
22902,0.051229437098071096
22903,0.05114977836948152
22904,0.05106986722705811
22905,0.050989704065145726
22906,0.05090928927933389
22907,0.050828623266452835
22908,0.050747706424573324
22909,0.050666539153003884
22910,0.05058512185228811
22911,0.05050345492420448
22912,0.05042153877176227
22913,0.050339373799201684
22914,0.05025696041198976
22915,0.05017429901682046
22916,0.05009139002161055
22917,0.05000823383549974
22918,0.04992483086884648
22919,0.04984118153322785
22920,0.0497572862414367
22921,0.049673145407478844
22922,0.049588759446572844
22923,0.04950412877514585
22924,0.049419253810833695
22925,0.049334134972476656
22926,0.049248772680119554
22927,0.049163167355007545
22928,0.0490773194195859
22929,0.04899122929749713
22930,0.04890489741357806
22931,0.04881832419385968
22932,0.0487315100655628
22933,0.04864445545709817
22934,0.04855716079806216
22935,0.048469626519236864
22936,0.04838185305258572
22937,0.04829384083125363
22938,0.04820559028956259
22939,0.048117101863011484
22940,0.04802837598827313
22941,0.04793941310319125
22942,0.04785021364678029
22943,0.047760778059221014
22944,0.047671106781860546
22945,0.04758120025720799
22946,0.04749105892893446
22947,0.047400683241868656
22948,0.04731007364199664
22949,0.04721923057645879
22950,0.04712815449354673
22951,0.04703684584270312
22952,0.046945305074517156
22953,0.04685353264072463
22954,0.0467615289942034
22955,0.04666929458897348
22956,0.04657682988019246
22957,0.04648413532415561
22958,0.04639121137829126
22959,0.04629805850116063
22960,0.04620467715245467
22961,0.0461110677929909
22962,0.04601723088471321
22963,0.045923166890687206
22964,0.045828876275100315
22965,0.0457343595032571
22966,0.04563961704157935
22967,0.045544649357601406
22968,0.04544945691996991
22969,0.045354040198440644
22970,0.045258399663875265
22971,0.045162535788241115
22972,0.04506644904460647
22973,0.04497013990714063
22974,0.04487360885110914
22975,0.04477685635287389
22976,0.04467988288988832
22977,0.04458268894069752
22978,0.044485274984933404
22979,0.04438764150331448
22980,0.0442897889776426
22981,0.0441917178907996
22982,0.04409342872674713
22983,0.04399492197052176
22984,0.04389619810823507
22985,0.04379725762706878
22986,0.04369810101527482
22987,0.04359872876217043
22988,0.04349914135813825
22989,0.0433993392946214
22990,0.043299323064123235
22991,0.043199093160204
22992,0.04309865007747738
22993,0.04299799431161038
22994,0.04289712635931824
22995,0.0427960467183646
22996,0.04269475588755644
22997,0.04259325436674422
22998,0.04249154265681681
22999,0.04238962125970129
23000,0.042287490678359525
23001,0.04218515141678467
23002,0.04208260398000098
23003,0.0419798488740587
23004,0.041876886606034204
23005,0.04177371768402485
23006,0.04167034261714911
23007,0.04156676191554141
23008,0.041462976090352266
23009,0.04135898565374313
23010,0.04125479111888615
23011,0.041150392999960664
23012,0.04104579181214965
23013,0.040940988071639525
23014,0.04083598229561494
23015,0.04073077500225888
23016,0.040625366710747415
23017,0.04051975794124989
23018,0.040413949214923583
23019,0.04030794105391354
23020,0.040201733981349
23021,0.04009532852133973
23022,0.039988725198975894
23023,0.0398819245403227
23024,0.03977492707242052
23025,0.03966773332327959
23026,0.0395603438218801
23027,0.039452759098166895
23028,0.039344979683049564
23029,0.03923700610839707
23030,0.03912883890703757
23031,0.03902047861275471
23032,0.038911925760283995
23033,0.03880318088531253
23034,0.03869424452447364
23035,0.03858511721534697
23036,0.03847579949645308
23037,0.03836629190725354
23038,0.038256594988145515
23039,0.0381467092804615
23040,0.03803663532646566
23041,0.03792637366935002
23042,0.037815924853234324
23043,0.037705289423160475
23044,0.03759446792509272
23045,0.03748346090591205
23046,0.03737226891341644
23047,0.03726089249631521
23048,0.03714933220422922
23049,0.03703758858768528
23050,0.03692566219811594
23051,0.036813553587855714
23052,0.03670126331013725
23053,0.036588791919091125
23054,0.03647613996974024
23055,0.03636330801799994
23056,0.03625029662067243
23057,0.036137106335446874
23058,0.03602373772089375
23059,0.03591019133646466
23060,0.03579646774248847
23061,0.03568256750016743
23062,0.035568491171576976
23063,0.03545423931966005
23064,0.0353398125082272
23065,0.035225211301950936
23066,0.035110436266365806
23067,0.03499548796786271
23068,0.03488036697368905
23069,0.03476507385194296
23070,0.0346496091715731
23071,0.03453397350237473
23072,0.0344181674149858
23073,0.034302191480886736
23074,0.03418604627239462
23075,0.034069732362663356
23076,0.03395325032567787
23077,0.03383660073625427
23078,0.03371978417003397
23079,0.03360280120348391
23080,0.03348565241389068
23081,0.033368338379360284
23082,0.03325085967881418
23083,0.03313321689198529
23084,0.0330154105994178
23085,0.03289744138246122
23086,0.0327793098232706
23087,0.032661016504800564
23088,0.03254256201080554
23089,0.032423946925833794
23090,0.032305171835227214
23091,0.03218623732511727
23092,0.032067143982421026
23093,0.03194789239484084
23094,0.03182848315085848
23095,0.03170891683973522
23096,0.03158919405150593
23097,0.03146931537697916
23098,0.031349281407731217
23099,0.031229092736106277
23100,0.03110874995521042
23101,0.03098825365891136
23102,0.0308676044418344
23103,0.030746802899358293
23104,0.030625849627615057
23105,0.0305047452234839
23106,0.030383490284591395
23107,0.030262085409305417
23108,0.030140531196735307
23109,0.03001882824672579
23110,0.029896977159856758
23111,0.029774978537439125
23112,0.029652832981510693
23113,0.029530541094835907
23114,0.029408103480899773
23115,0.029285520743907986
23116,0.029162793488780835
23117,0.02903992232115334
23118,0.028916907847369132
23119,0.028793750674480603
23120,0.02867045141024276
23121,0.028547010663112982
23122,0.02842342904224684
23123,0.028299707157493907
23124,0.028175845619397503
23125,0.028051845039188533
23126,0.027927706028785634
23127,0.02780342920078897
23128,0.027679015168480408
23129,0.02755446454581729
23130,0.027429777947432208
23131,0.027304955988628754
23132,0.027179999285377315
23133,0.0270549084543148
23134,0.026929684112738415
23135,0.02680432687860582
23136,0.02667883737052886
23137,0.026553216207773747
23138,0.026427464010254757
23139,0.026301581398534408
23140,0.02617556899381719
23141,0.026049427417949286
23142,0.025923157293414326
23143,0.02579675924332908
23144,0.025670233891443232
23145,0.025543581862133048
23146,0.025416803780401544
23147,0.025289900271872157
23148,0.025162871962788907
23149,0.02503571948001005
23150,0.024908443451007834
23151,0.02478104450386419
23152,0.02465352326726639
23153,0.024525880370506823
23154,0.02439811644347661
23155,0.024270232116665763
23156,0.02414222802115681
23157,0.02401410478862495
23158,0.023885863051331665
23159,0.02375750344212486
23160,0.023629026594432487
23161,0.02350043314226227
23162,0.02337172372019736
23163,0.023242898963391958
23164,0.023113959507571065
23165,0.02298490598902405
23166,0.022855739044604806
23167,0.022726459311725317
23168,0.022597067428355797
23169,0.022467564033018257
23170,0.022337949764786643
23171,0.022208225263280385
23172,0.02207839116866413
23173,0.021948448121643357
23174,0.02181839676345994
23175,0.021688237735891926
23176,0.021557971681247016
23177,0.021427599242362733
23178,0.021297121062599917
23179,0.021166537785842897
23180,0.021035850056492948
23181,0.02090505851946806
23182,0.020774163820198498
23183,0.020643166604622346
23184,0.020512067519185266
23185,0.02038086721083395
23186,0.020249566327016286
23187,0.020118165515674795
23188,0.019986665425246804
23189,0.01985506670465788
23190,0.019723370003322003
23191,0.019591575971134964
23192,0.01945968525847414
23193,0.01932769851619401
23194,0.019195616395621656
23195,0.019063439548556542
23196,0.01893116862726389
23197,0.018798804284474845
23198,0.018666347173379883
23199,0.018533797947628963
23200,0.018401157261324918
23201,0.018268425769023194
23202,0.01813560412572734
23203,0.01800269298688452
23204,0.017869693008385226
23205,0.01773660484655666
23206,0.0176034291581629
23207,0.017470166600398237
23208,0.017336817830887356
23209,0.01720338350767867
23210,0.017069864289244487
23211,0.01693626083447436
23212,0.016802573802674792
23213,0.016668803853564746
23214,0.016534951647271062
23215,0.01640101784432823
23216,0.01626700310567167
23217,0.016132908092637944
23218,0.015998733466958015
23219,0.015864479890757444
23220,0.01573014802654968
23221,0.015595738537235788
23222,0.01546125208609991
23223,0.015326689336804679
23224,0.015192050953390969
23225,0.015057337600271172
23226,0.014922549942229359
23227,0.01478768864441456
23228,0.014652754372340931
23229,0.014517747791881006
23230,0.014382669569265883
23231,0.014247520371078464
23232,0.014112300864253205
23233,0.013977011716071512
23234,0.013841653594157167
23235,0.013706227166476051
23236,0.013570733101329389
23237,0.013435172067353918
23238,0.013299544733515113
23239,0.013163851769107369
23240,0.01302809384374721
23241,0.012892271627373471
23242,0.012756385790240514
23243,0.012620437002917954
23244,0.012484425936286058
23245,0.012348353261531123
23246,0.01221221965014521
23247,0.012076025773919346
23248,0.011939772304943698
23249,0.01180345991560077
23250,0.011667089278565563
23251,0.011530661066798781
23252,0.011394175953546554
23253,0.011257634612335808
23254,0.011121037716969635
23255,0.01098438594152702
23256,0.010847679960356028
23257,0.010710920448073959
23258,0.010574108079560534
23259,0.010437243529958059
23260,0.010300327474664589
23261,0.010163360589334104
23262,0.010026343549869667
23263,0.009889277032423155
23264,0.00975216171339061
23265,0.009614998269407581
23266,0.009477787377348865
23267,0.009340529714321647
23268,0.009203225957665673
23269,0.009065876784946395
23270,0.00892848287395514
23271,0.008791044902702256
23272,0.008653563549416833
23273,0.008516039492542047
23274,0.008378473410730483
23275,0.00824086598284388
23276,0.008103217887946237
23277,0.00796552980530401
23278,0.00782780241437922
23279,0.007690036394829627
23280,0.0075522324265018545
23281,0.00741439118943156
23282,0.007276513363836549
23283,0.007138599630116507
23284,0.007000650668848321
23285,0.006862667160781394
23286,0.006724649786837374
23287,0.0065865992281032675
23288,0.006448516165831605
23289,0.006310401281433551
23290,0.006172255256479071
23291,0.006034078772690037
23292,0.005895872511939953
23293,0.005757637156249267
23294,0.005619373387780681
23295,0.005481081888838873
23296,0.005342763341863599
23297,0.005204418429429859
23298,0.005066047834240992
23299,0.004927652239128849
23300,0.004789232327046877
23301,0.004650788781070294
23302,0.004512322284389175
23303,0.004373833520308182
23304,0.00423532317224186
23305,0.00409679192370994
23306,0.003958240458337064
23307,0.003819669459845866
23308,0.003681079612057147
23309,0.003542471598882951
23310,0.0034038461043267385
23311,0.0032652038124764632
23312,0.0031265454075043
23313,0.00298787157366194
23314,0.002849182995275881
23315,0.0027104803567471565
23316,0.0025717643425444106
23317,0.0024330356372040665
23318,0.0022942949253234026
23319,0.002155542891560721
23320,0.00201678022062842
23321,0.0018780075972931662
23322,0.0017392257063689627
23323,0.0016004352327168788
23324,0.0014616368612403374
23325,0.0013228312768804042
23326,0.0011840191646155147
23327,0.001045201209454542
23328,0.0009063780964369692
23329,0.000767550510625956
23330,0.0006287191371085107
23331,0.0004898846609885569
23332,0.00035104776738710525
23333,0.00021220914143531985
23334,7.33694682742459e-05
23335,-6.547056694990375e-05
23336,-0.00020431027909046173
23337,-0.0003431489830005787
23338,-0.00048198599354015703
23339,-0.0006208206255756793
23340,-0.0007596521939871417
23341,-0.0008984800136678825
23342,-0.0010373033995315158
23343,-0.0011761216665122029
23344,-0.0013149341295693663
23345,-0.0014537401036924017
23346,-0.00159253890390095
23347,-0.0017313298452518303
23348,-0.0018701122428388675
23349,-0.0020088854117998236
23350,-0.0021476486673162277
23351,-0.0022864013246203033
23352,-0.0024251426989948003
23353,-0.002563872105779922
23354,-0.0027025888603735984
23355,-0.0028412922782361945
23356,-0.0029799816748952218
23357,-0.0031186563659456085
23358,-0.003257315667056626
23359,-0.003395958893971718
23360,-0.003534585362515426
23361,-0.003673194388593215
23362,-0.003811785288198401
23363,-0.003950357377412418
23364,-0.004088909972409527
23365,-0.004227442389461519
23366,-0.004365953944937985
23367,-0.004504443955313237
23368,-0.004642911737166136
23369,-0.004781356607187007
23370,-0.00491977788217747
23371,-0.005058174879057352
23372,-0.0051965469148645155
23373,-0.005334893306761775
23374,-0.005473213372037161
23375,-0.005611506428108624
23376,-0.005749771792528723
23377,-0.005888008782984904
23378,-0.006026216717306398
23379,-0.006164394913464058
23380,-0.006302542689577254
23381,-0.006440659363913705
23382,-0.00657874425489638
23383,-0.006716796681103765
23384,-0.006854815961274556
23385,-0.006992801414312339
23386,-0.007130752359285868
23387,-0.0072686681154359506
23388,-0.007406548002175279
23389,-0.00754439133909532
23390,-0.00768219744596614
23391,-0.007819965642743293
23392,-0.007957695249567649
23393,-0.008095385586772273
23394,-0.008233035974882699
23395,-0.008370645734621596
23396,-0.008508214186913454
23397,-0.008645740652884839
23398,-0.008783224453871275
23399,-0.008920664911417072
23400,-0.009058061347282183
23401,-0.00919541308344205
23402,-0.009332719442094448
23403,-0.009469979745659766
23404,-0.009607193316785669
23405,-0.00974435947835175
23406,-0.009881477553469806
23407,-0.010018546865490682
23408,-0.01015556673800411
23409,-0.010292536494845544
23410,-0.010429455460096002
23411,-0.010566322958088892
23412,-0.010703138313409861
23413,-0.010839900850903613
23414,-0.010976609895674186
23415,-0.011113264773089597
23416,-0.011249864808786479
23417,-0.011386409328670345
23418,-0.011522897658922417
23419,-0.01165932912599946
23420,-0.011795703056640587
23421,-0.0119320187778671
23422,-0.012068275616989291
23423,-0.012204472901606289
23424,-0.01234060995961285
23425,-0.012476686119199627
23426,-0.012612700708857802
23427,-0.012748653057383688
23428,-0.012884542493879016
23429,-0.013020368347757707
23430,-0.013156129948745715
23431,-0.013291826626887802
23432,-0.013427457712547377
23433,-0.013563022536413272
23434,-0.013698520429500007
23435,-0.013833950723152386
23436,-0.013969312749050108
23437,-0.014104605839208027
23438,-0.01423982932598291
23439,-0.014374982542073273
23440,-0.014510064820526134
23441,-0.014645075494736846
23442,-0.014780013898455837
23443,-0.014914879365788456
23444,-0.015049671231201699
23445,-0.015184388829524482
23446,-0.01531903149595221
23447,-0.01545359856605136
23448,-0.015588089375759732
23449,-0.015722503261393187
23450,-0.01585683955964546
23451,-0.015991097607594887
23452,-0.01612527674270424
23453,-0.016259376302827422
23454,-0.016393395626209735
23455,-0.016527334051492436
23456,-0.016661190917717287
23457,-0.0167949655643268
23458,-0.01692865733117095
23459,-0.017062265558506994
23460,-0.017195789587006148
23461,-0.017329228757753418
23462,-0.017462582412254284
23463,-0.017595849892434512
23464,-0.01772903054064684
23465,-0.017862123699671214
23466,-0.01799512871271933
23467,-0.018128044923439144
23468,-0.01826087167591512
23469,-0.018393608314674896
23470,-0.018526254184689096
23471,-0.018658808631377966
23472,-0.018791271000611218
23473,-0.018923640638714632
23474,-0.019055916892470336
23475,-0.019188099109121292
23476,-0.019320186636375775
23477,-0.019452178822407653
23478,-0.019584075015862967
23479,-0.019715874565859774
23480,-0.01984757682199474
23481,-0.01997918113434296
23482,-0.02011068685346456
23483,-0.020242093330404505
23484,-0.020373399916699196
23485,-0.02050460596437671
23486,-0.02063571082596125
23487,-0.020766713854477627
23488,-0.020897614403451496
23489,-0.021028411826915897
23490,-0.021159105479411102
23491,-0.021289694715991153
23492,-0.02142017889222368
23493,-0.021550557364196442
23494,-0.021680829488517572
23495,-0.021810994622320008
23496,-0.02194105212326592
23497,-0.022071001349546954
23498,-0.022200841659890728
23499,-0.02233057241356069
23500,-0.022460192970362572
23501,-0.022589702690644264
23502,-0.02271910093530225
23503,-0.022848387065781486
23504,-0.02297756044408183
23505,-0.023106620432758324
23506,-0.023235566394925543
23507,-0.023364397694262014
23508,-0.023493113695010455
23509,-0.023621713761984197
23510,-0.023750197260567037
23511,-0.023878563556719665
23512,-0.024006812016979486
23513,-0.024134942008467056
23514,-0.0242629528988859
23515,-0.02439084405652893
23516,-0.024518614850278675
23517,-0.02464626464961165
23518,-0.024773792824602674
23519,-0.02490119874592512
23520,-0.02502848178485729
23521,-0.02515564131328226
23522,-0.025282676703694232
23523,-0.02540958732919838
23524,-0.02553637256351719
23525,-0.025663031780990705
23526,-0.02578956435658085
23527,-0.025915969665875702
23528,-0.026042247085089763
23529,-0.026168395991070258
23530,-0.026294415761296985
23531,-0.02642030577388862
23532,-0.026546065407602553
23533,-0.026671694041841165
23534,-0.026797191056651702
23535,-0.02692255583273252
23536,-0.02704778775143335
23537,-0.027172886194759542
23538,-0.027297850545376326
23539,-0.027422680186609052
23540,-0.027547374502449425
23541,-0.02767193287755537
23542,-0.027796354697257226
23543,-0.02792063934755764
23544,-0.02804478621513773
23545,-0.028168794687357362
23546,-0.028292664152259357
23547,-0.028416393998573694
23548,-0.028539983615717756
23549,-0.028663432393802517
23550,-0.02878673972363238
23551,-0.028909904996711342
23552,-0.02903292760524285
23553,-0.029155806942135945
23554,-0.02927854240100511
23555,-0.029401133376176402
23556,-0.029523579262687717
23557,-0.029645879456292917
23558,-0.02976803335346601
23559,-0.029890040351401383
23560,-0.030011899848019906
23561,-0.03013361124196877
23562,-0.03025517393262759
23563,-0.030376587320108242
23564,-0.030497850805260934
23565,-0.03061896378967445
23566,-0.03073992567568027
23567,-0.030860735866356667
23568,-0.03098139376552896
23569,-0.031101898777775534
23570,-0.0312222503084277
23571,-0.03134244776357572
23572,-0.03146249055006863
23573,-0.03158237807552028
23574,-0.03170210974830915
23575,-0.031821684977584364
23576,-0.03194110317326592
23577,-0.03206036374604874
23578,-0.03217946610740672
23579,-0.03229840966959298
23580,-0.03241719384564581
23581,-0.032535818049388515
23582,-0.032654281695435335
23583,-0.03277258419919134
23584,-0.03289072497685829
23585,-0.03300870344543492
23586,-0.033126519022720916
23587,-0.033244171127320934
23588,-0.03336165917864483
23589,-0.03347898259691352
23590,-0.03359614080315888
23591,-0.033713133219229544
23592,-0.03382995926779079
23593,-0.03394661837233041
23594,-0.034063109957158506
23595,-0.034179433447413365
23596,-0.03429558826906166
23597,-0.03441157384890242
23598,-0.03452738961457096
23599,-0.0346430349945391
23600,-0.034758509418120975
23601,-0.03487381231547286
23602,-0.034988943117598974
23603,-0.035103901256351294
23604,-0.03521868616443534
23605,-0.035333297275410035
23606,-0.03544773402369339
23607,-0.03556199584456279
23608,-0.03567608217415884
23609,-0.03578999244948925
23610,-0.03590372610842909
23611,-0.036017282589726404
23612,-0.03613066133300217
23613,-0.03624386177875588
23614,-0.03635688336836546
23615,-0.036469725544092904
23616,-0.036582387749084476
23617,-0.036694869427374564
23618,-0.03680717002388952
23619,-0.03691928898444784
23620,-0.037031225755765784
23621,-0.03714297978545727
23622,-0.03725455052203943
23623,-0.03736593741493248
23624,-0.03747713991446528
23625,-0.037588157471875244
23626,-0.03769898953931383
23627,-0.0378096355698468
23628,-0.037920095017457967
23629,-0.03803036733705296
23630,-0.038140451984459416
23631,-0.03825034841643253
23632,-0.03836005609065488
23633,-0.03846957446574194
23634,-0.03857890300124193
23635,-0.03868804115764128
23636,-0.03879698839636487
23637,-0.03890574417977972
23638,-0.03901430797119867
23639,-0.03912267923488063
23640,-0.03923085743603598
23641,-0.039338842040826424
23642,-0.039446632516370435
23643,-0.03955422833074307
23644,-0.03966162895298138
23645,-0.039768833853084294
23646,-0.03987584250201795
23647,-0.03998265437171591
23648,-0.04008926893508281
23649,-0.040195685665997974
23650,-0.04030190403931565
23651,-0.040407923530870256
23652,-0.040513743617476325
23653,-0.04061936377693377
23654,-0.04072478348802774
23655,-0.040830002230533895
23656,-0.04093501948521866
23657,-0.04103983473384272
23658,-0.04114444745916466
23659,-0.04124885714494111
23660,-0.04135306327593202
23661,-0.041457065337900494
23662,-0.041560862817618
23663,-0.04166445520286427
23664,-0.04176784198243244
23665,-0.04187102264612897
23666,-0.041973996684778754
23667,-0.04207676359022536
23668,-0.04217932285533453
23669,-0.04228167397399764
23670,-0.04238381644113192
23671,-0.042485749752685556
23672,-0.04258747340563758
23673,-0.042688986898002934
23674,-0.042790289728832386
23675,-0.04289138139821754
23676,-0.042992261407291094
23677,-0.04309292925823023
23678,-0.043193384454260075
23679,-0.04329362649965386
23680,-0.04339365489973797
23681,-0.04349346916089178
23682,-0.0435930687905527
23683,-0.043692453297216015
23684,-0.043791622190439895
23685,-0.043890574980845205
23686,-0.04398931118012055
23687,-0.044087830301022375
23688,-0.0441861318573784
23689,-0.044284215364090905
23690,-0.04438208033713695
23691,-0.04447972629357326
23692,-0.04457715275153614
23693,-0.04467435923024629
23694,-0.04477134525000873
23695,-0.04486811033221766
23696,-0.0449646539993563
23697,-0.045060975775001746
23698,-0.04515707518382517
23699,-0.04525295175159508
23700,-0.045348605005180564
23701,-0.04544403447255152
23702,-0.04553923968278339
23703,-0.04563422016605706
23704,-0.045728975453663626
23705,-0.045823505078004256
23706,-0.04591780857259494
23707,-0.04601188547206665
23708,-0.04610573531216859
23709,-0.04619935762977132
23710,-0.04629275196286701
23711,-0.04638591785057406
23712,-0.046478854833137025
23713,-0.046571562451931246
23714,-0.04666404024946274
23715,-0.04675628776937283
23716,-0.04684830455643803
23717,-0.04694009015657465
23718,-0.04703164411683899
23719,-0.047122965985430434
23720,-0.04721405531169457
23721,-0.04730491164612338
23722,-0.047395534540359774
23723,-0.04748592354719746
23724,-0.04757607822058552
23725,-0.047665998115628265
23726,-0.047755682788589715
23727,-0.047845131796893835
23728,-0.04793434469912753
23729,-0.0480233210550437
23730,-0.04811206042556142
23731,-0.04820056237277036
23732,-0.04828882645993072
23733,-0.048376852251477594
23734,-0.04846463931302091
23735,-0.048552187211349795
23736,-0.048639495514432474
23737,-0.04872656379142065
23738,-0.04881339161264967
23739,-0.04889997854964148
23740,-0.04898632417510758
23741,-0.04907242806294916
23742,-0.049158289788261485
23743,-0.049243908927333706
23744,-0.049329285057653195
23745,-0.04941441775790544
23746,-0.049499306607978286
23747,-0.04958395118896212
23748,-0.049668351083152734
23749,-0.049752505874054234
23750,-0.049836415146379175
23751,-0.04992007848605275
23752,-0.05000349548021275
23753,-0.05008666571721366
23754,-0.05016958878662661
23755,-0.05025226427924353
23756,-0.050334691787077
23757,-0.050416870903364455
23758,-0.05049880122256826
23759,-0.05058048234037856
23760,-0.05066191385371606
23761,-0.05074309536073214
23762,-0.05082402646081297
23763,-0.050904706754579386
23764,-0.05098513584389093
23765,-0.051065313331845774
23766,-0.0511452388227847
23767,-0.051224911922291276
23768,-0.05130433223719459
23769,-0.05138349937557193
23770,-0.05146241294674892
23771,-0.05154107256130353
23772,-0.05161947783106593
23773,-0.05169762836912243
23774,-0.051775523789815404
23775,-0.051853163708747166
23776,-0.051930547742779894
23777,-0.05200767551003947
23778,-0.052084546629915705
23779,-0.052161160723064884
23780,-0.052237517411412394
23781,-0.052313616318152914
23782,-0.05238945706775418
23783,-0.0524650392859569
23784,-0.05254036259977858
23785,-0.05261542663751338
23786,-0.0526902310287359
23787,-0.052764775404301086
23788,-0.05283905939634796
23789,-0.05291308263829978
23790,-0.05298684476486656
23791,-0.05306034541204754
23792,-0.0531335842171314
23793,-0.053206560818699886
23794,-0.05327927485662773
23795,-0.05335172597208629
23796,-0.05342391380754347
23797,-0.053495838006767334
23798,-0.05356749821482624
23799,-0.0536388940780913
23800,-0.05371002524423878
23801,-0.05378089136225028
23802,-0.05385149208241627
23803,-0.05392182705633598
23804,-0.05399189593692097
23805,-0.054061698378395
23806,-0.054131234036297556
23807,-0.054200502567483745
23808,-0.054269503630127794
23809,-0.05433823688372317
23810,-0.0544067019890849
23811,-0.05447489860835196
23812,-0.05454282640498735
23813,-0.05461048504378154
23814,-0.05467787419085237
23815,-0.05474499351364843
23816,-0.05481184268094896
23817,-0.05487842136286727
23818,-0.05494472923085077
23819,-0.05501076595768329
23820,-0.055076531217487346
23821,-0.055142024685724225
23822,-0.05520724603919731
23823,-0.05527219495605194
23824,-0.055336871115778764
23825,-0.05540127419921355
23826,-0.0554654038885405
23827,-0.055529259867292124
23828,-0.055592841820352464
23829,-0.055656149433957205
23830,-0.05571918239569585
23831,-0.05578194039451386
23832,-0.05584442312071277
23833,-0.055906630265953335
23834,-0.055968561523255446
23835,-0.056030216587001254
23836,-0.056091595152935055
23837,-0.056152696918166406
23838,-0.05621352158117024
23839,-0.05627406884178891
23840,-0.05633433840123431
23841,-0.05639432996208792
23842,-0.05645404322830389
23843,-0.05651347790520893
23844,-0.05657263369950526
23845,-0.05663151031927061
23846,-0.05669010747396112
23847,-0.05674842487441127
23848,-0.05680646223283684
23849,-0.05686421926283499
23850,-0.05692169567938625
23851,-0.05697889119885646
23852,-0.05703580553899693
23853,-0.057092438418947226
23854,-0.05714878955923515
23855,-0.05720485868177956
23856,-0.057260645509890296
23857,-0.05731614976827097
23858,-0.0573713711830191
23859,-0.057426309481627955
23860,-0.057480964392988484
23861,-0.05753533564738938
23862,-0.05758942297651981
23863,-0.057643226113469385
23864,-0.05769674479273082
23865,-0.057749978750199896
23866,-0.05780292772317811
23867,-0.05785559145037263
23868,-0.05790796967189893
23869,-0.057960062129280884
23870,-0.05801186856545256
23871,-0.05806338872475998
23872,-0.05811462235296124
23873,-0.05816556919722903
23874,-0.05821622900615065
23875,-0.058266601529730476
23876,-0.058316686519389954
23877,-0.058366483727970084
23878,-0.058415992909731373
23879,-0.05846521382035631
23880,-0.058514146216949496
23881,-0.058562789858039255
23882,-0.05861114450357935
23883,-0.05865920991494905
23884,-0.05870698585495556
23885,-0.058754472087833964
23886,-0.05880166837924957
23887,-0.05884857449629792
23888,-0.058895190207507074
23889,-0.058941515282837774
23890,-0.058987549493684954
23891,-0.05903329261287938
23892,-0.0590787444146877
23893,-0.05912390467481473
23894,-0.05916877317040341
23895,-0.05921334968003705
23896,-0.0592576339837393
23897,-0.05930162586297634
23898,-0.05934532510065683
23899,-0.05938873148113413
23900,-0.059431844790206384
23901,-0.05947466481511797
23902,-0.05951719134456098
23903,-0.059559424168675296
23904,-0.059601363079050736
23905,-0.059643007868726956
23906,-0.059684358332195604
23907,-0.05972541426540022
23908,-0.059766175465738314
23909,-0.05980664173206146
23910,-0.05984681286467668
23911,-0.059886688665347784
23912,-0.0599262689372955
23913,-0.05996555348519942
23914,-0.06000454211519798
23915,-0.0600432346348904
23916,-0.06008163085333667
23917,-0.06011973058105943
23918,-0.06015753363004398
23919,-0.060195039813740144
23920,-0.06023224894706235
23921,-0.06026916084639091
23922,-0.0603057753295733
23923,-0.06034209221592419
23924,-0.0603781113262273
23925,-0.06041383248273538
23926,-0.06044925550917194
23927,-0.06048438023073128
23928,-0.0605192064740802
23929,-0.06055373406735812
23930,-0.06058796284017821
23931,-0.060621892623628604
23932,-0.060655523250272465
23933,-0.060688854554149636
23934,-0.06072188637077666
23935,-0.06075461853714839
23936,-0.060787050891737984
23937,-0.06081918327449852
23938,-0.06085101552686297
23939,-0.0608825474917458
23940,-0.06091377901354302
23941,-0.06094470993813328
23942,-0.060975340112878904
23943,-0.06100566938662596
23944,-0.0610356976097058
23945,-0.06106542463393501
23946,-0.06109485031261692
23947,-0.06112397450054154
23948,-0.061152797053987094
23949,-0.06118131783071998
23950,-0.06120953668999583
23951,-0.06123745349256047
23952,-0.06126506810064991
23953,-0.061292380377991826
23954,-0.06131939018980545
23955,-0.061346097402803
23956,-0.0613725018851896
23957,-0.06139860350666461
23958,-0.06142440213842164
23959,-0.06144989765314981
23960,-0.06147508992503382
23961,-0.0614999788297548
23962,-0.061524564244491216
23963,-0.06154884604791882
23964,-0.061572824120211984
23965,-0.0615964983430436
23966,-0.06161986859958631
23967,-0.06164293477451247
23968,-0.0616656967539953
23969,-0.06168815442570889
23970,-0.06171030767882929
23971,-0.0617321564040346
23972,-0.06175370049350571
23973,-0.061774939840927016
23974,-0.06179587434148649
23975,-0.06181650389187674
23976,-0.06183682839029495
23977,-0.06185684773644396
23978,-0.061876561831532215
23979,-0.06189597057827474
23980,-0.06191507388089325
23981,-0.06193387164511672
23982,-0.061952363778182105
23983,-0.06197055018883434
23984,-0.061988430787327284
23985,-0.06200600548542367
23986,-0.06202327419639602
23987,-0.06204023683502662
23988,-0.062056893317608386
23989,-0.06207324356194483
23990,-0.062089287487350896
23991,-0.062105025014652995
23992,-0.06212045606618956
23993,-0.06213558056581157
23994,-0.062150398438882565
23995,-0.06216490961227943
23996,-0.06217911401439237
23997,-0.0621930115751256
23998,-0.062206602225897384
23999,-0.06221988589964069
24000,-0.06223286253080323
24001,-0.06224553205534789
24002,-0.06225789441075322
24003,-0.062269949536013405
24004,-0.06228169737163892
24005,-0.062293137859656476
24006,-0.062304270943609665
24007,-0.06231509656855888
24008,-0.06232561468108192
24009,-0.06233582522927396
24010,-0.062345728162748054
24011,-0.06235532343263521
24012,-0.06236461099158467
24013,-0.06237359079376426
24014,-0.06238226279486043
24015,-0.06239062695207863
24016,-0.0623986832241434
24017,-0.06240643157129871
24018,-0.062413871955307974
24019,-0.06242100433945446
24020,-0.062427828688541256
24021,-0.06243434496889155
24022,-0.06244055314834888
24023,-0.06244645319627707
24024,-0.062452045083560614
24025,-0.062457328782604654
24026,-0.06246230426733523
24027,-0.06246697151319929
24028,-0.062471330497164954
24029,-0.06247538119772148
24030,-0.06247912359487952
24031,-0.06248255767017107
24032,-0.06248568340664966
24033,-0.06248850078889043
24034,-0.06249100980299015
24035,-0.06249321043656735
24036,-0.06249510267876234
24037,-0.06249668652023731
24038,-0.062497961953176286
24039,-0.0624989289712853
24040,-0.06249958756979228
24041,-0.062499937745447195
24042,-0.062499979496521994
24043,-0.06249971282281065
24044,-0.06249913772562913
24045,-0.062498254207815435
24046,-0.062497062273729545
24047,-0.06249556192925341
24048,-0.06249375318179093
24049,-0.0624916360402679
24050,-0.062489210515132
24051,-0.0624864766183527
24052,-0.062483434363421235
24053,-0.06248008376535051
24054,-0.06247642484067506
24055,-0.062472457607450925
24056,-0.06246818208525562
24057,-0.06246359829518796
24058,-0.06245870625986805
24059,-0.06245350600343708
24060,-0.062447997551557284
24061,-0.062442180931411725
24062,-0.06243605617170427
24063,-0.0624296233026594
24064,-0.06242288235602198
24065,-0.06241583336505726
24066,-0.06240847636455055
24067,-0.0624008113908072
24068,-0.062392838481652266
24069,-0.062384557676430495
24070,-0.06237596901600594
24071,-0.062367072542761935
24072,-0.062357868300600805
24073,-0.06234835633494357
24074,-0.062338536692729915
24075,-0.06232840942241774
24076,-0.062317974573983144
24077,-0.062307232198919926
24078,-0.062296182350239614
24079,-0.06228482508247091
24080,-0.062273160451659704
24081,-0.06226118851536852
24082,-0.0622489093326765
24083,-0.062236322964178956
24084,-0.06222342947198701
24085,-0.062210228919727516
24086,-0.06219672137254245
24087,-0.06218290689708893
24088,-0.0621687855615385
24089,-0.06215435743557721
24090,-0.06213962259040484
24091,-0.062124581098734935
24092,-0.062109233034794264
24093,-0.06209357847432233
24094,-0.06207761749457133
24095,-0.06206135017430538
24096,-0.06204477659380051
24097,-0.062027896834843915
24098,-0.06201071098073389
24099,-0.061993219116279044
24100,-0.061975421327798326
24101,-0.0619573177031201
24102,-0.061938908331582165
24103,-0.06192019330403112
24104,-0.061901172712821716
24105,-0.06188184665181687
24106,-0.06186221521638665
24107,-0.06184227850340837
24108,-0.061822036611265556
24109,-0.06180148963984798
24110,-0.06178063769055068
24111,-0.06175948086627387
24112,-0.06173801927142229
24113,-0.061716253011904434
24114,-0.06169418219513255
24115,-0.061671806930021514
24116,-0.061649127326988885
24117,-0.06162614349795379
24118,-0.06160285555633693
24119,-0.06157926361705945
24120,-0.061555367796542956
24121,-0.061531168212708355
24122,-0.06150666498497578
24123,-0.061481858234263796
24124,-0.06145674808298855
24125,-0.061431334655063737
24126,-0.06140561807589933
24127,-0.061379598472401625
24128,-0.061353275972971945
24129,-0.06132665070750668
24130,-0.06129972280739597
24131,-0.06127249240552375
24132,-0.061244959636266375
24133,-0.061217124635492594
24134,-0.06118898754056261
24135,-0.06116054849032713
24136,-0.06113180762512731
24137,-0.061102765086793326
24138,-0.061073421018644436
24139,-0.06104377556548751
24140,-0.06101382887361707
24141,-0.060983581090813796
24142,-0.06095303236634449
24143,-0.06092218285096104
24144,-0.06089103269689939
24145,-0.060859582057879454
24146,-0.06082783108910359
24147,-0.06079577994725663
24148,-0.06076342879050428
24149,-0.06073077777849318
24150,-0.060697827072349275
24151,-0.06066457683467786
24152,-0.060631027229561936
24153,-0.06059717842256214
24154,-0.06056303058071561
24155,-0.06052858387253485
24156,-0.06049383846800761
24157,-0.06045879453859525
24158,-0.0604234522572327
24159,-0.060387811798326765
24160,-0.06035187333775615
24161,-0.060315637052869665
24162,-0.06027910312248619
24163,-0.06024227172689341
24164,-0.060205143047846583
24165,-0.06016771726856851
24166,-0.0601299945737476
24167,-0.060091975149537985
24168,-0.06005365918355761
24169,-0.06001504686488828
24170,-0.05997613838407375
24171,-0.059936933933119774
24172,-0.059897433705492144
24173,-0.05985763789611664
24174,-0.059817546701377684
24175,-0.059777160319116965
24176,-0.059736478948633404
24177,-0.05969550279068108
24178,-0.059654232047469335
24179,-0.05961266692266069
24180,-0.059570807621370916
24181,-0.059528654350166944
24182,-0.059486207317066796
24183,-0.05944346673153816
24184,-0.05940043280449692
24185,-0.05935710574830709
24186,-0.05931348577677868
24187,-0.059269573105167735
24188,-0.05922536795017413
24189,-0.05918087052994168
24190,-0.05913608106405587
24191,-0.059090999773543984
24192,-0.059045626880872795
24193,-0.05899996260994852
24194,-0.058954007186115265
24195,-0.058907760836153476
24196,-0.058861223788279855
24197,-0.05881439627214505
24198,-0.05876727851883369
24199,-0.05871987076086209
24200,-0.058672173232178264
24201,-0.0586241861681596
24202,-0.058575909805612704
24203,-0.05852734438277186
24204,-0.058478490139297304
24205,-0.058429347316275186
24206,-0.05837991615621511
24207,-0.058330196903050184
24208,-0.05828018980213458
24209,-0.05822989510024355
24210,-0.05817931304557101
24211,-0.05812844388772949
24212,-0.0580772878777477
24213,-0.058025845268070385
24214,-0.05797411631255661
24215,-0.057922101266478
24216,-0.057869800386518656
24217,-0.057817213930772514
24218,-0.05776434215874346
24219,-0.05771118533134269
24220,-0.057657743710888755
24221,-0.05760401756110492
24222,-0.05755000714711925
24223,-0.057495712735461876
24224,-0.05744113459406495
24225,-0.057386272992260755
24226,-0.057331128200779874
24227,-0.05727570049175107
24228,-0.057219990138698565
24229,-0.057163997416542045
24230,-0.05710772260159395
24231,-0.057051165971559493
24232,-0.05699432780553386
24233,-0.056937208384002125
24234,-0.05687980798883727
24235,-0.05682212690329832
24236,-0.056764165412030144
24237,-0.05670592380106063
24238,-0.05664740235780077
24239,-0.05658860137104167
24240,-0.05652952113095474
24241,-0.056470161929088644
24242,-0.05641052405836945
24243,-0.05635060781309764
24244,-0.05629041348894798
24245,-0.0562299413829675
24246,-0.05616919179357345
24247,-0.0561081650205532
24248,-0.05604686136506115
24249,-0.055985281129618876
24250,-0.05592342461811201
24251,-0.05586129213579036
24252,-0.055798883989264775
24253,-0.05573620048650707
24254,-0.05567324193684788
24255,-0.05561000865097455
24256,-0.05554650094093097
24257,-0.05548271912011449
24258,-0.055418663503275914
24259,-0.05535433440651638
24260,-0.05528973214728742
24261,-0.05522485704438772
24262,-0.05515970941796324
24263,-0.05509428958950396
24264,-0.05502859788184372
24265,-0.054962634619158075
24266,-0.05489640012696198
24267,-0.05482989473210972
24268,-0.05476311876279156
24269,-0.05469607254853387
24270,-0.054628756420195754
24271,-0.05456117070996915
24272,-0.05449331575137547
24273,-0.05442519187926546
24274,-0.054356799429816895
24275,-0.05428813874053227
24276,-0.05421921015023868
24277,-0.05415001399908436
24278,-0.054080550628538795
24279,-0.05401082038138927
24280,-0.053940823601740906
24281,-0.05387056063501325
24282,-0.05380003182794031
24283,-0.05372923752856707
24284,-0.053658178086249335
24285,-0.053586853851651337
24286,-0.05351526517674333
24287,-0.053443412414801425
24288,-0.05337129592040405
24289,-0.053298916049432016
24290,-0.05322627315906491
24291,-0.05315336760778121
24292,-0.053080199755354614
24293,-0.053006769962853965
24294,-0.052933078592640695
24295,-0.05285912600836637
24296,-0.052784912574972545
24297,-0.05271043865868707
24298,-0.05263570462702416
24299,-0.05256071084878071
24300,-0.05248545769403635
24301,-0.05240994553414974
24302,-0.05233417474175863
24303,-0.05225814569077611
24304,-0.052181858756390434
24305,-0.05210531431506249
24306,-0.052028512744523144
24307,-0.05195145442377315
24308,-0.05187413973307927
24309,-0.0517965690539744
24310,-0.051718742769253694
24311,-0.051640661262974646
24312,-0.05156232492045325
24313,-0.051483734128264035
24314,-0.051404889274236205
24315,-0.05132579074745345
24316,-0.0512464389382513
24317,-0.0511668342382144
24318,-0.0510869770401764
24319,-0.051006867738215944
24320,-0.050926506727656785
24321,-0.05084589440506377
24322,-0.05076503116824296
24323,-0.05068391741623761
24324,-0.05060255354932796
24325,-0.05052093996902853
24326,-0.05043907707808536
24327,-0.05035696528047582
24328,-0.05027460498140452
24329,-0.050191996587303465
24330,-0.05010914050582786
24331,-0.050026037145856295
24332,-0.04994268691748653
24333,-0.04985909023203567
24334,-0.04977524750203595
24335,-0.049691159141234585
24336,-0.04960682556459094
24337,-0.04952224718827365
24338,-0.04943742442966049
24339,-0.0493523577073341
24340,-0.04926704744108214
24341,-0.04918149405189301
24342,-0.04909569796195597
24343,-0.04900965959465685
24344,-0.04892337937457792
24345,-0.04883685772749492
24346,-0.04875009508037417
24347,-0.04866309186137238
24348,-0.048575848499832326
24349,-0.04848836542628294
24350,-0.048400643072434975
24351,-0.048312681871181117
24352,-0.048224482256591567
24353,-0.048136044663914204
24354,-0.048047369529570116
24355,-0.0479584572911535
24356,-0.04786930838742858
24357,-0.04777992325832664
24358,-0.047690302344945826
24359,-0.04760044608954668
24360,-0.04751035493555228
24361,-0.047420029327543696
24362,-0.04732946971126017
24363,-0.04723867653359454
24364,-0.047147650242593105
24365,-0.047056391287452544
24366,-0.04696490011851679
24367,-0.0468731771872769
24368,-0.04678122294636643
24369,-0.046689037849561583
24370,-0.04659662235177663
24371,-0.046503976909064
24372,-0.046411101978609655
24373,-0.04631799801873323
24374,-0.04622466548888338
24375,-0.04613110484963761
24376,-0.04603731656269909
24377,-0.045943301090893486
24378,-0.04584905889816878
24379,-0.04575459044959058
24380,-0.04565989621134221
24381,-0.045564976650720034
24382,-0.045469832236133524
24383,-0.045374463437100554
24384,-0.04527887072424722
24385,-0.04518305456930456
24386,-0.04508701544510536
24387,-0.044990753825583936
24388,-0.04489427018577133
24389,-0.04479756500179544
24390,-0.044700638750876244
24391,-0.04460349191132582
24392,-0.04450612496254362
24393,-0.044408538385016495
24394,-0.04431073266031389
24395,-0.044212708271087635
24396,-0.04411446570106862
24397,-0.044016005435063475
24398,-0.04391732795895437
24399,-0.04381843375969412
24400,-0.04371932332530625
24401,-0.043619997144880136
24402,-0.04352045570857106
24403,-0.0434206995075953
24404,-0.0433207290342302
24405,-0.043220544781809235
24406,-0.043120147244721796
24407,-0.0430195369184098
24408,-0.04291871429936423
24409,-0.04281767988512504
24410,-0.04271643417427602
24411,-0.04261497766644497
24412,-0.04251331086229862
24413,-0.0424114342635428
24414,-0.042309348372917305
24415,-0.04220705369419573
24416,-0.042104550732182
24417,-0.04200183999270689
24418,-0.04189892198262783
24419,-0.04179579720982378
24420,-0.04169246618319533
24421,-0.04158892941265959
24422,-0.04148518740915029
24423,-0.04138124068461262
24424,-0.04127708975200335
24425,-0.04117273512528565
24426,-0.04106817731942888
24427,-0.040963416850405034
24428,-0.040858454235185235
24429,-0.040753289991739466
24430,-0.04064792463903137
24431,-0.04054235869701839
24432,-0.040436592686646455
24433,-0.040330627129850166
24434,-0.040224462549547486
24435,-0.040118099469639526
24436,-0.040011538415006966
24437,-0.03990477991150643
24438,-0.03979782448597026
24439,-0.039690672666201215
24440,-0.0395833249809726
24441,-0.03947578196002288
24442,-0.039368044134055855
24443,-0.039260112034735256
24444,-0.039151986194684914
24445,-0.039043667147483335
24446,-0.038935155427663494
24447,-0.03882645157070919
24448,-0.03871755611305132
24449,-0.03860846959206769
24450,-0.03849919254607757
24451,-0.038389725514341826
24452,-0.03828006903705747
24453,-0.038170223655357785
24454,-0.03806018991130687
24455,-0.03794996834789939
24456,-0.037839559509056875
24457,-0.03772896393962395
24458,-0.03761818218536815
24459,-0.037507214792974364
24460,-0.03739606231004499
24461,-0.03728472528509438
24462,-0.03717320426754901
24463,-0.03706149980774188
24464,-0.03694961245691266
24465,-0.03683754276720214
24466,-0.03672529129165198
24467,-0.03661285858420093
24468,-0.03650024519968097
24469,-0.036387451693817165
24470,-0.03627447862322197
24471,-0.03616132654539543
24472,-0.036047996018719476
24473,-0.03593448760245811
24474,-0.03582080185675175
24475,-0.03570693934261696
24476,-0.03559290062194263
24477,-0.035478686257486125
24478,-0.03536429681287299
24479,-0.03524973285259133
24480,-0.035134994941991904
24481,-0.0350200836472824
24482,-0.03490499953552763
24483,-0.03478974317464369
24484,-0.03467431513339823
24485,-0.034558715981404586
24486,-0.03444294628912162
24487,-0.03432700662784976
24488,-0.03421089756972711
24489,-0.03409461968772917
24490,-0.03397817355566309
24491,-0.033861559748167784
24492,-0.03374477884070809
24493,-0.03362783140957498
24494,-0.03351071803187969
24495,-0.03339343928555383
24496,-0.03327599574934361
24497,-0.033158388002809555
24498,-0.03304061662632254
24499,-0.032922682201059775
24500,-0.03280458530900462
24501,-0.03268632653294064
24502,-0.03256790645645179
24503,-0.032449325663916485
24504,-0.03233058474050777
24505,-0.03221168427218739
24506,-0.03209262484570552
24507,-0.03197340704859681
24508,-0.031854031469176244
24509,-0.03173449869653899
24510,-0.0316148093205544
24511,-0.031494963931866155
24512,-0.031374963121886285
24513,-0.03125480748279535
24514,-0.031134497607536407
24515,-0.031014034089815182
24516,-0.030893417524094056
24517,-0.03077264850559182
24518,-0.030651727630279606
24519,-0.030530655494876748
24520,-0.03040943269685058
24521,-0.030288059834410373
24522,-0.030166537506507485
24523,-0.030044866312829304
24524,-0.029923046853799394
24525,-0.029801079730571424
24526,-0.02967896554502892
24527,-0.029556704899781138
24528,-0.02943429839815891
24529,-0.0293117466442144
24530,-0.029189050242715002
24531,-0.029066209799143476
24532,-0.02894322591969184
24533,-0.028820099211261503
24534,-0.028696830281457142
24535,-0.028573419738586833
24536,-0.028449868191655917
24537,-0.028326176250366732
24538,-0.02820234452511445
24539,-0.028078373626982848
24540,-0.02795426416774409
24541,-0.02783001675985251
24542,-0.02770563201644479
24543,-0.027581110551333745
24544,-0.027456452979008474
24545,-0.027331659914628135
24546,-0.027206731974021722
24547,-0.02708166977368381
24548,-0.026956473930770324
24549,-0.026831145063098274
24550,-0.02670568378913954
24551,-0.026580090728020984
24552,-0.02645436649951822
24553,-0.026328511724055745
24554,-0.026202527022700678
24555,-0.026076413017162896
24556,-0.025950170329788764
24557,-0.025823799583560868
24558,-0.025697301402093743
24559,-0.02557067640962958
24560,-0.025443925231037976
24561,-0.025317048491809605
24562,-0.02519004681805638
24563,-0.02506292083650512
24564,-0.02493567117449771
24565,-0.02480829845998473
24566,-0.02468080332152523
24567,-0.024553186388282404
24568,-0.02442544829001924
24569,-0.024297589657098297
24570,-0.02416961112047531
24571,-0.024041513311699344
24572,-0.023913296862906417
24573,-0.02378496240681965
24574,-0.023656510576742867
24575,-0.023527942006560748
24576,-0.023399257330732417
24577,-0.02327045718429119
24578,-0.023141542202840218
24579,-0.023012513022548083
24580,-0.022883370280148585
24581,-0.022754114612934268
24582,-0.022624746658756596
24583,-0.02249526705601948
24584,-0.022365676443679466
24585,-0.02223597546123924
24586,-0.022106164748747808
24587,-0.02197624494679401
24588,-0.021846216696506267
24589,-0.02171608063954817
24590,-0.021585837418114064
24591,-0.021455487674928796
24592,-0.02132503205324121
24593,-0.021194471196824313
24594,-0.02106380574996874
24595,-0.020933036357482945
24596,-0.02080216366468665
24597,-0.020671188317410605
24598,-0.020540110961992132
24599,-0.020408932245270694
24600,-0.020277652814587623
24601,-0.02014627331777958
24602,-0.020014794403178705
24603,-0.019883216719606068
24604,-0.01975154091637183
24605,-0.019619767643268664
24606,-0.019487897550571925
24607,-0.019355931289033058
24608,-0.019223869509879362
24609,-0.019091712864809488
24610,-0.01895946200598896
24611,-0.018827117586049928
24612,-0.01869468025808455
24613,-0.018562150675645157
24614,-0.018429529492737653
24615,-0.018296817363821653
24616,-0.018164014943803885
24617,-0.018031122888037918
24618,-0.017898141852319655
24619,-0.017765072492882818
24620,-0.017631915466398692
24621,-0.017498671429969484
24622,-0.01736534104112848
24623,-0.017231924957833378
24624,-0.017098423838466485
24625,-0.016964838341828034
24626,-0.016831169127136343
24627,-0.01669741685402116
24628,-0.016563582182523386
24629,-0.016429665773090543
24630,-0.016295668286572234
24631,-0.01616159038421987
24632,-0.016027432727679983
24633,-0.015893195978994395
24634,-0.01575888080059351
24635,-0.015624487855296493
24636,-0.01549001780630454
24637,-0.015355471317200643
24638,-0.015220849051945002
24639,-0.015086151674870468
24640,-0.014951379850682275
24641,-0.014816534244451318
24642,-0.014681615521614313
24643,-0.014546624347967066
24644,-0.014411561389664642
24645,-0.014276427313214622
24646,-0.014141222785477265
24647,-0.014005948473658767
24648,-0.01387060504531099
24649,-0.013735193168326873
24650,-0.013599713510935836
24651,-0.013464166741703516
24652,-0.013328553529524998
24653,-0.013192874543624984
24654,-0.01305713045355102
24655,-0.012921321929173668
24656,-0.012785449640679718
24657,-0.01264951425857193
24658,-0.012513516453664419
24659,-0.012377456897078034
24660,-0.012241336260240102
24661,-0.012105155214877627
24662,-0.011968914433017454
24663,-0.011832614586979479
24664,-0.011696256349376806
24665,-0.01155984039310895
24666,-0.011423367391361997
24667,-0.011286838017601797
24668,-0.011150252945573697
24669,-0.011013612849297897
24670,-0.010876918403064827
24671,-0.010740170281434867
24672,-0.010603369159231525
24673,-0.010466515711541611
24674,-0.010329610613708393
24675,-0.010192654541331777
24676,-0.010055648170261468
24677,-0.009918592176597135
24678,-0.009781487236681569
24679,-0.009644334027100422
24680,-0.009507133224677543
24681,-0.009369885506470327
24682,-0.009232591549769444
24683,-0.009095252032091985
24684,-0.008957867631181634
24685,-0.008820439025001806
24686,-0.008682966891735817
24687,-0.008545451909780026
24688,-0.008407894757743554
24689,-0.00827029611444363
24690,-0.008132656658900908
24691,-0.007994977070339209
24692,-0.007857258028178634
24693,-0.007719500212035746
24694,-0.007581704301716689
24695,-0.007443870977217351
24696,-0.0073060009187164935
24697,-0.007168094806575914
24698,-0.007030153321333565
24699,-0.006892177143703278
24700,-0.006754166954570089
24701,-0.0066161234349855465
24702,-0.006478047266167446
24703,-0.006339939129492933
24704,-0.0062017997064986756
24705,-0.006063629678873964
24706,-0.005925429728460886
24707,-0.005787200537247424
24708,-0.005648942787367183
24709,-0.005510657161094701
24710,-0.0053723443408407534
24711,-0.005234005009152079
24712,-0.005095639848704479
24713,-0.0049572495423029815
24714,-0.004818834772874937
24715,-0.004680396223470185
24716,-0.004541934577254144
24717,-0.004403450517507982
24718,-0.004264944727621701
24719,-0.004126417891093867
24720,-0.003987870691526907
24721,-0.0038493038126224035
24722,-0.003710717938180828
24723,-0.003572113752094617
24724,-0.0034334919383483455
24725,-0.0032948531810118027
24726,-0.0031561981642401656
24727,-0.0030175275722670735
24728,-0.0028788420894043576
24729,-0.002740142400037333
24730,-0.002601429188620088
24731,-0.0024627031396752164
24732,-0.002323964937786887
24733,-0.0021852152676010163
24734,-0.0020464548138183383
24735,-0.001907684261194578
24736,-0.001768904294533521
24737,-0.0016301155986871842
24738,-0.0014913188585488854
24739,-0.001352514759052972
24740,-0.0012137039851701078
24741,-0.0010748872219025615
24742,-0.0009360651542839345
24743,-0.0007972384673722274
24744,-0.0006584078462500128
24745,-0.0005195739760175015
24746,-0.000380737541792714
24747,-0.00024189922870454755
24748,-0.00010305972189250335
24749,3.578029349802655e-05
24750,0.0001746201323204727
24751,0.00031345910942736055
24752,0.0004522965396772444
24753,0.0005911317379345355
24754,0.000729964019076436
24755,0.0008687926979927671
24756,0.0010076170895929023
24757,0.0011464365088055962
24758,0.001285250270585917
24759,0.0014240576899155197
24760,0.0015628580818073574
24761,0.0017016507613103944
24762,0.0018404350435098783
24763,0.001979210243534271
24764,0.002117975676555078
24765,0.0022567306577937784
24766,0.002395474502521653
24767,0.0025342065260667147
24768,0.002672926043813537
24769,0.00281163237121018
24770,0.002950324823768466
24771,0.003089002717068687
24772,0.003227665366764312
24773,0.00336631208858226
24774,0.0035049421983298253
24775,0.0036435550118945055
24776,0.0037821498452509246
24777,0.003920726014460662
24778,0.004059282835679175
24779,0.004197819625156068
24780,0.004336335699239799
24781,0.004474830374382382
24782,0.004613302967139657
24783,0.00475175279417821
24784,0.004890179172275197
24785,0.005028581418325263
24786,0.005166958849340369
24787,0.0053053107824567024
24788,0.005443636534934507
24789,0.005581935424164996
24790,0.0057202067676706166
24791,0.005858449883109749
24792,0.005996664088281402
24793,0.006134848701125481
24794,0.00627300303972969
24795,0.0064111264223293656
24796,0.006549218167314372
24797,0.006687277593228931
24798,0.0068253040187785195
24799,0.006963296762830141
24800,0.007101255144417009
24801,0.007239178482743232
24802,0.007377066097184088
24803,0.0075149173072929076
24804,0.007652731432800906
24805,0.007790507793624066
24806,0.00792824570986297
24807,0.008065944501809677
24808,0.008203603489947559
24809,0.008341221994958166
24810,0.00847879933772151
24811,0.008616334839320726
24812,0.00875382782104675
24813,0.008891277604398585
24814,0.009028683511090166
24815,0.009166044863050192
24816,0.009303360982428992
24817,0.009440631191598348
24818,0.009577854813158357
24819,0.0097150311699377
24820,0.009852159584998302
24821,0.009989239381639982
24822,0.010126269883400731
24823,0.010263250414063554
24824,0.010400180297656297
24825,0.010537058858458494
24826,0.010673885421001193
24827,0.010810659310073797
24828,0.010947379850723887
24829,0.011084046368264064
24830,0.011220658188272205
24831,0.011357214636596107
24832,0.011493715039358133
24833,0.011630158722955466
24834,0.011766545014066935
24835,0.011902873239652844
24836,0.012039142726961783
24837,0.012175352803530463
24838,0.012311502797190512
24839,0.012447592036068749
24840,0.012583619848591814
24841,0.012719585563490768
24842,0.01285548850980138
24843,0.012991328016870902
24844,0.013127103414357912
24845,0.013262814032239093
24846,0.013398459200809062
24847,0.013534038250687155
24848,0.013669550512817253
24849,0.013804995318474556
24850,0.013940371999265847
24851,0.014075679887134096
24852,0.014210918314363044
24853,0.01434608661357748
24854,0.01448118411774999
24855,0.01461621016020079
24856,0.01475116407460447
24857,0.014886045194989839
24858,0.015020852855746645
24859,0.015155586391625425
24860,0.015290245137744234
24861,0.015424828429588899
24862,0.015559335603017607
24863,0.01569376599426546
24864,0.01582811893994475
24865,0.015962393777051654
24866,0.016096589842966094
24867,0.016230706475458427
24868,0.016364743012689274
24869,0.01649869879321623
24870,0.01663257315599413
24871,0.016766365440379568
24872,0.016900074986135487
24873,0.017033701133431403
24874,0.0171672432228501
24875,0.017300700595387464
24876,0.017434072592459143
24877,0.017567358555900397
24878,0.01770055782797274
24879,0.0178336697513638
24880,0.01796669366919395
24881,0.018099628925016566
24882,0.018232474862822565
24883,0.018365230827044908
24884,0.018497896162558845
24885,0.018630470214688572
24886,0.018762952329207046
24887,0.018895341852342613
24888,0.019027638130778846
24889,0.01915984051166116
24890,0.01929194834259705
24891,0.01942396097166062
24892,0.019555877747397026
24893,0.019687698018822752
24894,0.01981942113543221
24895,0.019951046447197557
24896,0.020082573304575285
24897,0.02021400105850605
24898,0.020345329060421254
24899,0.020476556662242868
24900,0.020607683216389998
24901,0.020738708075779138
24902,0.02086963059382864
24903,0.02100045012446312
24904,0.021131166022113772
24905,0.02126177764172485
24906,0.02139228433875353
24907,0.02152268546917644
24908,0.021652980389489478
24909,0.021783168456714342
24910,0.021913249028398772
24911,0.022043221462620985
24912,0.02217308511799408
24913,0.022302839353666292
24914,0.02243248352932748
24915,0.022562017005208972
24916,0.02269143914209004
24917,0.022820749301297717
24918,0.022949946844713295
24919,0.023079031134772145
24920,0.02320800153447017
24921,0.023336857407364058
24922,0.023465598117575672
24923,0.023594223029796406
24924,0.02372273150928746
24925,0.023851122921886236
24926,0.023979396634006202
24927,0.0241075520126433
24928,0.024235588425375775
24929,0.02436350524037059
24930,0.02449130182638366
24931,0.024618977552764224
24932,0.02474653178945915
24933,0.024873963907013203
24934,0.025001273276575416
24935,0.02512845926989893
24936,0.025255521259347345
24937,0.02538245861789457
24938,0.025509270719131172
24939,0.025635956937264212
24940,0.025762516647123576
24941,0.025888949224162232
24942,0.026015254044460524
24943,0.026141430484730457
24944,0.02626747792231596
24945,0.026393395735199165
24946,0.026519183302000277
24947,0.02664484000198384
24948,0.02677036521505859
24949,0.026895758321783737
24950,0.027021018703368805
24951,0.027146145741679888
24952,0.027271138819239902
24953,0.027395997319232833
24954,0.027520720625507977
24955,0.027645308122580196
24956,0.027769759195636127
24957,0.027894073230534038
24958,0.02801824961381006
24959,0.028142287732677997
24960,0.02826618697503556
24961,0.028389946729464596
24962,0.028513566385235296
24963,0.028637045332310394
24964,0.028760382961345417
24965,0.028883578663694842
24966,0.029006631831411955
24967,0.02912954185725499
24968,0.02925230813468699
24969,0.02937493005788193
24970,0.029497407021724584
24971,0.029619738421816637
24972,0.02974192365447692
24973,0.02986396211674558
24974,0.029985853206388212
24975,0.03010759632189611
24976,0.03022919086249234
24977,0.03035063622813161
24978,0.030471931819506328
24979,0.030593077038046444
24980,0.030714071285925532
24981,0.030834913966061004
24982,0.030955604482118242
24983,0.031076142238514667
24984,0.031196526640420014
24985,0.03131675709376232
24986,0.03143683300522779
24987,0.0315567537822668
24988,0.03167651883309375
24989,0.031796127566693054
24990,0.03191557939281897
24991,0.032034873722001624
24992,0.03215400996554718
24993,0.03227298753554195
24994,0.03239180584485638
24995,0.03251046430714535
24996,0.032628962336854035
24997,0.03274729934921783
24998,0.0328654747602682
24999,0.0329834879868326
25000,0.03310133844654032
25001,0.033219025557822746
25002,0.03333654873991736
25003,0.03345390741287172
25004,0.033571100997543714
25005,0.0336881289156074
25006,0.03380499058955287
25007,0.03392168544269209
25008,0.03403821289915877
25009,0.03415457238391417
25010,0.03427076332274697
25011,0.034386785142279074
25012,0.03450263726996585
25013,0.03461831913410005
25014,0.034733830163815774
25015,0.03484916978908865
25016,0.034964337440741636
25017,0.03507933255044489
25018,0.035194154550721474
25019,0.03530880287494726
25020,0.03542327695735664
25021,0.035537576233042746
25022,0.03565170013796136
25023,0.03576564810893477
25024,0.035879419583652004
25025,0.03599301400067451
25026,0.03610643079943606
25027,0.03621966942024835
25028,0.03633272930430092
25029,0.036445609893666776
25030,0.03655831063130227
25031,0.036670830961052725
25032,0.036783170327652666
25033,0.036895328176729615
25034,0.03700730395480796
25035,0.03711909710930909
25036,0.037230707088557094
25037,0.03734213334177851
25038,0.03745337531910799
25039,0.0375644324715881
25040,0.03767530425117493
25041,0.037785990110737896
25042,0.037896489504065344
25043,0.0380068018858647
25044,0.03811692671176627
25045,0.03822686343832698
25046,0.03833661152303055
25047,0.03844617042429303
25048,0.03855553960146267
25049,0.038664718514825336
25050,0.03877370662560443
25051,0.03888250339596631
25052,0.038991108289020526
25053,0.039099520768823504
25054,0.039207740300382224
25055,0.03931576634965444
25056,0.0394235983835541
25057,0.03953123586995118
25058,0.0396386782776771
25059,0.039745925076524566
25060,0.039852975737252966
25061,0.03995982973158819
25062,0.04006648653222804
25063,0.040172945612842376
25064,0.04027920644807678
25065,0.04038526851355616
25066,0.04049113128588495
25067,0.04059679424265239
25068,0.04070225686243246
25069,0.04080751862478907
25070,0.040912579010276
25071,0.04101743750044212
25072,0.041122093577831614
25073,0.04122654672598751
25074,0.04133079642945528
25075,0.041434842173783
25076,0.041538683445526595
25077,0.041642319732249675
25078,0.041745750522528734
25079,0.041848975305953044
25080,0.041951993573129794
25081,0.042054804815683945
25082,0.04215740852626344
25083,0.04225980419853934
25084,0.04236199132720934
25085,0.04246396940800122
25086,0.0425657379376731
25087,0.042667296414018466
25088,0.04276864433586608
25089,0.042869781203085044
25090,0.04297070651658469
25091,0.0430714197783196
25092,0.043171920491289845
25093,0.04327220815954435
25094,0.043372282288184356
25095,0.043472142383363596
25096,0.043571787952293294
25097,0.04367121850324203
25098,0.04377043354554074
25099,0.043869432589582584
25100,0.04396821514682789
25101,0.04406678072980403
25102,0.04416512885211038
25103,0.04426325902841849
25104,0.04436117077447543
25105,0.04445886360710711
25106,0.0445563370442185
25107,0.044653590604798475
25108,0.044750623808919726
25109,0.04484743617774359
25110,0.04494402723351994
25111,0.045040396499592024
25112,0.04513654350039635
25113,0.04523246776146749
25114,0.04532816880943826
25115,0.045423646172043
25116,0.04551889937812081
25117,0.045613927957615714
25118,0.04570873144158147
25119,0.045803309362181396
25120,0.045897661252693164
25121,0.045991786647508616
25122,0.04608568508213854
25123,0.046179356093212796
25124,0.04627279921848355
25125,0.04636601399682844
25126,0.046458999968250744
25127,0.04655175667388405
25128,0.04664428365599216
25129,0.04673658045797365
25130,0.04682864662436187
25131,0.046920481700829436
25132,0.04701208523418819
25133,0.04710345677239378
25134,0.0471945958645458
25135,0.04728550206089094
25136,0.047376174912826044
25137,0.0474666139728983
25138,0.04755681879480978
25139,0.047646788933417325
25140,0.047736523944737014
25141,0.04782602338594411
25142,0.04791528681537751
25143,0.04800431379253991
25144,0.04809310387810086
25145,0.048181656633899776
25146,0.048269971622946106
25147,0.04835804840942377
25148,0.048445886558691045
25149,0.04853348563728495
25150,0.048620845212921135
25151,0.0487079648544983
25152,0.048794844132098024
25153,0.048881482616989165
25154,0.04896787988162801
25155,0.04905403549966122
25156,0.04913994904592875
25157,0.049225620096464036
25158,0.049311048228498286
25159,0.04939623302046037
25160,0.04948117405198105
25161,0.04956587090389295
25162,0.04965032315823475
25163,0.04973453039825132
25164,0.04981849220839668
25165,0.049902208174336764
25166,0.049985677882949636
25167,0.05006890092232968
25168,0.05015187688178744
25169,0.05023460535185384
25170,0.050317085924280046
25171,0.0503993181920416
25172,0.05048130174933834
25173,0.05056303619159847
25174,0.050644521115478756
25175,0.05072575611886728
25176,0.05080674080088621
25177,0.05088747476189197
25178,0.05096795760347927
25179,0.05104818892848101
25180,0.05112816834097231
25181,0.05120789544627039
25182,0.0512873698509386
25183,0.05136659116278652
25184,0.05144555899087271
25185,0.051524272945507404
25186,0.05160273263825259
25187,0.051680937681926026
25188,0.051758887690601114
25189,0.05183658227961078
25190,0.051914021065547405
25191,0.05199120366626672
25192,0.05206812970088766
25193,0.05214479878979626
25194,0.05222121055464579
25195,0.052297364618359383
25196,0.052373260605132574
25197,0.0524488981404335
25198,0.05252427685100668
25199,0.052599396364872895
25200,0.052674256311333
25201,0.05274885632096777
25202,0.05282319602564171
25203,0.05289727505850288
25204,0.05297109305398669
25205,0.05304464964781599
25206,0.0531179444770036
25207,0.05319097717985479
25208,0.05326374739596745
25209,0.05333625476623572
25210,0.053408498932849886
25211,0.053480479539300026
25212,0.05355219623037592
25213,0.053623648652170626
25214,0.05369483645208063
25215,0.053765759278808285
25216,0.0538364167823642
25217,0.0539068086140674
25218,0.053976934426548856
25219,0.05404679387375139
25220,0.054116386610933175
25221,0.05418571229466764
25222,0.05425477058284698
25223,0.05432356113468203
25224,0.054392083610705744
25225,0.054460337672773314
25226,0.054528322984064494
25227,0.05459603920908593
25228,0.05466348601367128
25229,0.05473066306498461
25230,0.0547975700315203
25231,0.05486420658310639
25232,0.05493057239090453
25233,0.05499666712741327
25234,0.055062490466468224
25235,0.05512804208324427
25236,0.05519332165425783
25237,0.055258328857366985
25238,0.055323063371774714
25239,0.055387524878028845
25240,0.055451713058025265
25241,0.05551562759500784
25242,0.05557926817357165
25243,0.05564263447966286
25244,0.05570572620058196
25245,0.055768543024983824
25246,0.0558310846428799
25247,0.05589335074564033
25248,0.05595534102599407
25249,0.056017055178031974
25250,0.056078492897206775
25251,0.05613965388033612
25252,0.056200537825602505
25253,0.05626114443255634
25254,0.056321473402116046
25255,0.05638152443657015
25256,0.056441297239579295
25257,0.05650079151617638
25258,0.05656000697276954
25259,0.05661894331714206
25260,0.05667760025845536
25261,0.05673597750724889
25262,0.056794074775443085
25263,0.05685189177633928
25264,0.0569094282246226
25265,0.056966683836362116
25266,0.057023658329012746
25267,0.057080351421417236
25268,0.057136762833806254
25269,0.05719289228780122
25270,0.057248739506414244
25271,0.057304304214050944
25272,0.05735958613651033
25273,0.057414585000987624
25274,0.057469300536074366
25275,0.05752373247176024
25276,0.057577880539434995
25277,0.057631744471888485
25278,0.05768532400331343
25279,0.05773861886930529
25280,0.05779162880686502
25281,0.057844353554398924
25282,0.057896792851721356
25283,0.057948946440054626
25284,0.058000814062031635
25285,0.05805239546169597
25286,0.05810369038450368
25287,0.05815469857732498
25288,0.058205419788444415
25289,0.05825585376756336
25290,0.05830600026580001
25291,0.05835585903569181
25292,0.058405429831195475
25293,0.058454712407689464
25294,0.05850370652197388
25295,0.05855241193227298
25296,0.05860082839823523
25297,0.058648955680934985
25298,0.058696793542874125
25299,0.058744341747982154
25300,0.05879160006161858
25301,0.058838568250572855
25302,0.05888524608306674
25303,0.05893163332875427
25304,0.05897772975872403
25305,0.059023535145499295
25306,0.05906904926303958
25307,0.0591142718867422
25308,0.059159202793442334
25309,0.05920384176141531
25310,0.05924818857037655
25311,0.05929224300148379
25312,0.059336004837337
25313,0.059379473861980656
25314,0.059422649860903606
25315,0.059465532621041275
25316,0.05950812193077577
25317,0.0595504175799373
25318,0.05959241935980565
25319,0.059634127063110234
25320,0.05967554048403222
25321,0.05971665941820448
25322,0.05975748366271363
25323,0.059798013016099986
25324,0.059838247278359645
25325,0.05987818625094451
25326,0.05991782973676368
25327,0.0599571775401848
25328,0.05999622946703416
25329,0.06003498532459863
25330,0.06007344492162562
25331,0.06011160806832503
25332,0.06014947457636919
25333,0.06018704425889477
25334,0.06022431693050271
25335,0.06026129240726016
25336,0.060297970506700466
25337,0.0603343510478245
25338,0.06037043385110187
25339,0.06040621873847098
25340,0.06044170553334088
25341,0.06047689406059115
25342,0.06051178414657376
25343,0.06054637561911293
25344,0.060580668307506955
25345,0.060614662042528224
25346,0.06064835665642441
25347,0.060681751982919606
25348,0.060714847857214406
25349,0.060747644115987556
25350,0.060780140597395935
25351,0.060812337141076166
25352,0.06084423358814459
25353,0.060875829781198904
25354,0.06090712556431805
25355,0.06093812078306386
25356,0.06096881528448109
25357,0.06099920891709845
25358,0.061029301530929725
25359,0.06105909297747372
25360,0.06108858310971586
25361,0.06111777178212811
25362,0.06114665885067043
25363,0.0611752441727908
25364,0.061203527607426596
25365,0.06123150901500469
25366,0.061259188257442386
25367,0.061286565198148395
25368,0.06131363970202286
25369,0.06134041163545874
25370,0.06136688086634178
25371,0.061393047264051835
25372,0.061418910699462835
25373,0.061444471044944125
25374,0.06146972817436039
25375,0.06149468196307295
25376,0.06151933228793982
25377,0.061543679027316535
25378,0.06156772206105702
25379,0.061591461270513584
25380,0.061614896538538175
25381,0.061638027749482335
25382,0.06166085478919835
25383,0.06168337754503923
25384,0.06170559590585987
25385,0.061727509762017005
25386,0.06174911900537031
25387,0.06177042352928247
25388,0.061791423228619885
25389,0.06181211799975341
25390,0.061832507740558394
25391,0.06185259235041571
25392,0.06187237173021174
25393,0.061891845782339354
25394,0.061911014410697914
25395,0.06192987752069423
25396,0.061948435019242604
25397,0.061966686814765456
25398,0.061984632817193984
25399,0.06200227293796817
25400,0.06201960709003769
25401,0.06203663518786189
25402,0.062053357147410663
25403,0.062069772886164394
25404,0.06208588232311483
25405,0.06210168537876505
25406,0.06211718197513027
25407,0.062132372035737855
25408,0.062147255485627884
25409,0.06216183225135362
25410,0.06217610226098158
25411,0.06219006544409223
25412,0.062203721731779994
25413,0.062217071056653944
25414,0.062230113352837756
25415,0.06224284855597042
25416,0.06225527660320623
25417,0.06226739743321526
25418,0.06227921098618372
25419,0.062290717203814044
25420,0.06230191602932544
25421,0.06231280740745389
25422,0.06232339128445272
25423,0.06233366760809255
25424,0.06234363632766187
25425,0.06235329739396701
25426,0.062362650759332595
25427,0.062371696377601635
25428,0.06238043420413581
25429,0.06238886419581575
25430,0.062396986311041104
25431,0.06240480050973092
25432,0.062412306753323654
25433,0.06241950500477756
25434,0.06242639522857067
25435,0.062432977390701166
25436,0.06243925145868739
25437,0.06244521740156805
25438,0.062450875189902465
25439,0.06245622479577056
25440,0.06246126619277314
25441,0.0624659993560319
25442,0.06247042426218966
25443,0.062474540889410374
25444,0.062478349217379346
25445,0.062481849227303224
25446,0.06248504090191018
25447,0.06248792422544994
25448,0.062490499183693864
25449,0.06249276576393508
25450,0.06249472395498846
25451,0.062496373747190734
25452,0.062497715132400496
25453,0.062498748103998296
25454,0.062499472656886615
25455,0.06249988878748994
25456,0.06249999649375474
25457,0.062499795775149525
25458,0.06249928663266478
25459,0.06249846906881303
25460,0.06249734308762879
25461,0.06249590869466855
25462,0.06249416589701074
25463,0.06249211470325573
25464,0.06248975512352573
25465,0.06248708716946481
25466,0.06248411085423876
25467,0.06248082619253511
25468,0.06247723320056301
25469,0.062473331896053134
25470,0.06246912229825765
25471,0.06246460442795005
25472,0.06245977830742514
25473,0.062454643960498823
25474,0.06244920141250809
25475,0.0624434506903108
25476,0.062437391822285616
25477,0.062431024838331815
25478,0.062424349769869186
25479,0.062417366649837866
25480,0.0624100755126981
25481,0.06240247639443024
25482,0.06239456933253432
25483,0.062386354366030176
25484,0.062377831535456944
25485,0.06236900088287312
25486,0.06235986245185616
25487,0.06235041628750238
25488,0.06234066243642674
25489,0.06233060094676246
25490,0.06232023186816102
25491,0.06230955525179167
25492,0.06229857115034144
25493,0.06228727961801456
25494,0.06227568071053254
25495,0.06226377448513359
25496,0.06225156100057258
25497,0.062239040317120534
25498,0.062226212496564536
25499,0.06221307760220732
25500,0.06219963569886687
25501,0.06218588685287634
25502,0.06217183113208343
25503,0.06215746860585038
25504,0.062142799345053255
25505,0.062127823422082
25506,0.06211254091083967
25507,0.06209695188674243
25508,0.062081056426719
25509,0.06206485460921019
25510,0.062048346514168795
25511,0.06203153222305882
25512,0.06201441181885552
25513,0.061996985386044506
25514,0.061979253010621835
25515,0.061961214780093074
25516,0.06194287078347338
25517,0.06192422111128655
25518,0.061905265855565016
25519,0.06188600510984919
25520,0.06186643896918686
25521,0.06184656753013309
25522,0.061826390890749296
25523,0.061805909150603265
25524,0.061785122410768105
25525,0.06176403077382232
25526,0.06174263434384875
25527,0.06172093322643453
25528,0.06169892752867036
25529,0.06167661735914977
25530,0.061654002827969095
25531,0.06163108404672635
25532,0.061607861128521214
25533,0.061584334187953976
25534,0.06156050334112548
25535,0.061536368705635995
25536,0.06151193040058524
25537,0.06148718854657115
25538,0.06146214326568986
25539,0.06143679468153487
25540,0.06141114291919616
25541,0.061385188105260155
25542,0.06135893036780847
25543,0.061332369836417905
25544,0.06130550664215915
25545,0.061278340917596825
25546,0.06125087279678811
25547,0.06122310241528275
25548,0.06119502991012204
25549,0.061166655419837956
25550,0.06113797908445307
25551,0.06110900104547912
25552,0.061079721445917064
25553,0.06105014043025563
25554,0.061020258144471366
25555,0.060990074736027106
25556,0.060959590353872085
25557,0.06092880514844039
25558,0.06089771927165088
25559,0.06086633287690619
25560,0.060834646119091645
25561,0.0608026591545752
25562,0.06077037214120587
25563,0.06073778523831375
25564,0.06070489860670843
25565,0.060671712408679
25566,0.06063822680799245
25567,0.06060444196989367
25568,0.0605703580611038
25569,0.060535975249820156
25570,0.060501293705715095
25571,0.06046631359993481
25572,0.06043103510509929
25573,0.06039545839530056
25574,0.060359583646102735
25575,0.06032341103454023
25576,0.06028694073911781
25577,0.0602501729398088
25578,0.06021310781805498
25579,0.06017574555676536
25580,0.060138086340314936
25581,0.06010013035454457
25582,0.06006187778675915
25583,0.060023328825727626
25584,0.0599844836616811
25585,0.05994534248631286
25586,0.059905905492776454
25587,0.05986617287568575
25588,0.059826144831112926
25589,0.059785821556588445
25590,0.05974520325109965
25591,0.059704290115089424
25592,0.05966308235045611
25593,0.05962158016055143
25594,0.05957978375018059
25595,0.05953769332560017
25596,0.059495309094518195
25597,0.059452631266092015
25598,0.059409660050928244
25599,0.05936639566108129
25600,0.059322838310051904
25601,0.05927898821278711
25602,0.059234845585678014
25603,0.059190410646559846
25604,0.05914568361470978
25605,0.05910066471084698
25606,0.05905535415713036
25607,0.059009752177158654
25608,0.05896385899596814
25609,0.05891767484003255
25610,0.05887119993726151
25611,0.05882443451699901
25612,0.05877737881002324
25613,0.05873003304854433
25614,0.058682397466204364
25615,0.05863447229807501
25616,0.058586257780657625
25617,0.0585377541518808
25618,0.058488961651100305
25619,0.05843988051909746
25620,0.05839051099807742
25621,0.05834085333166913
25622,0.05829090776492283
25623,0.05824067454431014
25624,0.05819015391772153
25625,0.05813934613446644
25626,0.05808825144527069
25627,0.05803687010227659
25628,0.057985202359040366
25629,0.05793324847053207
25630,0.057881008693133826
25631,0.05782848328463806
25632,0.05777567250424741
25633,0.05772257661257206
25634,0.05766919587162987
25635,0.05761553054484369
25636,0.05756158089704141
25637,0.057507347194453315
25638,0.05745282970471195
25639,0.05739802869685031
25640,0.057342944441299955
25641,0.05728757720989092
25642,0.05723192727584897
25643,0.05717599491379565
25644,0.057119780399745516
25645,0.057063284011106226
25646,0.05700650602667568
25647,0.05694944672664215
25648,0.05689210639258139
25649,0.056834485307456564
25650,0.05677658375561629
25651,0.056718402022792665
25652,0.056659940396101165
25653,0.05660119916403776
25654,0.05654217861647894
25655,0.05648287904467883
25656,0.05642330074126922
25657,0.05636344400025665
25658,0.05630330911702241
25659,0.056242896388319655
25660,0.05618220611227319
25661,0.05612123858837748
25662,0.05605999411749456
25663,0.05599847300185393
25664,0.055936675545049476
25665,0.05587460205203958
25666,0.05581225282914401
25667,0.05574962818404399
25668,0.05568672842577911
25669,0.05562355386474718
25670,0.05556010481270212
25671,0.05549638158275178
25672,0.05543238448935786
25673,0.055368113848332685
25674,0.055303569976839315
25675,0.05523875319338831
25676,0.05517366381783783
25677,0.05510830217139041
25678,0.05504266857659298
25679,0.05497676335733367
25680,0.05491058683884166
25681,0.054844139347684916
25682,0.05477742121176797
25683,0.0547104327603318
25684,0.05464317432395045
25685,0.05457564623453118
25686,0.05450784882531103
25687,0.05443978243085698
25688,0.05437144738706252
25689,0.0543028440311475
25690,0.05423397270165587
25691,0.05416483373845331
25692,0.05409542748272707
25693,0.05402575427698259
25694,0.05395581446504353
25695,0.053885608392048284
25696,0.05381513640445011
25697,0.0537443988500136
25698,0.05367339607781475
25699,0.05360212843823747
25700,0.05353059628297341
25701,0.05345879996501954
25702,0.05338673983867574
25703,0.05331441625954466
25704,0.053241829584528104
25705,0.05316898017182713
25706,0.05309586838093841
25707,0.053022494572654365
25708,0.05294885910905944
25709,0.05287496235353005
25710,0.05280080467073199
25711,0.052726386426617984
25712,0.05265170798842753
25713,0.052576769724683184
25714,0.052501572005190615
25715,0.05242611520103492
25716,0.05235039968458068
25717,0.05227442582946821
25718,0.05219819401061364
25719,0.052121704604205114
25720,0.05204495798770267
25721,0.051967954539835624
25722,0.05189069464059995
25723,0.05181317867125815
25724,0.051735407014335405
25725,0.05165738005361964
25726,0.05157909817415766
25727,0.051500561762255245
25728,0.051421771205473234
25729,0.05134272689262738
25730,0.05126342921378566
25731,0.05118387856026562
25732,0.051104075324634186
25733,0.05102401990070372
25734,0.05094371268353207
25735,0.050863154069418666
25736,0.0507823444559045
25737,0.05070128424176821
25738,0.0506199738270261
25739,0.050538413612928136
25740,0.05045660400195779
25741,0.050374545397829235
25742,0.0502922382054846
25743,0.05020968283109379
25744,0.0501268796820504
25745,0.05004382916697179
25746,0.04996053169569495
25747,0.04987698767927663
25748,0.04979319752998916
25749,0.04970916166132055
25750,0.04962488048797032
25751,0.04954035442584931
25752,0.04945558389207687
25753,0.049370569304977914
25754,0.04928531108408282
25755,0.049199809650123175
25756,0.049114065425031835
25757,0.0490280788319387
25758,0.0489418502951708
25759,0.04885538024024802
25760,0.0487686690938829
25761,0.048681717283977737
25762,0.0485945252396216
25763,0.04850709339109019
25764,0.04841942216984148
25765,0.04833151200851581
25766,0.04824336334093153
25767,0.04815497660208509
25768,0.04806635222814664
25769,0.047977490656460155
25770,0.04788839232553897
25771,0.04779905767506568
25772,0.047709487145889025
25773,0.047619681180020926
25774,0.04752964022063627
25775,0.047439364712068444
25776,0.047348855099809455
25777,0.04725811183050538
25778,0.04716713535195653
25779,0.047075926113112884
25780,0.04698448456407392
25781,0.046892811156085526
25782,0.04680090634153687
25783,0.04670877057396027
25784,0.046616404308026556
25785,0.04652380799954519
25786,0.04643098210545968
25787,0.04633792708384767
25788,0.04624464339391633
25789,0.04615113149600244
25790,0.046057391851567736
25791,0.045963424923198756
25792,0.04586923117460362
25793,0.04577481107060888
25794,0.04568016507715928
25795,0.04558529366131311
25796,0.04549019729124226
25797,0.04539487643622752
25798,0.045299331566658683
25799,0.045203563154029784
25800,0.04510757167093893
25801,0.04501135759108501
25802,0.044914921389264485
25803,0.04481826354137117
25804,0.044721384524391415
25805,0.04462428481640424
25806,0.04452696489657649
25807,0.044429425245162954
25808,0.04433166634350149
25809,0.04423368867401319
25810,0.04413549272019745
25811,0.0440370789666318
25812,0.043938447898968565
25813,0.04383960000393153
25814,0.04374053576931575
25815,0.04364125568398258
25816,0.04354176023785986
25817,0.04344204992193689
25818,0.043342125228264604
25819,0.043241986649950555
25820,0.04314163468115873
25821,0.04304106981710618
25822,0.04294029255405957
25823,0.042839303389335
25824,0.04273810282129296
25825,0.042636691349338486
25826,0.04253506947391608
25827,0.04243323769650984
25828,0.04233119651963839
25829,0.04222894644685499
25830,0.04212648798274246
25831,0.04202382163291298
25832,0.041920947904004593
25833,0.04181786730367773
25834,0.04171458034061501
25835,0.0416110875245161
25836,0.04150738936609782
25837,0.04140348637708898
25838,0.04129937907023055
25839,0.0411950679592704
25840,0.04109055355896348
25841,0.0409858363850666
25842,0.04088091695433821
25843,0.04077579578453487
25844,0.04067047339440766
25845,0.040564950303702
25846,0.04045922703315238
25847,0.04035330410448246
25848,0.040247182040399856
25849,0.040140861364596214
25850,0.040034342601741935
25851,0.03992762627748595
25852,0.039820712918452135
25853,0.03971360305223565
25854,0.03960629720740277
25855,0.03949879591348548
25856,0.03939109970098166
25857,0.039283209101349706
25858,0.03917512464700865
25859,0.03906684687133275
25860,0.03895837630865169
25861,0.038849713494245104
25862,0.0387408589643424
25863,0.03863181325611907
25864,0.03852257690769298
25865,0.03841315045812416
25866,0.038303534447409346
25867,0.03819372941648216
25868,0.03808373590720754
25869,0.03797355446238197
25870,0.03786318562572795
25871,0.03775262994189376
25872,0.037641887956449745
25873,0.03753096021588454
25874,0.03741984726760488
25875,0.037308549659930024
25876,0.03719706794209192
25877,0.03708540266422964
25878,0.0369735543773895
25879,0.036861523633519515
25880,0.03674931098546951
25881,0.03663691698698555
25882,0.03652434219270968
25883,0.03641158715817617
25884,0.03629865243980763
25885,0.03618553859491482
25886,0.03607224618169103
25887,0.03595877575921218
25888,0.03584512788743116
25889,0.03573130312717803
25890,0.03561730204015428
25891,0.03550312518893263
25892,0.03538877313695316
25893,0.03527424644851945
25894,0.035159545688798324
25895,0.03504467142381415
25896,0.03492962422044897
25897,0.03481440464643679
25898,0.03469901327036369
25899,0.034583450661662095
25900,0.03446771739061088
25901,0.03435181402832965
25902,0.03423574114677849
25903,0.034119499318754
25904,0.03400308911788541
25905,0.03388651111863431
25906,0.03376976589628886
25907,0.03365285402696392
25908,0.03353577608759522
25909,0.033418532655939505
25910,0.03330112431056872
25911,0.03318355163086971
25912,0.03306581519704031
25913,0.032947915590085315
25914,0.03282985339181623
25915,0.032711629184845444
25916,0.0325932435525863
25917,0.03247469707924725
25918,0.03235599034983198
25919,0.03223712395013347
25920,0.0321180984667342
25921,0.031998914487000124
25922,0.03187957259908052
25923,0.03176007339190392
25924,0.031640417455174014
25925,0.03152060537936947
25926,0.03140063775573794
25927,0.0312805151762962
25928,0.03116023823382418
25929,0.031039807521865078
25930,0.03091922363471939
25931,0.030798487167445036
25932,0.03067759871585134
25933,0.030556558876498805
25934,0.030435368246695
25935,0.03031402742449045
25936,0.0301925370086784
25937,0.03007089759878876
25938,0.02994910979508825
25939,0.029827174198574325
25940,0.029705091410975326
25941,0.02958286203474439
25942,0.029460486673059214
25943,0.029337965929817904
25944,0.02921530040963482
25945,0.029092490717840334
25946,0.02896953746047471
25947,0.028846441244288243
25948,0.02872320267673513
25949,0.028599822365973623
25950,0.028476300920859867
25951,0.02835263895094806
25952,0.02822883706648427
25953,0.028104895878406214
25954,0.027980815998339043
25955,0.027856598038591123
25956,0.02773224261215382
25957,0.02760775033269527
25958,0.02748312181456055
25959,0.02735835767276544
25960,0.02723345852299661
25961,0.02710842498160535
25962,0.026983257665607364
25963,0.026857957192678493
25964,0.026732524181150484
25965,0.02660695925001074
25966,0.026481263018896053
25967,0.026355436108092756
25968,0.02622947913853047
25969,0.02610339273178221
25970,0.025977177510058156
25971,0.025850834096205758
25972,0.025724363113703463
25973,0.025597765186660446
25974,0.025471040939812336
25975,0.025344190998516907
25976,0.025217215988753837
25977,0.025090116537118356
25978,0.024962893270821428
25979,0.02483554681768338
25980,0.024708077806134075
25981,0.024580486865206547
25982,0.02445277462453675
25983,0.02432494171435922
25984,0.024196988765502764
25985,0.02406891640939018
25986,0.02394072527803188
25987,0.023812416004026043
25988,0.02368398922055223
25989,0.023555445561371513
25990,0.023426785660820095
25991,0.023298010153809442
25992,0.02316911967581987
25993,0.02304011486290029
25994,0.022910996351663833
25995,0.022781764779283467
25996,0.02265242078349175
25997,0.022522965002574377
25998,0.022393398075370323
25999,0.022263720641265403
26000,0.022133933340192414
26001,0.022004036812624663
26002,0.021874031699576132
26003,0.021743918642594985
26004,0.021613698283763322
26005,0.021483371265692747
26006,0.02135293823151996
26007,0.021222399824906504
26008,0.02109175669003223
26009,0.02096100947159548
26010,0.02083015881480656
26011,0.020699205365387892
26012,0.020568149769567484
26013,0.02043699267407867
26014,0.02030573472615567
26015,0.020174376573529128
26016,0.02004291886442586
26017,0.019911362247562295
26018,0.019779707372144625
26019,0.019647954887862248
26020,0.019516105444887934
26021,0.019384159693871233
26022,0.01925211828593864
26023,0.019119981872687014
26024,0.01898775110618331
26025,0.018855426638960098
26026,0.018723009124011078
26027,0.01859049921479081
26028,0.018457897565208103
26029,0.018325204829626195
26030,0.0181924216628561
26031,0.018059548720156807
26032,0.01792658665722862
26033,0.017793536130212916
26034,0.017660397795687614
26035,0.017527172310662687
26036,0.01739386033257986
26037,0.017260462519305995
26038,0.01712697952913323
26039,0.016993412020772338
26040,0.016859760653352866
26041,0.016726026086416487
26042,0.016592208979917155
26043,0.016458309994214437
26044,0.016324329790073224
26045,0.016190269028659224
26046,0.01605612837153438
26047,0.015921908480656617
26048,0.01578761001837316
26049,0.015653233647420675
26050,0.015518780030918576
26051,0.015384249832369187
26052,0.015249643715651027
26053,0.01511496234501855
26054,0.014980206385097573
26055,0.0148453765008807
26056,0.014710473357727063
26057,0.01457549762135559
26058,0.014440449957845162
26059,0.014305331033627881
26060,0.014170141515489239
26061,0.014034882070561356
26062,0.013899553366323167
26063,0.013764156070593649
26064,0.013628690851531566
26065,0.013493158377630873
26066,0.013357559317716107
26067,0.013221894340942135
26068,0.01308616411678737
26069,0.012950369315053948
26070,0.01281451060586094
26071,0.012678588659644531
26072,0.012542604147151226
26073,0.012406557739437586
26074,0.012270450107865614
26075,0.012134281924098135
26076,0.011998053860098527
26077,0.011861766588123924
26078,0.011725420780725382
26079,0.011589017110741073
26080,0.011452556251296452
26081,0.011316038875797454
26082,0.011179465657930647
26083,0.011042837271656428
26084,0.010906154391208747
26085,0.010769417691090476
26086,0.010632627846068759
26087,0.010495785531174754
26088,0.01035889142169679
26089,0.010221946193180554
26090,0.010084950521422232
26091,0.009947905082468695
26092,0.009810810552610651
26093,0.009673667608382818
26094,0.009536476926557073
26095,0.009399239184142181
26096,0.009261955058379146
26097,0.009124625226736547
26098,0.008987250366910268
26099,0.00884983115681664
26100,0.008712368274592612
26101,0.00857486239858889
26102,0.008437314207370102
26103,0.008299724379707933
26104,0.008162093594580857
26105,0.008024422531169466
26106,0.007886711868851792
26107,0.007748962287203046
26108,0.007611174465988734
26109,0.007473349085164829
26110,0.00733548682487089
26111,0.0071975883654302325
26112,0.007059654387343043
26113,0.006921685571286552
26114,0.0067836825981081395
26115,0.006645646148825071
26116,0.00650757690461981
26117,0.006369475546835329
26118,0.006231342756974844
26119,0.006093179216694913
26120,0.00595498560780561
26121,0.005816762612263623
26122,0.005678510912172425
26123,0.005540231189775372
26124,0.005401924127455431
26125,0.005263590407730488
26126,0.005125230713248646
26127,0.004986845726787962
26128,0.004848436131249533
26129,0.004710002609657667
26130,0.004571545845152971
26131,0.004433066520992522
26132,0.004294565320542954
26133,0.004156042927280628
26134,0.004017500024784712
26135,0.0038789372967369174
26136,0.003740355426916786
26137,0.003601755099196994
26138,0.0034631369975430745
26139,0.0033245018060064995
26140,0.0031858502087248487
26141,0.0030471828899148877
26142,0.002908500533872738
26143,0.0027698038249669536
26144,0.0026310934476382474
26145,0.0024923700863947818
26146,0.002353634425807464
26147,0.0022148871505096677
26148,0.0020761289451903106
26149,0.0019373604945940213
26150,0.001798582483514212
26151,0.001659795596793249
26152,0.0015210005193155233
26153,0.001382197936007621
26154,0.0012433885318313916
26155,0.001104572991783677
26156,0.0009657520008915976
26157,0.0008269262442078413
26158,0.0006880964068103899
26159,0.0005492631737955865
26160,0.0004104272302783072
26161,0.0002715892613850278
26162,0.00013274995225399504
26163,-6.090011971706882e-06
26164,-0.00014492994614442872
26165,-0.0002837691651166695
26166,-0.0004226069837457899
26167,-0.0005614427168942847
26168,-0.0007002756794367164
26169,-0.0008391051862595435
26170,-0.000977930552268054
26171,-0.0011167510923861944
26172,-0.0012555661215635013
26173,-0.0013943749547749309
26174,-0.0015331769070277912
26175,-0.0016719712933620148
26176,-0.0018107574288548699
26177,-0.0019495346286256734
26178,-0.002088302207836062
26179,-0.002227059481696924
26180,-0.002365805765468227
26181,-0.002504540374465947
26182,-0.002643262624061898
26183,-0.002781971829690661
26184,-0.00292066730684941
26185,-0.0030593483711048425
26186,-0.003198014338093448
26187,-0.00333666452352622
26188,-0.003475298243193359
26189,-0.0036139148129645496
26190,-0.0037525135487958797
26191,-0.0038910937667296706
26192,-0.004029654782901399
26193,-0.004168195913539526
26194,-0.004306716474972416
26195,-0.00444521578362861
26196,-0.004583693156041524
26197,-0.004722147908854159
26198,-0.0048605793588193625
26199,-0.004998986822806751
26200,-0.005137369617802537
26201,-0.005275727060916435
26202,-0.005414058469381502
26203,-0.005552363160561037
26204,-0.005690640451948414
26205,-0.005828889661173989
26206,-0.005967110106005373
26207,-0.00610530110435212
26208,-0.006243461974270426
26209,-0.006381592033963395
26210,-0.0065196906017879405
26211,-0.006657756996254616
26212,-0.0067957905360345105
26213,-0.006933790539959077
26214,-0.007071756327027027
26215,-0.0072096872164046045
26216,-0.007347582527430261
26217,-0.007485441579619349
26218,-0.007623263692664382
26219,-0.007761048186441929
26220,-0.007898794381012436
26221,-0.00803650159662711
26222,-0.008174169153727755
26223,-0.008311796372953635
26224,-0.008449382575141317
26225,-0.008586927081331538
26226,-0.00872442921276948
26227,-0.00886188829090943
26228,-0.008999303637419458
26229,-0.009136674574181679
26230,-0.009274000423299122
26231,-0.009411280507095556
26232,-0.009548514148122347
26233,-0.009685700669158295
26234,-0.009822839393216482
26235,-0.009959929643544536
26236,-0.010096970743629304
26237,-0.010233962017201486
26238,-0.010370902788235917
26239,-0.010507792380958402
26240,-0.01064463011984555
26241,-0.010781415329631611
26242,-0.010918147335308302
26243,-0.011054825462131641
26244,-0.011191449035621782
26245,-0.011328017381569834
26246,-0.011464529826038133
26247,-0.011600985695364878
26248,-0.011737384316168761
26249,-0.011873725015349246
26250,-0.012010007120093365
26251,-0.012146229957875563
26252,-0.012282392856464498
26253,-0.01241849514392287
26254,-0.012554536148614228
26255,-0.012690515199203233
26256,-0.012826431624660276
26257,-0.012962284754266095
26258,-0.01309807391761204
26259,-0.013233798444606865
26260,-0.013369457665476548
26261,-0.013505050910771078
26262,-0.013640577511364287
26263,-0.013776036798460616
26264,-0.013911428103594952
26265,-0.014046750758639396
26266,-0.014182004095803518
26267,-0.014317187447638961
26268,-0.014452300147044031
26269,-0.014587341527263955
26270,-0.01472231092189764
26271,-0.014857207664897497
26272,-0.014992031090576185
26273,-0.015126780533606441
26274,-0.01526145532902782
26275,-0.015396054812246525
26276,-0.015530578319042126
26277,-0.015665025185567838
26278,-0.01579939474835507
26279,-0.015933686344318014
26280,-0.016067899310753878
26281,-0.01620203298534962
26282,-0.016336086706181762
26283,-0.016470059811723108
26284,-0.016603951640842555
26285,-0.01673776153281181
26286,-0.01687148882730562
26287,-0.017005132864406358
26288,-0.017138692984608517
26289,-0.017272168528819003
26290,-0.0174055588383638
26291,-0.017538863254987793
26292,-0.017672081120861435
26293,-0.017805211778580597
26294,-0.0179382545711732
26295,-0.018071208842099052
26296,-0.018204073935256516
26297,-0.01833684919498274
26298,-0.01846953396605819
26299,-0.018602127593711146
26300,-0.01873462942361796
26301,-0.01886703880190969
26302,-0.018999355075171934
26303,-0.019131577590451424
26304,-0.019263705695255887
26305,-0.019395738737560633
26306,-0.019527676065808824
26307,-0.019659517028915947
26308,-0.0197912609762743
26309,-0.019922907257753242
26310,-0.020054455223705785
26311,-0.020185904224968423
26312,-0.0203172536128677
26313,-0.020448502739220057
26314,-0.020579650956338378
26315,-0.02071069761703184
26316,-0.020841642074612456
26317,-0.020972483682895334
26318,-0.021103221796203123
26319,-0.021233855769370456
26320,-0.021364384957744197
26321,-0.021494808717189978
26322,-0.02162512640409204
26323,-0.02175533737535972
26324,-0.02188544098842732
26325,-0.022015436601260607
26326,-0.022145323572357035
26327,-0.022275101260750208
26328,-0.02240476902601425
26329,-0.022534326228264078
26330,-0.022663772228161874
26331,-0.02279310638691692
26332,-0.022922328066292068
26333,-0.023051436628603587
26334,-0.0231804314367276
26335,-0.023309311854099932
26336,-0.023438077244722563
26337,-0.023566726973163855
26338,-0.023695260404562955
26339,-0.023823676904634137
26340,-0.02395197583966707
26341,-0.024080156576533215
26342,-0.024208218482685687
26343,-0.024336160926165643
26344,-0.024463983275602123
26345,-0.02459168490021844
26346,-0.02471926516983245
26347,-0.02484672345486085
26348,-0.024974059126323545
26349,-0.02510127155584388
26350,-0.025228360115654998
26351,-0.02535532417859969
26352,-0.025482163118136742
26353,-0.02560887630834077
26354,-0.02573546312390856
26355,-0.02586192294015892
26356,-0.025988255133038977
26357,-0.026114459079124453
26358,-0.02624053415562394
26359,-0.026366479740383187
26360,-0.026492295211885338
26361,-0.026617979949257235
26362,-0.026743533332269264
26363,-0.02686895474134162
26364,-0.026994243557544154
26365,-0.027119399162602642
26366,-0.027244420938898634
26367,-0.027369308269475687
26368,-0.027494060538039634
26369,-0.027618677128962803
26370,-0.027743157427288265
26371,-0.027867500818730066
26372,-0.027991706689679464
26373,-0.028115774427204757
26374,-0.028239703419057485
26375,-0.028363493053672296
26376,-0.02848714272017311
26377,-0.028610651808373383
26378,-0.028734019708780298
26379,-0.028857245812598943
26380,-0.028980329511732583
26381,-0.029103270198788788
26382,-0.029226067267079284
26383,-0.02934872011062611
26384,-0.029471228124161454
26385,-0.02959359070313377
26386,-0.02971580724370764
26387,-0.029837877142769885
26388,-0.029959799797929794
26389,-0.03008157460752328
26390,-0.030203200970617013
26391,-0.030324678287008657
26392,-0.030446005957232944
26393,-0.03056718338256153
26394,-0.030688209965009053
26395,-0.030809085107332976
26396,-0.030929808213039638
26397,-0.031050378686384487
26398,-0.031170795932376188
26399,-0.0312910593567807
26400,-0.03141116836612152
26401,-0.031531122367685696
26402,-0.03165092076952367
26403,-0.031770562980455275
26404,-0.03189004841006957
26405,-0.03200937646873085
26406,-0.03212854656757845
26407,-0.03224755811853275
26408,-0.03236641053429538
26409,-0.03248510322835327
26410,-0.032603635614982696
26411,-0.03272200710924948
26412,-0.03284021712701495
26413,-0.03295826508493577
26414,-0.033076150400469836
26415,-0.03319387249187616
26416,-0.03331143077822073
26417,-0.03342882467937674
26418,-0.03354605361602861
26419,-0.03366311700967595
26420,-0.033780014282633775
26421,-0.03389674485803839
26422,-0.03401330815984722
26423,-0.03412970361284463
26424,-0.0342459306426418
26425,-0.03436198867568255
26426,-0.03447787713924315
26427,-0.03459359546143817
26428,-0.03470914307122067
26429,-0.03482451939838615
26430,-0.034939723873576446
26431,-0.03505475592827999
26432,-0.03516961499483754
26433,-0.035284300506442046
26434,-0.035398811897144396
26435,-0.035513148601853235
26436,-0.03562731005634075
26437,-0.03574129569724281
26438,-0.03585510496206294
26439,-0.03596873728917611
26440,-0.036082192117828975
26441,-0.036195468888145586
26442,-0.03630856704112722
26443,-0.03642148601865803
26444,-0.03653422526350494
26445,-0.036646784219323235
26446,-0.03675916233065647
26447,-0.036871359042942066
26448,-0.03698337380251153
26449,-0.037095206056594256
26450,-0.03720685525332137
26451,-0.03731832084172589
26452,-0.03742960227174836
26453,-0.037540698994236656
26454,-0.037651610460951584
26455,-0.03776233612456673
26456,-0.03787287543867401
26457,-0.037983227857783484
26458,-0.03809339283732895
26459,-0.03820336983366812
26460,-0.03831315830408635
26461,-0.038422757706800405
26462,-0.03853216750095864
26463,-0.03864138714664651
26464,-0.038750416104886394
26465,-0.03885925383764309
26466,-0.038967899807823655
26467,-0.03907635347928284
26468,-0.03918461431682332
26469,-0.039292681786199365
26470,-0.03940055535412051
26471,-0.039508234488251776
26472,-0.03961571865721906
26473,-0.03972300733060898
26474,-0.039830099978974284
26475,-0.03993699607383367
26476,-0.040043695087677175
26477,-0.040150196493966
26478,-0.04025649976713789
26479,-0.0403626043826073
26480,-0.04046850981676903
26481,-0.0405742155470018
26482,-0.040679721051668505
26483,-0.04078502581012143
26484,-0.04089012930270217
26485,-0.04099503101074689
26486,-0.041099730416586135
26487,-0.041204227003550156
26488,-0.04130852025596903
26489,-0.041412609659176286
26490,-0.04151649469951238
26491,-0.04162017486432495
26492,-0.041723649641973955
26493,-0.04182691852183159
26494,-0.041929980994287436
26495,-0.04203283655074833
26496,-0.042135484683643525
26497,-0.04223792488642453
26498,-0.04234015665357028
26499,-0.042442179480587296
26500,-0.0425439928640132
26501,-0.04264559630142013
26502,-0.042746989291415
26503,-0.0428481713336445
26504,-0.042949141928795016
26505,-0.04304990057859769
26506,-0.04315044678582827
26507,-0.043250780054312175
26508,-0.04335089988892463
26509,-0.04345080579559414
26510,-0.04355049728130586
26511,-0.04364997385410179
26512,-0.04374923502308575
26513,-0.043848280298423276
26514,-0.04394710919134654
26515,-0.04404572121415428
26516,-0.04414411588021669
26517,-0.04424229270397532
26518,-0.04434025120094798
26519,-0.04443799088772895
26520,-0.044535511281992284
26521,-0.04463281190249514
26522,-0.044729892269077975
26523,-0.04482675190266938
26524,-0.044923390325286
26525,-0.04501980706003734
26526,-0.04511600163112565
26527,-0.04521197356385074
26528,-0.0453077223846102
26529,-0.04540324762090261
26530,-0.04549854880133081
26531,-0.0455936254556021
26532,-0.045688477114533
26533,-0.04578310331004909
26534,-0.0458775035751898
26535,-0.04597167744410827
26536,-0.046065624452076064
26537,-0.04615934413548306
26538,-0.046252836031842125
26539,-0.046346099679789324
26540,-0.04643913461908707
26541,-0.04653194039062732
26542,-0.046624516536431716
26543,-0.04671686259965625
26544,-0.04680897812459116
26545,-0.04690086265666549
26546,-0.04699251574244704
26547,-0.047083936929646915
26548,-0.047175125767119415
26549,-0.04726608180486661
26550,-0.04735680459403853
26551,-0.04744729368693622
26552,-0.04753754863701484
26553,-0.04762756899888386
26554,-0.047717354328311534
26555,-0.0478069041822248
26556,-0.04789621811871378
26557,-0.047985295697031645
26558,-0.04807413647759909
26559,-0.04816274002200451
26560,-0.04825110589300702
26561,-0.048339233654539425
26562,-0.04842712287170845
26563,-0.04851477311079912
26564,-0.04860218393927462
26565,-0.048689354925780706
26566,-0.048776285640145606
26567,-0.048862975653384336
26568,-0.04894942453769862
26569,-0.049035631866481216
26570,-0.04912159721431607
26571,-0.049207320156981274
26572,-0.04929280027145195
26573,-0.04937803713590043
26574,-0.04946303032970054
26575,-0.04954777943342748
26576,-0.049632284028862064
26577,-0.049716543698990624
26578,-0.04980055802800923
26579,-0.04988432660132386
26580,-0.04996784900555323
26581,-0.05005112482853168
26582,-0.050134153659309295
26583,-0.05021693508815607
26584,-0.05029946870656184
26585,-0.05038175410724036
26586,-0.05046379088412929
26587,-0.05054557863239419
26588,-0.05062711694842852
26589,-0.05070840542985766
26590,-0.0507894436755391
26591,-0.050870231285565184
26592,-0.05095076786126589
26593,-0.051031053005208944
26594,-0.05111108632120388
26595,-0.05119086741430192
26596,-0.051270395890799986
26597,-0.05134967135824058
26598,-0.051428693425415783
26599,-0.05150746170236738
26600,-0.051585975800389566
26601,-0.05166423533203162
26602,-0.05174223991109805
26603,-0.051819989152652485
26604,-0.05189748267301762
26605,-0.05197472008977907
26606,-0.05205170102178527
26607,-0.052128425089151345
26608,-0.05220489191325902
26609,-0.05228110111676044
26610,-0.05235705232357831
26611,-0.05243274515890853
26612,-0.05250817924922269
26613,-0.052583354222268314
26614,-0.052658269707072554
26615,-0.05273292533394214
26616,-0.05280732073446708
26617,-0.05288145554152062
26618,-0.05295532938926293
26619,-0.053028941913141225
26620,-0.05310229274989234
26621,-0.05317538153754514
26622,-0.053248207915420766
26623,-0.053320771524136196
26624,-0.0533930720056042
26625,-0.05346510900303695
26626,-0.05353688216094595
26627,-0.0536083911251456
26628,-0.053679635542753144
26629,-0.053750615062192204
26630,-0.05382132933319296
26631,-0.05389177800679451
26632,-0.05396196073534734
26633,-0.054031877172513385
26634,-0.05410152697326959
26635,-0.05417090979390779
26636,-0.05424002529203822
26637,-0.05430887312658939
26638,-0.05437745295781159
26639,-0.05444576444727674
26640,-0.05451380725788186
26641,-0.0545815810538492
26642,-0.054649085500728535
26643,-0.05471632026539947
26644,-0.05478328501607159
26645,-0.05484997942228779
26646,-0.054916403154924194
26647,-0.054982555886193524
26648,-0.05504843728964497
26649,-0.055114047040167535
26650,-0.055179384813990116
26651,-0.055244450288683786
26652,-0.05530924314316397
26653,-0.05537376305769059
26654,-0.0554380097138713
26655,-0.05550198279466141
26656,-0.05556568198436709
26657,-0.05562910696864527
26658,-0.05569225743450688
26659,-0.05575513307031669
26660,-0.05581773356579654
26661,-0.05588005861202541
26662,-0.055942107901441586
26663,-0.05600388112784473
26664,-0.056065377986396055
26665,-0.05612659817362135
26666,-0.05618754138741097
26667,-0.056248207327022834
26668,-0.056308595693082386
26669,-0.05636870618758562
26670,-0.056428538513899174
26671,-0.0564880923767624
26672,-0.05654736748228939
26673,-0.05660636353796908
26674,-0.05666508025266822
26675,-0.05672351733663129
26676,-0.05678167450148345
26677,-0.05683955146023046
26678,-0.056897147927261575
26679,-0.05695446361834948
26680,-0.057011498250653186
26681,-0.05706825154271809
26682,-0.057124723214477986
26683,-0.05718091298725692
26684,-0.05723682058376935
26685,-0.05729244572812293
26686,-0.057347788145818424
26687,-0.057402847563752545
26688,-0.05745762371021781
26689,-0.05751211631490535
26690,-0.05756632510890497
26691,-0.05762024982470705
26692,-0.057673890196204336
26693,-0.05772724595869209
26694,-0.057780316848870715
26695,-0.057833102604845754
26696,-0.05788560296613048
26697,-0.05793781767364588
26698,-0.057989746469723234
26699,-0.05804138909810408
26700,-0.0580927453039428
26701,-0.05814381483380673
26702,-0.05819459743567786
26703,-0.05824509285895465
26704,-0.05829530085445203
26705,-0.05834522117440401
26706,-0.05839485357246355
26707,-0.05844419780370511
26708,-0.05849325362462456
26709,-0.05854202079314162
26710,-0.05859049906860001
26711,-0.05863868821176906
26712,-0.05868658798484539
26713,-0.058734198151452977
26714,-0.058781518476645554
26715,-0.05882854872690657
26716,-0.05887528867015153
26717,-0.05892173807572795
26718,-0.058967896714417684
26719,-0.05901376435843687
26720,-0.05905934078143822
26721,-0.05910462575851116
26722,-0.05914961906618331
26723,-0.05919432048242207
26724,-0.05923872978663467
26725,-0.059282846759670466
26726,-0.059326671183820796
26727,-0.05937020284282126
26728,-0.05941344152185162
26729,-0.05945638700753801
26730,-0.059499039087952836
26731,-0.05954139755261697
26732,-0.0595834621924998
26733,-0.059625232800020675
26734,-0.059666709169050355
26735,-0.05970789109491106
26736,-0.05974877837437855
26737,-0.059789370805682106
26738,-0.059829668188506525
26739,-0.05986967032399209
26740,-0.0599093770147366
26741,-0.05994878806479542
26742,-0.05998790327968284
26743,-0.060026722466373424
26744,-0.060065245433302064
26745,-0.060103471990365955
26746,-0.060141401948924485
26747,-0.06017903512180122
26748,-0.06021637132328381
26749,-0.06025341036912586
26750,-0.06029015207654692
26751,-0.060326596264234325
26752,-0.06036274275234323
26753,-0.06039859136249791
26754,-0.06043414191779293
26755,-0.06046939424279324
26756,-0.06050434816353597
26757,-0.060539003507530345
26758,-0.06057336010375945
26759,-0.06060741778268021
26760,-0.06064117637622506
26761,-0.06067463571780205
26762,-0.060707795642295975
26763,-0.0607406559860695
26764,-0.06077321658696327
26765,-0.060805477284297485
26766,-0.06083743791887191
26767,-0.06086909833296747
26768,-0.0609004583703462
26769,-0.06093151787625286
26770,-0.060962276697414844
26771,-0.060992734682043775
26772,-0.06102289167983555
26773,-0.06105274754197138
26774,-0.0610823021211188
26775,-0.06111155527143173
26776,-0.06114050684855196
26777,-0.06116915670960913
26778,-0.06119750471322213
26779,-0.0612255507194991
26780,-0.06125329459003885
26781,-0.061280736187930875
26782,-0.061307875377756345
26783,-0.061334712025589
26784,-0.06136124599899525
26785,-0.061387477167035444
26786,-0.06141340540026389
26787,-0.06143903057073016
26788,-0.06146435255197905
26789,-0.061489371219051854
26790,-0.061514086448486334
26791,-0.06153849811831798
26792,-0.061562606108080044
26793,-0.06158641029880439
26794,-0.0616099105730223
26795,-0.0616331068147645
26796,-0.06165599890956237
26797,-0.06167858674444791
26798,-0.06170087020795483
26799,-0.06172284919011861
26800,-0.061744523582477555
26801,-0.061765893278072824
26802,-0.061786958171449226
26803,-0.0618077181586559
26804,-0.06182817313724636
26805,-0.06184832300627954
26806,-0.06186816766631979
26807,-0.06188770701943783
26808,-0.061906940969210775
26809,-0.06192586942072309
26810,-0.06194449228056657
26811,-0.06196280945684126
26812,-0.06198082085915555
26813,-0.06199852639862674
26814,-0.06201592598788168
26815,-0.0620330195410568
26816,-0.06204980697379897
26817,-0.06206628820326549
26818,-0.06208246314812493
26819,-0.062098331728557096
26820,-0.062113893866253836
26821,-0.062129149484419055
26822,-0.06214409850776945
26823,-0.062158740862534555
26824,-0.06217307647645726
26825,-0.0621871052787943
26826,-0.06220082720031627
26827,-0.06221424217330834
26828,-0.062227350131570255
26829,-0.062240151010416966
26830,-0.062252644746678625
26831,-0.06226483127870125
26832,-0.06227671054634673
26833,-0.06228828249099324
26834,-0.062299547055535635
26835,-0.062310504184385496
26836,-0.06232115382347167
26837,-0.06233149592024027
26838,-0.0623415304236552
26839,-0.06235125728419815
26840,-0.06236067645386909
26841,-0.06236978788618626
26842,-0.06237859153618663
26843,-0.06238708736042593
26844,-0.06239527531697897
26845,-0.06240315536543989
26846,-0.062410727466922174
26847,-0.06241799158405909
26848,-0.062424947681003644
26849,-0.062431595723428934
26850,-0.06243793567852818
26851,-0.062443967515015006
26852,-0.06244969120312352
26853,-0.06245510671460844
26854,-0.062460214022745354
26855,-0.06246501310233069
26856,-0.062469503929681994
26857,-0.0624736864826379
26858,-0.062477560740558394
26859,-0.06248112668432477
26860,-0.062484384296339825
26861,-0.06248733356052789
26862,-0.06248997446233495
26863,-0.06249230698872869
26864,-0.06249433112819855
26865,-0.06249604687075583
26866,-0.062497454207933664
26867,-0.06249855313278715
26868,-0.0624993436398933
26869,-0.06249982572535112
26870,-0.06249999938678163
26871,-0.06249986462332783
26872,-0.062499421435654755
26873,-0.062498669825949454
26874,-0.06249760979792096
26875,-0.06249624135680031
26876,-0.06249456450934047
26877,-0.06249257926381635
26878,-0.06249028563002474
26879,-0.06248768361928426
26880,-0.06248477324443529
26881,-0.06248155451983997
26882,-0.06247802746138203
26883,-0.06247419208646681
26884,-0.06247004841402111
26885,-0.06246559646449311
26886,-0.06246083625985229
26887,-0.06245576782358928
26888,-0.06245039118071583
26889,-0.06244470635776454
26890,-0.062438713382788905
26891,-0.06243241228536301
26892,-0.06242580309658154
26893,-0.06241888584905947
26894,-0.062411660576932024
26895,-0.062404127315854506
26896,-0.06239628610300198
26897,-0.062388136977069304
26898,-0.062379679978270715
26899,-0.062370915148339846
26900,-0.062361842530529316
26901,-0.06235246216961072
26902,-0.06234277411187418
26903,-0.06233277840512834
26904,-0.06232247509870003
26905,-0.06231186424343392
26906,-0.06230094589169251
26907,-0.06228972009735558
26908,-0.06227818691582025
26909,-0.06226634640400036
26910,-0.06225419862032652
26911,-0.06224174362474553
26912,-0.06222898147872033
26913,-0.06221591224522948
26914,-0.06220253598876703
26915,-0.06218885277534217
26916,-0.062174862672478695
26917,-0.06216056574921503
26918,-0.062145962076103525
26919,-0.06213105172521045
26920,-0.06211583477011527
26921,-0.062100311285910696
26922,-0.062084481349201893
26923,-0.062068345038106446
26924,-0.06205190243225384
26925,-0.062035153612784937
26926,-0.06201809866235186
26927,-0.06200073766511726
26928,-0.061983070706754254
26929,-0.0619650978744456
26930,-0.06194681925688373
26931,-0.0619282349442698
26932,-0.061909345028313766
26933,-0.061890149602233435
26934,-0.06187064876075442
26935,-0.06185084260010949
26936,-0.06183073121803794
26937,-0.0618103147137855
26938,-0.06178959318810338
26939,-0.061768566743248245
26940,-0.06174723548298123
26941,-0.06172559951256794
26942,-0.06170365893877738
26943,-0.061681413869881914
26944,-0.06165886441565656
26945,-0.061636010687378166
26946,-0.06161285279782542
26947,-0.06158939086127768
26948,-0.06156562499351503
26949,-0.06154155531181706
26950,-0.06151718193496297
26951,-0.061492504983230285
26952,-0.06146752457839494
26953,-0.06144224084373003
26954,-0.061416653904005775
26955,-0.061390763885488635
26956,-0.061364570915940456
26957,-0.06133807512461843
26958,-0.061311276642273774
26959,-0.06128417560115175
26960,-0.06125677213499037
26961,-0.06122906637902037
26962,-0.0612010584699639
26963,-0.06117274854603441
26964,-0.06114413674693577
26965,-0.061115223213861244
26966,-0.06108600808949347
26967,-0.061056491518003006
26968,-0.06102667364504836
26969,-0.060996554617774534
26970,-0.06096613458481303
26971,-0.06093541369628039
26972,-0.06090439210377819
26973,-0.060873069960391525
26974,-0.06084144742068896
26975,-0.06080952464072145
26976,-0.060777301778021264
26977,-0.060744778991601925
26978,-0.06071195644195663
26979,-0.06067883429105823
26980,-0.060645412702357654
26981,-0.06061169184078391
26982,-0.06057767187274243
26983,-0.0605433529661151
26984,-0.06050873529025859
26985,-0.06047381901600425
26986,-0.060438604315656966
26987,-0.06040309136299394
26988,-0.06036728033326466
26989,-0.0603311714031891
26990,-0.06029476475095778
26991,-0.06025806055622995
26992,-0.06022105900013363
26993,-0.0601837602652638
26994,-0.060146164535682306
26995,-0.06010827199691661
26996,-0.0600700828359585
26997,-0.06003159724126403
26998,-0.05999281540275159
26999,-0.05995373751180197
27000,-0.05991436376125643
27001,-0.05987469434541674
27002,-0.05983472946004321
27003,-0.05979446930235473
27004,-0.0597539140710268
27005,-0.059713063966191436
27006,-0.05967191918943578
27007,-0.05963047994380076
27008,-0.05958874643378094
27009,-0.05954671886532251
27010,-0.059504397445823295
27011,-0.05946178238413071
27012,-0.05941887389054174
27013,-0.05937567217680088
27014,-0.05933217745609999
27015,-0.0592883899430769
27016,-0.05924430985381385
27017,-0.059199937405837476
27018,-0.059155272818116576
27019,-0.05911031631106216
27020,-0.059065068106525224
27021,-0.05901952842779682
27022,-0.05897369749960578
27023,-0.058927575548118775
27024,-0.058881162800938046
27025,-0.05883445948710127
27026,-0.058787465837080034
27027,-0.0587401820827782
27028,-0.05869260845753188
27029,-0.058644745196107
27030,-0.05859659253469939
27031,-0.058548150710932424
27032,-0.05849941996385703
27033,-0.05845040053394931
27034,-0.058401092663110395
27035,-0.05835149659466485
27036,-0.05830161257335894
27037,-0.05825144084536057
27038,-0.05820098165825676
27039,-0.05815023526105375
27040,-0.05809920190417444
27041,-0.05804788183945847
27042,-0.05799627532015968
27043,-0.057944382600946163
27044,-0.05789220393789767
27045,-0.05783973958850556
27046,-0.05778698981167096
27047,-0.05773395486770304
27048,-0.05768063501831889
27049,-0.05762703052664086
27050,-0.057573141657196646
27051,-0.057518968675916604
27052,-0.0574645118501338
27053,-0.05740977144858134
27054,-0.05735474774139222
27055,-0.057299441000097526
27056,-0.0572438514976245
27057,-0.05718797950829648
27058,-0.0571318253078301
27059,-0.05707538917333536
27060,-0.05701867138331284
27061,-0.05696167221765375
27062,-0.05690439195763709
27063,-0.05684683088592978
27064,-0.056788989286583706
27065,-0.05673086744503567
27066,-0.05667246564810543
27067,-0.05661378418399369
27068,-0.056554823342282
27069,-0.056495583413929844
27070,-0.0564360646912747
27071,-0.056376267468029054
27072,-0.05631619203928054
27073,-0.056255838701488876
27074,-0.056195207752486
27075,-0.056134299491473014
27076,-0.056073114219020094
27077,-0.056011652237064405
27078,-0.05594991384890803
27079,-0.05588789935921786
27080,-0.05582560907402248
27081,-0.05576304330071229
27082,-0.05570020234803633
27083,-0.05563708652610245
27084,-0.055573696146374064
27085,-0.05551003152167013
27086,-0.05544609296616291
27087,-0.05538188079537587
27088,-0.05531739532618353
27089,-0.05525263687680825
27090,-0.05518760576682032
27091,-0.05512230231713473
27092,-0.055056726850011256
27093,-0.054990879689051156
27094,-0.05492476115919731
27095,-0.0548583715867309
27096,-0.05479171129927128
27097,-0.05472478062577373
27098,-0.05465757989652719
27099,-0.054590109443154115
27100,-0.054522369598607165
27101,-0.05445436069716922
27102,-0.05438608307445006
27103,-0.0543175370673864
27104,-0.054248723014238526
27105,-0.054179641254590113
27106,-0.05411029212934593
27107,-0.05404067598072947
27108,-0.05397079315228283
27109,-0.053900643988863205
27110,-0.053830228836643026
27111,-0.05375954804310639
27112,-0.05368860195704922
27113,-0.05361739092857567
27114,-0.053545915309098246
27115,-0.05347417545133426
27116,-0.05340217170930565
27117,-0.053329904438336594
27118,-0.053257373995051024
27119,-0.0531845807373725
27120,-0.0531115250245206
27121,-0.05303820721701099
27122,-0.05296462767665178
27123,-0.052890786766543636
27124,-0.05281668485107606
27125,-0.0527423222959273
27126,-0.05266769946806179
27127,-0.05259281673572765
27128,-0.05251767446845654
27129,-0.05244227303705989
27130,-0.05236661281362904
27131,-0.052290694171531434
27132,-0.05221451748541075
27133,-0.05213808313118305
27134,-0.05206139148603696
27135,-0.05198444292842977
27136,-0.05190723783808733
27137,-0.05182977659600143
27138,-0.05175205958442717
27139,-0.051674087186882815
27140,-0.05159585978814591
27141,-0.051517377774253394
27142,-0.05143864153249766
27143,-0.051359651451426666
27144,-0.05128040792084003
27145,-0.05120091133178883
27146,-0.05112116207657295
27147,-0.05104116054873835
27148,-0.05096090714307694
27149,-0.05088040225562258
27150,-0.05079964628365115
27151,-0.050718639625676555
27152,-0.05063738268145083
27153,-0.05055587585196007
27154,-0.05047411953942456
27155,-0.05039211414729467
27156,-0.050309860080250735
27157,-0.050227357744200236
27158,-0.05014460754627502
27159,-0.05006160989483115
27160,-0.04997836519944474
27161,-0.049894873870912126
27162,-0.049811136321245605
27163,-0.04972715296367363
27164,-0.04964292421263659
27165,-0.049558450483786896
27166,-0.049473732193984835
27167,-0.04938876976129833
27168,-0.04930356360500011
27169,-0.049218114145564824
27170,-0.04913242180466885
27171,-0.04904648700518605
27172,-0.048960310171187876
27173,-0.04887389172793905
27174,-0.04878723210189771
27175,-0.048700331720711074
27176,-0.04861319101321525
27177,-0.048525810409432324
27178,-0.04843819034056739
27179,-0.04835033123900837
27180,-0.04826223353832163
27181,-0.04817389767325212
27182,-0.048085324079718925
27183,-0.04799651319481543
27184,-0.04790746545680486
27185,-0.04781818130512041
27186,-0.04772866118036077
27187,-0.047638905524289975
27188,-0.04754891477983437
27189,-0.047458689391079535
27190,-0.04736822980327014
27191,-0.04727753646280542
27192,-0.047186609817239274
27193,-0.04709545031527578
27194,-0.04700405840676926
27195,-0.04691243454271976
27196,-0.046820579175272846
27197,-0.04672849275771652
27198,-0.04663617574447807
27199,-0.04654362859112393
27200,-0.04645085175435503
27201,-0.046357845692006926
27202,-0.046264610863045175
27203,-0.046171147727565434
27204,-0.04607745674678883
27205,-0.045983538383062024
27206,-0.04588939309985261
27207,-0.04579502136174885
27208,-0.04570042363445653
27209,-0.04560560038479575
27210,-0.045510552080700706
27211,-0.04541527919121499
27212,-0.0453197821864917
27213,-0.045224061537788664
27214,-0.045128117717468594
27215,-0.04503195119899425
27216,-0.04493556245692831
27217,-0.04483895196693008
27218,-0.0447421202057522
27219,-0.0446450676512405
27220,-0.04454779478232913
27221,-0.04445030207904068
27222,-0.044352590022481354
27223,-0.04425465909484105
27224,-0.04415650977938852
27225,-0.04405814256047144
27226,-0.04395955792351157
27227,-0.0438607563550045
27228,-0.04376173834251635
27229,-0.04366250437468041
27230,-0.0435630549411969
27231,-0.04346339053282809
27232,-0.04336351164139835
27233,-0.04326341875978921
27234,-0.04316311238193949
27235,-0.04306259300284028
27236,-0.04296186111853475
27237,-0.042860917226114736
27238,-0.042759761823717345
27239,-0.04265839541052471
27240,-0.042556818486758984
27241,-0.04245503155368243
27242,-0.042353035113592376
27243,-0.04225082966982132
27244,-0.04214841572673185
27245,-0.04204579378971676
27246,-0.04194296436519395
27247,-0.0418399279606062
27248,-0.041736685084417705
27249,-0.041633236246110567
27250,-0.04152958195618458
27251,-0.041425722726152095
27252,-0.041321659068538116
27253,-0.041217391496875116
27254,-0.04111292052570321
27255,-0.04100824667056486
27256,-0.04090337044800511
27257,-0.040798292375566265
27258,-0.04069301297178776
27259,-0.04058753275620254
27260,-0.040481852249333504
27261,-0.040375971972693304
27262,-0.04026989244877906
27263,-0.04016361420107249
27264,-0.04005713775403463
27265,-0.03995046363310594
27266,-0.03984359236470099
27267,-0.039736524476208256
27268,-0.03962926049598652
27269,-0.03952180095336119
27270,-0.0394141463786241
27271,-0.03930629730302817
27272,-0.039198254258787514
27273,-0.03909001777907206
27274,-0.03898158839800769
27275,-0.03887296665067081
27276,-0.03876415307308854
27277,-0.03865514820223321
27278,-0.03854595257602222
27279,-0.03843656673331429
27280,-0.03832699121390579
27281,-0.03821722655853048
27282,-0.038107273308854106
27283,-0.03799713200747445
27284,-0.03788680319791591
27285,-0.03777628742462961
27286,-0.03766558523298787
27287,-0.037554697169284015
27288,-0.03744362378072863
27289,-0.037332365615445756
27290,-0.0372209232224727
27291,-0.03710929715175447
27292,-0.03699748795414391
27293,-0.03688549618139613
27294,-0.03677332238616865
27295,-0.036660967122015796
27296,-0.03654843094338883
27297,-0.03643571440563038
27298,-0.03632281806497416
27299,-0.03620974247854119
27300,-0.036096488204335954
27301,-0.03598305580124617
27302,-0.03586944582903711
27303,-0.03575565884835181
27304,-0.03564169542070531
27305,-0.03552755610848487
27306,-0.03541324147494423
27307,-0.0352987520842034
27308,-0.03518408850124478
27309,-0.035069251291909284
27310,-0.0349542410228961
27311,-0.03483905826175696
27312,-0.03472370357689629
27313,-0.03460817753756544
27314,-0.03449248071386283
27315,-0.03437661367672821
27316,-0.03426057699794275
27317,-0.03414437125012332
27318,-0.034027997006722197
27319,-0.03391145484202316
27320,-0.03379474533113753
27321,-0.03367786905000393
27322,-0.03356082657538249
27323,-0.033443618484854935
27324,-0.033326245356818794
27325,-0.033208707770487525
27326,-0.033091006305884636
27327,-0.03297314154384349
27328,-0.03285511406600326
27329,-0.032736924454805
27330,-0.032618573293491326
27331,-0.032500061166100595
27332,-0.03238138865746699
27333,-0.03226255635321462
27334,-0.032143564839757714
27335,-0.032024414704294596
27336,-0.03190510653480791
27337,-0.03178564092005863
27338,-0.03166601844958584
27339,-0.03154623971370267
27340,-0.03142630530349225
27341,-0.03130621581080745
27342,-0.03118597182826492
27343,-0.03106557394924522
27344,-0.03094502276788681
27345,-0.030824318879086217
27346,-0.030703462878492002
27347,-0.030582455362504913
27348,-0.030461296928271844
27349,-0.030339988173685606
27350,-0.030218529697380814
27351,-0.030096922098729755
27352,-0.02997516597784217
27353,-0.029853261935559167
27354,-0.02973121057345337
27355,-0.029609012493822844
27356,-0.02948666829969123
27357,-0.029364178594801657
27358,-0.02924154398361649
27359,-0.029118765071313175
27360,-0.02899584246378009
27361,-0.028872776767616282
27362,-0.028749568590125334
27363,-0.02862621853931553
27364,-0.02850272722389369
27365,-0.028379095253265322
27366,-0.028255323237528465
27367,-0.028131411787473824
27368,-0.028007361514578614
27369,-0.027883173031006292
27370,-0.02775884694960236
27371,-0.027634383883890144
27372,-0.027509784448070552
27373,-0.02738504925701586
27374,-0.027260178926269862
27375,-0.027135174072041645
27376,-0.02701003531120573
27377,-0.026884763261295856
27378,-0.026759358540504704
27379,-0.02663382176767967
27380,-0.026508153562318584
27381,-0.02638235454456949
27382,-0.026256425335224348
27383,-0.0261303665557192
27384,-0.02600417882812787
27385,-0.025877862775162148
27386,-0.025751419020165447
27387,-0.02562484818711299
27388,-0.025498150900605494
27389,-0.025371327785868897
27390,-0.025244379468750085
27391,-0.025117306575712574
27392,-0.02499010973383626
27393,-0.024862789570811072
27394,-0.024735346714937143
27395,-0.024607781795118425
27396,-0.024480095440862874
27397,-0.024352288282276067
27398,-0.024224360950060943
27399,-0.02409631407551348
27400,-0.02396814829051835
27401,-0.023839864227548652
27402,-0.02371146251965953
27403,-0.023582943800488324
27404,-0.023454308704248153
27405,-0.023325557865728083
27406,-0.023196691920286693
27407,-0.023067711503852246
27408,-0.02293861725291624
27409,-0.02280940980453317
27410,-0.022680089796316125
27411,-0.022550657866432428
27412,-0.022421114653603358
27413,-0.0222914607970977
27414,-0.0221616969367319
27415,-0.022031823712863594
27416,-0.02190184176639176
27417,-0.02177175173875025
27418,-0.021641554271907504
27419,-0.021511250008362168
27420,-0.021380839591138654
27421,-0.021250323663786888
27422,-0.021119702870375793
27423,-0.020988977855493467
27424,-0.02085814926424064
27425,-0.020727217742230842
27426,-0.020596183935583875
27427,-0.020465048490925973
27428,-0.020333812055383253
27429,-0.020202475276581457
27430,-0.020071038802641505
27431,-0.019939503282175034
27432,-0.01980786936428413
27433,-0.019676137698554776
27434,-0.019544308935056997
27435,-0.0194123837243383
27436,-0.019280362717423817
27437,-0.01914824656580973
27438,-0.01901603592146343
27439,-0.018883731436816927
27440,-0.018751333764766568
27441,-0.018618843558668576
27442,-0.01848626147233453
27443,-0.01835358816003112
27444,-0.01822082427647352
27445,-0.018087970476825553
27446,-0.01795502741669306
27447,-0.017821995752124065
27448,-0.017688876139602135
27449,-0.01755566923604612
27450,-0.017422375698805632
27451,-0.017288996185656526
27452,-0.01715553135480064
27453,-0.01702198186485912
27454,-0.01688834837487261
27455,-0.016754631544294556
27456,-0.01662083203299139
27457,-0.016486950501235845
27458,-0.01635298760970711
27459,-0.016218944019484174
27460,-0.016084820392045528
27461,-0.015950617389264638
27462,-0.01581633567340538
27463,-0.015681975907121785
27464,-0.015547538753451322
27465,-0.015413024875815076
27466,-0.015278434938011029
27467,-0.015143769604214223
27468,-0.015009029538970044
27469,-0.014874215407193954
27470,-0.014739327874166916
27471,-0.014604367605530825
27472,-0.014469335267288235
27473,-0.014334231525795618
27474,-0.014199057047763542
27475,-0.014063812500249911
27476,-0.01392849855066014
27477,-0.013793115866740396
27478,-0.013657665116577773
27479,-0.01352214696859352
27480,-0.013386562091542783
27481,-0.013250911154510004
27482,-0.013115194826904313
27483,-0.012979413778459266
27484,-0.012843568679226071
27485,-0.012707660199573744
27486,-0.012571689010182338
27487,-0.012435655782043104
27488,-0.0122995611864517
27489,-0.012163405895007926
27490,-0.012027190579611102
27491,-0.011890915912455453
27492,-0.011754582566029832
27493,-0.011618191213110918
27494,-0.011481742526763386
27495,-0.011345237180333095
27496,-0.011208675847447256
27497,-0.011072059202007614
27498,-0.01093538791819062
27499,-0.010798662670440603
27500,-0.010661884133469506
27501,-0.010525052982252245
27502,-0.010388169892022065
27503,-0.010251235538270266
27504,-0.010114250596739375
27505,-0.00997721574342331
27506,-0.009840131654560543
27507,-0.009702999006634265
27508,-0.009565818476365541
27509,-0.009428590740713045
27510,-0.009291316476868398
27511,-0.009153996362251511
27512,-0.009016631074510319
27513,-0.008879221291513913
27514,-0.008741767691352726
27515,-0.008604270952331655
27516,-0.008466731752970238
27517,-0.00832915077199579
27518,-0.00819152868834357
27519,-0.008053866181149904
27520,-0.007916163929751925
27521,-0.007778422613682898
27522,-0.007640642912667538
27523,-0.007502825506621748
27524,-0.007364971075645732
27525,-0.007227080300024171
27526,-0.007089153860219332
27527,-0.006951192436871245
27528,-0.00681319671079081
27529,-0.006675167362959971
27530,-0.006537105074524821
27531,-0.006399010526795333
27532,-0.006260884401240676
27533,-0.00612272737948452
27534,-0.005984540143304772
27535,-0.0058463233746266705
27536,-0.005708077755522962
27537,-0.005569803968206992
27538,-0.005431502695032884
27539,-0.005293174618488626
27540,-0.005154820421195802
27541,-0.005016440785904899
27542,-0.004878036395490607
27543,-0.004739607932951547
27544,-0.00460115608140336
27545,-0.004462681524078881
27546,-0.0043241849443212185
27547,-0.0041856670255839305
27548,-0.004047128451424108
27549,-0.0039085699055025425
27550,-0.0037699920715768102
27551,-0.003631395633500999
27552,-0.0034927812752210056
27553,-0.0033541496807698284
27554,-0.0032155015342672966
27555,-0.0030768375199131466
27556,-0.0029381583219871936
27557,-0.0027994646248424063
27558,-0.0026607571129050787
27559,-0.002522036470667903
27560,-0.002383303382689699
27561,-0.0022445585335907022
27562,-0.002105802608047856
27563,-0.00196703629079454
27564,-0.001828260266613638
27565,-0.0016894752203377122
27566,-0.001550681836842071
27567,-0.0014118808010449406
27568,-0.0012730727979005346
27569,-0.0011342585123992244
27570,-0.000995438629560608
27571,-0.000856613834433237
27572,-0.0007177848120899041
27573,-0.0005789522476229304
27574,-0.0004401168261438929
27575,-0.00030127923277669104
27576,-0.0001624401526577185
27577,-2.3600270928929384e-05
27578,0.00011523972726199008
27579,0.00025407915676855527
27580,0.0003929173324457557
27581,0.0005317535691547682
27582,0.0006705871817676703
27583,0.0008094174851677126
27584,0.0009482437942562524
27585,0.0010870654239525817
27586,0.0012258816892008605
27587,0.0013646919049699455
27588,0.001503495386260322
27589,0.0016422914481039326
27590,0.0017810794055711098
27591,0.0019198585737708472
27592,0.002058628267855512
27593,0.002197387803025555
27594,0.002336136494529786
27595,0.0024748736576722984
27596,0.0026135986078123026
27597,0.0027523106603710525
27598,0.002891009130831674
27599,0.0030296933347460915
27600,0.0031683625877353024
27601,0.003307016205494084
27602,0.0034456535037956995
27603,0.0035842737984921724
27604,0.00372287640552121
27605,0.003861460640906029
27606,0.004000025820762282
27607,0.004138571261297882
27608,0.0042770962788199265
27609,0.004415600189734521
27610,0.004554082310553703
27611,0.004692541957895708
27612,0.004830978448489676
27613,0.004969391099180348
27614,0.00510777922692834
27615,0.005246142148817052
27616,0.005384479182052504
27617,0.005522789643970238
27618,0.00566107285203515
27619,0.0057993281238484
27620,0.005937554777147237
27621,0.0060757521298119045
27622,0.006213919499865916
27623,0.006352056205480739
27624,0.0064901615649804924
27625,0.006628234896842213
27626,0.006766275519702755
27627,0.006904282752358618
27628,0.007042255913772845
27629,0.00718019432307484
27630,0.007318097299567276
27631,0.0074559641627263504
27632,0.007593794232206475
27633,0.007731586827844953
27634,0.00786934126966225
27635,0.008007056877868875
27636,0.008144732972865215
27637,0.008282368875248403
27638,0.008419963905812157
27639,0.008557517385553645
27640,0.008695028635673329
27641,0.008832496977581815
27642,0.008969921732900137
27643,0.009107302223464423
27644,0.009244637771330555
27645,0.00938192769877444
27646,0.009519171328298869
27647,0.009656367982633347
27648,0.009793516984740952
27649,0.009930617657818157
27650,0.010067669325301686
27651,0.010204671310868775
27652,0.01034162293844184
27653,0.010478523532193109
27654,0.010615372416544902
27655,0.01075216891617647
27656,0.010888912356023815
27657,0.011025602061286532
27658,0.011162237357427638
27659,0.011298817570180392
27660,0.01143534202554813
27661,0.011571810049811095
27662,0.011708220969526685
27663,0.011844574111534105
27664,0.011980868802958988
27665,0.012117104371213666
27666,0.01225328014400397
27667,0.012389395449329077
27668,0.012525449615488288
27669,0.012661441971080881
27670,0.012797371845012897
27671,0.0129332385664974
27672,0.013069041465059108
27673,0.013204779870538988
27674,0.013340453113094532
27675,0.013476060523206539
27676,0.013611601431678935
27677,0.013747075169645557
27678,0.013882481068569982
27679,0.014017818460252287
27680,0.014153086676828894
27681,0.014288285050779314
27682,0.014423412914926423
27683,0.01455846960244105
27684,0.01469345444684656
27685,0.01482836678201912
27686,0.01496320594219445
27687,0.015097971261967639
27688,0.015232662076299891
27689,0.01536727772051836
27690,0.015501817530322868
27691,0.01563628084178617
27692,0.015770666991358536
27693,0.015904975315872292
27694,0.0160392051525421
27695,0.016173355838971667
27696,0.016307426713153567
27697,0.016441417113475947
27698,0.01657532637872237
27699,0.016709153848078487
27700,0.016842898861131887
27701,0.01697656075787878
27702,0.017110138878724247
27703,0.017243632564486796
27704,0.017377041156402876
27705,0.017510363996127157
27706,0.017643600425739182
27707,0.01777674978774321
27708,0.017909811425074855
27709,0.018042784681100942
27710,0.018175668899626136
27711,0.018308463424892785
27712,0.018441167601587555
27713,0.01857378077484169
27714,0.018706302290235514
27715,0.018838731493802944
27716,0.018971067732031735
27717,0.019103310351870104
27718,0.019235458700726567
27719,0.01936751212647653
27720,0.019499469977462144
27721,0.01963133160249889
27722,0.019763096350875833
27723,0.019894763572360107
27724,0.02002633261720139
27725,0.02015780283613216
27726,0.02028917358037425
27727,0.020420444201638712
27728,0.02055161405213236
27729,0.020682682484557614
27730,0.020813648852119046
27731,0.020944512508523225
27732,0.021075272807985254
27733,0.021205929105229022
27734,0.021336480755491653
27735,0.021466927114527933
27736,0.02159726753861057
27737,0.021727501384536708
27738,0.021857628009627768
27739,0.021987646771735946
27740,0.022117557029244055
27741,0.022247358141072024
27742,0.02237704946667714
27743,0.02250663036605848
27744,0.022636100199761273
27745,0.022765458328877195
27746,0.022894704115050808
27747,0.023023836920479414
27748,0.023152856107919506
27749,0.023281761040686598
27750,0.02341055108266169
27751,0.023539225598291094
27752,0.02366778395259286
27753,0.023796225511157044
27754,0.02392454964015006
27755,0.024052755706319057
27756,0.024180843076992142
27757,0.02430881112008481
27758,0.024436659204099778
27759,0.024564386698133368
27760,0.024691992971875354
27761,0.024819477395615342
27762,0.02494683934024302
27763,0.02507407817725249
27764,0.025201193278746578
27765,0.025328184017437097
27766,0.025455049766651194
27767,0.025581789900331185
27768,0.0257084037930409
27769,0.02583489081996552
27770,0.025961250356917893
27771,0.026087481780338404
27772,0.02621358446730126
27773,0.02633955779551474
27774,0.026465401143325493
27775,0.026591113889722795
27776,0.02671669541433881
27777,0.026842145097454858
27778,0.026967462320001266
27779,0.027092646463563633
27780,0.027217696910382675
27781,0.027342613043360466
27782,0.027467394246060307
27783,0.027592039902712934
27784,0.02771654939821679
27785,0.027840922118142247
27786,0.027965157448735817
27787,0.02808925477692043
27788,0.028213213490301602
27789,0.028337032977167307
27790,0.028460712626494158
27791,0.028584251827947247
27792,0.028707649971886344
27793,0.02883090644936611
27794,0.02895402065214031
27795,0.029076991972665986
27796,0.029199819804103702
27797,0.029322503540323678
27798,0.02944504257590565
27799,0.029567436306144997
27800,0.029689684127052567
27801,0.029811785435360824
27802,0.029933739628523665
27803,0.03005554610472254
27804,0.030177204262866675
27805,0.03029871350259723
27806,0.0304200732242914
27807,0.030541282829062676
27808,0.030662341718766892
27809,0.030783249296002083
27810,0.030904004964114527
27811,0.0310246081271986
27812,0.0311450581901028
27813,0.03126535455842999
27814,0.03138549663854149
27815,0.03150548383756113
27816,0.03162531556337555
27817,0.03174499122464012
27818,0.03186451023077884
27819,0.0319838719919903
27820,0.03210307591924753
27821,0.032222121424303966
27822,0.032341007919693306
27823,0.032459734818735445
27824,0.032578301535536716
27825,0.032696707484993925
27826,0.03281495208279835
27827,0.032933034745436025
27828,0.03305095489019358
27829,0.03316871193515815
27830,0.03328630529922323
27831,0.033403734402088554
27832,0.033520998664265944
27833,0.03363809750707955
27834,0.03375503035266984
27835,0.03387179662399758
27836,0.033988395744844024
27837,0.034104827139816794
27838,0.0342210902343497
27839,0.03433718445470859
27840,0.03445310922799115
27841,0.03456886398213278
27842,0.03468444814590638
27843,0.03479986114892816
27844,0.03491510242165788
27845,0.035030171395402744
27846,0.03514506750232132
27847,0.03525979017542378
27848,0.03537433884857761
27849,0.0354887129565075
27850,0.03560291193480103
27851,0.03571693521990856
27852,0.03583078224914892
27853,0.03594445246070963
27854,0.03605794529365077
27855,0.036171260187908845
27856,0.03628439658429699
27857,0.03639735392451064
27858,0.036510131651127396
27859,0.03662272920761266
27860,0.03673514603831949
27861,0.03684738158849424
27862,0.03695943530427639
27863,0.03707130663270418
27864,0.037182995021714835
27865,0.03729449992014833
27866,0.03740582077775121
27867,0.03751695704517679
27868,0.037627908173990726
27869,0.03773867361667089
27870,0.037849252826612875
27871,0.03795964525812989
27872,0.038069850366458276
27873,0.038179867607757344
27874,0.038289696439114916
27875,0.038399336318547535
27876,0.03850878670500416
27877,0.03861804705836992
27878,0.03872711683946633
27879,0.038835995510056724
27880,0.03894468253284614
27881,0.03905317737148674
27882,0.0391614794905777
27883,0.039269588355670626
27884,0.03937750343326972
27885,0.03948522419083551
27886,0.03959275009678849
27887,0.03970008062050933
27888,0.03980721523234423
27889,0.039914153403604824
27890,0.040020894606573494
27891,0.04012743831450327
27892,0.04023378400162313
27893,0.040339931143137886
27894,0.0404458792152335
27895,0.04055162769507727
27896,0.04065717606082147
27897,0.040762523791606865
27898,0.040867670367563
27899,0.040972615269813425
27900,0.041077357980475536
27901,0.041181897982665874
27902,0.04128623476049995
27903,0.041390367799097494
27904,0.04149429658458263
27905,0.04159802060408746
27906,0.04170153934575554
27907,0.04180485229874209
27908,0.041907958953219214
27909,0.042010858800375715
27910,0.04211355133242227
27911,0.042216036042591304
27912,0.042318312425142106
27913,0.04242037997536071
27914,0.04252223818956501
27915,0.042623886565104956
27916,0.04272532460036599
27917,0.04282655179477253
27918,0.04292756764878816
27919,0.043028371663920664
27920,0.04312896334272193
27921,0.04322934218879296
27922,0.04332950770678377
27923,0.043429459402398375
27924,0.043529196782395016
27925,0.04362871935458953
27926,0.04372802662785873
27927,0.04382711811214065
27928,0.04392599331843944
27929,0.044024651758825264
27930,0.04412309294643927
27931,0.04422131639549343
27932,0.04431932162127548
27933,0.04441710814014877
27934,0.044514675469557195
27935,0.04461202312802537
27936,0.04470915063516191
27937,0.04480605751166282
27938,0.044902743279311576
27939,0.044999207460984056
27940,0.045095449580648365
27941,0.0451914691633697
27942,0.04528726573531015
27943,0.04538283882373361
27944,0.04547818795700585
27945,0.04557331266459785
27946,0.04566821247708896
27947,0.045762886926167166
27948,0.04585733554463377
27949,0.04595155786640329
27950,0.0460455534265082
27951,0.046139321761098764
27952,0.04623286240744778
27953,0.04632617490395043
27954,0.04641925879012898
27955,0.04651211360663293
27956,0.046604738895242206
27957,0.046697134198870296
27958,0.046789299061564434
27959,0.046881233028510196
27960,0.04697293564603143
27961,0.047064406461594814
27962,0.04715564502380975
27963,0.04724665088243291
27964,0.047337423588368184
27965,0.047427962693671166
27966,0.04751826775154934
27967,0.047608338316365184
27968,0.047698173943639226
27969,0.04778777419005019
27970,0.04787713861343951
27971,0.047966266772811225
27972,0.04805515822833643
27973,0.04814381254135315
27974,0.04823222927437082
27975,0.048320407991070416
27976,0.04840834825630748
27977,0.04849604963611512
27978,0.04858351169770416
27979,0.04867073400946754
27980,0.048757716140980185
27981,0.048844457663003396
27982,0.04893095814748471
27983,0.049017217167562244
27984,0.04910323429756459
27985,0.04918900911301511
27986,0.04927454119063214
27987,0.04935983010833186
27988,0.049444875445231205
27989,0.049529676781648074
27990,0.049614233699105524
27991,0.049698545780331685
27992,0.04978261260926399
27993,0.04986643377104907
27994,0.04995000885204694
27995,0.05003333743983117
27996,0.05011641912319173
27997,0.050199253492137816
27998,0.050281840137898
27999,0.050364178652924384
28000,0.05044626863089247
28001,0.05052810966670533
28002,0.05060970135649343
28003,0.050691043297618775
28004,0.05077213508867478
28005,0.05085297632949033
28006,0.050933566621129966
28007,0.051013905565896606
28008,0.05109399276733427
28009,0.05117382783022829
28010,0.051253410360609236
28011,0.051332739965752876
28012,0.051411816254184124
28013,0.051490638835676956
28014,0.05156920732125833
28015,0.051647521323208385
28016,0.05172558045506307
28017,0.05180338433161682
28018,0.051880932568922705
28019,0.051958224784296334
28020,0.05203526059631571
28021,0.05211203962482515
28022,0.05218856149093515
28023,0.052264825817026225
28024,0.05234083222674884
28025,0.05241658034502718
28026,0.05249206979805932
28027,0.05256730021331982
28028,0.05264227121956223
28029,0.05271698244681928
28030,0.052791433526406625
28031,0.052865624090922735
28032,0.05293955377425262
28033,0.05301322221156774
28034,0.0530866290393297
28035,0.05315977389529037
28036,0.05323265641849442
28037,0.05330527624928178
28038,0.05337763302928777
28039,0.05344972640144673
28040,0.053521556009991984
28041,0.05359312150045935
28042,0.053664422519687116
28043,0.053735458715819605
28044,0.053806229738307065
28045,0.05387673523790924
28046,0.05394697486669549
28047,0.05401694827804719
28048,0.05408665512666013
28049,0.05415609506854464
28050,0.054225267761029046
28051,0.054294172862759636
28052,0.054362810033704086
28053,0.05443117893515136
28054,0.054499279229715175
28055,0.05456711058133388
28056,0.054634672655273865
28057,0.054701965118129726
28058,0.05476898763782652
28059,0.054835739883622066
28060,0.054902221526107076
28061,0.05496843223720848
28062,0.05503437169018937
28063,0.05510003955965226
28064,0.055165435521539054
28065,0.0552305592531343
28066,0.055295410433065295
28067,0.05535998874130437
28068,0.05542429385917101
28069,0.05548832546933202
28070,0.05555208325580474
28071,0.055615566903956956
28072,0.05567877610051007
28073,0.05574171053353906
28074,0.05580436989247559
28075,0.055866753868107986
28076,0.055928862152584295
28077,0.055990694439412486
28078,0.05605225042346249
28079,0.05611352980096835
28080,0.056174532269528316
28081,0.056235257528107895
28082,0.0562957052770398
28083,0.05635587521802699
28084,0.056415767054142564
28085,0.05647538048983276
28086,0.05653471523091713
28087,0.05659377098459051
28088,0.056652547459425044
28089,0.05671104436537031
28090,0.056769261413756274
28091,0.056827198317293166
28092,0.05688485479007443
28093,0.05694223054757663
28094,0.05699932530666237
28095,0.057056138785580156
28096,0.0571126707039673
28097,0.05716892078285001
28098,0.057224888744645326
28099,0.057280574313163
28100,0.05733597721360564
28101,0.057391097172571466
28102,0.05744593391805425
28103,0.057500487179446065
28104,0.057554756687537234
28105,0.05760874217451903
28106,0.057662443373983796
28107,0.057715860020926775
28108,0.05776899185174794
28109,0.05782183860425209
28110,0.057874400017651505
28111,0.057926675832565874
28112,0.05797866579102494
28113,0.058030369636468404
28114,0.058081787113748576
28115,0.058132917969130234
28116,0.05818376195029326
28117,0.05823431880633271
28118,0.05828458828776053
28119,0.058334570146507295
28120,0.058384264135922306
28121,0.05843367001077607
28122,0.058482787527260244
28123,0.05853161644299012
28124,0.058580156517004524
28125,0.05862840750976831
28126,0.058676369183172414
28127,0.0587240413005355
28128,0.05877142362660558
28129,0.058818515927560155
28130,0.05886531797100851
28131,0.05891182952599171
28132,0.05895805036298492
28133,0.05900398025389733
28134,0.0590496189720745
28135,0.05909496629229828
28136,0.05914002199078907
28137,0.05918478584520596
28138,0.0592292576346482
28139,0.05927343713965679
28140,0.059317324142214495
28141,0.059360918425748095
28142,0.059404219775128324
28143,0.059447227976672026
28144,0.05948994281814215
28145,0.05953236408874983
28146,0.05957449157915439
28147,0.059616325081465436
28148,0.05965786438924294
28149,0.05969910929749868
28150,0.0597400596026976
28151,0.05978071510275796
28152,0.05982107559705333
28153,0.05986114088641256
28154,0.059900910773121784
28155,0.05994038506092438
28156,0.059979563555022965
28157,0.06001844606207944
28158,0.06005703239021636
28159,0.06009532234901824
28160,0.060133315749531596
28161,0.060171012404266914
28162,0.06020841212719858
28163,0.060245514733766735
28164,0.060282320040877274
28165,0.06031882786690366
28166,0.06035503803168692
28167,0.06039095035653741
28168,0.060426564664234954
28169,0.06046188077903001
28170,0.0604968985266449
28171,0.0605316177342739
28172,0.060566038230584936
28173,0.060600159845719585
28174,0.06063398241129478
28175,0.06066750576040277
28176,0.06070072972761281
28177,0.060733654148971215
28178,0.06076627886200251
28179,0.060798603705710524
28180,0.060830628520578474
28181,0.06086235314857056
28182,0.06089377743313195
28183,0.060924901219190336
28184,0.06095572435315592
28185,0.06098624668292295
28186,0.061016468057869686
28187,0.06104638832885995
28188,0.06107600734824314
28189,0.061105324969855275
28190,0.06113434104902
28191,0.061163055442548624
28192,0.06119146800874161
28193,0.06121957860738849
28194,0.061247387099769304
28195,0.06127489334865459
28196,0.06130209721830672
28197,0.061328998574480015
28198,0.06135559728442161
28199,0.06138189321687242
28200,0.06140788624206717
28201,0.06143357623173566
28202,0.06145896305910283
28203,0.06148404659888998
28204,0.061508826727314725
28205,0.0615333033220923
28206,0.06155747626243549
28207,0.06158134542905588
28208,0.061604910704163844
28209,0.061628171971469456
28210,0.061651129116183194
28211,0.06167378202501604
28212,0.0616961305861806
28213,0.06171817468939109
28214,0.061739914225864466
28215,0.061761349088320344
28216,0.061782479170982146
28217,0.061803304369577115
28218,0.06182382458133703
28219,0.06184403970499891
28220,0.061863949640805084
28221,0.06188355429050416
28222,0.06190285355735102
28223,0.0619218473461078
28224,0.06194053556304386
28225,0.06195891811593675
28226,0.06197699491407216
28227,0.061994765868244844
28228,0.06201223089075869
28229,0.06202938989542727
28230,0.062046242797574466
28231,0.06206278951403451
28232,0.062079029963152794
28233,0.062094964064785874
28234,0.06211059174030228
28235,0.06212591291258249
28236,0.06214092750601969
28237,0.06215563544651982
28238,0.06217003666150224
28239,0.06218413107989982
28240,0.062197918632159406
28241,0.06221139925024229
28242,0.06222457286762427
28243,0.06223743941929628
28244,0.06224999884176439
28245,0.06226225107305048
28246,0.062274196052692174
28247,0.0622858337217435
28248,0.06229716402277485
28249,0.06230818689987345
28250,0.062318902298643696
28251,0.06232931016620719
28252,0.062339410451203274
28253,0.06234920310378901
28254,0.062358688075639705
28255,0.06236786531994887
28256,0.06237673479142871
28257,0.06238529644631012
28258,0.062393550242343124
28259,0.062401496138796864
28260,0.062409134096459935
28261,0.062416464077640586
28262,0.062423486046166814
28263,0.062430199967386656
28264,0.06243660580816822
28265,0.06244270353690001
28266,0.06244849312349095
28267,0.062453974539370606
28268,0.0624591477574893
28269,0.06246401275231822
28270,0.06246856949984963
28271,0.06247281797759687
28272,0.062476758164594595
28273,0.06248039004139874
28274,0.06248371359008676
28275,0.06248672879425759
28276,0.06248943563903181
28277,0.06249183411105169
28278,0.062493924198481265
28279,0.06249570589100636
28280,0.06249717917983468
28281,0.06249834405769585
28282,0.06249920051884144
28283,0.06249974855904497
28284,0.06249998817560199
28285,0.06249991936733002
28286,0.06249954213456864
28287,0.062498856479179396
28288,0.06249786240454587
28289,0.06249655991557362
28290,0.06249494901869015
28291,0.06249302972184494
28292,0.0624908020345093
28293,0.062488265967676454
28294,0.06248542153386134
28295,0.0624822687471007
28296,0.06247880762295288
28297,0.06247503817849784
28298,0.06247096043233701
28299,0.06246657440459326
28300,0.06246188011691076
28301,0.06245687759245485
28302,0.062451566855912
28303,0.0624459479334896
28304,0.062440020852915924
28305,0.06243378564343989
28306,0.06242724233583104
28307,0.06242039096237922
28308,0.062413231556894606
28309,0.06240576415470745
28310,0.062397988792667815
28311,0.062389905509145596
28312,0.06238151434403012
28313,0.06237281533873014
28314,0.062363808536173446
28315,0.062354493980806835
28316,0.062344871718595714
28317,0.06233494179702405
28318,0.06232470426509395
28319,0.0623141591733256
28320,0.06230330657375693
28321,0.062292146519943255
28322,0.06228067906695727
28323,0.06226890427138846
28324,0.06225682219134315
28325,0.06224443288644388
28326,0.062231736417829454
28327,0.062218732848154296
28328,0.06220542224158849
28329,0.062191804663817095
28330,0.062177880182040166
28331,0.06216364886497225
28332,0.062149110782841924
28333,0.0621342660073918
28334,0.062119114611877746
28335,0.06210365667106894
28336,0.06208789226124709
28337,0.0620718214602065
28338,0.062055444347253214
28339,0.062038761003205024
28340,0.062021771510390934
28341,0.062004475952650545
28342,0.06198687441533406
28343,0.061968966985301396
28344,0.06195075375092223
28345,0.061932234802075076
28346,0.06191341023014732
28347,0.061894280128034315
28348,0.06187484459013938
28349,0.06185510371237284
28350,0.06183505759215201
28351,0.061814706328400505
28352,0.061794050021547586
28353,0.06177308877352808
28354,0.06175182268778139
28355,0.06173025186925149
28356,0.06170837642438588
28357,0.06168619646113561
28358,0.061663712088954166
28359,0.06164092341879747
28360,0.06161783056312309
28361,0.06159443363588944
28362,0.06157073275255581
28363,0.061546728030081106
28364,0.06152241958692395
28365,0.06149780754304145
28366,0.06147289201988922
28367,0.0614476731404202
28368,0.06142215102908461
28369,0.06139632581182878
28370,0.061370197616095
28371,0.06134376657082076
28372,0.061317032806437737
28373,0.06128999645487184
28374,0.06126265764954185
28375,0.06123501652535941
28376,0.06120707321872773
28377,0.06117882786754156
28378,0.06115028061118582
28379,0.06112143159053556
28380,0.06109228094795497
28381,0.06106282882729639
28382,0.06103307537390029
28383,0.06100302073459377
28384,0.06097266505769059
28385,0.06094200849298971
28386,0.06091105119177528
28387,0.06087979330681513
28388,0.06084823499236082
28389,0.06081637640414607
28390,0.06078421769938667
28391,0.06075175903677944
28392,0.06071900057650114
28393,0.06068594248020836
28394,0.060652584911035916
28395,0.060618928033596906
28396,0.06058497201398101
28397,0.06055071701975454
28398,0.06051616321995877
28399,0.06048131078510984
28400,0.060446159887197586
28401,0.06041071069968438
28402,0.06037496339750503
28403,0.06033891815706503
28404,0.0603025751562406
28405,0.06026593457437688
28406,0.06022899659228798
28407,0.06019176139225516
28408,0.06015422915802685
28409,0.06011640007481681
28410,0.060078274329304064
28411,0.06003985210963157
28412,0.06000113360540501
28413,0.05996211900769262
28414,0.05992280850902332
28415,0.059883202303386736
28416,0.05984330058623126
28417,0.059803103554464054
28418,0.05976261140644911
28419,0.05972182434200726
28420,0.05968074256241419
28421,0.0596393662704003
28422,0.059597695670149387
28423,0.05955573096729719
28424,0.05951347236893131
28425,0.05947092008358913
28426,0.05942807432125788
28427,0.05938493529337245
28428,0.05934150321281554
28429,0.05929777829391541
28430,0.05925376075244585
28431,0.05920945080562469
28432,0.05916484867211229
28433,0.05911995457201147
28434,0.059074768726865255
28435,0.05902929135965697
28436,0.058983522694807944
28437,0.05893746295817761
28438,0.05889111237706117
28439,0.058844471180189685
28440,0.05879753959772775
28441,0.0587503178612734
28442,0.05870280620385654
28443,0.05865500485993729
28444,0.058606914065405954
28445,0.05855853405758059
28446,0.05850986507520707
28447,0.0584609073584567
28448,0.05841166114892625
28449,0.0583621266896355
28450,0.05831230422502717
28451,0.05826219400096524
28452,0.05821179626473322
28453,0.05816111126503409
28454,0.05811013925198778
28455,0.05805888047713122
28456,0.05800733519341576
28457,0.057955503655207345
28458,0.057903386118283794
28459,0.057850982839834975
28460,0.05779829407846017
28461,0.05774532009416793
28462,0.057692061148374364
28463,0.057638517503901275
28464,0.057584689424976084
28465,0.05753057717722916
28466,0.05747618102769386
28467,0.05742150124480387
28468,0.05736653809839323
28469,0.05731129185969362
28470,0.05725576280133426
28471,0.05719995119734002
28472,0.05714385732312954
28473,0.05708748145551515
28474,0.0570308238727
28475,0.05697388485427819
28476,0.05691666468123194
28477,0.0568591636359316
28478,0.056801382002132875
28479,0.05674332006497682
28480,0.05668497811098702
28481,0.05662635642806942
28482,0.0565674553055104
28483,0.056508275033974716
28484,0.056448815905505455
28485,0.056389078213521036
28486,0.056329062252815296
28487,0.056268768319554505
28488,0.05620819671127744
28489,0.05614734772689238
28490,0.05608622166667697
28491,0.05602481883227619
28492,0.055963139526700234
28493,0.055901184054324426
28494,0.05583895272088612
28495,0.055776445833484796
28496,0.05571366370057892
28497,0.055650606631986045
28498,0.055587274938879695
28499,0.05552366893378938
28500,0.055459788930597505
28501,0.05539563524453919
28502,0.055331208192200144
28503,0.05526650809151445
28504,0.05520153526176447
28505,0.055136290023577575
28506,0.05507077269892628
28507,0.05500498361112494
28508,0.054938923084829845
28509,0.05487259144603594
28510,0.0548059890220769
28511,0.05473911614162182
28512,0.05467197313467509
28513,0.0546045603325741
28514,0.054536878067987
28515,0.05446892667491255
28516,0.054400706488676724
28517,0.0543322178459328
28518,0.054263461084657974
28519,0.054194436544153436
28520,0.05412514456504091
28521,0.054055585489262564
28522,0.05398575966007861
28523,0.05391566742206499
28524,0.05384530912111319
28525,0.05377468510442678
28526,0.05370379572052149
28527,0.053632641319221665
28528,0.05356122225166037
28529,0.053489538870275834
28530,0.05341759152881154
28531,0.05334538058231263
28532,0.0532729063871258
28533,0.05320016930089679
28534,0.05312716968256799
28535,0.05305390789237825
28536,0.05298038429185925
28537,0.05290659924383559
28538,0.052832553112421125
28539,0.05275824626301904
28540,0.05268367906231816
28541,0.052608851878292825
28542,0.052533765080200315
28543,0.052458419038578355
28544,0.05238281412524493
28545,0.05230695071329455
28546,0.052230829177098335
28547,0.052154449892300205
28548,0.05207781323581701
28549,0.0520009195858347
28550,0.05192376932180841
28551,0.05184636282445862
28552,0.051768700475771035
28553,0.05169078265899391
28554,0.051612609758635464
28555,0.05153418216046367
28556,0.0514555002515024
28557,0.0513765644200315
28558,0.05129737505558287
28559,0.05121793254894054
28560,0.05113823729213675
28561,0.05105828967845175
28562,0.05097809010241116
28563,0.050897638959783165
28564,0.05081693664757844
28565,0.05073598356404611
28566,0.0506547801086738
28567,0.05057332668218367
28568,0.05049162368653246
28569,0.05040967152490745
28570,0.05032747060172653
28571,0.05024502132263414
28572,0.050162324094501116
28573,0.05007937932542184
28574,0.049996187424711486
28575,0.049912748802905825
28576,0.049829063871757076
28577,0.04974513304423404
28578,0.049660956734517855
28579,0.04957653535800218
28580,0.04949186933128892
28581,0.0494069590721881
28582,0.049321804999714995
28583,0.049236407534087215
28584,0.04915076709672457
28585,0.049064884110244796
28586,0.04897875899846363
28587,0.04889239218639058
28588,0.04880578410022899
28589,0.048718935167371726
28590,0.0486318458164013
28591,0.048544516477085534
28592,0.048456947580377364
28593,0.04836913955841192
28594,0.04828109284450349
28595,0.048192807873145414
28596,0.04810428508000564
28597,0.048015524901926857
28598,0.04792652777692206
28599,0.047837294144174675
28600,0.0477478244440341
28601,0.047658119118015825
28602,0.047568178608796946
28603,0.04747800336021603
28604,0.04738759381727
28605,0.047296950426111144
28606,0.04720607363404688
28607,0.047114963889535254
28608,0.04702362164218506
28609,0.04693204734275125
28610,0.046840241443135124
28611,0.04674820439637967
28612,0.04665593665666943
28613,0.04656343867932738
28614,0.04647071092081178
28615,0.046377753838716
28616,0.04628456789176389
28617,0.04619115353980988
28618,0.046097511243834356
28619,0.04600364146594375
28620,0.045909544669365865
28621,0.045815221318450006
28622,0.04572067187866228
28623,0.04562589681658539
28624,0.045530896599915445
28625,0.04543567169745873
28626,0.045340222579131534
28627,0.045244549715955394
28628,0.04514865358005718
28629,0.04505253464466436
28630,0.04495619338410511
28631,0.04485963027380348
28632,0.04476284579027923
28633,0.044665840411144596
28634,0.04456861461510091
28635,0.04447116888193847
28636,0.04437350369253169
28637,0.044275619528839204
28638,0.04417751687389897
28639,0.04407919621182841
28640,0.04398065802781954
28641,0.04388190280813903
28642,0.04378293104012333
28643,0.04368374321217847
28644,0.04358433981377668
28645,0.04348472133545302
28646,0.043384888268805225
28647,0.04328484110648869
28648,0.043184580342216616
28649,0.043084106470755
28650,0.042983419987922766
28651,0.042882521390586736
28652,0.042781411176661455
28653,0.04268008984510575
28654,0.04257855789591928
28655,0.0424768158301424
28656,0.042374864149851005
28657,0.04227270335815673
28658,0.04217033395920179
28659,0.04206775645815918
28660,0.04196497136122752
28661,0.041861979175631156
28662,0.041758780409615094
28663,0.041655375572444746
28664,0.04155176517440245
28665,0.04144794972678394
28666,0.041343929741898176
28667,0.04123970573306212
28668,0.04113527821460089
28669,0.041030647701842546
28670,0.04092581471111823
28671,0.04082077975975692
28672,0.04071554336608524
28673,0.04061010604942389
28674,0.04050446833008407
28675,0.04039863072936731
28676,0.040292593769560105
28677,0.04018635797393414
28678,0.04007992386674095
28679,0.03997329197321207
28680,0.039866462819553666
28681,0.03975943693294676
28682,0.03965221484154181
28683,0.03954479707445853
28684,0.03943718416178229
28685,0.039329376634560397
28686,0.03922137502480193
28687,0.03911317986547235
28688,0.03900479169049363
28689,0.038896211034738844
28690,0.03878743843403231
28691,0.03867847442514417
28692,0.03856931954579051
28693,0.03845997433462793
28694,0.038350439331253344
28695,0.03824071507620023
28696,0.03813080211093495
28697,0.038020700977856495
28698,0.03791041222029105
28699,0.037799936382492065
28700,0.03768927400963482
28701,0.03757842564781649
28702,0.03746739184405066
28703,0.037356173146267095
28704,0.03724477010330799
28705,0.037133183264924166
28706,0.03702141318177487
28707,0.03690946040542218
28708,0.03679732548833118
28709,0.036685008983864335
28710,0.03657251144628165
28711,0.036459833430735056
28712,0.03634697549326853
28713,0.036233938190812505
28714,0.03612072208118361
28715,0.03600732772308087
28716,0.035893755676081836
28717,0.03578000650064236
28718,0.03566608075809093
28719,0.03555197901062885
28720,0.03543770182132447
28721,0.03532324975411339
28722,0.03520862337379274
28723,0.035093823246020936
28724,0.03497884993731381
28725,0.0348637040150407
28726,0.03474838604742424
28727,0.03463289660353457
28728,0.03451723625328956
28729,0.03440140556744894
28730,0.03428540511761451
28731,0.034169235476224344
28732,0.03405289721655292
28733,0.033936390912705325
28734,0.03381971713961703
28735,0.033702876473049946
28736,0.033585869489588416
28737,0.03346869676663906
28738,0.033351358882424846
28739,0.03323385641598532
28740,0.0331161899471707
28741,0.032998360056641994
28742,0.0328803673258652
28743,0.03276221233711099
28744,0.03264389567345078
28745,0.03252541791875268
28746,0.03240677965768124
28747,0.032287981475691584
28748,0.032169023959029534
28749,0.03204990769472566
28750,0.031930633270595456
28751,0.03181120127523337
28752,0.031691612298012956
28753,0.03157186692908092
28754,0.03145196575935688
28755,0.031331909380529294
28756,0.031211698385051397
28757,0.03109133336614096
28758,0.03097081491777429
28759,0.030850143634686383
28760,0.0307293201123649
28761,0.030608344947050305
28762,0.030487218735729855
28763,0.030365942076137742
28764,0.030244515566749022
28765,0.030122939806779405
28766,0.03000121539618112
28767,0.029879342935638795
28768,0.029757323026569207
28769,0.0296351562711152
28770,0.02951284327214584
28771,0.029390384633250315
28772,0.02926778095873808
28773,0.029145032853632735
28774,0.029022140923671804
28775,0.028899105775302556
28776,0.028775928015677833
28777,0.028652608252655806
28778,0.028529147094793834
28779,0.0284055451513486
28780,0.02828180303226997
28781,0.028157921348201113
28782,0.028033900710472355
28783,0.027909741731101303
28784,0.027785445022786674
28785,0.027661011198908035
28786,0.027536440873521598
28787,0.027411734661355977
28788,0.027286893177811966
28789,0.02716191703895629
28790,0.027036806861521778
28791,0.026911563262901107
28792,0.02678618686114696
28793,0.026660678274965776
28794,0.026535038123717502
28795,0.026409267027411337
28796,0.02628336560670145
28797,0.02615733448288675
28798,0.026031174277904596
28799,0.025904885614330946
28800,0.02577846911537406
28801,0.025651925404874664
28802,0.025525255107299614
28803,0.025398458847742084
28804,0.02527153725191521
28805,0.025144490946151867
28806,0.025017320557400337
28807,0.024890026713220013
28808,0.024762610041781142
28809,0.024635071171858466
28810,0.024507410732831393
28811,0.024379629354677607
28812,0.02425172766797324
28813,0.024123706303886897
28814,0.023995565894177354
28815,0.023867307071193316
28816,0.023738930467865366
28817,0.023610436717705317
28818,0.02348182645480554
28819,0.023353100313830907
28820,0.02322425893001894
28821,0.023095302939175055
28822,0.02296623297767268
28823,0.02283704968244521
28824,0.022707753690985308
28825,0.02257834564134426
28826,0.022448826172123838
28827,0.022319195922476495
28828,0.022189455532100517
28829,0.02205960564124021
28830,0.021929646890677754
28831,0.021799579921733356
28832,0.021669405376260425
28833,0.021539123896645744
28834,0.021408736125801284
28835,0.02127824270716355
28836,0.021147644284692898
28837,0.021016941502865354
28838,0.02088613500667277
28839,0.02075522544161797
28840,0.020624213453714915
28841,0.02049309968948049
28842,0.02036188479593466
28843,0.020230569420595604
28844,0.020099154211479883
28845,0.019967639817094193
28846,0.01983602688643469
28847,0.019704316068986306
28848,0.019572508014714506
28849,0.019440603374065443
28850,0.019308602797961046
28851,0.01917650693779922
28852,0.019044316445445523
28853,0.018912031973233365
28854,0.018779654173959073
28855,0.018647183700882065
28856,0.018514621207716544
28857,0.018381967348630818
28858,0.018249222778246605
28859,0.018116388151630722
28860,0.017983464124295252
28861,0.017850451352192587
28862,0.017717350491715623
28863,0.01758416219968939
28864,0.017450887133371232
28865,0.017317525950445858
28866,0.017184079309025494
28867,0.017050547867641534
28868,0.01691693228524384
28869,0.016783233221200056
28870,0.016649451335287228
28871,0.016515587287691966
28872,0.016381641739005474
28873,0.016247615350223715
28874,0.016113508782739015
28875,0.015979322698339366
28876,0.01584505775920773
28877,0.015710714627913628
28878,0.015576293967413304
28879,0.015441796441044727
28880,0.015307222712527772
28881,0.015172573445955769
28882,0.015037849305795678
28883,0.014903050956883079
28884,0.014768179064422347
28885,0.014633234293978191
28886,0.014498217311474958
28887,0.014363128783195935
28888,0.014227969375774887
28889,0.014092739756196212
28890,0.01395744059178993
28891,0.01382207255023184
28892,0.013686636299535048
28893,0.013551132508050118
28894,0.01341556184446005
28895,0.013279924977780444
28896,0.013144222577350997
28897,0.013008455312834802
28898,0.01287262385421765
28899,0.012736728871799507
28900,0.01260077103619469
28901,0.012464751018326808
28902,0.012328669489428942
28903,0.012192527121035105
28904,0.012056324584980412
28905,0.011920062553396019
28906,0.011783741698709296
28907,0.011647362693635283
28908,0.011510926211175974
28909,0.011374432924619622
28910,0.011237883507532178
28911,0.01110127863375746
28912,0.01096461897741208
28913,0.01082790521288561
28914,0.010691138014832015
28915,0.010554318058168944
28916,0.01041744601807702
28917,0.010280522569991265
28918,0.010143548389601267
28919,0.010006524152846084
28920,0.009869450535914428
28921,0.009732328215236058
28922,0.009595157867481958
28923,0.009457940169559233
28924,0.009320675798611287
28925,0.009183365432009212
28926,0.009046009747351081
28927,0.008908609422461234
28928,0.00877116513538167
28929,0.008633677564372208
28930,0.008496147387905386
28931,0.008358575284666629
28932,0.008220961933545625
28933,0.008083308013636494
28934,0.007945614204232667
28935,0.0078078811848270695
28936,0.007670109635103477
28937,0.007532300234935803
28938,0.00739445366438739
28939,0.0072565706037023645
28940,0.007118651733305805
28941,0.006980697733798623
28942,0.00684270928595773
28943,0.00670468707072739
28944,0.006566631769219379
28945,0.006428544062707869
28946,0.0062904246326295895
28947,0.006152274160575173
28948,0.006014093328288436
28949,0.0058758828176656685
28950,0.005737643310746965
28951,0.005599375489716396
28952,0.0054610800368968685
28953,0.005322757634750305
28954,0.005184408965868962
28955,0.005046034712975599
28956,0.004907635558918346
28957,0.00476921218667087
28958,0.004630765279323693
28959,0.004492295520083477
28960,0.004353803592272313
28961,0.004215290179319031
28962,0.00407675596475937
28963,0.0039382016322308385
28964,0.0037996278654728777
28965,0.003661035348318176
28966,0.0035224247646919505
28967,0.0033837967986112332
28968,0.003245152134176174
28969,0.0031064914555702134
28970,0.002967815447054931
28971,0.0028291247929702174
28972,0.002690420177725576
28973,0.0025517022858002913
28974,0.0024129718017382794
28975,0.002274229410148258
28976,0.002135475795695043
28977,0.001996711643098833
28978,0.0018579376371344943
28979,0.0017191544626228533
28980,0.0015803628044308692
28981,0.0014415633474664789
28982,0.0013027567766787681
28983,0.0011639437770492645
28984,0.0010251250335921083
28985,0.0008863012313488959
28986,0.0007474730553888531
28987,0.0006086411908001241
28988,0.00046980632268905573
28989,0.0003309691361794813
28990,0.00019213031640401024
28991,5.329054850420017e-05
28992,-8.554948237460076e-05
28993,-0.0002243890910830821
28994,-0.0003632275924766813
28995,-0.0005020643014154119
28996,-0.0006408985327690212
28997,-0.0007797296014168182
28998,-0.0009185568222563837
28999,-0.0010573795102042868
29000,-0.001196196980196801
29001,-0.0013350085471986138
29002,-0.0014738135262026544
29003,-0.001612611232235251
29004,-0.0017514009803559578
29005,-0.001890182085666264
29006,-0.002028953863310309
29007,-0.0021677156284755994
29008,-0.0023064666964017146
29009,-0.0024452063823801337
29010,-0.002583934001759393
29011,-0.002722648869944911
29012,-0.002861350302407694
29013,-0.0030000376146841626
29014,-0.003138710122381306
29015,-0.003277367141176508
29016,-0.0034160079868262505
29017,-0.003554631975166825
29018,-0.003693238422115049
29019,-0.0038318266436769654
29020,-0.003970395955947669
29021,-0.0041089456751164525
29022,-0.004247475117466639
29023,-0.004385983599384274
29024,-0.004524470437357949
29025,-0.004662934947983953
29026,-0.004801376447966095
29027,-0.004939794254124397
29028,-0.005078187683395805
29029,-0.005216556052834901
29030,-0.005354898679622593
29031,-0.0054932148810659335
29032,-0.0056315039746032665
29033,-0.005769765277804054
29034,-0.0059079981083775485
29035,-0.006046201784172629
29036,-0.006184375623182929
29037,-0.006322518943546668
29038,-0.006460631063555322
29039,-0.0065987113016543345
29040,-0.0067367589764438275
29041,-0.006874773406687269
29042,-0.0070127539113112956
29043,-0.007150699809410846
29044,-0.007288610420248985
29045,-0.007426485063265561
29046,-0.007564323058077036
29047,-0.007702123724481601
29048,-0.007839886382459015
29049,-0.00797761035217924
29050,-0.008115294954003163
29051,-0.008252939508483296
29052,-0.00839054333637242
29053,-0.008528105758623415
29054,-0.008665626096394364
29055,-0.008803103671048395
29056,-0.008940537804162301
29057,-0.009077927817527247
29058,-0.009215273033149484
29059,-0.00935257277325897
29060,-0.009489826360309197
29061,-0.009627033116982285
29062,-0.009764192366188824
29063,-0.009901303431076477
29064,-0.010038365635029809
29065,-0.010175378301675376
29066,-0.010312340754881568
29067,-0.010449252318767194
29068,-0.010586112317702191
29069,-0.01072292007630833
29070,-0.010859674919467805
29071,-0.010996376172323068
29072,-0.01113302316028189
29073,-0.01126961520901722
29074,-0.011406151644475731
29075,-0.01154263179287767
29076,-0.011679054980721916
29077,-0.011815420534785827
29078,-0.011951727782133784
29079,-0.012087976050117896
29080,-0.012224164666378719
29081,-0.012360292958853781
29082,-0.012496360255777434
29083,-0.012632365885685892
29084,-0.012768309177417083
29085,-0.012904189460119161
29086,-0.013040006063250354
29087,-0.013175758316584005
29088,-0.013311445550208396
29089,-0.013447067094535284
29090,-0.013582622280300584
29091,-0.013718110438565072
29092,-0.013853530900722898
29093,-0.013988882998501411
29094,-0.014124166063966187
29095,-0.014259379429520866
29096,-0.014394522427915642
29097,-0.014529594392247954
29098,-0.01466459465596319
29099,-0.014799522552863152
29100,-0.0149343774171059
29101,-0.015069158583210757
29102,-0.015203865386058139
29103,-0.015338497160898024
29104,-0.015473053243349771
29105,-0.015607532969407126
29106,-0.015741935675438058
29107,-0.0158762606981932
29108,-0.016010507374806526
29109,-0.016144675042796066
29110,-0.016278763040072308
29111,-0.016412770704938046
29112,-0.016546697376093353
29113,-0.01668054239263542
29114,-0.01681430509406696
29115,-0.016947984820296035
29116,-0.017081580911641026
29117,-0.01721509270883047
29118,-0.017348519553011452
29119,-0.017481860785750272
29120,-0.017615115749033145
29121,-0.017748283785274578
29122,-0.017881364237317184
29123,-0.018014356448436637
29124,-0.018147259762341512
29125,-0.018280073523181624
29126,-0.01841279707554787
29127,-0.018545429764477154
29128,-0.018677970935452214
29129,-0.01881041993440998
29130,-0.018942776107742202
29131,-0.019075038802296194
29132,-0.019207207365383092
29133,-0.01933928114477771
29134,-0.01947125948872344
29135,-0.019603141745932105
29136,-0.01973492726559222
29137,-0.019866615397368843
29138,-0.019998205491408457
29139,-0.020129696898338822
29140,-0.020261088969277224
29141,-0.020392381055831143
29142,-0.020523572510098953
29143,-0.020654662684678138
29144,-0.02078565093266514
29145,-0.020916536607660227
29146,-0.021047319063767334
29147,-0.021177997655602267
29148,-0.021308571738293387
29149,-0.021439040667482267
29150,-0.02156940379933191
29151,-0.02169966049052657
29152,-0.02182981009827659
29153,-0.02195985198031826
29154,-0.022089785494921965
29155,-0.022219610000892034
29156,-0.022349324857571552
29157,-0.02247892942484223
29158,-0.022608423063132498
29159,-0.022737805133418224
29160,-0.022867074997223336
29161,-0.02299623201662798
29162,-0.023125275554268323
29163,-0.023254204973341373
29164,-0.023383019637604818
29165,-0.023511718911385107
29166,-0.0236403021595773
29167,-0.023768768747649834
29168,-0.023897118041644377
29169,-0.024025349408183894
29170,-0.024153462214473276
29171,-0.02428145582830005
29172,-0.024409329618042375
29173,-0.0245370829526689
29174,-0.024664715201743525
29175,-0.02479222573542522
29176,-0.024919613924476048
29177,-0.025046879140261005
29178,-0.025174020754752748
29179,-0.02530103814053144
29180,-0.025427930670792725
29181,-0.025554697719348388
29182,-0.025681338660627002
29183,-0.02580785286968189
29184,-0.025934239722190965
29185,-0.026060498594461416
29186,-0.026186628863429574
29187,-0.026312629906668827
29188,-0.02643850110239026
29189,-0.026564241829443305
29190,-0.02668985146732366
29191,-0.026815329396173107
29192,-0.026940674996784195
29193,-0.02706588765060007
29194,-0.027190966739722364
29195,-0.02731591164691101
29196,-0.027440721755588898
29197,-0.02756539644984174
29198,-0.02768993511442587
29199,-0.027814337134768916
29200,-0.027938601896970415
29201,-0.028062728787809636
29202,-0.028186717194745428
29203,-0.02831056650592081
29204,-0.028434276110162842
29205,-0.02855784539699039
29206,-0.028681273756613952
29207,-0.028804560579940273
29208,-0.028927705258572183
29209,-0.029050707184816334
29210,-0.029173565751683825
29211,-0.02929628035289085
29212,-0.0294188503828664
29213,-0.029541275236752124
29214,-0.02966355431040684
29215,-0.02978568700040644
29216,-0.02990767270405153
29217,-0.03002951081936727
29218,-0.030151200745107933
29219,-0.030272741880756737
29220,-0.030394133626533485
29221,-0.030515375383395178
29222,-0.030636466553036663
29223,-0.030757406537898234
29224,-0.030878194741165467
29225,-0.03099883056677373
29226,-0.031119313419408025
29227,-0.031239642704510556
29228,-0.03135981782828058
29229,-0.0314798381976789
29230,-0.031599703220427655
29231,-0.03171941230501792
29232,-0.0318389648607103
29233,-0.03195836029753551
29234,-0.03207759802630194
29235,-0.03219667745859545
29236,-0.032315598006783845
29237,-0.03243435908401669
29238,-0.03255296010423281
29239,-0.032671400482160835
29240,-0.032789679633319906
29241,-0.032907796974027036
29242,-0.03302575192139698
29243,-0.03314354389334664
29244,-0.03326117230859488
29245,-0.03337863658666997
29246,-0.03349593614790942
29247,-0.03361307041346429
29248,-0.03373003880529914
29249,-0.033846840746199286
29250,-0.03396347565977149
29251,-0.034079942970444484
29252,-0.03419624210347635
29253,-0.03431237248495433
29254,-0.034428333541799166
29255,-0.03454412470176497
29256,-0.03465974539344646
29257,-0.03477519504627887
29258,-0.0348904730905422
29259,-0.03500557895736107
29260,-0.035120512078712016
29261,-0.035235271887424
29262,-0.03534985781717906
29263,-0.035464269302519495
29264,-0.035578505778847705
29265,-0.03569256668243047
29266,-0.03580645145039878
29267,-0.03592015952075502
29268,-0.03603369033237282
29269,-0.036147043325001245
29270,-0.03626021793926471
29271,-0.036373213616670064
29272,-0.03648602979960715
29273,-0.03659866593134943
29274,-0.03671112145606105
29275,-0.03682339581879669
29276,-0.03693548846550575
29277,-0.037047398843032195
29278,-0.03715912639912161
29279,-0.037270670582421776
29280,-0.03738203084248323
29281,-0.037493206629766275
29282,-0.03760419739564083
29283,-0.03771500259239058
29284,-0.03782562167321281
29285,-0.037936054092225405
29286,-0.03804629930446665
29287,-0.03815635676589938
29288,-0.03826622593341082
29289,-0.038375906264819515
29290,-0.03848539721887585
29291,-0.038594698255262676
29292,-0.03870380883460212
29293,-0.038812728418455504
29294,-0.038921456469327355
29295,-0.03902999245066529
29296,-0.039138335826866835
29297,-0.0392464860632793
29298,-0.03935444262620379
29299,-0.03946220498289506
29300,-0.03956977260156831
29301,-0.039677144951399755
29302,-0.039784321502527135
29303,-0.03989130172605648
29304,-0.03999808509406198
29305,-0.040104671079589954
29306,-0.0402110591566587
29307,-0.04031724880026521
29308,-0.040423239486385015
29309,-0.04052903069197616
29310,-0.040634621894979024
29311,-0.04074001257432302
29312,-0.04084520220992708
29313,-0.04095019028270023
29314,-0.041054976274548204
29315,-0.041159559668373265
29316,-0.04126393994807814
29317,-0.04136811659856588
29318,-0.04147208910574641
29319,-0.04157585695653638
29320,-0.041679419638863055
29321,-0.041782776641664174
29322,-0.041885927454894445
29323,-0.041988871569526076
29324,-0.04209160847754932
29325,-0.04219413767197893
29326,-0.042296458646854024
29327,-0.042398570897241895
29328,-0.04250047391923788
29329,-0.04260216720997178
29330,-0.04270365026760838
29331,-0.04280492259134798
29332,-0.04290598368143274
29333,-0.04300683303914658
29334,-0.04310747016681891
29335,-0.04320789456782453
29336,-0.04330810574658993
29337,-0.04340810320859316
29338,-0.04350788646036757
29339,-0.043607455009501674
29340,-0.04370680836464541
29341,-0.04380594603551065
29342,-0.04390486753287173
29343,-0.044003572368571664
29344,-0.044102060055521995
29345,-0.0442003301077065
29346,-0.04429838204018104
29347,-0.04439621536907975
29348,-0.04449382961161489
29349,-0.04459122428608049
29350,-0.04468839891185226
29351,-0.04478535300939363
29352,-0.044882086100256326
29353,-0.04497859770708083
29354,-0.045074887353602454
29355,-0.04517095456465122
29356,-0.04526679886615544
29357,-0.04536241978514162
29358,-0.045457816849740415
29359,-0.04555298958918656
29360,-0.045647937533822416
29361,-0.04574266021509782
29362,-0.04583715716557605
29363,-0.04593142791893433
29364,-0.04602547200996432
29365,-0.04611928897457801
29366,-0.046212878349807605
29367,-0.04630623967380903
29368,-0.04639937248586179
29369,-0.04649227632637485
29370,-0.04658495073688711
29371,-0.04667739526006785
29372,-0.04676960943972261
29373,-0.046861592820793024
29374,-0.04695334494936025
29375,-0.047044865372644885
29376,-0.04713615363901268
29377,-0.04722720929797448
29378,-0.047318031900189544
29379,-0.04740862099746552
29380,-0.047498976142764056
29381,-0.04758909689020133
29382,-0.04767898279504848
29383,-0.047768633413737285
29384,-0.04785804830386004
29385,-0.047947227024172874
29386,-0.048036169134595644
29387,-0.048124874196217575
29388,-0.048213341771297075
29389,-0.048301571423265084
29390,-0.04838956271672494
29391,-0.04847731521745794
29392,-0.04856482849242376
29393,-0.04865210210976092
29394,-0.04873913563879229
29395,-0.04882592865002498
29396,-0.04891248071515355
29397,-0.0489987914070599
29398,-0.04908486029981875
29399,-0.049170686968697475
29400,-0.04925627099015934
29401,-0.04934161194186337
29402,-0.04942670940266974
29403,-0.0495115629526402
29404,-0.04959617217303851
29405,-0.04968053664633579
29406,-0.04976465595621039
29407,-0.04984852968755102
29408,-0.04993215742645668
29409,-0.05001553876024189
29410,-0.050098673277436584
29411,-0.05018156056778924
29412,-0.05026420022226674
29413,-0.0503465918330596
29414,-0.05042873499358236
29415,-0.05051062929847406
29416,-0.050592274343603354
29417,-0.050673669726068425
29418,-0.050754815044200007
29419,-0.05083570989756128
29420,-0.050916353886952995
29421,-0.050996746614413856
29422,-0.05107688768322094
29423,-0.051156776697894764
29424,-0.051236413264199164
29425,-0.051315796989144256
29426,-0.051394927480986376
29427,-0.05147380434923301
29428,-0.05155242720464273
29429,-0.051630795659228124
29430,-0.05170890932625567
29431,-0.05178676782025069
29432,-0.05186437075699773
29433,-0.05194171775354096
29434,-0.05201880842818905
29435,-0.05209564240051509
29436,-0.05217221929135942
29437,-0.05224853872282955
29438,-0.05232460031830498
29439,-0.052400403702437086
29440,-0.052475948501151955
29441,-0.05255123434165027
29442,-0.0526262608524121
29443,-0.05270102766319722
29444,-0.05277553440504555
29445,-0.05284978071028185
29446,-0.05292376621251557
29447,-0.05299749054664366
29448,-0.05307095334885048
29449,-0.053144154256612376
29450,-0.05321709290869766
29451,-0.05328976894516926
29452,-0.05336218200738466
29453,-0.053434331738000496
29454,-0.053506217780972865
29455,-0.053577839781557716
29456,-0.053649197386315406
29457,-0.05372029024311055
29458,-0.05379111800111469
29459,-0.053861680310806244
29460,-0.0539319768239749
29461,-0.054002007193721994
29462,-0.05407177107446089
29463,-0.054141268121921375
29464,-0.05421049799314953
29465,-0.05427946034651036
29466,-0.054348154841687674
29467,-0.054416581139688454
29468,-0.05448473890284273
29469,-0.054552627794806116
29470,-0.054620247480559776
29471,-0.05468759762641463
29472,-0.05475467790001174
29473,-0.05482148797032262
29474,-0.0548880275076535
29475,-0.05495429618364518
29476,-0.05502029367127555
29477,-0.05508601964485947
29478,-0.05515147378005295
29479,-0.05521665575385305
29480,-0.055281565244600296
29481,-0.05534620193197861
29482,-0.0554105654970194
29483,-0.05547465562210188
29484,-0.055538471990953395
29485,-0.05560201428865345
29486,-0.05566528220163363
29487,-0.05572827541767995
29488,-0.0557909936259328
29489,-0.055853436516890884
29490,-0.05591560378241113
29491,-0.05597749511571103
29492,-0.05603911021136855
29493,-0.05610044876532603
29494,-0.05616151047489046
29495,-0.05622229503873385
29496,-0.056282802156897044
29497,-0.05634303153078961
29498,-0.05640298286319214
29499,-0.056462655858256126
29500,-0.056522050221507775
29501,-0.05658116565984789
29502,-0.056640001881554075
29503,-0.05669855859628071
29504,-0.056756835515062595
29505,-0.05681483235031527
29506,-0.05687254881583532
29507,-0.05692998462680399
29508,-0.056987139499787155
29509,-0.05704401315273742
29510,-0.05710060530499404
29511,-0.05715691567728655
29512,-0.05721294399173497
29513,-0.057268689971850154
29514,-0.057324153342537314
29515,-0.05737933383009589
29516,-0.05743423116222168
29517,-0.05748884506800672
29518,-0.057543175277942754
29519,-0.05759722152392116
29520,-0.057650983539234965
29521,-0.05770446105857879
29522,-0.05775765381805221
29523,-0.057810561555160025
29524,-0.05786318400881256
29525,-0.05791552091932896
29526,-0.05796757202843713
29527,-0.05801933707927569
29528,-0.05807081581639389
29529,-0.05812200798575489
29530,-0.058172913334735656
29531,-0.0582235316121289
29532,-0.05827386256814297
29533,-0.0583239059544051
29534,-0.05837366152396159
29535,-0.058423129031278095
29536,-0.05847230823224279
29537,-0.05852119888416622
29538,-0.05856980074578321
29539,-0.05861811357725276
29540,-0.0586661371401611
29541,-0.05871387119752164
29542,-0.05876131551377674
29543,-0.05880846985479767
29544,-0.05885533398788758
29545,-0.058901907681781725
29546,-0.05894819070664773
29547,-0.058994182834088506
29548,-0.059039883837142176
29549,-0.05908529349028382
29550,-0.05913041156942536
29551,-0.05917523785191849
29552,-0.05921977211655484
29553,-0.05926401414356621
29554,-0.059307963714627425
29555,-0.059351620612856225
29556,-0.05939498462281489
29557,-0.059438055530510236
29558,-0.0594808331233963
29559,-0.0595233171903743
29560,-0.059565507521794195
29561,-0.05960740390945469
29562,-0.05964900614660583
29563,-0.05969031402794923
29564,-0.059731327349638305
29565,-0.05977204590928086
29566,-0.05981246950593901
29567,-0.05985259794013073
29568,-0.059892431013829774
29569,-0.05993196853046822
29570,-0.05997121029493641
29571,-0.060010156113584394
29572,-0.06004880579422192
29573,-0.060087159146120867
29574,-0.060125215980015426
29575,-0.06016297610810231
29576,-0.060200439344043156
29577,-0.060237605502964454
29578,-0.060274474401458944
29579,-0.06031104585758558
29580,-0.06034731969087184
29581,-0.060383295722313685
29582,-0.06041897377437688
29583,-0.06045435367099699
29584,-0.06048943523758159
29585,-0.060524218301010436
29586,-0.0605587026896357
29587,-0.06059288823328411
29588,-0.060626774763256897
29589,-0.06066036211233109
29590,-0.06069365011475947
29591,-0.06072663860627268
29592,-0.06075932742407917
29593,-0.06079171640686643
29594,-0.060823805394800944
29595,-0.060855594229530255
29596,-0.06088708275418306
29597,-0.06091827081336946
29598,-0.06094915825318286
29599,-0.060979744921199994
29600,-0.061010030666482015
29601,-0.0610400153395745
29602,-0.061069698792509314
29603,-0.061099080878804814
29604,-0.06112816145346595
29605,-0.06115694037298615
29606,-0.06118541749534724
29607,-0.06121359268002056
29608,-0.06124146578796689
29609,-0.06126903668163825
29610,-0.06129630522497785
29611,-0.0613232712834211
29612,-0.0613499347238956
29613,-0.06137629541482281
29614,-0.061402353226118235
29615,-0.06142810802919148
29616,-0.061453559696947956
29617,-0.06147870810378883
29618,-0.06150355312561194
29619,-0.061528094639811806
29620,-0.06155233252528115
29621,-0.06157626666241093
29622,-0.061599896933091126
29623,-0.06162322322071084
29624,-0.06164624541015969
29625,-0.06166896338782798
29626,-0.06169137704160676
29627,-0.06171348626088933
29628,-0.06173529093657116
29629,-0.061756790961050696
29630,-0.0617779862282294
29631,-0.06179887663351303
29632,-0.06181946207381166
29633,-0.06183974244754042
29634,-0.0618597176546195
29635,-0.06187938759647541
29636,-0.06189875217604109
29637,-0.061917811297756
29638,-0.06193656486756734
29639,-0.06195501279293002
29640,-0.06197315498280737
29641,-0.06199099134767112
29642,-0.06200852179950253
29643,-0.062025746251792455
29644,-0.06204266461954148
29645,-0.06205927681926098
29646,-0.062075582768973125
29647,-0.06209158238821142
29648,-0.062107275598020775
29649,-0.06212266232095848
29650,-0.06213774248109415
29651,-0.06215251600401034
29652,-0.0621669828168025
29653,-0.062181142848079934
29654,-0.06219499602796582
29655,-0.062208542288097336
29656,-0.06222178156162652
29657,-0.06223471378322023
29658,-0.06224733888906062
29659,-0.062259656816845206
29660,-0.06227166750578757
29661,-0.06228337089661739
29662,-0.062294766931580856
29663,-0.062305855554440695
29664,-0.062316636710476866
29665,-0.06232711034648661
29666,-0.06233727641078451
29667,-0.062347134853203146
29668,-0.06235668562509311
29669,-0.06236592867932333
29670,-0.06237486397028106
29671,-0.06238349145387252
29672,-0.06239181108752282
29673,-0.06239982283017629
29674,-0.0624075266422965
29675,-0.06241492248586673
29676,-0.06242201032439005
29677,-0.0624287901228893
29678,-0.0624352618479076
29679,-0.062441425467508284
29680,-0.06244728095127517
29681,-0.062452828270312566
29682,-0.06245806739724559
29683,-0.06246299830622023
29684,-0.062467620972903454
29685,-0.062471935374483284
29686,-0.06247594148966905
29687,-0.0624796392986914
29688,-0.062483028783302356
29689,-0.06248610992677551
29690,-0.06248888271390604
29691,-0.06249134713101083
29692,-0.06249350316592843
29693,-0.06249535080801927
29694,-0.06249689004816561
29695,-0.0624981208787716
29696,-0.062499043293763344
29697,-0.06249965728858891
29698,-0.06249996286021836
29699,-0.062499960007143765
29700,-0.06249964872937919
29701,-0.06249902902846074
29702,-0.0624981009074465
29703,-0.062496864370916574
29704,-0.06249531942497302
29705,-0.06249346607723982
29706,-0.06249130433686289
29707,-0.06248883421450998
29708,-0.062486055722370634
29709,-0.062482968874156136
29710,-0.062479573685099495
29711,-0.06247587017195527
29712,-0.06247185835299955
29713,-0.06246753824802982
29714,-0.06246290987836498
29715,-0.06245797326684509
29716,-0.06245272843783127
29717,-0.062447175417205784
29718,-0.06244131423237162
29719,-0.06243514491225255
29720,-0.06242866748729288
29721,-0.06242188198945747
29722,-0.06241478845223136
29723,-0.06240738691061971
29724,-0.06239967740114759
29725,-0.06239165996185996
29726,-0.062383334632321236
29727,-0.06237470145361518
29728,-0.062365760468344876
29729,-0.06235651172063225
29730,-0.062346955256118
29731,-0.06233709112196128
29732,-0.062326919366839734
29733,-0.06231644004094885
29734,-0.06230565319600193
29735,-0.06229455888523001
29736,-0.062283157163381196
29737,-0.06227144808672069
29738,-0.06225943171303036
29739,-0.06224710810160872
29740,-0.06223447731327024
29741,-0.0622215394103453
29742,-0.06220829445667977
29743,-0.06219474251763498
29744,-0.062180883660086936
29745,-0.06216671795242621
29746,-0.062152245464557894
29747,-0.062137466267900704
29748,-0.062122380435386995
29749,-0.062106988041462204
29750,-0.06209128916208489
29751,-0.062075283874725745
29752,-0.06205897225836765
29753,-0.06204235439350502
29754,-0.06202543036214388
29755,-0.06200820024780081
29756,-0.061990664135502825
29757,-0.061972822111787326
29758,-0.061954674264701
29759,-0.06193622068379979
29760,-0.06191746146014829
29761,-0.06189839668631972
29762,-0.061879026456394766
29763,-0.06185935086596161
29764,-0.06183937001211518
29765,-0.06181908399345723
29766,-0.06179849291009503
29767,-0.061777596863641294
29768,-0.06175639595721405
29769,-0.06173489029543537
29770,-0.06171307998443136
29771,-0.061690965131831345
29772,-0.06166854584676795
29773,-0.06164582223987569
29774,-0.06162279442329097
29775,-0.06159946251065127
29776,-0.061575826617095174
29777,-0.061551886859260885
29778,-0.061527643355286134
29779,-0.061503096224808027
29780,-0.06147824558896154
29781,-0.06145309157037956
29782,-0.0614276342931919
29783,-0.06140187388302545
29784,-0.061375810467002447
29785,-0.06134944417374043
29786,-0.06132277513335206
29787,-0.06129580347744352
29788,-0.061268529339114475
29789,-0.06124095285295712
29790,-0.06121307415505622
29791,-0.06118489338298731
29792,-0.06115641067581685
29793,-0.061127626174101043
29794,-0.061098540019885975
29795,-0.061069152356705764
29796,-0.061039463329582405
29797,-0.061009473085025634
29798,-0.060979181771031066
29799,-0.060948589537080225
29800,-0.060917696534139414
29801,-0.06088650291465976
29802,-0.06085500883257528
29803,-0.06082321444330293
29804,-0.060791119903741385
29805,-0.06075872537227113
29806,-0.06072603100875244
29807,-0.0606930369745252
29808,-0.060659743432408715
29809,-0.060626150546699696
29810,-0.06059225848317225
29811,-0.060558067409076655
29812,-0.0605235774931394
29813,-0.060488788905561044
29814,-0.06045370181801624
29815,-0.06041831640365246
29816,-0.06038263283709003
29817,-0.060346651294419934
29818,-0.06031037195320359
29819,-0.06027379499247268
29820,-0.06023692059272691
29821,-0.06019974893593398
29822,-0.06016228020552829
29823,-0.06012451458641094
29824,-0.060086452264947396
29825,-0.06004809342896729
29826,-0.060009438267764226
29827,-0.05997048697209338
29828,-0.05993123973417153
29829,-0.05989169674767564
29830,-0.05985185820774285
29831,-0.05981172431096808
29832,-0.059771295255404006
29833,-0.059730571240559596
29834,-0.05968955246740017
29835,-0.05964823913834482
29836,-0.059606631457266246
29837,-0.05956472962949048
29838,-0.059522533861794305
29839,-0.059480044362405345
29840,-0.059437261341000414
29841,-0.059394185008705636
29842,-0.059350815578093755
29843,-0.059307153263184156
29844,-0.059263198279441265
29845,-0.05921895084377462
29846,-0.05917441117453611
29847,-0.05912957949151972
29848,-0.059084456015961344
29849,-0.05903904097053593
29850,-0.05899333457935757
29851,-0.05894733706797778
29852,-0.05890104866338559
29853,-0.05885446959400464
29854,-0.058807600089693234
29855,-0.058760440381742614
29856,-0.05871299070287704
29857,-0.05866525128725078
29858,-0.058617222370447926
29859,-0.058568904189482095
29860,-0.05852029698279345
29861,-0.05847140099024876
29862,-0.058422216453139546
29863,-0.058372743614182224
29864,-0.05832298271751494
29865,-0.05827293400869768
29866,-0.05822259773471041
29867,-0.058171974143953115
29868,-0.058121063486242686
29869,-0.05806986601281262
29870,-0.05801838197631276
29871,-0.05796661163080612
29872,-0.057914555231768895
29873,-0.057862213036088586
29874,-0.05780958530206403
29875,-0.05775667228940214
29876,-0.057703474259217624
29877,-0.05764999147403269
29878,-0.057596224197773764
29879,-0.05754217269577149
29880,-0.05748783723475879
29881,-0.057433218082870885
29882,-0.057378315509641925
29883,-0.05732312978600502
29884,-0.05726766118429023
29885,-0.05721190997822463
29886,-0.057155876442928806
29887,-0.05709956085491658
29888,-0.05704296349209475
29889,-0.05698608463375951
29890,-0.056928924560596554
29891,-0.05687148355467893
29892,-0.05681376189946716
29893,-0.056755759879805585
29894,-0.05669747778192247
29895,-0.05663891589342783
29896,-0.056580074503313524
29897,-0.056520953901949555
29898,-0.05646155438108379
29899,-0.05640187623384162
29900,-0.056341919754722296
29901,-0.056281685239598936
29902,-0.056221172985716335
29903,-0.05616038329169101
29904,-0.05609931645750747
29905,-0.056037972784518206
29906,-0.05597635257544147
29907,-0.05591445613436135
29908,-0.0558522837667239
29909,-0.055789835779336806
29910,-0.05572711248036908
29911,-0.05566411417934714
29912,-0.05560084118715491
29913,-0.05553729381603141
29914,-0.05547347237957091
29915,-0.05540937719271892
29916,-0.05534500857177183
29917,-0.05528036683437663
29918,-0.05521545229952683
29919,-0.05515026528756256
29920,-0.05508480612016815
29921,-0.05501907512037223
29922,-0.054953072612543584
29923,-0.054886798922391275
29924,-0.05482025437696217
29925,-0.05475343930464101
29926,-0.05468635403514628
29927,-0.054618998899529814
29928,-0.05455137423017647
29929,-0.05448348036079992
29930,-0.0544153176264427
29931,-0.05434688636347371
29932,-0.05427818690958832
29933,-0.05420921960380401
29934,-0.054139984786460524
29935,-0.05407048279921727
29936,-0.05400071398505342
29937,-0.053930678688263546
29938,-0.05386037725445725
29939,-0.05378981003055883
29940,-0.053718977364802835
29941,-0.053647879606734186
29942,-0.053576517107205505
29943,-0.053504890218377246
29944,-0.053432999293713195
29945,-0.05336084468798056
29946,-0.05328842675724728
29947,-0.053215745858882176
29948,-0.05314280235155033
29949,-0.053069596595212785
29950,-0.0529961289511261
29951,-0.052922399781837805
29952,-0.05284840945118647
29953,-0.05277415832429897
29954,-0.052699646767590584
29955,-0.05262487514876034
29956,-0.05254984383679107
29957,-0.052474553201946696
29958,-0.05239900361577226
29959,-0.05232319545108924
29960,-0.05224712908199514
29961,-0.05217080488386313
29962,-0.05209422323333723
29963,-0.05201738450833242
29964,-0.051940289088031825
29965,-0.051862937352886766
29966,-0.051785329684611955
29967,-0.05170746646618507
29968,-0.05162934808184638
29969,-0.05155097491709386
29970,-0.051472347358683244
29971,-0.05139346579462517
29972,-0.05131433061418525
29973,-0.051234942207879115
29974,-0.05115530096747254
29975,-0.05107540728597846
29976,-0.05099526155765709
29977,-0.050914864178010916
29978,-0.05083421554378426
29979,-0.050753316052962905
29980,-0.05067216610476899
29981,-0.05059076609966112
29982,-0.050509116439331384
29983,-0.050427217526705426
29984,-0.05034506976593732
29985,-0.05026267356240969
29986,-0.05018002932273065
29987,-0.050097137454733896
29988,-0.05001399836747354
29989,-0.04993061247122367
29990,-0.04984698017747793
29991,-0.04976310189894426
29992,-0.049678978049545054
29993,-0.04959460904441399
29994,-0.04950999529989616
29995,-0.04942513723354277
29996,-0.049340035264111265
29997,-0.04925468981156214
29998,-0.04916910129705907
29999,-0.04908327014296356
30000,-0.04899719677283449
30001,-0.048910881611427655
30002,-0.04882432508469042
30003,-0.04873752761976178
30004,-0.04865048964496914
30005,-0.04856321158982846
30006,-0.04847569388503878
30007,-0.04838793696248174
30008,-0.04829994125522116
30009,-0.04821170719749756
30010,-0.048123235224728195
30011,-0.04803452577350382
30012,-0.047945579281588824
30013,-0.04785639618791562
30014,-0.04776697693258478
30015,-0.04767732195686172
30016,-0.04758743170317678
30017,-0.04749730661511967
30018,-0.04740694713743891
30019,-0.04731635371604146
30020,-0.04722552679798699
30021,-0.047134466831488024
30022,-0.04704317426590651
30023,-0.04695164955175403
30024,-0.04685989314068598
30025,-0.046767905485501735
30026,-0.046675687040141224
30027,-0.046583238259685036
30028,-0.04649055960034867
30029,-0.04639765151948199
30030,-0.04630451447556884
30031,-0.046211148928221125
30032,-0.04611755533817899
30033,-0.04602373416730731
30034,-0.045929685878595826
30035,-0.04583541093615327
30036,-0.04574090980520746
30037,-0.04564618295210179
30038,-0.04555123084429538
30039,-0.04545605395035712
30040,-0.04536065273996517
30041,-0.04526502768390645
30042,-0.04516917925407072
30043,-0.04507310792345064
30044,-0.04497681416613821
30045,-0.044880298457324934
30046,-0.04478356127329574
30047,-0.044686603091429106
30048,-0.04458942439019347
30049,-0.044492025649147365
30050,-0.04439440734893329
30051,-0.04429656997127723
30052,-0.044198513998988165
30053,-0.0441002399159519
30054,-0.04400174820713119
30055,-0.04390303935856212
30056,-0.0438041138573542
30057,-0.04370497219168419
30058,-0.04360561485079556
30059,-0.043506042324998
30060,-0.043406255105661214
30061,-0.043306253685214985
30062,-0.04320603855714549
30063,-0.04310561021599546
30064,-0.043004969157357846
30065,-0.04290411587787596
30066,-0.04280305087523974
30067,-0.04270177464818586
30068,-0.042600287696491435
30069,-0.04249859052097343
30070,-0.04239668362348818
30071,-0.04229456750692502
30072,-0.042192242675206375
30073,-0.042089709633283984
30074,-0.04198696888713902
30075,-0.04188402094377569
30076,-0.04178086631122131
30077,-0.04167750549852252
30078,-0.04157393901574539
30079,-0.04147016737396894
30080,-0.041366191085284644
30081,-0.041262010662795806
30082,-0.04115762662061114
30083,-0.041053039473844824
30084,-0.04094824973861265
30085,-0.04084325793203215
30086,-0.040738064572216036
30087,-0.040632670178272316
30088,-0.040527075270300375
30089,-0.040421280369391126
30090,-0.040315285997620375
30091,-0.040209092678048286
30092,-0.040102700934718814
30093,-0.03999611129265306
30094,-0.03988932427784941
30095,-0.03978234041727953
30096,-0.03967516023888856
30097,-0.03956778427158838
30098,-0.039460213045257694
30099,-0.039352447090738124
30100,-0.03924448693983428
30101,-0.03913633312530704
30102,-0.03902798618087294
30103,-0.0389194466412037
30104,-0.038810715041919325
30105,-0.038701791919588335
30106,-0.038592677811723645
30107,-0.03848337325678276
30108,-0.03837387879416091
30109,-0.03826419496419046
30110,-0.03815432230814038
30111,-0.038044261368209355
30112,-0.037934012687525914
30113,-0.037823576810144345
30114,-0.037712954281044826
30115,-0.0376021456461265
30116,-0.03749115145220764
30117,-0.037379972247021456
30118,-0.03726860857921633
30119,-0.03715706099834878
30120,-0.03704533005488287
30121,-0.03693341630018972
30122,-0.03682132028654038
30123,-0.036709042567106075
30124,-0.03659658369595396
30125,-0.03648394422804733
30126,-0.03637112471923848
30127,-0.03625812572626894
30128,-0.03614494780676521
30129,-0.03603159151923892
30130,-0.035918057423079755
30131,-0.035804346078554844
30132,-0.035690458046808184
30133,-0.03557639388985349
30134,-0.03546215417057436
30135,-0.03534773945272003
30136,-0.03523315030090551
30137,-0.035118387280604395
30138,-0.03500345095814903
30139,-0.034888341900726254
30140,-0.03477306067637749
30141,-0.03465760785399159
30142,-0.03454198400330419
30143,-0.03442618969489714
30144,-0.03431022550019125
30145,-0.03419409199144641
30146,-0.034077789741757306
30147,-0.033961319325053564
30148,-0.033844681316092445
30149,-0.03372787629045823
30150,-0.033610904824561645
30151,-0.03349376749563252
30152,-0.03337646488171995
30153,-0.03325899756168789
30154,-0.03314136611521537
30155,-0.03302357112278909
30156,-0.032905613165703576
30157,-0.032787492826056766
30158,-0.03266921068675023
30159,-0.032550767331481684
30160,-0.032432163344744434
30161,-0.03231339931182674
30162,-0.032194475818804365
30163,-0.03207539345254076
30164,-0.03195615280068261
30165,-0.031836754451659996
30166,-0.0317171989946789
30167,-0.031597487019721385
30168,-0.03147761911754112
30169,-0.031357595879663545
30170,-0.031237417898378354
30171,-0.03111708576673886
30172,-0.03099660007856139
30173,-0.030875961428417732
30174,-0.03075517041163528
30175,-0.030634227624292548
30176,-0.030513133663219335
30177,-0.03039188912598913
30178,-0.030270494610919255
30179,-0.030148950717066362
30180,-0.030027258044226603
30181,-0.029905417192927976
30182,-0.029783428764429718
30183,-0.029661293360721666
30184,-0.029539011584516606
30185,-0.029416584039250432
30186,-0.02929401132907759
30187,-0.02917129405887123
30188,-0.02904843283421554
30189,-0.028925428261405865
30190,-0.028802280947444164
30191,-0.028678991500039153
30192,-0.028555560527598587
30193,-0.02843198863922862
30194,-0.02830827644473316
30195,-0.028184424554606135
30196,-0.028060433580031626
30197,-0.02793630413287928
30198,-0.02781203682570445
30199,-0.027687632271740432
30200,-0.0275630910848978
30201,-0.027438413879763764
30202,-0.02731360127159438
30203,-0.02718865387631468
30204,-0.027063572310514046
30205,-0.026938357191446362
30206,-0.02681300913702217
30207,-0.026687528765808828
30208,-0.02656191669702584
30209,-0.026436173550545023
30210,-0.026310299946882627
30211,-0.026184296507198678
30212,-0.02605816385329633
30213,-0.02593190260761398
30214,-0.02580551339322539
30215,-0.025678996833835017
30216,-0.02555235355377817
30217,-0.02542558417801307
30218,-0.025298689332121004
30219,-0.02517166964230162
30220,-0.02504452573537307
30221,-0.024917258238764072
30222,-0.02478986778051322
30223,-0.024662354989268352
30224,-0.02453472049427854
30225,-0.024406964925394268
30226,-0.024279088913062657
30227,-0.02415109308832767
30228,-0.024022978082822045
30229,-0.023894744528767487
30230,-0.02376639305896988
30231,-0.023637924306819477
30232,-0.023509338906282814
30233,-0.023380637491902074
30234,-0.02325182069879441
30235,-0.02312288916264388
30236,-0.022993843519701594
30237,-0.022864684406780935
30238,-0.02273541246125771
30239,-0.022606028321062056
30240,-0.02247653262467777
30241,-0.02234692601114163
30242,-0.0222172091200353
30243,-0.022087382591485457
30244,-0.021957447066158986
30245,-0.021827403185263147
30246,-0.021697251590537422
30247,-0.02156699292425366
30248,-0.021436627829211262
30249,-0.021306156948737328
30250,-0.021175580926678497
30251,-0.021044900407400244
30252,-0.020914116035786235
30253,-0.02078322845723012
30254,-0.020652238317635675
30255,-0.020521146263411977
30256,-0.020389952941473527
30257,-0.02025865899923206
30258,-0.02012726508459669
30259,-0.019995771845969016
30260,-0.01986417993224333
30261,-0.01973248999279832
30262,-0.019600702677496428
30263,-0.01946881863668314
30264,-0.019336838521178738
30265,-0.019204762982278464
30266,-0.019072592671747598
30267,-0.018940328241821645
30268,-0.018807970345198027
30269,-0.018675519635036258
30270,-0.018542976764953013
30271,-0.018410342389022304
30272,-0.01827761716176716
30273,-0.018144801738158953
30274,-0.01801189677361668
30275,-0.017878902923998685
30276,-0.01774582084560277
30277,-0.017612651195161286
30278,-0.017479394629841286
30279,-0.01734605180723618
30280,-0.01721262338536588
30281,-0.01707911002267188
30282,-0.01694551237801738
30283,-0.016811831110678948
30284,-0.0166780668803458
30285,-0.016544220347119134
30286,-0.016410292171503724
30287,-0.01627628301440809
30288,-0.01614219353713952
30289,-0.01600802440140424
30290,-0.015873776269299002
30291,-0.01573944980331039
30292,-0.01560504566631412
30293,-0.015470564521566628
30294,-0.015336007032705224
30295,-0.015201373863743102
30296,-0.0150666656790695
30297,-0.014931883143441268
30298,-0.014797026921983017
30299,-0.014662097680182125
30300,-0.014527096083888896
30301,-0.0143920227993081
30302,-0.014256878492998273
30303,-0.014121663831871027
30304,-0.01398637948318256
30305,-0.013851026114533833
30306,-0.01371560439386554
30307,-0.013580114989458275
30308,-0.013444558569924043
30309,-0.013308935804206416
30310,-0.013173247361575508
30311,-0.013037493911628137
30312,-0.012901676124279312
30313,-0.012765794669761538
30314,-0.012629850218624112
30315,-0.012493843441724594
30316,-0.012357775010228982
30317,-0.01222164559560666
30318,-0.012085455869630552
30319,-0.011949206504368608
30320,-0.011812898172183946
30321,-0.011676531545729809
30322,-0.011540107297949721
30323,-0.011403626102068944
30324,-0.011267088631593761
30325,-0.011130495560310785
30326,-0.010993847562278383
30327,-0.010857145311826851
30328,-0.01072038948355333
30329,-0.010583580752321988
30330,-0.010446719793255429
30331,-0.01030980728173399
30332,-0.010172843893395038
30333,-0.010035830304124381
30334,-0.009898767190056432
30335,-0.00976165522756912
30336,-0.009624495093284067
30337,-0.009487287464057977
30338,-0.009350033016982813
30339,-0.009212732429380694
30340,-0.00907538637880407
30341,-0.008937995543027101
30342,-0.008800560600044964
30343,-0.00866308222807312
30344,-0.008525561105538714
30345,-0.008387997911080735
30346,-0.008250393323544906
30347,-0.008112748021983855
30348,-0.007975062685648493
30349,-0.007837337993988166
30350,-0.007699574626645553
30351,-0.007561773263456834
30352,-0.007423934584443047
30353,-0.007286059269809374
30354,-0.0071481479999444325
30355,-0.007010201455411628
30356,-0.006872220316949318
30357,-0.0067342052654656955
30358,-0.006596156982038951
30359,-0.006458076147908622
30360,-0.006319963444475761
30361,-0.006181819553297804
30362,-0.006043645156088743
30363,-0.005905440934710461
30364,-0.005767207571172016
30365,-0.00562894574762893
30366,-0.005490656146374516
30367,-0.005352339449840048
30368,-0.005213996340589629
30369,-0.005075627501320352
30370,-0.004937233614853631
30371,-0.004798815364135368
30372,-0.004660373432230812
30373,-0.004521908502324729
30374,-0.004383421257712721
30375,-0.004244912381800506
30376,-0.004106382558103209
30377,-0.003967832470236666
30378,-0.003829262801917602
30379,-0.00369067423695848
30380,-0.0035520674592676733
30381,-0.003413443152840772
30382,-0.0032748020017598664
30383,-0.0031361446901928334
30384,-0.002997471902384637
30385,-0.0028587843226575
30386,-0.002720082635405754
30387,-0.00258136752509601
30388,-0.0024426396762584563
30389,-0.0023038997734870317
30390,-0.002165148501434271
30391,-0.0020263865448114757
30392,-0.0018876145883800122
30393,-0.0017488333169505931
30394,-0.0016100434153825621
30395,-0.0014712455685751873
30396,-0.001332440461467833
30397,-0.0011936287790348036
30398,-0.001054811206285515
30399,-0.0009159884282557873
30400,-0.0007771611300080152
30401,-0.0006383299966260115
30402,-0.0004994957132151794
30403,-0.0003606589648938021
30404,-0.00022182043679232688
30405,-8.298081405264823e-05
30406,5.5859218180602005e-05
30407,0.00019469897475988307
30408,0.0003335377705399026
30409,0.0004723749203774453
30410,0.0006112097391400824
30411,0.0007500415417060006
30412,0.0008888696429691591
30413,0.0010276933578391178
30414,0.0011665120012497468
30415,0.001305324888159943
30416,0.0014441313335543462
30417,0.001582930652452048
30418,0.0017217221599064199
30419,0.0018605051710102686
30420,0.0019992790008956656
30421,0.002138042964742653
30422,0.00227679637777996
30423,0.002415538555285719
30424,0.0025542688125961693
30425,0.0026929864651054885
30426,0.002831690828270942
30427,0.002970381217612713
30428,0.0031090569487226064
30429,0.003247717337263874
30430,0.0033863616989763677
30431,0.0035249893496763665
30432,0.0036635996052652776
30433,0.003802191781730348
30434,0.003940765195145381
30435,0.004079319161679433
30436,0.004217852997596641
30437,0.0043563660192613655
30438,0.0044948575431380255
30439,0.004633326885799785
30440,0.0047717733639283805
30441,0.004910196294319268
30442,0.0050485949938814485
30443,0.005186968779646154
30444,0.005325316968767562
30445,0.005463638878523508
30446,0.005601933826324165
30447,0.005740201129711875
30448,0.0058784401063662825
30449,0.0060166500741041665
30450,0.00615483035088811
30451,0.006292980254826335
30452,0.006431099104177826
30453,0.006569186217352168
30454,0.006707240912918207
30455,0.006845262509604762
30456,0.0069832503263013435
30457,0.007121203682066804
30458,0.00725912189612917
30459,0.007397004287890773
30460,0.007534850176928069
30461,0.007672658883000294
30462,0.007810429726049296
30463,0.007948162026204648
30464,0.008085855103783478
30465,0.00822350827929912
30466,0.00836112087346181
30467,0.008498692207179406
30468,0.00863622160156602
30469,0.008773708377941843
30470,0.008911151857838258
30471,0.009048551362997672
30472,0.00918590621538213
30473,0.009323215737174035
30474,0.00946047925077685
30475,0.00959769607882371
30476,0.009734865544177266
30477,0.00987198696993476
30478,0.010009059679427874
30479,0.010146082996231326
30480,0.0102830562441627
30481,0.01041997874728753
30482,0.01055684982991915
30483,0.01069366881662726
30484,0.010830435032238645
30485,0.010967147801837884
30486,0.01110380645077592
30487,0.011240410304669901
30488,0.011376958689408249
30489,0.011513450931150492
30490,0.011649886356335834
30491,0.011786264291682986
30492,0.011922584064195234
30493,0.012058845001160261
30494,0.012195046430158715
30495,0.012331187679064902
30496,0.01246726807604749
30497,0.01260328694957805
30498,0.012739243628430893
30499,0.012875137441688111
30500,0.013010967718739426
30501,0.013146733789290696
30502,0.013282434983363763
30503,0.013418070631301487
30504,0.01355364006376758
30505,0.013689142611755122
30506,0.013824577606587247
30507,0.013959944379917854
30508,0.014095242263740102
30509,0.014230470590386237
30510,0.01436562869253262
30511,0.014500715903199565
30512,0.01463573155575981
30513,0.014770674983939223
30514,0.01490554552181749
30515,0.015040342503836585
30516,0.015175065264800608
30517,0.01530971313988078
30518,0.015444285464615286
30519,0.015578781574917723
30520,0.01571320080707693
30521,0.01584754249776198
30522,0.015981805984022022
30523,0.016115990603294703
30524,0.01625009569340687
30525,0.01638412059257524
30526,0.01651806463941485
30527,0.016651927172938855
30528,0.01678570753256352
30529,0.016919405058108062
30530,0.017053019089803022
30531,0.017186548968290118
30532,0.017319994034627202
30533,0.017453353630288097
30534,0.01758662709717096
30535,0.017719813777598976
30536,0.01785291301432106
30537,0.01798592415052018
30538,0.01811884652981323
30539,0.018251679496255935
30540,0.01838442239434272
30541,0.01851707456901501
30542,0.0186496353656611
30543,0.018782104130121057
30544,0.018914480208686562
30545,0.019046762948109235
30546,0.01917895169560129
30547,0.019311045798836246
30548,0.01944304460595721
30549,0.0195749474655767
30550,0.019706753726781573
30551,0.019838462739132832
30552,0.019970073852673936
30553,0.020101586417930587
30554,0.020232999785915664
30555,0.02036431330812903
30556,0.0204955263365658
30557,0.020626638223716985
30558,0.020757648322570214
30559,0.020888555986617915
30560,0.021019360569857197
30561,0.021150061426794663
30562,0.021280657912446294
30563,0.02141114938234562
30564,0.021541535192544408
30565,0.021671814699613327
30566,0.021801987260650135
30567,0.021932052233279514
30568,0.0220620089756579
30569,0.022191856846473335
30570,0.02232159520495361
30571,0.022451223410866104
30572,0.022580740824522615
30573,0.022710146806779186
30574,0.022839440719044233
30575,0.02296862192327922
30576,0.023097689781999317
30577,0.02322664365828152
30578,0.023355482915764468
30579,0.023484206918653255
30580,0.023612815031719248
30581,0.02374130662030819
30582,0.023869681050340024
30583,0.02399793768831366
30584,0.024126075901306835
30585,0.024254095056984143
30586,0.024381994523597707
30587,0.024509773669987835
30588,0.024637431865591038
30589,0.024764968480439884
30590,0.024892382885167735
30591,0.025019674451008583
30592,0.025146842549805055
30593,0.025273886554008244
30594,0.02540080583668244
30595,0.025527599771504976
30596,0.025654267732774176
30597,0.025780809095410025
30598,0.02590722323495482
30599,0.026033509527581097
30600,0.026159667350091488
30601,0.026285696079923405
30602,0.02641159509514889
30603,0.026537363774482507
30604,0.02666300149728202
30605,0.026788507643549002
30606,0.026913881593936758
30607,0.027039122729750144
30608,0.02716423043295023
30609,0.02728920408615414
30610,0.027414043072642925
30611,0.027538746776361374
30612,0.027663314581922675
30613,0.02778774587460825
30614,0.027912040040375573
30615,0.02803619646585882
30616,0.028160214538369494
30617,0.028284093645904233
30618,0.028407833177144633
30619,0.028531432521461876
30620,0.02865489106891655
30621,0.028778208210266443
30622,0.028901383336966336
30623,0.029024415841172626
30624,0.029147305115743156
30625,0.02927005055424495
30626,0.02939265155095482
30627,0.029515107500860015
30628,0.029637417799665926
30629,0.02975958184379591
30630,0.029881599030395837
30631,0.030003468757333958
30632,0.030125190423208544
30633,0.030246763427347736
30634,0.030368187169814074
30635,0.03048946105140433
30636,0.03061058447365716
30637,0.03073155683885368
30638,0.030852377550018146
30639,0.03097304601092549
30640,0.03109356162610122
30641,0.03121392380082586
30642,0.03133413194113483
30643,0.03145418545382598
30644,0.03157408374645946
30645,0.03169382622736215
30646,0.03181341230562754
30647,0.03193284139112325
30648,0.03205211289449158
30649,0.03217122622715022
30650,0.03229018080129967
30651,0.03240897602992311
30652,0.03252761132679083
30653,0.03264608610646005
30654,0.0327643997842824
30655,0.03288255177640452
30656,0.03300054149976865
30657,0.03311836837212009
30658,0.03323603181200698
30659,0.03335353123878476
30660,0.03347086607261596
30661,0.03358803573447759
30662,0.03370503964616104
30663,0.033821877230276354
30664,0.03393854791025213
30665,0.03405505111034287
30666,0.034171386255629516
30667,0.034287552772020134
30668,0.03440355008625714
30669,0.034519377625917204
30670,0.034635034819415524
30671,0.03475052109600572
30672,0.03486583588578705
30673,0.03498097861970432
30674,0.03509594872955208
30675,0.035210745647974585
30676,0.03532536880847295
30677,0.03543981764540573
30678,0.03555409159398955
30679,0.03566819009030626
30680,0.035782112571302815
30681,0.03589585847479549
30682,0.036009427239469746
30683,0.03612281830488738
30684,0.036236031111486364
30685,0.03634906510058506
30686,0.036461919714382104
30687,0.03657459439596347
30688,0.03668708858930307
30689,0.03679940173926331
30690,0.0369115332916022
30691,0.037023482692973134
30692,0.03713524939092914
30693,0.037246832833922675
30694,0.03735823247131269
30695,0.037469447753365165
30696,0.037580478131253696
30697,0.0376913230570665
30698,0.03780198198380623
30699,0.037912454365394116
30700,0.03802273965666984
30701,0.038132837313398456
30702,0.038242746792270244
30703,0.038352467550904795
30704,0.03846199904785092
30705,0.038571340742593475
30706,0.03868049209555397
30707,0.038789452568091104
30708,0.03889822162250763
30709,0.03900679872205022
30710,0.03911518333091349
30711,0.03922337491423988
30712,0.03933137293812645
30713,0.03943917686962475
30714,0.039546786176744814
30715,0.03965420032845506
30716,0.03976141879468902
30717,0.03986844104634587
30718,0.03997526655529103
30719,0.04008189479436286
30720,0.04018832523737252
30721,0.040294557359107926
30722,0.04040059063533363
30723,0.04050642454279751
30724,0.04061205855923057
30725,0.04071749216335094
30726,0.04082272483486371
30727,0.04092775605446756
30728,0.041032585303855285
30729,0.04113721206571436
30730,0.04124163582373348
30731,0.04134585606260249
30732,0.041449872268016205
30733,0.04155368392667431
30734,0.04165729052628788
30735,0.041760691555579266
30736,0.0418638865042859
30737,0.041966874863160225
30738,0.04206965612397613
30739,0.04217222977952949
30740,0.042274595323638704
30741,0.042376752251151124
30742,0.042478700057942936
30743,0.042580438240922926
30744,0.04268196629803239
30745,0.04278328372825152
30746,0.04288439003159988
30747,0.04298528470913697
30748,0.043085967262968566
30749,0.04318643719624659
30750,0.04328669401317284
30751,0.043386737218998855
30752,0.04348656632003226
30753,0.04358618082363659
30754,0.043685580238234996
30755,0.04378476407331017
30756,0.043883731839410516
30757,0.04398248304815072
30758,0.04408101721221225
30759,0.0441793338453495
30760,0.04427743246238973
30761,0.04437531257923669
30762,0.04447297371287052
30763,0.04457041538135383
30764,0.044667637103831676
30765,0.04476463840053508
30766,0.04486141879278098
30767,0.0449579778029783
30768,0.04505431495462842
30769,0.04515042977232571
30770,0.04524632178176355
30771,0.045341990509734226
30772,0.04543743548413249
30773,0.04553265623395543
30774,0.045627652289308464
30775,0.04572242318140524
30776,0.04581696844257113
30777,0.04591128760624314
30778,0.04600538020697584
30779,0.046099245780441826
30780,0.04619288386343224
30781,0.04628629399386264
30782,0.04637947571077288
30783,0.04647242855433059
30784,0.04656515206583105
30785,0.04665764578770304
30786,0.046749909263509304
30787,0.04684194203794702
30788,0.046933743656853606
30789,0.0470253136672066
30790,0.04711665161712708
30791,0.047207757055879505
30792,0.04729862953387752
30793,0.047389268602683776
30794,0.04747967381501334
30795,0.04756984472473358
30796,0.04765978088686982
30797,0.04774948185760584
30798,0.04783894719428429
30799,0.04792817645541237
30800,0.04801716920066168
30801,0.048105924990871546
30802,0.04819444338804892
30803,0.048282723955373946
30804,0.04837076625719985
30805,0.04845856985905617
30806,0.04854613432764876
30807,0.04863345923086518
30808,0.04872054413777522
30809,0.04880738861863132
30810,0.048893992244874056
30811,0.048980354589132004
30812,0.04906647522522497
30813,0.0491523537281639
30814,0.04923798967415626
30815,0.04932338264060595
30816,0.049408532206116434
30817,0.04949343795049072
30818,0.04957809945473663
30819,0.049662516301067265
30820,0.049746688072901446
30821,0.04983061435486901
30822,0.049914294732810685
30823,0.049997728793781226
30824,0.05008091612604932
30825,0.05016385631910279
30826,0.05024654896364854
30827,0.05032899365161556
30828,0.050411189976154916
30829,0.05049313753164486
30830,0.05057483591369126
30831,0.05065628471912804
30832,0.05073748354602231
30833,0.050818431993674244
30834,0.050899129662620106
30835,0.050979576154632146
30836,0.051059771072723685
30837,0.05113971402114949
30838,0.05121940460540622
30839,0.051298842432237444
30840,0.05137802710963352
30841,0.05145695824683453
30842,0.05153563545433024
30843,0.051614058343865024
30844,0.05169222652843773
30845,0.05177013962230466
30846,0.051847797240979404
30847,0.05192519900123779
30848,0.05200234452111825
30849,0.052079233419922225
30850,0.052155865318218995
30851,0.052232239837845626
30852,0.052308356601909745
30853,0.05238421523478952
30854,0.05245981536213839
30855,0.05253515661088498
30856,0.052610238609235915
30857,0.05268506098667572
30858,0.052759623373971554
30859,0.05283392540317354
30860,0.05290796670761522
30861,0.05298174692191817
30862,0.053055265681991925
30863,0.05312852262503671
30864,0.05320151738954334
30865,0.05327424961529787
30866,0.053346718943381444
30867,0.053418925016173006
30868,0.053490867477349234
30869,0.053562545971889065
30870,0.05363396014607405
30871,0.05370510964748874
30872,0.05377599412502515
30873,0.053846613228882706
30874,0.05391696661057082
30875,0.05398705392290885
30876,0.0540568748200305
30877,0.05412642895738419
30878,0.05419571599173339
30879,0.05426473558116102
30880,0.05433348738506932
30881,0.054401971064182465
30882,0.05447018628054644
30883,0.05453813269753335
30884,0.05460580997984134
30885,0.05467321779349711
30886,0.05474035580585585
30887,0.05480722368560544
30888,0.05487382110276681
30889,0.05494014772869431
30890,0.05500620323607983
30891,0.05507198729895279
30892,0.05513749959268253
30893,0.055202739793978245
30894,0.05526770758089315
30895,0.055332402632824323
30896,0.05539682463051514
30897,0.05546097325605522
30898,0.05552484819288447
30899,0.055588449125793346
30900,0.05565177574092329
30901,0.05571482772577063
30902,0.05577760476918655
30903,0.05584010656137941
30904,0.05590233279391467
30905,0.05596428315971884
30906,0.05602595735307936
30907,0.056087355069646926
30908,0.05614847600643542
30909,0.05620931986182573
30910,0.05626988633556611
30911,0.05633017512877245
30912,0.05639018594393211
30913,0.056449918484903834
30914,0.05650937245691997
30915,0.056568547566586386
30916,0.056627443521886256
30917,0.056686060032179915
30918,0.056744396808207094
30919,0.056802453562086824
30920,0.056860230007321114
30921,0.05691772585879524
30922,0.056974940832778036
30923,0.05703187464692552
30924,0.05708852702028081
30925,0.05714489767327624
30926,0.05720098632773329
30927,0.05725679270686612
30928,0.057312316535281876
30929,0.057367557538980964
30930,0.05742251544536053
30931,0.05747718998321438
30932,0.05753158088273508
30933,0.0575856878755138
30934,0.057639510694543795
30935,0.057693049074220334
30936,0.05774630275034265
30937,0.057799271460113905
30938,0.05785195494214456
30939,0.057904352936452595
30940,0.05795646518446381
30941,0.05800829142901512
30942,0.058059831414354446
30943,0.058111084886142715
30944,0.05816205159145371
30945,0.058212731278777366
30946,0.058263123698019656
30947,0.05831322860050447
30948,0.058363045738973586
30949,0.05841257486758981
30950,0.058461815741937186
30951,0.05851076811902132
30952,0.058559431757272414
30953,0.05860780641654525
30954,0.05865589185812094
30955,0.05870368784470691
30956,0.05875119414043995
30957,0.05879841051088605
30958,0.05884533672304226
30959,0.05889197254533659
30960,0.058938317747630975
30961,0.05898437210122148
30962,0.05903013537883858
30963,0.05907560735465003
30964,0.0591207878042608
30965,0.059165676504714784
30966,0.05921027323449472
30967,0.059254577773525045
30968,0.05929858990317208
30969,0.05934230940624426
30970,0.05938573606699498
30971,0.05942886967112241
30972,0.059471710005771186
30973,0.05951425685953237
30974,0.059556510022446094
30975,0.05959846928600152
30976,0.059640134443138426
30977,0.05968150528824713
30978,0.059722581617171124
30979,0.05976336322720728
30980,0.05980384991710606
30981,0.059844041487074076
30982,0.059883937738774054
30983,0.05992353847532628
30984,0.05996284350130861
30985,0.06000185262275893
30986,0.060040565647175095
30987,0.06007898238351639
30988,0.06011710264220348
30989,0.060154926235120816
30990,0.06019245297561686
30991,0.060229682678504225
30992,0.06026661516006209
30993,0.060303250238036114
30994,0.0603395877316398
30995,0.06037562746155449
30996,0.06041136924993163
30997,0.0604468129203927
30998,0.06048195829803057
30999,0.06051680520940943
31000,0.060551353482567044
31001,0.060585602947014865
31002,0.06061955343373827
31003,0.060653204775198664
31004,0.06068655680533348
31005,0.060719609359557385
31006,0.06075236227476227
31007,0.06078481538931933
31008,0.060816968543078984
31009,0.060848821577372106
31010,0.06088037433501001
31011,0.060911626660286385
31012,0.06094257839897753
31013,0.06097322939834245
31014,0.06100357950712486
31015,0.06103362857555309
31016,0.061063376455341246
31017,0.061092822999689156
31018,0.061121968063284265
31019,0.06115081150230175
31020,0.061179353174404684
31021,0.061207592938745864
31022,0.06123553065596775
31023,0.06126316618820352
31024,0.061290499399077054
31025,0.06131753015370465
31026,0.06134425831869497
31027,0.0613706837621501
31028,0.06139680635366547
31029,0.06142262596433153
31030,0.06144814246673387
31031,0.061473355734953376
31032,0.061498265644567826
31033,0.061522872072651835
31034,0.06154717489777781
31035,0.06157117400001589
31036,0.06159486926093551
31037,0.06161826056360535
31038,0.061641347792594184
31039,0.06166413083397091
31040,0.06168660957530596
31041,0.06170878390567142
31042,0.06173065371564117
31043,0.061752218897292245
31044,0.06177347934420483
31045,0.06179443495146304
31046,0.06181508561565492
31047,0.06183543123487375
31048,0.06185547170871798
31049,0.061875206938292064
31050,0.06189463682620637
31051,0.06191376127657844
31052,0.0619325801950331
31053,0.06195109348870254
31054,0.061969301066227514
31055,0.061987202837757306
31056,0.062004798714950383
31057,0.062022088610974434
31058,0.062039072440507416
31059,0.06205575011973767
31060,0.06207212156636399
31061,0.06208818669959671
31062,0.062103945440157626
31063,0.06211939771028065
31064,0.062134543433711734
31065,0.06214938253570989
31066,0.062163914943047155
31067,0.06217814058400911
31068,0.062192059388394914
31069,0.06220567128751816
31070,0.06221897621420697
31071,0.06223197410280403
31072,0.06224466488916748
31073,0.06225704851067084
31074,0.062269124906203524
31075,0.062280894016170804
31076,0.06229235578249456
31077,0.0623035101486133
31078,0.06231435705948255
31079,0.062324896461574845
31080,0.06233512830288044
31081,0.06234505253290732
31082,0.06235466910268129
31083,0.06236397796474658
31084,0.06237297907316584
31085,0.062381672383520465
31086,0.062390057852910616
31087,0.062398135439955746
31088,0.062405905104794594
31089,0.06241336680908548
31090,0.0624205205160063
31091,0.06242736619025501
31092,0.062433903798049625
31093,0.06244013330712829
31094,0.06244605468674967
31095,0.062451667907692965
31096,0.06245697294225808
31097,0.06246196976426568
31098,0.062466658349057486
31099,0.062471038673496286
31100,0.062475110715966085
31101,0.062478874456372124
31102,0.06248232987614113
31103,0.06248547695822132
31104,0.06248831568708244
31105,0.062490846048715964
31106,0.062493068030635056
31107,0.0624949816218747
31108,0.06249658681299169
31109,0.062497883596064736
31110,0.06249887196469449
31111,0.06249955191400353
31112,0.062499923440636464
31113,0.06249998654275987
31114,0.062499741220062355
31115,0.06249918747375453
31116,0.06249832530656904
31117,0.062497154722760496
31118,0.06249567572810548
31119,0.062493888329902554
31120,0.06249179253697216
31121,0.06248938835965659
31122,0.062486675809820015
31123,0.0624836549008483
31124,0.06248032564764902
31125,0.06247668806665135
31126,0.062472742175806055
31127,0.06246848799458529
31128,0.0624639255439826
31129,0.0624590548465127
31130,0.06245387592621157
31131,0.06244838880863611
31132,0.0624425935208641
31133,0.062436490091494184
31134,0.06243007855064552
31135,0.062423358929957776
31136,0.06241633126259087
31137,0.06240899558322501
31138,0.06240135192806026
31139,0.0623934003348165
31140,0.06238514084273321
31141,0.06237657349256939
31142,0.06236769832660315
31143,0.06235851538863159
31144,0.06234902472397076
31145,0.062339226379455125
31146,0.06232912040343753
31147,0.062318706845788864
31148,0.06230798575789807
31149,0.062296957192671476
31150,0.062285621204532765
31151,0.06227397784942289
31152,0.06226202718479939
31153,0.06224976926963638
31154,0.06223720416442411
31155,0.06222433193116902
31156,0.06221115263339288
31157,0.062197666336132884
31158,0.06218387310594108
31159,0.06216977301088447
31160,0.06215536612054408
31161,0.062140652506014915
31162,0.06212563223990588
31163,0.06211030539633886
31164,0.06209467205094875
31165,0.06207873228088283
31166,0.06206248616480087
31167,0.06204593378287406
31168,0.06202907521678508
31169,0.06201191054972743
31170,0.061994439866405494
31171,0.06197666325303347
31172,0.06195858079733524
31173,0.061940192588544295
31174,0.06192149871740263
31175,0.06190249927616072
31176,0.06188319435857686
31177,0.061863584059917154
31178,0.061843668476954355
31179,0.06182344770796784
31180,0.06180292185274291
31181,0.061782091012570754
31182,0.06176095529024725
31183,0.06173951479007278
31184,0.061717769617852164
31185,0.06169571988089329
31186,0.06167336568800718
31187,0.06165070714950711
31188,0.06162774437720867
31189,0.06160447748442839
31190,0.06158090658598367
31191,0.061557031798192
31192,0.06153285323887092
31193,0.06150837102733662
31194,0.06148358528440369
31195,0.0614584961323851
31196,0.061433103695090585
31197,0.06140740809782671
31198,0.061381409467395884
31199,0.06135510793209644
31200,0.06132850362172098
31201,0.06130159666755624
31202,0.061274387202382936
31203,0.061246875360474136
31204,0.06121906127759522
31205,0.06119094509100289
31206,0.06116252693944522
31207,0.06113380696315986
31208,0.06110478530387412
31209,0.06107546210480382
31210,0.06104583751065342
31211,0.06101591166761412
31212,0.060985684723363735
31213,0.0609551568270665
31214,0.06092432812937124
31215,0.06089319878241137
31216,0.06086176893980371
31217,0.060830038756648615
31218,0.06079800838952792
31219,0.06076567799650502
31220,0.06073304773712369
31221,0.06070011777240807
31222,0.060666888264860705
31223,0.06063335937846228
31224,0.06059953127867151
31225,0.060565404132423034
31226,0.06053097810812743
31227,0.06049625337566995
31228,0.0604612301064106
31229,0.06042590847318192
31230,0.06039028865028903
31231,0.060354370813508355
31232,0.06031815514008761
31233,0.06028164180874363
31234,0.06024483099966209
31235,0.06020772289449736
31236,0.06017031767637024
31237,0.06013261552986792
31238,0.060094616641042646
31239,0.06005632119741174
31240,0.060017729387955264
31241,0.059978841403115754
31242,0.05993965743479806
31243,0.059900177676366906
31244,0.059860402322646944
31245,0.05982033156992126
31246,0.059779965615931435
31247,0.05973930465987506
31248,0.05969834890240574
31249,0.059657098545631615
31250,0.0596155537931154
31251,0.0595737148498718
31252,0.05953158192236728
31253,0.05948915521851988
31254,0.059446434947696546
31255,0.059403421320713204
31256,0.05936011454983314
31257,0.059316514848767085
31258,0.05927262243267049
31259,0.05922843751814356
31260,0.05918396032322966
31261,0.059139191067415324
31262,0.05909412997162753
31263,0.05904877725823339
31264,0.05900313315103998
31265,0.05895719787529146
31266,0.05891097165766915
31267,0.05886445472628981
31268,0.0588176473107057
31269,0.05877054964190167
31270,0.05872316195229522
31271,0.05867548447573472
31272,0.058627517447499514
31273,0.0585792611042969
31274,0.05853071568426188
31275,0.05848188142695693
31276,0.05843275857336894
31277,0.05838334736590928
31278,0.058333648048411964
31279,0.05828366086613374
31280,0.05823338606575095
31281,0.05818282389535959
31282,0.05813197460447342
31283,0.0580808384440241
31284,0.05802941566635793
31285,0.05797770652523561
31286,0.05792571127583197
31287,0.057873430174732766
31288,0.057820863479934655
31289,0.05776801145084335
31290,0.05771487434827361
31291,0.05766145243444598
31292,0.05760774597298649
31293,0.05755375522892636
31294,0.05749948046869868
31295,0.057444921960138444
31296,0.05739007997248053
31297,0.05733495477635977
31298,0.05727954664380754
31299,0.0572238558482518
31300,0.057167882664515016
31301,0.057111627368814276
31302,0.05705509023875775
31303,0.056998271553344415
31304,0.05694117159296373
31305,0.05688379063939212
31306,0.056826128975793005
31307,0.05676818688671469
31308,0.056709964658090445
31309,0.056651462577234836
31310,0.05659268093284382
31311,0.05653362001499259
31312,0.056474280115135604
31313,0.05641466152610291
31314,0.05635476454209983
31315,0.056294589458706676
31316,0.05623413657287493
31317,0.05617340618292741
31318,0.056112398588555934
31319,0.05605111409082145
31320,0.05598955299215019
31321,0.05592771559633377
31322,0.05586560220852684
31323,0.05580321313524725
31324,0.05574054868437207
31325,0.05567760916513732
31326,0.05561439488813765
31327,0.055550906165322336
31328,0.05548714330999543
31329,0.05542310663681333
31330,0.05535879646178492
31331,0.05529421310226753
31332,0.05522935687696659
31333,0.05516422810593531
31334,0.055098827110570625
31335,0.05503315421361324
31336,0.05496720973914523
31337,0.05490099401259011
31338,0.05483450736070872
31339,0.05476775011159925
31340,0.05470072259469483
31341,0.05463342514076359
31342,0.05456585808190446
31343,0.0544980217515468
31344,0.05442991648445008
31345,0.054361542616699614
31346,0.05429290048570664
31347,0.05422399043020579
31348,0.05415481279025516
31349,0.05408536790723199
31350,0.05401565612383278
31351,0.05394567778407065
31352,0.0538754332332755
31353,0.05380492281808955
31354,0.05373414688646702
31355,0.053663105787673755
31356,0.05359179987228279
31357,0.05352022949217443
31358,0.0534483950005336
31359,0.05337629675184992
31360,0.053303935101913266
31361,0.05323131040781376
31362,0.05315842302793915
31363,0.05308527332197487
31364,0.05301186165089951
31365,0.052938188376984364
31366,0.05286425386379312
31367,0.052790058476177217
31368,0.052715602580275904
31369,0.05264088654351354
31370,0.05256591073459963
31371,0.0524906755235242
31372,0.05241518128155781
31373,0.052339428381248845
31374,0.052263417196423544
31375,0.05218714810218128
31376,0.05211062147489415
31377,0.05203383769220659
31378,0.0519567971330306
31379,0.05187950017754578
31380,0.05180194720719651
31381,0.05172413860469205
31382,0.05164607475400164
31383,0.05156775604035414
31384,0.0514891828502376
31385,0.051410355571394346
31386,0.0513312745928211
31387,0.05125194030476603
31388,0.051172353098728834
31389,0.05109251336745583
31390,0.05101242150493995
31391,0.05093207790641789
31392,0.0508514829683701
31393,0.050770637088515834
31394,0.050689540665812674
31395,0.05060819410045613
31396,0.05052659779387457
31397,0.05044475214872931
31398,0.050362657568911555
31399,0.05028031445954255
31400,0.05019772322696839
31401,0.05011488427876014
31402,0.050031798023710765
31403,0.04994846487183523
31404,0.04986488523436529
31405,0.04978105952374905
31406,0.04969698815365055
31407,0.0496126715389445
31408,0.04952811009571638
31409,0.049443304241259305
31410,0.04935825439407413
31411,0.04927296097386416
31412,0.049187424401535194
31413,0.049101645099192424
31414,0.04901562349014048
31415,0.0489293599988781
31416,0.048842855051097644
31417,0.048756109073684696
31418,0.04866912249471258
31419,0.048581895743442516
31420,0.04849442925032036
31421,0.04840672344697672
31422,0.048318778766221475
31423,0.04823059564204332
31424,0.0481421745096093
31425,0.0480535158052593
31426,0.04796461996650614
31427,0.04787548743203226
31428,0.04778611864168987
31429,0.047696514036495365
31430,0.04760667405862937
31431,0.047516599151433477
31432,0.04742628975941033
31433,0.04733574632821797
31434,0.04724496930466939
31435,0.04715395913673204
31436,0.04706271627352214
31437,0.046971241165304815
31438,0.04687953426349068
31439,0.04678759602063596
31440,0.04669542689043674
31441,0.046603027327729085
31442,0.04651039778848559
31443,0.04641753872981553
31444,0.046324450609959024
31445,0.04623113388828656
31446,0.04613758902529853
31447,0.04604381648261935
31448,0.04594981672299759
31449,0.045855590210302506
31450,0.045761137409524116
31451,0.04566645878676733
31452,0.045571554809252054
31453,0.04547642594530965
31454,0.04538107266438308
31455,0.045285495437020935
31456,0.04518969473487693
31457,0.04509367103070943
31458,0.04499742479837542
31459,0.04490095651283063
31460,0.04480426665012597
31461,0.044707355687407635
31462,0.044610224102911045
31463,0.04451287237596098
31464,0.04441530098696793
31465,0.044317510417428256
31466,0.04421950114991808
31467,0.04412127366809271
31468,0.04402282845668621
31469,0.0439241660015052
31470,0.043825286789429
31471,0.043726191308405916
31472,0.04362688004745342
31473,0.043527353496651926
31474,0.04342761214714422
31475,0.043327656491135014
31476,0.04322748702188467
31477,0.043127104233709294
31478,0.04302650862197705
31479,0.04292570068310827
31480,0.04282468091456914
31481,0.04272344981487183
31482,0.042622007883570755
31483,0.042520355621262655
31484,0.042418493529580284
31485,0.04231642211119187
31486,0.04221414186980055
31487,0.04211165331013804
31488,0.042008956937964685
31489,0.04190605326006571
31490,0.041802942784251305
31491,0.04169962601935021
31492,0.04159610347520982
31493,0.04149237566269231
31494,0.04138844309367485
31495,0.04128430628104302
31496,0.041179965738690316
31497,0.04107542198151758
31498,0.04097067552542651
31499,0.04086572688731971
31500,0.04076057658509687
31501,0.04065522513765484
31502,0.0405496730648811
31503,0.04044392088765382
31504,0.04033796912783797
31505,0.04023181830828547
31506,0.04012546895282851
31507,0.04001892158627901
31508,0.039912176734428095
31509,0.03980523492403938
31510,0.03969809668284912
31511,0.03959076253956223
31512,0.03948323302385242
31513,0.03937550866635546
31514,0.039267589998668626
31515,0.03915947755335015
31516,0.03905117186391243
31517,0.038942673464822206
31518,0.03883398289149647
31519,0.03872510068030266
31520,0.03861602736855183
31521,0.038506763494498754
31522,0.038397309597337906
31523,0.03828766621720357
31524,0.038177833895163014
31525,0.03806781317321587
31526,0.03795760459429361
31527,0.03784720870225263
31528,0.03773662604187437
31529,0.03762585715886124
31530,0.03751490259983674
31531,0.037403762912338524
31532,0.037292438644818515
31533,0.037180930346638795
31534,0.03706923856807174
31535,0.03695736386029303
31536,0.036845306775381045
31537,0.03673306786631633
31538,0.036620647686974525
31539,0.03650804679212653
31540,0.036395265737434325
31541,0.036282305079451085
31542,0.03616916537561415
31543,0.03605584718424512
31544,0.03594235106454568
31545,0.035828677576597724
31546,0.035714827281356255
31547,0.03560080074064878
31548,0.03548659851717471
31549,0.03537222117449825
31550,0.03525766927704851
31551,0.03514294339011525
31552,0.035028044079849024
31553,0.03491297191325403
31554,0.034797727458188175
31555,0.03468231128335885
31556,0.03456672395832307
31557,0.03445096605348021
31558,0.03433503814007144
31559,0.03421894079017909
31560,0.034102674576719415
31561,0.03398624007344272
31562,0.03386963785492903
31563,0.03375286849658826
31564,0.03363593257465289
31565,0.03351883066617732
31566,0.033401563349037364
31567,0.033284131201922806
31568,0.0331665348043376
31569,0.03304877473659547
31570,0.032930851579820106
31571,0.03281276591593773
31572,0.032694518327677266
31573,0.03257610939856594
31574,0.032457539712929445
31575,0.03233880985588448
31576,0.032219920413338175
31577,0.03210087197198746
31578,0.03198166511931161
31579,0.031862300443572376
31580,0.0317427785338096
31581,0.03162309997984129
31582,0.03150326537225622
31583,0.03138327530241398
31584,0.03126313036244058
31585,0.0311428311452286
31586,0.031022378244429626
31587,0.030901772254453643
31588,0.030781013770468418
31589,0.03066010338839193
31590,0.030539041704892515
31591,0.030417829317384373
31592,0.030296466824027722
31593,0.03017495482372121
31594,0.030053293916102026
31595,0.029931484701541427
31596,0.029809527781144863
31597,0.02968742375674434
31598,0.029565173230897798
31599,0.02944277680688848
31600,0.02932023508871725
31601,0.02919754868110276
31602,0.029074718189476892
31603,0.0289517442199849
31604,0.028828627379477726
31605,0.028705368275511338
31606,0.028581967516346125
31607,0.028458425710939136
31608,0.02833474346894425
31609,0.028210921400707585
31610,0.028086960117267638
31611,0.02796286023034754
31612,0.027838622352355187
31613,0.02771424709637864
31614,0.027589735076186273
31615,0.027465086906218995
31616,0.027340303201589564
31617,0.02721538457808198
31618,0.027090331652143643
31619,0.026965145040885506
31620,0.02683982536207743
31621,0.026714373234148346
31622,0.026588789276178384
31623,0.026463074107899033
31624,0.026337228349688477
31625,0.026211252622571745
31626,0.026085147548212822
31627,0.025958913748913997
31628,0.02583255184761521
31629,0.02570606246788613
31630,0.02557944623392633
31631,0.025452703770560553
31632,0.025325835703238906
31633,0.025198842658028884
31634,0.025071725261615545
31635,0.024944484141296765
31636,0.02481711992498343
31637,0.024689633241191423
31638,0.024562024719040995
31639,0.024434294988256076
31640,0.024306444679156297
31641,0.024178474422657137
31642,0.02405038485026516
31643,0.023922176594078203
31644,0.023793850286777312
31645,0.023665406561626922
31646,0.023536846052470074
31647,0.023408169393728574
31648,0.023279377220394953
31649,0.023150470168031765
31650,0.023021448872770953
31651,0.02289231397130574
31652,0.022763066100890815
31653,0.022633705899337504
31654,0.02250423400501395
31655,0.022374651056836996
31656,0.022244957694271515
31657,0.022115154557329732
31658,0.02198524228656311
31659,0.021855221523062487
31660,0.021725092908453255
31661,0.021594857084895537
31662,0.021464514695076008
31663,0.021334066382208056
31664,0.021203512790026947
31665,0.02107285456278998
31666,0.020942092345268306
31667,0.02081122678274624
31668,0.020680258521020605
31669,0.020549188206392496
31670,0.020418016485667476
31671,0.02028674400615067
31672,0.020155371415646953
31673,0.020023899362452708
31674,0.01989232849535599
31675,0.01976065946363163
31676,0.019628892917041414
31677,0.019497029505825818
31678,0.019365069880703318
31679,0.019233014692869727
31680,0.0191008645939899
31681,0.01896862023619791
31682,0.018836282272092126
31683,0.01870385135473539
31684,0.018571328137646708
31685,0.01843871327480141
31686,0.018306007420626238
31687,0.018173211229999493
31688,0.018040325358242734
31689,0.017907350461120065
31690,0.017774287194837476
31691,0.01764113621603448
31692,0.017507898181784286
31693,0.017374573749588857
31694,0.01724116357737906
31695,0.017107668323506325
31696,0.016974088646741933
31697,0.01684042520627634
31698,0.0167066786617108
31699,0.016572849673057517
31700,0.016438938900734685
31701,0.01630494700556666
31702,0.016170874648775545
31703,0.016036722491981365
31704,0.015902491197197083
31705,0.01576818142682877
31706,0.015633793843667174
31707,0.015499329110887044
31708,0.015364787892046417
31709,0.0152301708510782
31710,0.015095478652290323
31711,0.014960711960360746
31712,0.014825871440337616
31713,0.01469095775763083
31714,0.014555971578012188
31715,0.014420913567610378
31716,0.014285784392911156
31717,0.014150584720748866
31718,0.014015315218305738
31719,0.013879976553111205
31720,0.013744569393033397
31721,0.013609094406279328
31722,0.013473552261389849
31723,0.013337943627239827
31724,0.013202269173029638
31725,0.013066529568285334
31726,0.012930725482853603
31727,0.01279485758690194
31728,0.012658926550910122
31729,0.012522933045669512
31730,0.012386877742282351
31731,0.012250761312153241
31732,0.01211458442698929
31733,0.01197834775879508
31734,0.011842051979872812
31735,0.011705697762813784
31736,0.011569285780498538
31737,0.011432816706091805
31738,0.011296291213042675
31739,0.01115970997507603
31740,0.011023073666191844
31741,0.010886382960664477
31742,0.010749638533034102
31743,0.010612841058106871
31744,0.010475991210949843
31745,0.01033908966689115
31746,0.010202137101511405
31747,0.010065134190643008
31748,0.009928081610369429
31749,0.009790980037016617
31750,0.009653830147153169
31751,0.009516632617585235
31752,0.009379388125356693
31753,0.00924209734774054
31754,0.009104760962239056
31755,0.008967379646578712
31756,0.00882995407871033
31757,0.00869248493680048
31758,0.008554972899230753
31759,0.008417418644597066
31760,0.008279822851701027
31761,0.008142186199550105
31762,0.008004509367352523
31763,0.007866793034517426
31764,0.007729037880646243
31765,0.0075912445855328605
31766,0.0074534138291585
31767,0.0073155462916918955
31768,0.007177642653480637
31769,0.00703970359505047
31770,0.006901729797104576
31771,0.00676372194051492
31772,0.006625680706322425
31773,0.006487606775731842
31774,0.006349500830111921
31775,0.00621136355098675
31776,0.006073195620035925
31777,0.005934997719089419
31778,0.005796770530127752
31779,0.005658514735273323
31780,0.005520231016789694
31781,0.00538192005708088
31782,0.005243582538682671
31783,0.005105219144262802
31784,0.004966830556615818
31785,0.004828417458663243
31786,0.004689980533444897
31787,0.004551520464118183
31788,0.004413037933957375
31789,0.004274533626344925
31790,0.0041360082247716414
31791,0.003997462412831541
31792,0.003858896874222018
31793,0.003720312292735157
31794,0.0035817093522579
31795,0.003443088736766902
31796,0.003304451130328699
31797,0.003165797217091016
31798,0.0030271276812820452
31799,0.0028884432072097377
31800,0.002749744479253098
31801,0.0026110321818623595
31802,0.002472306999553829
31803,0.002333569616910062
31804,0.002194820718571156
31805,0.0020560609892349246
31806,0.0019172911136517425
31807,0.0017785117766247168
31808,0.001639723663000982
31809,0.0015009274576709831
31810,0.00136212384556776
31811,0.001223313511658239
31812,0.0010844971409434063
31813,0.0009456754184531492
31814,0.0008068490292464301
31815,0.000668018658402576
31816,0.0005291849910214507
31817,0.0003903487122182976
31818,0.0002515105071239112
31819,0.00011267106087592768
31820,-2.616894138189212e-05
31821,-0.00016500881450037897
31822,-0.0003038478733336655
31823,-0.0004426854327390145
31824,-0.0005815208075819762
31825,-0.0007203533127362168
31826,-0.0008591822630922282
31827,-0.0009980069735571568
31828,-0.0011368267590599593
31829,-0.0012756409345512326
31830,-0.0014144488150119219
31831,-0.0015532497154540365
31832,-0.0016920429509213674
31833,-0.0018308278364981944
31834,-0.0019696036873091145
31835,-0.002108369818524197
31836,-0.002247125545358812
31837,-0.0023858701830823366
31838,-0.0025246030470188704
31839,-0.0026633234525479514
31840,-0.0028020307151132603
31841,-0.0029407241502224474
31842,-0.0030794030734522864
31843,-0.003218066800448503
31844,-0.003356714646934474
31845,-0.003495345928711057
31846,-0.003633959961661738
31847,-0.003772556061752465
31848,-0.00391113354504034
31849,-0.004049691727674333
31850,-0.004188229925896003
31851,-0.004326747456048185
31852,-0.0044652436345748205
31853,-0.004603717778026104
31854,-0.00474216920305831
31855,-0.0048805972264424815
31856,-0.005019001165064259
31857,-0.005157380335929019
31858,-0.00529573405616171
31859,-0.0054340616430155276
31860,-0.005572362413872631
31861,-0.005710635686244854
31862,-0.005848880777782387
31863,-0.0059870970062736025
31864,-0.006125283689650189
31865,-0.0062634401459869815
31866,-0.006401565693510633
31867,-0.006539659650599441
31868,-0.006677721335788478
31869,-0.006815750067769421
31870,-0.006953745165399217
31871,-0.00709170594770079
31872,-0.007229631733863753
31873,-0.007367521843253069
31874,-0.007505375595408875
31875,-0.007643192310051605
31876,-0.007780971307081819
31877,-0.007918711906588856
31878,-0.008056413428850651
31879,-0.008194075194338861
31880,-0.008331696523718693
31881,-0.00846927673785754
31882,-0.008606815157825689
31883,-0.008744311104897033
31884,-0.008881763900557699
31885,-0.009019172866505882
31886,-0.00915653732465694
31887,-0.009293856597143237
31888,-0.009431130006322752
31889,-0.009568356874779794
31890,-0.009705536525325699
31891,-0.009842668281007456
31892,-0.009979751465107524
31893,-0.01011678540114893
31894,-0.0102537694128951
31895,-0.010390702824358455
31896,-0.010527584959800244
31897,-0.010664415143735628
31898,-0.010801192700933509
31899,-0.010937916956425122
31900,-0.01107458723550473
31901,-0.01121120286373034
31902,-0.011347763166932269
31903,-0.01148426747121298
31904,-0.011620715102952147
31905,-0.011757105388806503
31906,-0.011893437655718379
31907,-0.012029711230915554
31908,-0.012165925441916303
31909,-0.012302079616529243
31910,-0.012438173082861869
31911,-0.012574205169321258
31912,-0.012710175204614775
31913,-0.012846082517758607
31914,-0.012981926438077588
31915,-0.013117706295210252
31916,-0.013253421419108671
31917,-0.013389071140046964
31918,-0.01352465478862113
31919,-0.013660171695754095
31920,-0.013795621192695536
31921,-0.013931002611030384
31922,-0.014066315282679525
31923,-0.014201558539900502
31924,-0.014336731715296
31925,-0.014471834141813673
31926,-0.014606865152751176
31927,-0.014741824081755993
31928,-0.014876710262833905
31929,-0.015011523030349694
31930,-0.015146261719027833
31931,-0.015280925663960944
31932,-0.015415514200609638
31933,-0.015550026664807504
31934,-0.01568446239276096
31935,-0.01581882072105767
31936,-0.015953100986666406
31937,-0.01608730252694201
31938,-0.016221424679625247
31939,-0.016355466782851217
31940,-0.01648942817515005
31941,-0.016623308195447592
31942,-0.01675710618307382
31943,-0.016890821477762663
31944,-0.017024453419656985
31945,-0.017158001349308404
31946,-0.017291464607685696
31947,-0.017424842536174618
31948,-0.017558134476582856
31949,-0.017691339771139878
31950,-0.01782445776250529
31951,-0.01795748779376952
31952,-0.018090429208454505
31953,-0.018223281350522046
31954,-0.01835604356437363
31955,-0.018488715194855374
31956,-0.018621295587257853
31957,-0.01875378408732444
31958,-0.01888618004125112
31959,-0.019018482795691426
31960,-0.01915069169775627
31961,-0.01928280609502225
31962,-0.019414825335532317
31963,-0.01954674876779647
31964,-0.019678575740800047
31965,-0.01981030560400353
31966,-0.019941937707347476
31967,-0.020073471401252332
31968,-0.020204906036626703
31969,-0.020336240964867188
31970,-0.02046747553786326
31971,-0.020598609107997108
31972,-0.02072964102815186
31973,-0.020860570651712276
31974,-0.020991397332565408
31975,-0.021122120425108828
31976,-0.02125273928425045
31977,-0.021383253265413397
31978,-0.021513661724535848
31979,-0.021643964018079203
31980,-0.021774159503028773
31981,-0.021904247536894444
31982,-0.02203422747771886
31983,-0.022164098684077243
31984,-0.022293860515082226
31985,-0.022423512330383696
31986,-0.022553053490176944
31987,-0.022682483355202485
31988,-0.022811801286750883
31989,-0.022941006646662588
31990,-0.02307009879733605
31991,-0.023199077101728378
31992,-0.023327940923356025
31993,-0.023456689626302856
31994,-0.023585322575220006
31995,-0.02371383913533065
31996,-0.02384223867242986
31997,-0.02397052055289265
31998,-0.024098684143673825
31999,-0.024226728812312755
32000,-0.024354653926933194
32001,-0.024482458856251343
32002,-0.024610142969576476
32003,-0.024737705636811633
32004,-0.024865146228461612
32005,-0.024992464115632804
32006,-0.02511965867003795
32007,-0.02524672926399596
32008,-0.025373675270439912
32009,-0.02550049606291688
32010,-0.02562719101559266
32011,-0.025753759503251605
32012,-0.02588020090130458
32013,-0.02600651458578961
32014,-0.026132699933372538
32015,-0.026258756321354944
32016,-0.026384683127673992
32017,-0.026510479730907113
32018,-0.026636145510271846
32019,-0.02676167984563373
32020,-0.02688708211750696
32021,-0.027012351707055023
32022,-0.027137487996098577
32023,-0.027262490367115293
32024,-0.02738735820324449
32025,-0.027512090888287
32026,-0.02763668780671299
32027,-0.027761148343661817
32028,-0.027885471884946635
32029,-0.028009657817054272
32030,-0.028133705527153007
32031,-0.028257614403093215
32032,-0.028381383833408016
32033,-0.02850501320732104
32034,-0.02862850191474628
32035,-0.028751849346292664
32036,-0.02887505489326394
32037,-0.028998117947666383
32038,-0.029121037902208654
32039,-0.029243814150306368
32040,-0.029366446086081945
32041,-0.029488933104372318
32042,-0.02961127460072955
32043,-0.029733469971421483
32044,-0.0298555186134394
32045,-0.029977419924497886
32046,-0.03009917330303935
32047,-0.03022077814823388
32048,-0.030342233859986883
32049,-0.030463539838938933
32050,-0.030584695486470283
32051,-0.030705700204700703
32052,-0.03082655339649711
32053,-0.030947254465474156
32054,-0.031067802815994885
32055,-0.031188197853178286
32056,-0.031308438982899145
32057,-0.03142852561179252
32058,-0.03154845714725359
32059,-0.031668232997445214
32060,-0.03178785257129773
32061,-0.03190731527851344
32062,-0.03202662052956647
32063,-0.032145767735710255
32064,-0.032264756308978126
32065,-0.03238358566218396
32066,-0.03250225520892965
32067,-0.032620764363604934
32068,-0.0327391125413918
32069,-0.03285729915826435
32070,-0.032975323630996256
32071,-0.033093185377161306
32072,-0.03321088381513406
32073,-0.03332841836409724
32074,-0.03344578844404155
32075,-0.033562993475770096
32076,-0.033680032880898186
32077,-0.033796906081860735
32078,-0.033913612501912084
32079,-0.03403015156513033
32080,-0.03414652269641725
32081,-0.03426272532150552
32082,-0.034378758866959375
32083,-0.03449462276017521
32084,-0.03461031642938883
32085,-0.034725839303675336
32086,-0.03484119081295338
32087,-0.034956370387985075
32088,-0.03507137746038319
32089,-0.03518621146261104
32090,-0.03530087182798674
32091,-0.03541535799068304
32092,-0.03552966938573457
32093,-0.0356438054490384
32094,-0.03575776561735462
32095,-0.03587154932831354
32096,-0.0359851560204155
32097,-0.03609858513303513
32098,-0.036211836106421195
32099,-0.03632490838170372
32100,-0.03643780140089385
32101,-0.03655051460688803
32102,-0.036663047443467905
32103,-0.036775399355307346
32104,-0.036887569787973064
32105,-0.03699955818792518
32106,-0.03711136400252424
32107,-0.03722298668003113
32108,-0.03733442566961116
32109,-0.03744568042133399
32110,-0.03755675038618058
32111,-0.03766763501604378
32112,-0.037778333763728904
32113,-0.03788884608296067
32114,-0.03799917142838309
32115,-0.03810930925556355
32116,-0.0382192590209927
32117,-0.038329020182091326
32118,-0.038438592197210256
32119,-0.03854797452563441
32120,-0.03865716662758266
32121,-0.038766167964214726
32122,-0.038874977997631704
32123,-0.03898359619087665
32124,-0.03909202200794139
32125,-0.03920025491376639
32126,-0.0393082943742448
32127,-0.03941613985622231
32128,-0.039523790827503916
32129,-0.0396312467568538
32130,-0.03973850711399931
32131,-0.03984557136963087
32132,-0.039952438995408665
32133,-0.04005910946396321
32134,-0.04016558224889591
32135,-0.040271856824785734
32136,-0.0403779326671891
32137,-0.04048380925264381
32138,-0.04058948605866892
32139,-0.0406949625637714
32140,-0.04080023824744599
32141,-0.04090531259017909
32142,-0.041010185073448696
32143,-0.04111485517973093
32144,-0.04121932239250062
32145,-0.04132358619623179
32146,-0.041427646076404305
32147,-0.04153150151950365
32148,-0.04163515201302482
32149,-0.04173859704547223
32150,-0.041841836106366194
32151,-0.04194486868624276
32152,-0.04204769427665761
32153,-0.04215031237018589
32154,-0.04225272246042867
32155,-0.04235492404201348
32156,-0.04245691661059482
32157,-0.04255869966286061
32158,-0.04266027269653203
32159,-0.0427616352103673
32160,-0.042862786704161576
32161,-0.04296372667875329
32162,-0.043064454636024686
32163,-0.04316497007890234
32164,-0.04326527251136346
32165,-0.043365361438435786
32166,-0.0434652363662013
32167,-0.043564896801796114
32168,-0.04366434225341673
32169,-0.0437635722303199
32170,-0.043862586242826365
32171,-0.043961383802320675
32172,-0.044059964421257446
32173,-0.04415832761316185
32174,-0.04425647289263013
32175,-0.04435439977533576
32176,-0.04445210777802933
32177,-0.044549596418542205
32178,-0.044646865215786355
32179,-0.04474391368976053
32180,-0.04484074136155009
32181,-0.04493734775333063
32182,-0.04503373238836787
32183,-0.04512989479102371
32184,-0.0452258344867567
32185,-0.04532155100212258
32186,-0.04541704386478028
32187,-0.0455123126034918
32188,-0.04560735674812572
32189,-0.04570217582965719
32190,-0.04579676938017375
32191,-0.04589113693287534
32192,-0.04598527802207772
32193,-0.04607919218321242
32194,-0.0461728789528326
32195,-0.04626633786861356
32196,-0.04635956846935321
32197,-0.04645257029497796
32198,-0.04654534288654255
32199,-0.046637885786233575
32200,-0.046730198537369295
32201,-0.046822280684405526
32202,-0.046914131772936025
32203,-0.04700575134969304
32204,-0.04709713896255303
32205,-0.047188294160536576
32206,-0.04727921649381175
32207,-0.04736990551369401
32208,-0.04746036077265194
32209,-0.047550581824307096
32210,-0.04764056822343736
32211,-0.04773031952597686
32212,-0.04781983528902161
32213,-0.04790911507082995
32214,-0.047998158430823036
32215,-0.04808696492959043
32216,-0.048175534128889974
32217,-0.04826386559165111
32218,-0.04835195888197477
32219,-0.048439813565138906
32220,-0.04852742920759839
32221,-0.04861480537698825
32222,-0.048701941642123624
32223,-0.04878883757300517
32224,-0.04887549274081958
32225,-0.048961906717939964
32226,-0.04904807907793134
32227,-0.04913400939555051
32228,-0.04921969724674923
32229,-0.04930514220867416
32230,-0.049390343859672205
32231,-0.04947530177929041
32232,-0.04956001554827913
32233,-0.04964448474859192
32234,-0.04972870896339087
32235,-0.04981268777704701
32236,-0.049896420775140775
32237,-0.049979907544467246
32238,-0.05006314767303607
32239,-0.05014614075007453
32240,-0.05022888636602749
32241,-0.050311384112562564
32242,-0.05039363358257002
32243,-0.05047563437016584
32244,-0.05055738607069164
32245,-0.0506388882807198
32246,-0.05072014059805388
32247,-0.05080114262172906
32248,-0.0508818939520172
32249,-0.0509623941904268
32250,-0.05104264293970593
32251,-0.051122639803842185
32252,-0.0512023843880677
32253,-0.051281876298859545
32254,-0.05136111514394017
32255,-0.05144010053228237
32256,-0.051518832074109205
32257,-0.0515973093808969
32258,-0.05167553206537477
32259,-0.05175349974153016
32260,-0.051831212024608324
32261,-0.05190866853111533
32262,-0.05198586887881795
32263,-0.05206281268674853
32264,-0.052139499575205424
32265,-0.05221592916575331
32266,-0.05229210108122808
32267,-0.05236801494573671
32268,-0.05244367038466007
32269,-0.05251906702465288
32270,-0.052594204493648405
32271,-0.05266908242085842
32272,-0.052743700436775925
32273,-0.05281805817317512
32274,-0.05289215526311606
32275,-0.052965991340945026
32276,-0.05303956604229494
32277,-0.053112879004089966
32278,-0.05318592986454543
32279,-0.05325871826317054
32280,-0.05333124384076831
32281,-0.053403506239440124
32282,-0.05347550510258562
32283,-0.05354724007490539
32284,-0.053618710802400917
32285,-0.05368991693237903
32286,-0.05376085811345232
32287,-0.05383153399553944
32288,-0.05390194422986966
32289,-0.05397208846898265
32290,-0.05404196636673122
32291,-0.05411157757828113
32292,-0.05418092176011556
32293,-0.0542499985700354
32294,-0.05431880766715966
32295,-0.05438734871192976
32296,-0.05445562136610949
32297,-0.0545236252927875
32298,-0.05459136015637728
32299,-0.054658825622621365
32300,-0.05472602135859131
32301,-0.05479294703269014
32302,-0.0548596023146523
32303,-0.05492598687554785
32304,-0.054992100387782815
32305,-0.0550579425250995
32306,-0.05512351296258066
32307,-0.055188811376649424
32308,-0.05525383744507172
32309,-0.05531859084695619
32310,-0.05538307126275826
32311,-0.05544727837428011
32312,-0.055511211864673005
32313,-0.055574871418437255
32314,-0.055638256721426214
32315,-0.055701367460846606
32316,-0.05576420332525887
32317,-0.055826764004581086
32318,-0.05588904919008894
32319,-0.055951058574418
32320,-0.056012791851563666
32321,-0.05607424871688509
32322,-0.05613542886710503
32323,-0.05619633200031218
32324,-0.0562569578159611
32325,-0.056317306014876
32326,-0.05637737629925109
32327,-0.05643716837265087
32328,-0.05649668194001391
32329,-0.05655591670765275
32330,-0.05661487238325616
32331,-0.056673548675889016
32332,-0.05673194529599603
32333,-0.05679006195540168
32334,-0.056847898367312334
32335,-0.05690545424631624
32336,-0.05696272930838711
32337,-0.05701972327088445
32338,-0.057076435852553814
32339,-0.05713286677353043
32340,-0.05718901575533909
32341,-0.057244882520896254
32342,-0.05730046679450999
32343,-0.05735576830188349
32344,-0.057410786770115324
32345,-0.05746552192769974
32346,-0.057519973504530156
32347,-0.05757414123189901
32348,-0.05762802484249985
32349,-0.057681624070427234
32350,-0.057734938651180144
32351,-0.05778796832166188
32352,-0.05784071282018206
32353,-0.05789317188645654
32354,-0.05794534526161077
32355,-0.057997232688179995
32356,-0.058048833910109565
32357,-0.05810014867275821
32358,-0.05815117672289792
32359,-0.05820191780871589
32360,-0.058252371679814466
32361,-0.05830253808721428
32362,-0.058352416783354254
32363,-0.05840200752209339
32364,-0.05845131005871078
32365,-0.058500324149908654
32366,-0.058549049553812696
32367,-0.05859748602997223
32368,-0.05864563333936334
32369,-0.058693491244388774
32370,-0.05874105950887973
32371,-0.0587883378980958
32372,-0.058835326178728
32373,-0.05888202411889864
32374,-0.0589284314881631
32375,-0.05897454805750978
32376,-0.05902037359936304
32377,-0.05906590788758334
32378,-0.059111150697467585
32379,-0.05915610180575193
32380,-0.05920076099061173
32381,-0.0592451280316632
32382,-0.05928920270996338
32383,-0.059332984808012905
32384,-0.059376474109756244
32385,-0.05941967040058191
32386,-0.0594625734673252
32387,-0.05950518309826813
32388,-0.05954749908314106
32389,-0.05958952121312259
32390,-0.05963124928084226
32391,-0.059672683080380484
32392,-0.05971382240727007
32393,-0.05975466705849623
32394,-0.059795216832499117
32395,-0.05983547152917403
32396,-0.05987543094987165
32397,-0.05991509489740056
32398,-0.05995446317602718
32399,-0.05999353559147725
32400,-0.060032311950935786
32401,-0.06007079206304953
32402,-0.060108975737926895
32403,-0.060146862787139384
32404,-0.060184453023721586
32405,-0.060221746262173505
32406,-0.06025874231846076
32407,-0.06029544101001482
32408,-0.06033184215573529
32409,-0.06036794557598984
32410,-0.06040375109261562
32411,-0.06043925852891918
32412,-0.0604744677096787
32413,-0.060509378461143994
32414,-0.060543990611037754
32415,-0.06057830398855557
32416,-0.060612318424368074
32417,-0.0606460337506211
32418,-0.06067944980093589
32419,-0.06071256641041119
32420,-0.06074538341562321
32421,-0.060777900654626876
32422,-0.06081011796695574
32423,-0.06084203519362409
32424,-0.060873652177126855
32425,-0.06090496876144079
32426,-0.06093598479202448
32427,-0.06096670011582027
32428,-0.060997114581254425
32429,-0.06102722803823731
32430,-0.061057040338165294
32431,-0.061086551333920686
32432,-0.06111576087987287
32433,-0.061144668831878246
32434,-0.0611732750472821
32435,-0.061201579384918714
32436,-0.06122958170511152
32437,-0.06125728186967492
32438,-0.06128467974191417
32439,-0.06131177518662649
32440,-0.06133856807010098
32441,-0.06136505826012032
32442,-0.061391245625960794
32443,-0.06141713003839319
32444,-0.06144271136968282
32445,-0.061467989493591155
32446,-0.06149296428537591
32447,-0.061517635621791196
32448,-0.061542003381089116
32449,-0.061566067443019706
32450,-0.06158982768883181
32451,-0.06161328400127311
32452,-0.0616364362645916
32453,-0.06165928436453553
32454,-0.06168182818835427
32455,-0.06170406762479832
32456,-0.06172600256412069
32457,-0.06174763289807702
32458,-0.061768958519925705
32459,-0.061789979324429235
32460,-0.06181069520785419
32461,-0.061831106067971986
32462,-0.0618512118040589
32463,-0.0618710123168973
32464,-0.06189050750877566
32465,-0.06190969728348926
32466,-0.06192858154634019
32467,-0.06194716020413854
32468,-0.06196543316520251
32469,-0.061983400339358494
32470,-0.062001061637942216
32471,-0.062018416973798736
32472,-0.06203546626128309
32473,-0.062052209416260266
32474,-0.062068646356106275
32475,-0.06208477699970824
32476,-0.062100601267464486
32477,-0.06211611908128555
32478,-0.06213133036459416
32479,-0.062146235042325776
32480,-0.06216083304092865
32481,-0.06217512428836469
32482,-0.06218910871410948
32483,-0.062202786249152785
32484,-0.06221615682599855
32485,-0.062229220378665774
32486,-0.06224197684268854
32487,-0.06225442615511611
32488,-0.06226656825451371
32489,-0.062278403080962545
32490,-0.06228993057606019
32491,-0.062301150682920664
32492,-0.06231206334617505
32493,-0.06232266851197157
32494,-0.06233296612797593
32495,-0.062342956143371354
32496,-0.062352638508859186
32497,-0.062362013176658966
32498,-0.06237108010050849
32499,-0.06237983923566437
32500,-0.06238829053890205
32501,-0.062396433968516095
32502,-0.06240426948432022
32503,-0.0624117970476478
32504,-0.06241901662135182
32505,-0.06242592816980519
32506,-0.06243253165890071
32507,-0.06243882705605156
32508,-0.06244481433019125
32509,-0.06245049345177371
32510,-0.062455864392773675
32511,-0.062460927126686626
32512,-0.062465681628529016
32513,-0.06247012787483829
32514,-0.062474265843673146
32515,-0.06247809551461354
32516,-0.06248161686876084
32517,-0.06248482988873783
32518,-0.06248773455868893
32519,-0.0624903308642802
32520,-0.06249261879269936
32521,-0.06249459833265595
32522,-0.06249626947438136
32523,-0.06249763220962883
32524,-0.062498686531673536
32525,-0.06249943243531262
32526,-0.06249986991686519
32527,-0.062499998974172355
32528,-0.062499819606597264
32529,-0.062499331815025046
32530,-0.06249853560186285
32531,-0.06249743097103984
32532,-0.062496017928007144
32533,-0.06249429647973784
32534,-0.06249226663472691
32535,-0.062489928402991265
32536,-0.06248728179606959
32537,-0.06248432682702234
32538,-0.06248106351043172
32539,-0.06247749186240153
32540,-0.06247361190055713
32541,-0.06246942364404531
32542,-0.062464927113534345
32543,-0.06246012233121367
32544,-0.062455009320793904
32545,-0.062449588107506705
32546,-0.06244385871810472
32547,-0.06243782118086131
32548,-0.062431475525570455
32549,-0.06242482178354676
32550,-0.062417859987625064
32551,-0.06241059017216043
32552,-0.06240301237302787
32553,-0.0623951266276224
32554,-0.062386932974858526
32555,-0.06237843145517028
32556,-0.062369622110510885
32557,-0.062360504984352784
32558,-0.062351080121687115
32559,-0.0623413475690236
32560,-0.06233130737439054
32561,-0.062320959587334225
32562,-0.06231030425891888
32563,-0.062299341441726344
32564,-0.06228807118985604
32565,-0.06227649355892431
32566,-0.062264608606064364
32567,-0.06225241638992619
32568,-0.062239916970675845
32569,-0.06222711040999543
32570,-0.062213996771082664
32571,-0.06220057611865087
32572,-0.06218684851892817
32573,-0.06217281403965751
32574,-0.062158472750096116
32575,-0.062143824721015546
32576,-0.06212887002470077
32577,-0.0621136087349501
32578,-0.06209804092707512
32579,-0.06208216667789971
32580,-0.0620659860657601
32581,-0.062049499170504244
32582,-0.06203270607349184
32583,-0.06201560685759333
32584,-0.061998201607189905
32585,-0.061980490408172835
32586,-0.06196247334794355
32587,-0.06194415051541249
32588,-0.06192552200099902
32589,-0.061906587896631324
32590,-0.061887348295745284
32591,-0.06186780329328444
32592,-0.061847952985699305
32593,-0.0618277974709474
32594,-0.061807336848492
32595,-0.061786571219302144
32596,-0.06176550068585188
32597,-0.061744125352120316
32598,-0.061722445323590266
32599,-0.06170046070724817
32600,-0.06167817161158395
32601,-0.06165557814658964
32602,-0.061632680423759446
32603,-0.06160947855608885
32604,-0.0615859726580747
32605,-0.0615621628457137
32606,-0.06153804923650246
32607,-0.06151363194943663
32608,-0.06148891110501091
32609,-0.06146388682521752
32610,-0.06143855923354606
32611,-0.06141292845498342
32612,-0.061386994616012144
32613,-0.06136075784461051
32614,-0.061334218270251505
32615,-0.061307376023902925
32616,-0.06128023123802566
32617,-0.061252784046573576
32618,-0.061225034584993385
32619,-0.06119698299022289
32620,-0.06116862940069106
32621,-0.06113997395631695
32622,-0.06111101679850976
32623,-0.061081758070167046
32624,-0.06105219791567472
32625,-0.061022336480905985
32626,-0.06099217391322139
32627,-0.060961710361466914
32628,-0.06093094597597385
32629,-0.06089988090855863
32630,-0.06086851531252088
32631,-0.0608368493426435
32632,-0.060804883155191454
32633,-0.06077261690791183
32634,-0.06074005076003185
32635,-0.06070718487225887
32636,-0.06067401940677922
32637,-0.06064055452725818
32638,-0.060606790398837984
32639,-0.060572727188137575
32640,-0.06053836506325244
32641,-0.06050370419375253
32642,-0.06046874475068224
32643,-0.06043348690655914
32644,-0.06039793083537403
32645,-0.060362076712588704
32646,-0.06032592471513604
32647,-0.060289475021418605
32648,-0.06025272781130876
32649,-0.060215683266146326
32650,-0.06017834156873843
32651,-0.06014070290335928
32652,-0.060102767455747864
32653,-0.06006453541310796
32654,-0.060026006964106725
32655,-0.059987182298874786
32656,-0.05994806160900378
32657,-0.05990864508754617
32658,-0.059868932929015024
32659,-0.05982892532938159
32660,-0.0597886224860753
32661,-0.059748024597982285
32662,-0.059707131865445455
32663,-0.059665944490261934
32664,-0.0596244626756831
32665,-0.059582686626413084
32666,-0.059540616548608774
32667,-0.059498252649877265
32668,-0.059455595139275556
32669,-0.059412644227310414
32670,-0.05936940012593565
32671,-0.05932586304855216
32672,-0.05928203321000637
32673,-0.05923791082659025
32674,-0.05919349611603857
32675,-0.059148789297528974
32676,-0.05910379059168029
32677,-0.05905850022055263
32678,-0.05901291840764455
32679,-0.0589670453778928
32680,-0.05892088135767212
32681,-0.05887442657479233
32682,-0.05882768125849842
32683,-0.05878064563946878
32684,-0.05873331994981531
32685,-0.05868570442308043
32686,-0.05863779929423716
32687,-0.05858960479968733
32688,-0.058541121177261665
32689,-0.05849234866621675
32690,-0.05844328750723477
32691,-0.05839393794242327
32692,-0.05834430021531208
32693,-0.05829437457085337
32694,-0.05824416125541979
32695,-0.05819366051680457
32696,-0.05814287260421834
32697,-0.058091797768289204
32698,-0.058040436261060833
32699,-0.05798878833599256
32700,-0.057936854247956145
32701,-0.0578846342532355
32702,-0.057832128609526426
32703,-0.05777933757593335
32704,-0.05772626141296936
32705,-0.05767290038255427
32706,-0.057619254748014694
32707,-0.057565324774080655
32708,-0.05751111072688535
32709,-0.05745661287396485
32710,-0.05740183148425472
32711,-0.05734676682809006
32712,-0.05729141917720349
32713,-0.05723578880472519
32714,-0.05717987598517949
32715,-0.05712368099448485
32716,-0.05706720410995186
32717,-0.05701044561028327
32718,-0.056953405775570454
32719,-0.05689608488729312
32720,-0.05683848322831902
32721,-0.05678060108290035
32722,-0.05672243873667382
32723,-0.05666399647665849
32724,-0.056605274591255875
32725,-0.05654627337024625
32726,-0.05648699310478874
32727,-0.0564274340874191
32728,-0.05636759661204983
32729,-0.05630748097396642
32730,-0.05624708746982702
32731,-0.056186416397662156
32732,-0.05612546805687094
32733,-0.056064242748221145
32734,-0.056002740773846905
32735,-0.05594096243724885
32736,-0.0558789080432902
32737,-0.055816577898196884
32738,-0.05575397230955517
32739,-0.05569109158631182
32740,-0.0556279360387701
32741,-0.055564505978589494
32742,-0.05550080171878536
32743,-0.05543682357372495
32744,-0.05537257185912752
32745,-0.05530804689206188
32746,-0.05524324899094656
32747,-0.05517817847554571
32748,-0.055112835666968764
32749,-0.05504722088767015
32750,-0.05498133446144513
32751,-0.05491517671342993
32752,-0.054848747970099254
32753,-0.054782048559266404
32754,-0.054715078810079074
32755,-0.054647839053019474
32756,-0.05458032961990179
32757,-0.05451255084387234
32758,-0.05444450305940524
32759,-0.054376186602302166
32760,-0.05430760180969191
32761,-0.05423874902002614
32762,-0.05416962857307949
32763,-0.054100240809946964
32764,-0.05403058607304406
32765,-0.05396066470610241
32766,-0.05389047705416985
32767,-0.05382002346360781
32768,-0.053749304282091466
32769,-0.053678319858605245
32770,-0.05360707054344249
32771,-0.05353555668820512
32772,-0.05346377864579912
32773,-0.053391736770434635
32774,-0.05331943141762332
32775,-0.05324686294417843
32776,-0.05317403170821028
32777,-0.05310093806912631
32778,-0.05302758238762841
32779,-0.052953965025713014
32780,-0.05288008634666647
32781,-0.05280594671506468
32782,-0.05273154649677271
32783,-0.052656886058940144
32784,-0.05258196577000118
32785,-0.05250678599967185
32786,-0.0524313471189501
32787,-0.052355649500111116
32788,-0.05227969351670736
32789,-0.052203479543565794
32790,-0.05212700795678797
32791,-0.05205027913374526
32792,-0.05197329345307842
32793,-0.05189605129469723
32794,-0.051818553039775665
32795,-0.05174079907075198
32796,-0.051662789771325816
32797,-0.05158452552645832
32798,-0.05150600672236725
32799,-0.05142723374652655
32800,-0.05134820698766598
32801,-0.05126892683576613
32802,-0.051189393682058555
32803,-0.05110960791902281
32804,-0.05102956994038655
32805,-0.050949280141120545
32806,-0.05086873891743875
32807,-0.05078794666679533
32808,-0.05070690378788477
32809,-0.050625610680636805
32810,-0.050544067746216004
32811,-0.050462275387021326
32812,-0.05038023400668104
32813,-0.050297944010052796
32814,-0.0502154058032206
32815,-0.0501326197934949
32816,-0.050049586389407416
32817,-0.04996630600071125
32818,-0.04988277903837777
32819,-0.04979900591459675
32820,-0.04971498704277112
32821,-0.04963072283751652
32822,-0.04954621371466086
32823,-0.049461460091239084
32824,-0.04937646238549322
32825,-0.04929122101686924
32826,-0.04920573640601719
32827,-0.049120008974785835
32828,-0.04903403914622274
32829,-0.0489478273445711
32830,-0.04886137399526988
32831,-0.04877467952494835
32832,-0.04868774436142568
32833,-0.04860056893371045
32834,-0.04851315367199527
32835,-0.0484254990076568
32836,-0.048337605373252567
32837,-0.04824947320252104
32838,-0.048161102930376135
32839,-0.04807249499290674
32840,-0.04798364982737629
32841,-0.047894567872217166
32842,-0.04780524956703085
32843,-0.04771569535258458
32844,-0.04762590567081147
32845,-0.04753588096480492
32846,-0.04744562167881868
32847,-0.04735512825826353
32848,-0.0472644011497074
32849,-0.04717344080086968
32850,-0.04708224766062075
32851,-0.04699082217898153
32852,-0.046899164807117734
32853,-0.04680727599734
32854,-0.046715156203100454
32855,-0.04662280587899289
32856,-0.04653022548074692
32857,-0.04643741546522813
32858,-0.04634437629043462
32859,-0.046251108415497136
32860,-0.04615761230067322
32861,-0.04606388840734674
32862,-0.04596993719802738
32863,-0.04587575913634481
32864,-0.045781354687048754
32865,-0.04568672431600552
32866,-0.04559186849019809
32867,-0.04549678767772023
32868,-0.04540148234777656
32869,-0.045305952970679034
32870,-0.04521020001784707
32871,-0.045114223961801564
32872,-0.045018025276164365
32873,-0.0449216044356578
32874,-0.04482496191609865
32875,-0.04472809819439825
32876,-0.044631013748558886
32877,-0.044533709057673954
32878,-0.04443618460192185
32879,-0.044338440862566074
32880,-0.04424047832195164
32881,-0.04414229746350516
32882,-0.044043898771728734
32883,-0.04394528273219942
32884,-0.04384644983156873
32885,-0.04374740055755646
32886,-0.04364813539895078
32887,-0.04354865484560458
32888,-0.0434489593884356
32889,-0.043349049519420146
32890,-0.043248925731592634
32891,-0.04314858851904503
32892,-0.04304803837692059
32893,-0.04294727580141397
32894,-0.0428463012897675
32895,-0.04274511534027131
32896,-0.04264371845225701
32897,-0.04254211112609775
32898,-0.04244029386320455
32899,-0.042338267166026365
32900,-0.042236031538043686
32901,-0.04213358748376806
32902,-0.042030935508741527
32903,-0.04192807611953022
32904,-0.04182500982372446
32905,-0.04172173712993497
32906,-0.041618258547792955
32907,-0.041514574587943685
32908,-0.04141068576204658
32909,-0.04130659258277137
32910,-0.04120229556379821
32911,-0.041097795219811176
32912,-0.04099309206649771
32913,-0.040888186620548085
32914,-0.040783079399648835
32915,-0.04067777092248289
32916,-0.040572261708725646
32917,-0.040466552279045144
32918,-0.0403606431550954
32919,-0.04025453485951658
32920,-0.04014822791593102
32921,-0.0400417228489434
32922,-0.03993502018413404
32923,-0.0398281204480584
32924,-0.039721024168246445
32925,-0.03961373187319603
32926,-0.03950624409237299
32927,-0.039398561356207125
32928,-0.0392906841960924
32929,-0.03918261314438013
32930,-0.039074348734378456
32931,-0.03896589150035179
32932,-0.03885724197751399
32933,-0.03874840070202852
32934,-0.03863936821100443
32935,-0.038530145042496446
32936,-0.03842073173549817
32937,-0.03831112882994218
32938,-0.03820133686669601
32939,-0.03809135638756223
32940,-0.037981187935271624
32941,-0.03787083205348256
32942,-0.037760289286780456
32943,-0.037649560180670845
32944,-0.03753864528157953
32945,-0.03742754513684845
32946,-0.0373162602947358
32947,-0.037204791304409124
32948,-0.03709313871594539
32949,-0.03698130308032687
32950,-0.0368692849494413
32951,-0.03675708487607482
32952,-0.03664470341391144
32953,-0.03653214111753243
32954,-0.0364193985424093
32955,-0.03630647624490389
32956,-0.03619337478226423
32957,-0.036080094712624675
32958,-0.035966636594998776
32959,-0.03585300098927944
32960,-0.03573918845623473
32961,-0.03562519955750798
32962,-0.03551103485561068
32963,-0.03539669491392186
32964,-0.03528218029668752
32965,-0.035167491569013457
32966,-0.035052629296865395
32967,-0.034937594047064736
32968,-0.03482238638728869
32969,-0.03470700688606308
32970,-0.03459145611276246
32971,-0.03447573463760582
32972,-0.034359843031656796
32973,-0.034243781866816314
32974,-0.03412755171582207
32975,-0.034011153152247876
32976,-0.033894586750496426
32977,-0.03377785308579938
32978,-0.03366095273421307
32979,-0.03354388627261864
32980,-0.033426654278714704
32981,-0.03330925733101674
32982,-0.03319169600885649
32983,-0.03307397089237463
32984,-0.03295608256252082
32985,-0.032838031601049436
32986,-0.032719818590519666
32987,-0.0326014441142881
32988,-0.03248290875650889
32989,-0.03236421310212934
32990,-0.032245357736890086
32991,-0.032126343247317606
32992,-0.032007170220723614
32993,-0.03188783924520448
32994,-0.03176835090963373
32995,-0.03164870580366218
32996,-0.03152890451771351
32997,-0.031408947642984436
32998,-0.03128883577143716
32999,-0.031168569495799516
33000,-0.03104814940956055
33001,-0.030927576106970615
33002,-0.030806850183033863
33003,-0.03068597223350759
33004,-0.030564942854901633
33005,-0.030443762644470778
33006,-0.030322432200214907
33007,-0.030200952120874498
33008,-0.030079323005930785
33009,-0.029957545455598127
33010,-0.029835620070824163
33011,-0.029713547453285277
33012,-0.029591328205386763
33013,-0.02946896293025517
33014,-0.02934645223173765
33015,-0.02922379671440134
33016,-0.029100996983525692
33017,-0.028978053645102586
33018,-0.02885496730583181
33019,-0.028731738573121175
33020,-0.028608368055078826
33021,-0.02848485636051258
33022,-0.02836120409892931
33023,-0.02823741188052718
33024,-0.028113480316195805
33025,-0.027989410017511655
33026,-0.027865201596738203
33027,-0.027740855666818144
33028,-0.027616372841373547
33029,-0.027491753734701245
33030,-0.027366998961772967
33031,-0.02724210913822755
33032,-0.02711708488037027
33033,-0.026991926805172203
33034,-0.0268666355302624
33035,-0.026741211673928015
33036,-0.026615655855109666
33037,-0.026489968693401585
33038,-0.02636415080904375
33039,-0.026238202822922035
33040,-0.02611212535656352
33041,-0.02598591903213668
33042,-0.02585958447244344
33043,-0.025733122300918558
33044,-0.025606533141628942
33045,-0.02547981761926574
33046,-0.025352976359144488
33047,-0.02522600998720039
33048,-0.025098919129988493
33049,-0.024971704414675725
33050,-0.024844366469041024
33051,-0.024716905921470647
33052,-0.0245893234009583
33053,-0.024461619537097162
33054,-0.024333794960079216
33055,-0.024205850300694585
33056,-0.024077786190323525
33057,-0.023949603260936578
33058,-0.023821302145089818
33059,-0.023692883475924992
33060,-0.023564347887161503
33061,-0.02343569601309654
33062,-0.023306928488600318
33063,-0.023178045949116228
33064,-0.023049049030652774
33065,-0.02291993836978289
33066,-0.02279071460364328
33067,-0.022661378369926332
33068,-0.022531930306880256
33069,-0.022402371053304292
33070,-0.02227270124854887
33071,-0.02214292153250748
33072,-0.022013032545615995
33073,-0.02188303492885202
33074,-0.021752929323726723
33075,-0.02162271637228502
33076,-0.021492396717100706
33077,-0.021361971001276653
33078,-0.021231439868436612
33079,-0.021100803962725387
33080,-0.020970063928803965
33081,-0.02083922041184971
33082,-0.02070827405754813
33083,-0.020577225512092227
33084,-0.0204460754221818
33085,-0.02031482443501524
33086,-0.02018347319828968
33087,-0.020052022360196126
33088,-0.019920472569419617
33089,-0.019788824475130983
33090,-0.019657078726987003
33091,-0.019525235975125517
33092,-0.019393296870165583
33093,-0.019261262063199214
33094,-0.019129132205790694
33095,-0.018996907949975893
33096,-0.01886458994825399
33097,-0.018732178853587616
33098,-0.018599675319397956
33099,-0.01846707999956491
33100,-0.018334393548418773
33101,-0.018201616620740404
33102,-0.0180687498717563
33103,-0.017935793957138752
33104,-0.017802749532997517
33105,-0.01766961725587913
33106,-0.01753639778276621
33107,-0.017403091771069128
33108,-0.017269699878626147
33109,-0.017136222763698486
33110,-0.017002661084970474
33111,-0.01686901550154119
33112,-0.016735286672923767
33113,-0.016601475259044693
33114,-0.016467581920235442
33115,-0.016333607317232615
33116,-0.016199552111172986
33117,-0.016065416963593662
33118,-0.015931202536423668
33119,-0.015796909491984115
33120,-0.01566253849298322
33121,-0.015528090202516465
33122,-0.015393565284058172
33123,-0.015258964401460804
33124,-0.015124288218954278
33125,-0.014989537401137513
33126,-0.014854712612978603
33127,-0.014719814519809808
33128,-0.014584843787327719
33129,-0.0144498010815848
33130,-0.014314687068989553
33131,-0.0141795024163015
33132,-0.01404424779063135
33133,-0.013908923859432518
33134,-0.013773531290500435
33135,-0.013638070751971836
33136,-0.013502542912316276
33137,-0.013366948440336292
33138,-0.013231288005162375
33139,-0.013095562276253131
33140,-0.012959771923386773
33141,-0.012823917616661292
33142,-0.012688000026489404
33143,-0.012552019823598728
33144,-0.012415977679023256
33145,-0.012279874264102644
33146,-0.012143710250481521
33147,-0.012007486310100948
33148,-0.011871203115198577
33149,-0.011734861338303601
33150,-0.011598461652236922
33151,-0.011462004730102587
33152,-0.011325491245287976
33153,-0.01118892187145871
33154,-0.011052297282558837
33155,-0.010915618152802259
33156,-0.010778885156672023
33157,-0.010642098968919622
33158,-0.010505260264556416
33159,-0.010368369718853793
33160,-0.010231428007338096
33161,-0.01009443580579079
33162,-0.009957393790239868
33163,-0.009820302636959143
33164,-0.009683163022467545
33165,-0.00954597562352052
33166,-0.009408741117110198
33167,-0.009271460180460293
33168,-0.009134133491026283
33169,-0.008996761726486788
33170,-0.008859345564743742
33171,-0.008721885683917296
33172,-0.008584382762345981
33173,-0.008446837478578086
33174,-0.008309250511370946
33175,-0.008171622539690244
33176,-0.008033954242701364
33177,-0.007896246299769571
33178,-0.007758499390454891
33179,-0.007620714194512286
33180,-0.007482891391883013
33181,-0.007345031662694789
33182,-0.007207135687256675
33183,-0.007069204146059246
33184,-0.006931237719765941
33185,-0.006793237089212349
33186,-0.0066552029354054985
33187,-0.0065171359395151994
33188,-0.006379036782874215
33189,-0.006240906146973131
33190,-0.006102744713460527
33191,-0.005964553164134312
33192,-0.005826332180941896
33193,-0.005688082445975053
33194,-0.0055498046414700925
33195,-0.005411499449799193
33196,-0.005273167553469679
33197,-0.005134809635123314
33198,-0.004996426377527617
33199,-0.00485801846357604
33200,-0.004719586576282821
33201,-0.00458113139878316
33202,-0.00444265361432453
33203,-0.0043041539062659675
33204,-0.004165632958077353
33205,-0.004027091453330727
33206,-0.0038885300757004566
33207,-0.003749949508958092
33208,-0.0036113504369725377
33209,-0.0034727335437013574
33210,-0.0033340995131909456
33211,-0.00319544902957138
33212,-0.0030567827770565906
33213,-0.0029181014399356636
33214,-0.0027794057025721246
33215,-0.0026406962494032217
33216,-0.002501973764931228
33217,-0.0023632389337236094
33218,-0.0022244924404078736
33219,-0.0020857349696717406
33220,-0.001946967206254439
33221,-0.0018081898349468783
33222,-0.0016694035405864917
33223,-0.0015306090080574103
33224,-0.0013918069222817553
33225,-0.0012529979682189213
33226,-0.0011141828308648607
33227,-0.0009753621952433747
33228,-0.000836536746406286
33229,-0.0006977071694282811
33230,-0.0005588741494070824
33231,-0.00042003837145473873
33232,-0.0002812005206977968
33233,-0.0001423612822721441
33234,-3.5213413231804605e-06
33235,0.000135318617002892
33236,0.0002741579075597854
33237,0.00041299584520184264
33238,0.0005518317447927475
33239,0.0006906649212053529
33240,0.0008294946893268384
33241,0.0009683203640585383
33242,0.0011071412603246512
33243,0.0012459566930720686
33244,0.0013847659772755312
33245,0.0015235684279374573
33246,0.001662363360096652
33247,0.0018011500888290219
33248,0.0019399279292482926
33249,0.002078696196514715
33250,0.0022174542058348945
33251,0.002356201272466944
33252,0.0024949367117203143
33253,0.0026336598389644973
33254,0.0027723699696297417
33255,0.002911066419207771
33256,0.0030497485032604825
33257,0.003188415537419778
33258,0.0033270668373927142
33259,0.0034657017189613326
33260,0.0036043194979913555
33261,0.0037429194904320174
33262,0.003881501012321212
33263,0.004020063379785322
33264,0.004158605909047913
33265,0.004297127916430446
33266,0.004435628718352997
33267,0.004574107631342947
33268,0.004712563972034802
33269,0.00485099705717535
33270,0.004989406203623479
33271,0.005127790728358869
33272,0.005266149948481818
33273,0.005404483181218378
33274,0.005542789743920194
33275,0.005681068954073174
33276,0.005819320129298205
33277,0.005957542587351868
33278,0.006095735646135112
33279,0.006233898623693077
33280,0.006372030838220237
33281,0.006510131608060219
33282,0.006648200251714478
33283,0.00678623608784212
33284,0.006924238435265032
33285,0.007062206612967714
33286,0.007200139940105933
33287,0.007338037736007437
33288,0.007475899320172669
33289,0.007613724012283412
33290,0.007751511132202626
33291,0.007889259999979558
33292,0.008026969935849585
33293,0.008164640260242842
33294,0.008302270293784943
33295,0.008439859357297684
33296,0.008577406771807683
33297,0.008714911858546209
33298,0.008852373938954283
33299,0.008989792334682523
33300,0.009127166367599757
33301,0.009264495359792855
33302,0.009401778633571828
33303,0.009539015511469674
33304,0.009676205316250968
33305,0.009813347370912589
33306,0.009950440998684418
33307,0.010087485523037945
33308,0.010224480267686098
33309,0.010361424556588334
33310,0.01049831771395047
33311,0.010635159064233278
33312,0.010771947932152309
33313,0.010908683642682977
33314,0.011045365521060396
33315,0.011181992892787953
33316,0.011318565083638016
33317,0.011455081419652633
33318,0.011591541227152112
33319,0.01172794383273484
33320,0.011864288563282357
33321,0.012000574745959187
33322,0.012136801708221396
33323,0.012272968777816412
33324,0.012409075282788102
33325,0.012545120551476585
33326,0.012681103912526786
33327,0.012817024694889129
33328,0.012952882227820244
33329,0.013088675840891493
33330,0.013224404863988798
33331,0.013360068627317687
33332,0.013495666461403131
33333,0.01363119769709805
33334,0.013766661665583149
33335,0.013902057698371943
33336,0.014037385127310602
33337,0.014172643284586442
33338,0.014307831502728614
33339,0.014442949114608816
33340,0.014577995453449764
33341,0.014712969852825029
33342,0.014847871646664049
33343,0.014982700169251972
33344,0.01511745475523811
33345,0.015252134739636637
33346,0.015386739457827283
33347,0.015521268245563793
33348,0.015655720438973744
33349,0.015790095374563554
33350,0.01592439238921832
33351,0.016058610820210227
33352,0.01619275000519841
33353,0.016326809282233914
33354,0.01646078798975955
33355,0.016594685466618287
33356,0.016728501052053958
33357,0.016862234085711934
33358,0.016995883907647547
33359,0.017129449858325888
33360,0.017262931278626804
33361,0.01739632750984471
33362,0.017529637893696985
33363,0.01766286177232378
33364,0.017795998488292997
33365,0.017929047384600102
33366,0.018062007804676497
33367,0.018194879092390186
33368,0.018327660592046484
33369,0.01846035164839633
33370,0.01859295160663614
33371,0.01872545981241273
33372,0.018857875611823144
33373,0.018990198351422988
33374,0.01912242737822624
33375,0.019254562039710182
33376,0.019386601683815237
33377,0.019518545658953255
33378,0.019650393314008183
33379,0.019782143998336766
33380,0.019913797061776806
33381,0.02004535185464701
33382,0.020176807727751857
33383,0.02030816403238146
33384,0.020439420120319806
33385,0.020570575343845432
33386,0.02070162905573209
33387,0.02083258060925701
33388,0.02096342935820069
33389,0.021094174656851802
33390,0.02122481586000701
33391,0.021355352322979172
33392,0.02148578340159719
33393,0.021616108452210847
33394,0.021746326831690647
33395,0.021876437897436003
33396,0.02200644100737589
33397,0.022136335519969533
33398,0.02226612079421456
33399,0.02239579618964683
33400,0.022525361066345263
33401,0.022654814784931688
33402,0.022784156706578955
33403,0.02291338619301078
33404,0.02304250260650655
33405,0.02317150530990117
33406,0.02330039366659316
33407,0.023429167040545314
33408,0.02355782479628537
33409,0.023686366298914085
33410,0.023814790914105093
33411,0.023943098008109648
33412,0.024071286947756496
33413,0.02419935710045991
33414,0.02432730783421953
33415,0.02445513851762512
33416,0.024582848519856423
33417,0.024710437210691168
33418,0.024837903960505725
33419,0.02496524814027578
33420,0.025092469121584318
33421,0.02521956627662147
33422,0.02534653897818924
33423,0.025473386599701338
33424,0.025600108515191164
33425,0.025726704099311642
33426,0.025853172727339918
33427,0.025979513775177217
33428,0.026105726619356773
33429,0.026231810637044474
33430,0.026357765206039527
33431,0.02648358970478236
33432,0.02660928351235446
33433,0.02673484600848305
33434,0.026860276573540957
33435,0.026985574588554447
33436,0.027110739435203906
33437,0.027235770495824475
33438,0.0273606671534139
33439,0.02748542879163238
33440,0.027610054794807205
33441,0.027734544547932605
33442,0.02785889743667757
33443,0.027983112847385687
33444,0.02810719016707976
33445,0.02823112878346168
33446,0.028354928084920166
33447,0.02847858746053145
33448,0.02860210630005988
33449,0.0287254839939657
33450,0.028848719933404897
33451,0.028971813510233757
33452,0.02909476411700875
33453,0.029217571146994227
33454,0.02934023399416228
33455,0.029462752053197296
33456,0.02958512471949581
33457,0.029707351389174193
33458,0.029829431459069272
33459,0.029951364326738984
33460,0.03007314939047001
33461,0.03019478604927764
33462,0.030316273702910283
33463,0.030437611751849333
33464,0.030558799597316777
33465,0.030679836641275063
33466,0.03080072228643157
33467,0.03092145593623849
33468,0.0310420369949004
33469,0.031162464867374878
33470,0.031282738959373134
33471,0.03140285867736757
33472,0.03152282342859162
33473,0.031642632621044206
33474,0.031762285663489605
33475,0.03188178196546498
33476,0.03200112093728094
33477,0.032120301990022235
33478,0.03223932453555516
33479,0.0323581879865275
33480,0.032476891756372854
33481,0.03259543525931055
33482,0.0327138179103531
33483,0.032832039125305995
33484,0.032950098320772156
33485,0.033067994914151765
33486,0.033185728323649695
33487,0.03330329796827606
33488,0.0334207032678469
33489,0.03353794364299151
33490,0.033655018515152284
33491,0.03377192730658911
33492,0.033888669440379195
33493,0.034005244340424415
33494,0.034121651431451176
33495,0.0342378901390147
33496,0.03435395988949895
33497,0.034469860110123866
33498,0.034585590228945993
33499,0.034701149674859065
33500,0.03481653787760128
33501,0.03493175426775514
33502,0.03504679827675175
33503,0.03516166933687067
33504,0.03527636688124713
33505,0.0353908903438719
33506,0.03550523915959553
33507,0.035619412764128236
33508,0.03573341059404704
33509,0.035847232086796396
33510,0.035960876680688744
33511,0.036074343814911675
33512,0.036187632929527785
33513,0.03630074346547887
33514,0.03641367486458582
33515,0.03652642656955569
33516,0.03663899802398157
33517,0.03675138867234678
33518,0.036863597960024704
33519,0.03697562533328586
33520,0.0370874702392985
33521,0.037199132126129145
33522,0.03731061044274964
33523,0.037421904639036975
33524,0.03753301416577748
33525,0.03764393847466662
33526,0.037754677018316044
33527,0.03786522925025409
33528,0.037975594624926376
33529,0.03808577259770277
33530,0.038195762624877214
33531,0.03830556416367181
33532,0.03841517667223673
33533,0.038524599609657054
33534,0.03863383243595268
33535,0.03874287461208234
33536,0.03885172559994351
33537,0.03896038486237923
33538,0.03906885186317866
33539,0.039177126067077656
33540,0.03928520693976556
33541,0.03939309394788507
33542,0.039500786559036286
33543,0.0396082842417765
33544,0.03971558646562705
33545,0.0398226927010731
33546,0.03992960241956768
33547,0.040036315093531546
33548,0.04014283019635986
33549,0.04024914720242277
33550,0.04035526558706594
33551,0.040461184826617244
33552,0.04056690439838661
33553,0.04067242378066995
33554,0.040777742452749066
33555,0.04088285989489824
33556,0.0409877755883841
33557,0.04109248901546956
33558,0.041196999659413626
33559,0.04130130700447804
33560,0.04140541053592777
33561,0.041509309740031565
33562,0.041613004104068485
33563,0.04171649311632777
33564,0.04181977626611269
33565,0.04192285304374042
33566,0.04202572294054853
33567,0.04212838544889548
33568,0.04223084006216122
33569,0.042333086274753545
33570,0.04243512358210804
33571,0.04253695148069183
33572,0.042638569468003484
33573,0.0427399770425794
33574,0.04284117370399365
33575,0.042942158952861784
33576,0.043042932290840684
33577,0.04314349322063491
33578,0.043243841245997214
33579,0.04334397587172904
33580,0.04344389660368689
33581,0.04354360294878209
33582,0.04364309441498459
33583,0.04374237051132281
33584,0.04384143074788989
33585,0.04394027463584355
33586,0.04403890168740978
33587,0.04413731141588272
33588,0.044235503335630866
33589,0.04433347696209751
33590,0.04443123181180134
33591,0.044528767402342524
33592,0.0446260832524026
33593,0.04472317888174812
33594,0.04482005381123049
33595,0.04491670756279212
33596,0.04501313965946623
33597,0.045109349625380525
33598,0.04520533698575698
33599,0.045301101266917984
33600,0.04539664199628673
33601,0.04549195870238777
33602,0.045587050914853024
33603,0.0456819181644216
33604,0.04577655998294338
33605,0.04587097590337887
33606,0.045965165459805175
33607,0.046059128187415824
33608,0.04615286362252433
33609,0.04624637130256403
33610,0.046339650766094
33611,0.0464327015527995
33612,0.046525523203492486
33613,0.04661811526011744
33614,0.046710477265751255
33615,0.04680260876460666
33616,0.0468945093020321
33617,0.04698617842451759
33618,0.047077615679695074
33619,0.04716882061633898
33620,0.04725979278437195
33621,0.04735053173486468
33622,0.047441037020039344
33623,0.04753130819326947
33624,0.04762134480908561
33625,0.047711146423175234
33626,0.04780071259238607
33627,0.04789004287472601
33628,0.0479791368293687
33629,0.04806799401665403
33630,0.048156613998088564
33631,0.04824499633635116
33632,0.04833314059529281
33633,0.04842104633993995
33634,0.04850871313649433
33635,0.048596140552338574
33636,0.04868332815603603
33637,0.048770275517334025
33638,0.04885698220716375
33639,0.04894344779764576
33640,0.04902967186209037
33641,0.0491156539749981
33642,0.04920139371206514
33643,0.04928689065018319
33644,0.04937214436744265
33645,0.049457154443132555
33646,0.049541920457745865
33647,0.049626441992979414
33648,0.04971071863173702
33649,0.049794749958129395
33650,0.049878535557479446
33651,0.04996207501632268
33652,0.05004536792240766
33653,0.050128413864701224
33654,0.05021121243338843
33655,0.05029376321987556
33656,0.05037606581679009
33657,0.05045811981798584
33658,0.05053992481854341
33659,0.05062148041477056
33660,0.05070278620420742
33661,0.050783841785626324
33662,0.050864646759034855
33663,0.05094520072567573
33664,0.05102550328803191
33665,0.05110555404982645
33666,0.05118535261602551
33667,0.05126489859283824
33668,0.051344191587721806
33669,0.051423231209381796
33670,0.05150201706777261
33671,0.05158054877410244
33672,0.051658825940833174
33673,0.051736848181683275
33674,0.051814615111627736
33675,0.051892126346902955
33676,0.05196938150500663
33677,0.05204638020470063
33678,0.05212312206601093
33679,0.05219960671023242
33680,0.0522758337599293
33681,0.05235180283893551
33682,0.05242751357235943
33683,0.0525029655865839
33684,0.05257815850926892
33685,0.052653091969351626
33686,0.05272776559705101
33687,0.052802179023867774
33688,0.052876331882587155
33689,0.05295022380727881
33690,0.05302385443330148
33691,0.05309722339730334
33692,0.05317033033722244
33693,0.053243174892291245
33694,0.05331575670303657
33695,0.05338807541128229
33696,0.05346013066014926
33697,0.053531922094059825
33698,0.05360344935873774
33699,0.053674712101210845
33700,0.053745709969810984
33701,0.05381644261417845
33702,0.05388690968526237
33703,0.05395711083532107
33704,0.05402704571792649
33705,0.054096713987964104
33706,0.054166115301635495
33707,0.054235249316458296
33708,0.05430411569127054
33709,0.054372714086231004
33710,0.05444104416281958
33711,0.05450910558384157
33712,0.05457689801342758
33713,0.054644421117036095
33714,0.054711674561453365
33715,0.054778658014797636
33716,0.05484537114651909
33717,0.05491181362740231
33718,0.0549779851295662
33719,0.05504388532646819
33720,0.05510951389290451
33721,0.05517487050501061
33722,0.055239954840265205
33723,0.055304766577490234
33724,0.05536930539685327
33725,0.055433570979867446
33726,0.05549756300939548
33727,0.05556128116964962
33728,0.05562472514619401
33729,0.05568789462594462
33730,0.05575078929717322
33731,0.0558134088495077
33732,0.055875752973932415
33733,0.05593782136279207
33734,0.055999613709791715
33735,0.05606112970999897
33736,0.056122369059844
33737,0.05618333145712337
33738,0.05624401660099995
33739,0.05630442419200519
33740,0.056364553932039034
33741,0.05642440552437375
33742,0.05648397867365418
33743,0.0565432730858981
33744,0.05660228846849993
33745,0.056661024530230655
33746,0.05671948098124006
33747,0.05677765753305659
33748,0.056835553898591074
33749,0.05689316979213665
33750,0.05695050492937086
33751,0.057007559027355645
33752,0.057064331804540916
33753,0.057120822980764825
33754,0.057177032277254104
33755,0.05723295941662758
33756,0.057288604122896096
33757,0.05734396612146462
33758,0.05739904513913215
33759,0.05745384090409521
33760,0.057508353145948085
33761,0.05756258159568319
33762,0.0576165259856944
33763,0.05767018604977705
33764,0.057723561523129886
33765,0.057776652142355035
33766,0.057829457645461345
33767,0.057881977771864324
33768,0.05793421226238807
33769,0.05798616085926525
33770,0.05803782330614036
33771,0.05808919934806997
33772,0.05814028873152303
33773,0.058191091204384066
33774,0.058241606515953136
33775,0.058291834416947685
33776,0.058341774659502514
33777,0.05839142699717293
33778,0.058440791184934664
33779,0.05848986697918573
33780,0.05853865413774635
33781,0.058587152419862065
33782,0.05863536158620394
33783,0.05868328139886886
33784,0.05873091162138252
33785,0.058778252018699385
33786,0.058825302357204456
33787,0.058872062404713196
33788,0.05891853193047452
33789,0.05896471070517068
33790,0.05901059850091905
33791,0.05905619509127202
33792,0.059101500251219914
33793,0.05914651375719121
33794,0.059191235387052746
33795,0.059235664920112605
33796,0.05927980213712
33797,0.05932364682026696
33798,0.05936719875318825
33799,0.059410457720964156
33800,0.05945342351012068
33801,0.059496095908629774
33802,0.05953847470591203
33803,0.05958055969283664
33804,0.05962235066172295
33805,0.05966384740634043
33806,0.0597050497219113
33807,0.05974595740511043
33808,0.05978657025406691
33809,0.05982688806836403
33810,0.05986691064904177
33811,0.05990663779859701
33812,0.05994606932098378
33813,0.05998520502161574
33814,0.06002404470736609
33815,0.06006258818656907
33816,0.0601008352690199
33817,0.0601387857659772
33818,0.06017643949016291
33819,0.060213796255763744
33820,0.060250855878431125
33821,0.06028761817528353
33822,0.06032408296490669
33823,0.060360250067353745
33824,0.06039611930414758
33825,0.06043169049828075
33826,0.060466963474216824
33827,0.06050193805789032
33828,0.06053661407670896
33829,0.060570991359553586
33830,0.06060506973677946
33831,0.060638849040216235
33832,0.06067232910317009
33833,0.06070550976042386
33834,0.060738390848237296
33835,0.06077097220434907
33836,0.060803253667976766
33837,0.06083523507981808
33838,0.060866916282050786
33839,0.06089829711833475
33840,0.060929377433811875
33841,0.060960157075107275
33842,0.06099063589032924
33843,0.06102081372907117
33844,0.0610506904424117
33845,0.0610802658829149
33846,0.06110953990463214
33847,0.06113851236310202
33848,0.06116718311535149
33849,0.06119555201989581
33850,0.06122361893674034
33851,0.06125138372738068
33852,0.06127884625480286
33853,0.061306006383485004
33854,0.06133286397939736
33855,0.0613594189100033
33856,0.06138567104425924
33857,0.06141162025261637
33858,0.061437266407020595
33859,0.06146260938091347
33860,0.06148764904923221
33861,0.06151238528841126
33862,0.06153681797638245
33863,0.06156094699257506
33864,0.06158477221791743
33865,0.061608293534836885
33866,0.06163151082726061
33867,0.061654423980615665
33868,0.06167703288183041
33869,0.06169933741933447
33870,0.06172133748305961
33871,0.061743032964439656
33872,0.061764423756411946
33873,0.06178550975341736
33874,0.061806290851400485
33875,0.06182676694781094
33876,0.06184693794160332
33877,0.06186680373323797
33878,0.061886364224680954
33879,0.061905619319405324
33880,0.061924568922391086
33881,0.06194321294012588
33882,0.061961551280605
33883,0.06197958385333256
33884,0.061997310569321576
33885,0.06201473134109404
33886,0.06203184608268208
33887,0.0620486547096279
33888,0.06206515713898442
33889,0.06208135328931527
33890,0.06209724308069583
33891,0.062112826434713275
33892,0.0621281032744667
33893,0.0621430735245681
33894,0.06215773711114229
33895,0.06217209396182753
33896,0.062186144005775476
33897,0.06219988717365209
33898,0.062213323397637604
33899,0.062226452611427056
33900,0.06223927475023026
33901,0.062251789750772626
33902,0.062263997551295226
33903,0.062275898091554885
33904,0.062287491312824905
33905,0.06229877715789508
33906,0.06230975557107212
33907,0.06232042649817962
33908,0.06233078988655879
33909,0.0623408456850684
33910,0.06235059384408516
33911,0.06236003431550376
33912,0.062369167052737436
33913,0.06237799201071803
33914,0.06238650914589605
33915,0.0623947184162412
33916,0.0624026197812424
33917,0.06241021320190804
33918,0.06241749864076603
33919,0.06242447606186425
33920,0.06243114543077054
33921,0.062437506714572946
33922,0.06244355988187973
33923,0.06244930490281978
33924,0.062454741749042614
33925,0.06245987039371841
33926,0.062464690811538395
33927,0.06246920297871477
33928,0.062473406872980926
33929,0.06247730247359144
33930,0.06248088976132234
33931,0.06248416871847109
33932,0.062487139328856696
33933,0.062489801577819776
33934,0.062492155452222684
33935,0.06249420094044954
33936,0.06249593803240624
33937,0.062497366719520595
33938,0.062498486994742336
33939,0.06249929885254313
33940,0.062499802288916606
33941,0.06249999730137842
33942,0.06249988388896622
33943,0.06249946205223968
33944,0.06249873179328047
33945,0.062497693115692275
33946,0.06249634602460076
33947,0.062494690526653546
33948,0.06249272663002019
33949,0.06249045434439211
33950,0.062487873680982575
33951,0.062484984652526665
33952,0.06248178727328114
33953,0.062478281559024386
33954,0.06247446752705645
33955,0.06247034519619879
33956,0.06246591458679427
33957,0.06246117572070703
33958,0.06245612862132248
33959,0.062450773313546995
33960,0.062445109823807944
33961,0.06243913818005347
33962,0.0624328584117525
33963,0.0624262705498944
33964,0.06241937462698888
33965,0.06241217067706602
33966,0.062404658735675814
33967,0.062396838839888176
33968,0.06238871102829267
33969,0.0623802753409985
33970,0.062371531819634035
33971,0.06236248050734679
33972,0.062353121448803096
33973,0.06234345469018814
33974,0.06233348027920537
33975,0.06232319826507643
33976,0.0623126086985411
33977,0.0623017116318567
33978,0.06229050711879806
33979,0.0622789952146571
33980,0.06226717597624291
33981,0.06225504946188096
33982,0.06224261573141308
33983,0.06222987484619737
33984,0.06221682686910745
33985,0.06220347186453246
33986,0.062189809898376566
33987,0.06217584103805898
33988,0.062161565352513125
33989,0.062146982912186635
33990,0.06213209378904081
33991,0.06211689805655065
33992,0.06210139578970395
33993,0.062085587065001155
33994,0.062069471960455334
33995,0.06205305055559118
33996,0.06203632293144501
33997,0.062019289170564165
33998,0.062001949357007036
33999,0.06198430357634199
34000,0.0619663519156474
34001,0.06194809446351097
34002,0.06192953131002977
34003,0.0619106625468091
34004,0.06189148826696239
34005,0.061872008565111075
34006,0.06185222353738343
34007,0.06183213328141458
34008,0.06181173789634574
34009,0.061791037482824294
34010,0.06177003214300247
34011,0.06174872198053739
34012,0.061727107100590255
34013,0.06170518760982641
34014,0.061682963616414
34015,0.06166043523002378
34016,0.06163760256182908
34017,0.06161446572450439
34018,0.06159102483222531
34019,0.061567280000667766
34020,0.06154323134700802
34021,0.06151887898992117
34022,0.06149422304958119
34023,0.06146926364765999
34024,0.061444000907327524
34025,0.061418434953250146
34026,0.061392565911590515
34027,0.06136639391000746
34028,0.06133991907765437
34029,0.061313141545179195
34030,0.06128606144472348
34031,0.061258678909922405
34032,0.06123099407590308
34033,0.06120300707928439
34034,0.061174718058176876
34035,0.06114612715218098
34036,0.061117234502387034
34037,0.06108804025137426
34038,0.06105854454321077
34039,0.061028747523451735
34040,0.06099864933913944
34041,0.06096825013880216
34042,0.060937550072454195
34043,0.060906549291593996
34044,0.060875247949203945
34045,0.06084364619975025
34046,0.060811744199180985
34047,0.060779542104926074
34048,0.06074704007589614
34049,0.060714238272482554
34050,0.0606811368565554
34051,0.06064773599146348
34052,0.0606140358420331
34053,0.06058003657456814
34054,0.06054573835684789
34055,0.060511141358126935
34056,0.06047624574913491
34057,0.06044105170207439
34058,0.06040555939062088
34059,0.06036976898992156
34060,0.06033368067659529
34061,0.06029729462873038
34062,0.06026061102588464
34063,0.06022363004908401
34064,0.06018635188082261
34065,0.06014877670506045
34066,0.060110904707223196
34067,0.060072736074202
34068,0.06003427099435112
34069,0.05999550965748797
34070,0.059956452254891664
34071,0.059917098979303106
34072,0.05987745002492252
34073,0.05983750558740924
34074,0.05979726586388151
34075,0.05975673105291399
34076,0.05971590135453781
34077,0.059674776970239006
34078,0.05963335810295865
34079,0.05959164495709023
34080,0.05954963773847971
34081,0.059507336654423953
34082,0.05946474191367083
34083,0.0594218537264165
34084,0.059378672304305255
34085,0.059335197860429234
34086,0.05929143060932578
34087,0.05924737076697745
34088,0.05920301855081038
34089,0.05915837417969437
34090,0.05911343787394011
34091,0.059068209855299196
34092,0.05902269034696248
34093,0.05897687957356014
34094,0.05893077776115879
34095,0.05888438513726129
34096,0.058837701930806466
34097,0.05879072837216622
34098,0.058743464693145585
34099,0.058695911126980985
34100,0.05864806790834027
34101,0.05859993527331976
34102,0.058551513459444315
34103,0.058502802705665484
34104,0.058453803252361644
34105,0.05840451534133489
34106,0.058354939215810794
34107,0.05830507512043818
34108,0.05825492330128596
34109,0.058204484005843264
34110,0.05815375748301749
34111,0.058102743983134454
34112,0.05805144375793515
34113,0.057999857060575845
34114,0.057947984145626144
34115,0.05789582526906908
34116,0.05784338068829784
34117,0.05779065066211553
34118,0.05773763545073484
34119,0.05768433531577482
34120,0.05763075052026087
34121,0.057576881328622806
34122,0.057522728006694904
34123,0.05746829082171253
34124,0.05741357004231186
34125,0.057358565938529595
34126,0.057303278781799534
34127,0.05724770884495265
34128,0.057191856402215004
34129,0.05713572172920784
34130,0.05707930510294409
34131,0.05702260680182842
34132,0.05696562710565513
34133,0.05690836629560826
34134,0.05685082465425799
34135,0.05679300246556033
34136,0.05673490001485686
34137,0.056676517588871066
34138,0.05661785547570845
34139,0.056558913964854324
34140,0.056499693347173904
34141,0.05644019391490861
34142,0.056380415961676124
34143,0.056320359782468216
34144,0.05626002567365076
34145,0.05619941393296003
34146,0.05613852485950235
34147,0.056077358753753796
34148,0.05601591591755634
34149,0.055954196654118014
34150,0.0558922012680105
34151,0.05582993006516933
34152,0.05576738335288992
34153,0.055704561439827674
34154,0.055641464635995654
34155,0.05557809325276465
34156,0.055514447602859264
34157,0.05545052800035752
34158,0.05538633476069056
34159,0.055321868200638676
34160,0.05525712863833133
34161,0.05519211639324477
34162,0.05512683178620215
34163,0.05506127513936941
34164,0.05499544677625495
34165,0.054929347021709304
34166,0.054862976201921
34167,0.05479633464441664
34168,0.05472942267805843
34169,0.05466224063304428
34170,0.054594788840903595
34171,0.054527067634497356
34172,0.05445907734801562
34173,0.0543908183169776
34174,0.054322290878227396
34175,0.05425349536993366
34176,0.05418443213158921
34177,0.054115101504006766
34178,0.05404550382931897
34179,0.05397563945097586
34180,0.05390550871374494
34181,0.0538351119637068
34182,0.05376444954825519
34183,0.053693521816094415
34184,0.05362232911723944
34185,0.05355087180301139
34186,0.053479150226037254
34187,0.05340716474024945
34188,0.05333491570088137
34189,0.05326240346446743
34190,0.053189628388840435
34191,0.05311659083313161
34192,0.053043291157766105
34193,0.05296972972446301
34194,0.0528959068962327
34195,0.052821823037376855
34196,0.052747478513483916
34197,0.052672873691428625
34198,0.052598008939371665
34199,0.05252288462675502
34200,0.052447501124302
34201,0.0523718588040145
34202,0.052295958039173064
34203,0.05221979920433218
34204,0.052143382675320316
34205,0.05206670882923714
34206,0.05198977804445359
34207,0.05191259070060706
34208,0.051835147178601035
34209,0.051757447860604655
34210,0.051679493130047875
34211,0.051601283371621565
34212,0.05152281897127459
34213,0.05144410031621394
34214,0.051365127794899795
34215,0.05128590179704509
34216,0.05120642271361517
34217,0.05112669093682275
34218,0.051046706860128056
34219,0.050966470878235866
34220,0.05088598338709558
34221,0.050805244783896204
34222,0.050724255467066465
34223,0.05064301583627177
34224,0.05056152629241433
34225,0.0504797872376281
34226,0.050397799075278284
34227,0.05031556220996097
34228,0.05023307704749797
34229,0.05015034399493692
34230,0.050067363460548193
34231,0.04998413585382505
34232,0.04990066158547841
34233,0.04981694106743693
34234,0.049732974712843936
34235,0.04964876293605753
34236,0.04956430615264529
34237,0.04947960477938385
34238,0.049394659234258495
34239,0.04930946993645779
34240,0.04922403730637374
34241,0.049138361765598576
34242,0.049052443736924904
34243,0.0489662836443403
34244,0.04887988191302746
34245,0.04879323896936091
34246,0.048706355240907204
34247,0.04861923115641946
34248,0.048531867145836904
34249,0.048444263640284396
34250,0.048356421072067016
34251,0.0482683398746701
34252,0.04818002048275602
34253,0.04809146333216428
34254,0.04800266885990599
34255,0.04791363750416337
34256,0.04782436970428935
34257,0.04773486590080192
34258,0.0476451265353843
34259,0.04755515205088157
34260,0.04746494289130081
34261,0.047374499501805424
34262,0.04728382232871531
34263,0.04719291181950342
34264,0.047101768422795946
34265,0.04701039258836657
34266,0.046918784767136006
34267,0.04682694541117155
34268,0.04673487497368129
34269,0.04664257390901426
34270,0.046550042672657
34271,0.046457281721233666
34272,0.046364291512500246
34273,0.04627107250534465
34274,0.04617762515978328
34275,0.046083949936961105
34276,0.04599004729914586
34277,0.045895917709727514
34278,0.045801561633217795
34279,0.04570697953524429
34280,0.045612171882550574
34281,0.04551713914299268
34282,0.045421881785539193
34283,0.04532640028026536
34284,0.04523069509835314
34285,0.04513476671208767
34286,0.04503861559485741
34287,0.04494224222114811
34288,0.04484564706654229
34289,0.044748830607718795
34290,0.04465179332244668
34291,0.04455453568958538
34292,0.04445705818908106
34293,0.04435936130196674
34294,0.04426144551035625
34295,0.04416331129744425
34296,0.04406495914750263
34297,0.04396638954588068
34298,0.04386760297899887
34299,0.04376859993434832
34300,0.04366938090049035
34301,0.043569946367050236
34302,0.043470296824717335
34303,0.04337043276524139
34304,0.043270354681432664
34305,0.04317006306715566
34306,0.04306955841732861
34307,0.04296884122792297
34308,0.0428679119959571
34309,0.042766771219496395
34310,0.04266541939764953
34311,0.04256385703056857
34312,0.042462084619442675
34313,0.042360102666498145
34314,0.042257911674994694
34315,0.042155512149225534
34316,0.04205290459451102
34317,0.041950089517198065
34318,0.04184706742465964
34319,0.041743838825288336
34320,0.04164040422849644
34321,0.04153676414471217
34322,0.04143291908537974
34323,0.0413288695629529
34324,0.04122461609089504
34325,0.04112015918367535
34326,0.04101549935676891
34327,0.04091063712665019
34328,0.040805573010792455
34329,0.04070030752766726
34330,0.04059484119673785
34331,0.04048917453845929
34332,0.040383308074274524
34333,0.04027724232661455
34334,0.04017097781889176
34335,0.04006451507550004
34336,0.03995785462181087
34337,0.03985099698417343
34338,0.03974394268990791
34339,0.03963669226730497
34340,0.03952924624562517
34341,0.03942160515509226
34342,0.03931376952689329
34343,0.03920573989317465
34344,0.039097516787042146
34345,0.03898910074255429
34346,0.03888049229472167
34347,0.03877169197950647
34348,0.03866270033381558
34349,0.03855351789550079
34350,0.038444145203354686
34351,0.038334582797110835
34352,0.0382248312174369
34353,0.03811489100593479
34354,0.03800476270513655
34355,0.03789444685850454
34356,0.03778394401042447
34357,0.03767325470620491
34358,0.03756237949207664
34359,0.037451318915185786
34360,0.03734007352359385
34361,0.0372286438662737
34362,0.03711703049310962
34363,0.037005233954890374
34364,0.03689325480330932
34365,0.036781093590960254
34366,0.03666875087133756
34367,0.036556227198829165
34368,0.03644352312871598
34369,0.03633063921717127
34370,0.036217576021253646
34371,0.03610433409890717
34372,0.03599091400895714
34373,0.03587731631111026
34374,0.035763541565947535
34375,0.03564959033492436
34376,0.035535463180366336
34377,0.0354211606654694
34378,0.03530668335429267
34379,0.03519203181175783
34380,0.035077206603648596
34381,0.03496220829660344
34382,0.03484703745811581
34383,0.03473169465652981
34384,0.034616180461040376
34385,0.034500495441686006
34386,0.034384640169348925
34387,0.03426861521575078
34388,0.03415242115345279
34389,0.03403605855584845
34390,0.03391952799716297
34391,0.033802830052452625
34392,0.033685965297597466
34393,0.03356893430930149
34394,0.03345173766508825
34395,0.033334375943301034
34396,0.03321684972309551
34397,0.0330991595844391
34398,0.03298130610811039
34399,0.03286328987569175
34400,0.03274511146956949
34401,0.03262677147292941
34402,0.03250827046975705
34403,0.032389609044830174
34404,0.032270787783718974
34405,0.032151807272781635
34406,0.03203266809916449
34407,0.031913370850794556
34408,0.03179391611637891
34409,0.0316743044854041
34410,0.031554536548128606
34411,0.031434612895583046
34412,0.03131453411956567
34413,0.031194300812642538
34414,0.031073913568139995
34415,0.03095337298014479
34416,0.030832679643499634
34417,0.030711834153803325
34418,0.030590837107403204
34419,0.03046968910139449
34420,0.03034839073361971
34421,0.030226942602661046
34422,0.030105345307840516
34423,0.029983599449215456
34424,0.029861705627578665
34425,0.029739664444450774
34426,0.0296174765020804
34427,0.02949514240343959
34428,0.029372662752224
34429,0.029250038152845215
34430,0.029127269210430098
34431,0.029004356530820175
34432,0.02888130072056393
34433,0.028758102386916954
34434,0.028634762137837375
34435,0.028511280581986008
34436,0.028387658328718625
34437,0.028263895988085302
34438,0.028139994170829803
34439,0.0280159534883818
34440,0.027891774552857025
34441,0.027767457977052674
34442,0.02764300437444755
34443,0.027518414359194273
34444,0.027393688546119427
34445,0.027268827550718928
34446,0.027143831989158186
34447,0.027018702478264277
34448,0.026893439635525287
34449,0.026768044079089667
34450,0.02664251642775838
34451,0.026516857300985054
34452,0.02639106731887132
34453,0.02626514710216696
34454,0.02613909727226203
34455,0.026012918451187004
34456,0.02588661126160809
34457,0.025760176326827394
34458,0.025633614270775006
34459,0.02550692571800831
34460,0.025380111293711375
34461,0.025253171623686982
34462,0.025126107334356784
34463,0.024998919052756596
34464,0.024871607406536544
34465,0.0247441730239531
34466,0.024616616533869227
34467,0.024488938565749643
34468,0.024361139749660986
34469,0.024233220716263812
34470,0.024105182096811912
34471,0.023977024523151678
34472,0.023848748627714047
34473,0.023720355043514687
34474,0.023591844404149194
34475,0.023463217343793287
34476,0.02333447449719473
34477,0.023205616499673492
34478,0.02307664398711696
34479,0.022947557595980106
34480,0.022818357963277396
34481,0.022689045726582115
34482,0.022559621524025714
34483,0.022430085994289684
34484,0.02230043977660573
34485,0.02217068351075093
34486,0.022040817837047946
34487,0.021910843396356832
34488,0.02178076083007439
34489,0.021650570780133504
34490,0.02152027388899496
34491,0.021389870799647628
34492,0.021259362155603596
34493,0.021128748600898358
34494,0.020998030780082617
34495,0.020867209338222434
34496,0.020736284920894393
34497,0.02060525817418574
34498,0.020474129744686195
34499,0.020342900279487257
34500,0.020211570426181533
34501,0.020080140832854504
34502,0.019948612148084695
34503,0.019816985020938777
34504,0.019685260100971744
34505,0.01955343803821865
34506,0.019421519483194778
34507,0.019289505086890726
34508,0.01915739550077259
34509,0.019025191376773675
34510,0.0188928933672938
34511,0.018760502125198645
34512,0.018628018303811424
34513,0.018495442556913055
34514,0.01836277553873725
34515,0.01823001790397067
34516,0.018097170307744603
34517,0.017964233405635126
34518,0.01783120785365817
34519,0.017698094308269696
34520,0.017564893426357333
34521,0.017431605865239702
34522,0.017298232282665724
34523,0.017164773336806265
34524,0.017031229686254284
34525,0.016897601990019894
34526,0.016763890907530523
34527,0.016630097098622523
34528,0.016496221223540483
34529,0.016362263942936543
34530,0.016228225917861994
34531,0.016094107809767444
34532,0.015959910280497827
34533,0.015825633992292587
34534,0.01569127960777725
34535,0.015556847789963597
34536,0.01542233920224465
34537,0.015287754508394874
34538,0.015153094372561708
34539,0.015018359459264887
34540,0.014883550433395744
34541,0.014748667960208751
34542,0.014613712705321698
34543,0.014478685334710667
34544,0.014343586514710212
34545,0.014208416912004881
34546,0.014073177193629388
34547,0.013937868026963583
34548,0.013802490079732633
34549,0.013667044019998516
34550,0.013531530516159344
34551,0.01339595023694864
34552,0.013260303851426855
34553,0.01312459202898153
34554,0.012988815439322253
34555,0.012852974752480829
34556,0.012717070638802766
34557,0.012581103768947442
34558,0.012445074813883048
34559,0.012308984444886768
34560,0.012172833333536241
34561,0.01203662215170885
34562,0.011900351571581038
34563,0.01176402226561974
34564,0.011627634906582576
34565,0.011491190167512764
34566,0.0113546887217393
34567,0.011218131242868403
34568,0.01108151840478367
34569,0.010944850881641018
34570,0.01080812934786884
34571,0.01067135447815944
34572,0.010534526947468323
34573,0.010397647431013492
34574,0.010260716604266864
34575,0.010123735142954433
34576,0.009986703723051193
34577,0.0098496230207813
34578,0.009712493712609483
34579,0.009575316475240321
34580,0.009438091985617559
34581,0.009300820920915479
34582,0.009163503958539087
34583,0.009026141776118999
34584,0.008888735051511625
34585,0.008751284462790544
34586,0.008613790688246673
34587,0.00847625440638316
34588,0.008338676295915564
34589,0.008201057035763216
34590,0.00806339730504851
34591,0.007925697783096201
34592,0.0077879591494247604
34593,0.007650182083746548
34594,0.007512367265962699
34595,0.00737451537616329
34596,0.007236627094618696
34597,0.007098703101779763
34598,0.006960744078272677
34599,0.006822750704899145
34600,0.006684723662627734
34601,0.00654666363259316
34602,0.006408571296095577
34603,0.006270447334591915
34604,0.00613229242969605
34605,0.005994107263173674
34606,0.005855892516942466
34607,0.0057176488730634216
34608,0.005579377013741026
34609,0.005441077621318117
34610,0.005302751378276054
34611,0.005164398967226051
34612,0.005026021070908449
34613,0.0048876183721920105
34614,0.004749191554065241
34615,0.004610741299636553
34616,0.0044722682921291244
34617,0.0043337732148810764
34618,0.004195256751336781
34619,0.004056719585046145
34620,0.0039181623996639
34621,0.003779585878940909
34622,0.0036409907067243364
34623,0.0035023775669525007
34624,0.0033637471436550486
34625,0.0032251001209442558
34626,0.0030864371830152003
34627,0.002947759014140611
34628,0.0028090662986710395
34629,0.0026703597210261617
34630,0.002531639965694059
34631,0.0023929077172305047
34632,0.0022541636602502616
34633,0.0021154084794272514
34634,0.0019766428594894026
34635,0.0018378674852188221
34636,0.0016990830414430886
34637,0.0015602902130354252
34638,0.0014214896849095435
34639,0.0012826821420198152
34640,0.0011438682693525647
34641,0.0010050487519253526
34642,0.0008662242747862595
34643,0.0007273955230051766
34644,0.0005885631816739782
34645,0.0004497279359013638
34646,0.0003108904708130302
34647,0.0001720514715429616
34648,3.321162323360143e-05
34649,-0.00010562838896930537
34650,-0.00024446787991654057
34651,-0.00038330616446412264
34652,-0.0005221425574740234
34653,-0.0006609763738148847
34654,-0.0007998069283707282
34655,-0.0009386335360407833
34656,-0.0010774555117446449
34657,-0.0012162721704221016
34658,-0.0013550828270418442
34659,-0.0014938867966012947
34660,-0.0016326833941317624
34661,-0.0017714719346982723
34662,-0.001910251733408272
34663,-0.002049022105412349
34664,-0.002187782365904947
34665,-0.0023265318301330692
34666,-0.0024652698133961104
34667,-0.0026039956310510083
34668,-0.0027427085985120728
34669,-0.0028814080312596895
34670,-0.003020093244841035
34671,-0.0031587635548707936
34672,-0.003297418277039856
34673,-0.003436056727115149
34674,-0.0035746782209447867
34675,-0.0037132820744578965
34676,-0.00385186760367332
34677,-0.003990434124699436
34678,-0.004128980953739314
34679,-0.004267507407090539
34680,-0.004406012801153904
34681,-0.004544496452434126
34682,-0.0046829576775405625
34683,-0.0048213957931958935
34684,-0.004959810116235956
34685,-0.005098199963614883
34686,-0.005236564652404936
34687,-0.005374903499805181
34688,-0.005513215823141326
34689,-0.00565150093987085
34690,-0.005789758167582839
34691,-0.005927986824006661
34692,-0.006066186227012674
34693,-0.006204355694612946
34694,-0.0063424945449699205
34695,-0.006480602096396249
34696,-0.006618677667359917
34697,-0.006756720576484082
34698,-0.006894730142555727
34699,-0.007032705684525493
34700,-0.007170646521512808
34701,-0.007308551972805713
34702,-0.007446421357869517
34703,-0.007584253996347511
34704,-0.007722049208061674
34705,-0.007859806313021326
34706,-0.007997524631422954
34707,-0.008135203483655328
34708,-0.008272842190299338
34709,-0.00841044007213662
34710,-0.008547996450150275
34711,-0.008685510645525578
34712,-0.008822981979658605
34713,-0.008960409774156065
34714,-0.009097793350840403
34715,-0.009235132031749636
34716,-0.009372425139145966
34717,-0.009509671995515617
34718,-0.009646871923573925
34719,-0.009784024246265177
34720,-0.009921128286771217
34721,-0.01005818336851215
34722,-0.010195188815147051
34723,-0.010332143950582566
34724,-0.01046904809897274
34725,-0.010605900584724104
34726,-0.010742700732495506
34727,-0.010879447867206701
34728,-0.011016141314038172
34729,-0.01115278039843622
34730,-0.01128936444611279
34731,-0.011425892783054043
34732,-0.011562364735521063
34733,-0.011698779630050555
34734,-0.011835136793463418
34735,-0.011971435552864569
34736,-0.012107675235648006
34737,-0.012243855169496647
34738,-0.012379974682390868
34739,-0.012516033102608346
34740,-0.012652029758729103
34741,-0.012787963979635343
34742,-0.01292383509451999
34743,-0.01305964243288738
34744,-0.013195385324553966
34745,-0.01333106309965684
34746,-0.013466675088653565
34747,-0.013602220622327204
34748,-0.01373769903178617
34749,-0.01387310964847272
34750,-0.014008451804162787
34751,-0.014143724830971009
34752,-0.014278928061350567
34753,-0.01441406082810167
34754,-0.014549122464372247
34755,-0.01468411230365865
34756,-0.01481902967981413
34757,-0.01495387392704866
34758,-0.015088644379933954
34759,-0.015223340373403301
34760,-0.015357961242760019
34761,-0.015492506323678141
34762,-0.015626974952203127
34763,-0.015761366464760288
34764,-0.015895680198154634
34765,-0.016029915489575854
34766,-0.01616407167659815
34767,-0.016298148097188683
34768,-0.016432144089707362
34769,-0.01656605899291187
34770,-0.016699892145957462
34771,-0.016833642888405404
34772,-0.01696731056022362
34773,-0.017100894501787416
34774,-0.01723439405388785
34775,-0.017367808557731578
34776,-0.0175011373549458
34777,-0.0176343797875781
34778,-0.017767535198104808
34779,-0.017900602929430857
34780,-0.018033582324894687
34781,-0.018166472728268122
34782,-0.018299273483764686
34783,-0.0184319839360403
34784,-0.018564603430193966
34785,-0.018697131311776093
34786,-0.018829566926788326
34787,-0.01896190962168848
34788,-0.019094158743390374
34789,-0.019226313639272116
34790,-0.019358373657175975
34791,-0.019490338145413254
34792,-0.019622206452764145
34793,-0.019753977928486002
34794,-0.019885651922314035
34795,-0.020017227784461966
34796,-0.020148704865630314
34797,-0.020280082517006214
34798,-0.020411360090268307
34799,-0.020542536937586585
34800,-0.020673612411630616
34801,-0.020804585865570224
34802,-0.020935456653076168
34803,-0.021066224128328363
34804,-0.02119688764601571
34805,-0.021327446561340946
34806,-0.021457900230020505
34807,-0.02158824800829269
34808,-0.02171848925291752
34809,-0.021848623321181575
34810,-0.021978649570897815
34811,-0.022108567360413778
34812,-0.022238376048612216
34813,-0.022368074994911787
34814,-0.022497663559275197
34815,-0.022627141102209033
34816,-0.02275650698476858
34817,-0.02288576056855765
34818,-0.023014901215736724
34819,-0.02314392828902277
34820,-0.02327284115169404
34821,-0.02340163916758993
34822,-0.023530321701119038
34823,-0.023658888117259858
34824,-0.023787337781561425
34825,-0.02391567006015139
34826,-0.024043884319735857
34827,-0.024171979927604146
34828,-0.024299956251628646
34829,-0.024427812660272843
34830,-0.024555548522591158
34831,-0.02468316320823371
34832,-0.02481065608744614
34833,-0.02493802653107764
34834,-0.02506527391058158
34835,-0.025192397598016204
34836,-0.025319396966052572
34837,-0.02544627138797444
34838,-0.025573020237682945
34839,-0.02569964288969647
34840,-0.025826138719158596
34841,-0.025952507101837927
34842,-0.026078747414132807
34843,-0.02620485903307115
34844,-0.026330841336318377
34845,-0.02645669370217805
34846,-0.026582415509592536
34847,-0.026708006138150883
34848,-0.026833464968088687
34849,-0.02695879138029274
34850,-0.027083984756300892
34851,-0.02720904447830989
34852,-0.027333969929176048
34853,-0.027458760492415874
34854,-0.027583415552213927
34855,-0.027707934493422636
34856,-0.027832316701566953
34857,-0.02795656156284419
34858,-0.028080668464131826
34859,-0.028204636792987348
34860,-0.02832846593765286
34861,-0.02845215528705494
34862,-0.0285757042308124
34863,-0.028699112159236928
34864,-0.028822378463333718
34865,-0.028945502534809226
34866,-0.029068483766071008
34867,-0.02919132155023229
34868,-0.029314015281111824
34869,-0.029436564353241594
34870,-0.02955896816186666
34871,-0.029681226102949713
34872,-0.029803337573170916
34873,-0.02992530196993559
34874,-0.03004711869137483
34875,-0.030168787136346138
34876,-0.030290306704441074
34877,-0.030411676795985092
34878,-0.030532896812042055
34879,-0.030653966154414097
34880,-0.030774884225649224
34881,-0.03089565042904115
34882,-0.03101626416863381
34883,-0.03113672484922119
34884,-0.03125703187635492
34885,-0.031377184656344856
34886,-0.031497182596259755
34887,-0.03161702510393475
34888,-0.03173671158797127
34889,-0.031856241457741415
34890,-0.03197561412338788
34891,-0.03209482899583141
34892,-0.03221388548677144
34893,-0.03233278300868667
34894,-0.03245152097484261
34895,-0.03257009879929133
34896,-0.03268851589687598
34897,-0.03280677168323055
34898,-0.032924865574787354
34899,-0.033042796988776886
34900,-0.03316056534323215
34901,-0.03327817005698858
34902,-0.03339561054969142
34903,-0.03351288624179626
34904,-0.03362999655456975
34905,-0.033746940910096855
34906,-0.0338637187312808
34907,-0.03398032944184735
34908,-0.03409677246634467
34909,-0.0342130472301507
34910,-0.03432915315947293
34911,-0.03444508968135278
34912,-0.03456085622366543
34913,-0.03467645221512708
34914,-0.034791877085295596
34915,-0.034907130264571054
34916,-0.035022211184203005
34917,-0.035137119276290346
34918,-0.03525185397378556
34919,-0.0353664147104946
34920,-0.03548080092108408
34921,-0.03559501204108114
34922,-0.03570904750687767
34923,-0.035822906755730216
34924,-0.035936589225767084
34925,-0.036050094355988944
34926,-0.036163421586269444
34927,-0.036276570357362294
34928,-0.03638954011090114
34929,-0.03650233028940377
34930,-0.03661494033627197
34931,-0.0367273696957986
34932,-0.036839617813167476
34933,-0.03695168413445749
34934,-0.03706356810664253
34935,-0.0371752691775985
34936,-0.037286786796103866
34937,-0.03739812041184025
34938,-0.03750926947539945
34939,-0.03762023343828326
34940,-0.03773101175290762
34941,-0.0378416038726025
34942,-0.037952009251618804
34943,-0.03806222734512898
34944,-0.03817225760922756
34945,-0.038282099500938103
34946,-0.03839175247821305
34947,-0.03850121599993777
34948,-0.038610489525930485
34949,-0.03871957251694909
34950,-0.03882846443469104
34951,-0.03893716474179739
34952,-0.03904567290185267
34953,-0.039153988379391706
34954,-0.039262110639900163
34955,-0.03937003914981512
34956,-0.039477773376531855
34957,-0.0395853127884037
34958,-0.03969265685474605
34959,-0.03979980504583622
34960,-0.03990675683292019
34961,-0.04001351168821249
34962,-0.04012006908490012
34963,-0.04022642849714248
34964,-0.040332589400078014
34965,-0.040438551269824756
34966,-0.04054431358348092
34967,-0.0406498758191315
34968,-0.040755237455848164
34969,-0.04086039797369318
34970,-0.04096535685371926
34971,-0.04107011357797619
34972,-0.04117466762951068
34973,-0.04127901849237024
34974,-0.0413831656516031
34975,-0.041487108593264696
34976,-0.04159084680441826
34977,-0.04169437977313533
34978,-0.041797706988502256
34979,-0.04190082794062009
34980,-0.042003742120608395
34981,-0.042106449020605154
34982,-0.04220894813377318
34983,-0.04231123895430071
34984,-0.04241332097740187
34985,-0.04251519369932313
34986,-0.042616856617343164
34987,-0.04271830922977664
34988,-0.04281955103597409
34989,-0.04292058153632828
34990,-0.04302140023227408
34991,-0.04312200662629222
34992,-0.043222400221909145
34993,-0.04332258052370338
34994,-0.04342254703730598
34995,-0.0435222992694011
34996,-0.04362183672773225
34997,-0.04372115892110215
34998,-0.043820265359376456
34999,-0.043919155553483635
